BEGIN 1785809904.4274316
robots=6
robot=anFFTEsxNr+4vTgF <RobotCombatAvatarShootingRange(anFFTEsxNr+4vTgF)>
SOURCE EnsureShootingRangeToplogo sig=<Signature ()>
SOURCE EnsureShootingRangeToplogo getsource FAIL OSError('could not get source code')
SOURCE ShowEnemyToplogo sig=<Signature (value)>
SOURCE ShowEnemyToplogo getsource FAIL OSError('could not get source code')
SOURCE RefreshToplogo sig=<Signature ()>
SOURCE RefreshToplogo getsource FAIL OSError('could not get source code')
SOURCE RefreshToplogoTitles sig=<Signature ()>
SOURCE RefreshToplogoTitles getsource FAIL OSError('could not get source code')
SOURCE RefreshEnemyHpBar sig=<Signature (old)>
SOURCE RefreshEnemyHpBar getsource FAIL OSError('could not get source code')
SOURCE RefreshEnemyArmorBar sig=<Signature (old)>
SOURCE RefreshEnemyArmorBar getsource FAIL OSError('could not get source code')
SOURCE DrawReconDroneMarkFrame sig=<Signature ()>
SOURCE DrawReconDroneMarkFrame getsource FAIL OSError('could not get source code')
SOURCE SetToplogoVisible sig=<Signature (fade_cb=None, fade_in=0.05, fade_out=1)>
SOURCE SetToplogoVisible getsource FAIL OSError('could not get source code')
robot.toplogo_widget: <gclient.framework.commoncomps.toplogo_component.TopLogoUINode object(Node) at 0x25A032A17B0> type=<class 'gclient.framework.commoncomps.toplogo_component.TopLogoUINode'>
robot.toplogo_widget: interesting=['AddChild', 'AttachScratchCardNode', 'CloneWidget', 'DetachScratchCardNode', 'EnablePressScale', 'GetScratchCardNode', 'GetTextureType', 'IsAncestorsVisible', 'IsWorldPosInNodeBound', 'SCRATCH_CARD_IMAGE_NAME', 'SCRATCH_CARD_TOUCH_NAME', 'SetChildrenClippingEnabled', 'SetChildrenClippingType', 'SetNodeHoverImage', 'ShowNodeHoverImage', '_CreateScratchCardSplendorNode', '_SetWidgetSwallowTouches', '_scratch_card_node', '_show_node_hover', 'addChild', 'child', 'childex', 'color', 'opacity', 'rchild', 'rchildex', 'rseek', 'scale', 'seek', 'setZoomChildren', 'visible', 'widget', 'zoomChildren']
robot.toplogo_widget.AddChild: callable sig=<Signature (child, zorder=None)>
robot.toplogo_widget.AttachScratchCardNode: callable sig=<Signature (texture_width=None, texture_height=None, brush_radius=24, sample_step=None, mask_color=(178, 178, 174, 255), clear_color=(255, 255, 255, 0), flip_y=True, auto_clear_ratio=None, mask_texture=None, mask_texture_is_file=False, auto_clear_callback=None, remove_on_auto_clear=True, layer_zorder=99999, touch_layer_zorder=100000, mask_node_name=None, touch_node_name=None)>
robot.toplogo_widget.CloneWidget: callable sig=<Signature (widget, retain=False, ignore_leak_inspect=False)>
robot.toplogo_widget.DetachScratchCardNode: callable sig=<Signature ()>
robot.toplogo_widget.EnablePressScale: callable sig=<Signature (enable, scale=0.0, origin_scale=1.0)>
robot.toplogo_widget.GetScratchCardNode: callable sig=<Signature ()>
robot.toplogo_widget.GetTextureType: callable sig=<Signature (resource_name)>
robot.toplogo_widget.IsAncestorsVisible: callable sig=<Signature ()>
robot.toplogo_widget.IsWorldPosInNodeBound: callable sig=<Signature (x, y)>
robot.toplogo_widget.SCRATCH_CARD_IMAGE_NAME: '_scratch_card_image' type=<class 'str'>
robot.toplogo_widget.SCRATCH_CARD_TOUCH_NAME: '_scratch_card_touch' type=<class 'str'>
robot.toplogo_widget.SetChildrenClippingEnabled: callable sig=<Signature (enabled)>
robot.toplogo_widget.SetChildrenClippingType: callable sig=<Signature (clipping_type)>
robot.toplogo_widget.SetNodeHoverImage: callable sig=<Signature (image_id, is_scale9=False, scale9_params=None, anchor_point=None, pos=None, contentsize=None, size_offset=None)>
robot.toplogo_widget.ShowNodeHoverImage: callable sig=<Signature (visible)>
robot.toplogo_widget._CreateScratchCardSplendorNode: callable sig=<Signature (node_name, zorder)>
robot.toplogo_widget._SetWidgetSwallowTouches: callable sig=<Signature (widget, enable)>
robot.toplogo_widget._scratch_card_node: None type=<class 'NoneType'>
robot.toplogo_widget._show_node_hover: callable sig=<Signature (node, visible)>
robot.toplogo_widget.addChild: callable sig=<Signature (child, zorder=None)>
robot.toplogo_widget.child: callable sig=<Signature (name: str, wrapper: Type[~T_UINode_Inst] | Callable[[cc.Node | None], ~T_UINode_Inst] | None = None) -> ~T_UINode_Inst | ForwardRef('UINode')>
robot.toplogo_widget.childex: callable sig=<Signature (path: str, wrapper: Type[~T_UINode_Inst] | None = None) -> ~T_UINode_Inst | ForwardRef('UINode')>
robot.toplogo_widget.color: (255, 255, 255) type=<class 'tuple'>
robot.toplogo_widget.opacity: 255 type=<class 'int'>
robot.toplogo_widget.rchild: callable sig=<Signature (name) -> cc.Node>
robot.toplogo_widget.rchildex: callable sig=<Signature (path) -> cc.Node>
robot.toplogo_widget.rseek: callable sig=<Signature (name) -> cc.Node>
robot.toplogo_widget.scale: 1.0 type=<class 'float'>
robot.toplogo_widget.seek: callable sig=<Signature (name: str, wrapper: Type[~T_UINode_Inst] | Callable[[cc.Node | None], ~T_UINode_Inst] | None = None) -> ~T_UINode_Inst | ForwardRef('UINode')>
robot.toplogo_widget.setZoomChildren: callable sig=<Signature (children)>
robot.toplogo_widget.visible: False type=<class 'bool'>
robot.toplogo_widget.widget: <cc.Node object at 0x00000259D8E2F6B0> type=<class 'cc.Node'>
robot.toplogo_widget.zoomChildren: callable sig=<Signature (bzoom)>
robot.toplogo_widget.seek('txt_distance') -> <gclient.framework.ui.widgets.ui_node.UINode object(Swallower) at 0x25A1727F8C0> type=<class 'gclient.framework.ui.widgets.ui_node.UINode'>
robot.toplogo_widget.seek.txt_distance: <gclient.framework.ui.widgets.ui_node.UINode object(Swallower) at 0x25A1727F8C0> type=<class 'gclient.framework.ui.widgets.ui_node.UINode'>
robot.toplogo_widget.seek.txt_distance: interesting=['AddChild', 'AttachScratchCardNode', 'CloneWidget', 'DetachScratchCardNode', 'EnablePressScale', 'GetScratchCardNode', 'GetTextureType', 'IsAncestorsVisible', 'IsWorldPosInNodeBound', 'SCRATCH_CARD_IMAGE_NAME', 'SCRATCH_CARD_TOUCH_NAME', 'SetChildrenClippingEnabled', 'SetChildrenClippingType', 'SetNodeHoverImage', 'ShowNodeHoverImage', '_CreateScratchCardSplendorNode', '_SetWidgetSwallowTouches', '_scratch_card_node', '_show_node_hover', 'addChild', 'child', 'childex', 'color', 'opacity', 'rchild', 'rchildex', 'rseek', 'scale', 'seek', 'setZoomChildren', 'visible', 'widget', 'zoomChildren']
robot.toplogo_widget.seek.txt_distance.AddChild: callable sig=<Signature (child, zorder=None)>
robot.toplogo_widget.seek.txt_distance.AttachScratchCardNode: callable sig=<Signature (texture_width=None, texture_height=None, brush_radius=24, sample_step=None, mask_color=(178, 178, 174, 255), clear_color=(255, 255, 255, 0), flip_y=True, auto_clear_ratio=None, mask_texture=None, mask_texture_is_file=False, auto_clear_callback=None, remove_on_auto_clear=True, layer_zorder=99999, touch_layer_zorder=100000, mask_node_name=None, touch_node_name=None)>
robot.toplogo_widget.seek.txt_distance.CloneWidget: callable sig=<Signature (widget, retain=False, ignore_leak_inspect=False)>
robot.toplogo_widget.seek.txt_distance.DetachScratchCardNode: callable sig=<Signature ()>
robot.toplogo_widget.seek.txt_distance.EnablePressScale: callable sig=<Signature (enable, scale=0.0, origin_scale=1.0)>
robot.toplogo_widget.seek.txt_distance.GetScratchCardNode: callable sig=<Signature ()>
robot.toplogo_widget.seek.txt_distance.GetTextureType: callable sig=<Signature (resource_name)>
robot.toplogo_widget.seek.txt_distance.IsAncestorsVisible: callable sig=<Signature ()>
robot.toplogo_widget.seek.txt_distance.IsWorldPosInNodeBound: callable sig=<Signature (x, y)>
robot.toplogo_widget.seek.txt_distance.SCRATCH_CARD_IMAGE_NAME: '_scratch_card_image' type=<class 'str'>
robot.toplogo_widget.seek.txt_distance.SCRATCH_CARD_TOUCH_NAME: '_scratch_card_touch' type=<class 'str'>
robot.toplogo_widget.seek.txt_distance.SetChildrenClippingEnabled: callable sig=<Signature (enabled)>
robot.toplogo_widget.seek.txt_distance.SetChildrenClippingType: callable sig=<Signature (clipping_type)>
robot.toplogo_widget.seek.txt_distance.SetNodeHoverImage: callable sig=<Signature (image_id, is_scale9=False, scale9_params=None, anchor_point=None, pos=None, contentsize=None, size_offset=None)>
robot.toplogo_widget.seek.txt_distance.ShowNodeHoverImage: callable sig=<Signature (visible)>
robot.toplogo_widget.seek.txt_distance._CreateScratchCardSplendorNode: callable sig=<Signature (node_name, zorder)>
robot.toplogo_widget.seek.txt_distance._SetWidgetSwallowTouches: callable sig=<Signature (widget, enable)>
robot.toplogo_widget.seek.txt_distance._scratch_card_node: None type=<class 'NoneType'>
robot.toplogo_widget.seek.txt_distance._show_node_hover: callable sig=<Signature (node, visible)>
robot.toplogo_widget.seek.txt_distance.addChild: callable sig=<Signature (child, zorder=None)>
robot.toplogo_widget.seek.txt_distance.child: callable sig=<Signature (name: str, wrapper: Type[~T_UINode_Inst] | Callable[[cc.Node | None], ~T_UINode_Inst] | None = None) -> ~T_UINode_Inst | ForwardRef('UINode')>
robot.toplogo_widget.seek.txt_distance.childex: callable sig=<Signature (path: str, wrapper: Type[~T_UINode_Inst] | None = None) -> ~T_UINode_Inst | ForwardRef('UINode')>
robot.toplogo_widget.seek.txt_distance.color: (<gshare.utils.Swallower object at 0x0000025A174952C0>, <gshare.utils.Swallower object at 0x0000025A174952C0>, <gshare.utils.Swallower object at 0x0000025A174952C0>) type=<class 'tuple'>
robot.toplogo_widget.seek.txt_distance.opacity: callable <gshare.utils.Swallower object at 0x0000025A174952C0>
robot.toplogo_widget.seek.txt_distance.rchild: callable sig=<Signature (name) -> cc.Node>
robot.toplogo_widget.seek.txt_distance.rchildex: callable sig=<Signature (path) -> cc.Node>
robot.toplogo_widget.seek.txt_distance.rseek: callable sig=<Signature (name) -> cc.Node>
robot.toplogo_widget.seek.txt_distance.scale: callable <gshare.utils.Swallower object at 0x0000025A174952C0>
robot.toplogo_widget.seek.txt_distance.seek: callable sig=<Signature (name: str, wrapper: Type[~T_UINode_Inst] | Callable[[cc.Node | None], ~T_UINode_Inst] | None = None) -> ~T_UINode_Inst | ForwardRef('UINode')>
robot.toplogo_widget.seek.txt_distance.setZoomChildren: callable sig=<Signature (children)>
robot.toplogo_widget.seek.txt_distance.visible: callable <gshare.utils.Swallower object at 0x0000025A174952C0>
robot.toplogo_widget.seek.txt_distance.widget: callable <gshare.utils.Swallower object at 0x0000025A174952C0>
robot.toplogo_widget.seek.txt_distance.zoomChildren: callable sig=<Signature (bzoom)>
robot.toplogo_widget.seek('txt_dist') -> <gclient.framework.ui.widgets.ui_node.UINode object(Swallower) at 0x25A1727F770> type=<class 'gclient.framework.ui.widgets.ui_node.UINode'>
robot.toplogo_widget.seek.txt_dist: <gclient.framework.ui.widgets.ui_node.UINode object(Swallower) at 0x25A1727F770> type=<class 'gclient.framework.ui.widgets.ui_node.UINode'>
robot.toplogo_widget.seek.txt_dist: interesting=['AddChild', 'AttachScratchCardNode', 'CloneWidget', 'DetachScratchCardNode', 'EnablePressScale', 'GetScratchCardNode', 'GetTextureType', 'IsAncestorsVisible', 'IsWorldPosInNodeBound', 'SCRATCH_CARD_IMAGE_NAME', 'SCRATCH_CARD_TOUCH_NAME', 'SetChildrenClippingEnabled', 'SetChildrenClippingType', 'SetNodeHoverImage', 'ShowNodeHoverImage', '_CreateScratchCardSplendorNode', '_SetWidgetSwallowTouches', '_scratch_card_node', '_show_node_hover', 'addChild', 'child', 'childex', 'color', 'opacity', 'rchild', 'rchildex', 'rseek', 'scale', 'seek', 'setZoomChildren', 'visible', 'widget', 'zoomChildren']
robot.toplogo_widget.seek.txt_dist.AddChild: callable sig=<Signature (child, zorder=None)>
robot.toplogo_widget.seek.txt_dist.AttachScratchCardNode: callable sig=<Signature (texture_width=None, texture_height=None, brush_radius=24, sample_step=None, mask_color=(178, 178, 174, 255), clear_color=(255, 255, 255, 0), flip_y=True, auto_clear_ratio=None, mask_texture=None, mask_texture_is_file=False, auto_clear_callback=None, remove_on_auto_clear=True, layer_zorder=99999, touch_layer_zorder=100000, mask_node_name=None, touch_node_name=None)>
robot.toplogo_widget.seek.txt_dist.CloneWidget: callable sig=<Signature (widget, retain=False, ignore_leak_inspect=False)>
robot.toplogo_widget.seek.txt_dist.DetachScratchCardNode: callable sig=<Signature ()>
robot.toplogo_widget.seek.txt_dist.EnablePressScale: callable sig=<Signature (enable, scale=0.0, origin_scale=1.0)>
robot.toplogo_widget.seek.txt_dist.GetScratchCardNode: callable sig=<Signature ()>
robot.toplogo_widget.seek.txt_dist.GetTextureType: callable sig=<Signature (resource_name)>
robot.toplogo_widget.seek.txt_dist.IsAncestorsVisible: callable sig=<Signature ()>
robot.toplogo_widget.seek.txt_dist.IsWorldPosInNodeBound: callable sig=<Signature (x, y)>
robot.toplogo_widget.seek.txt_dist.SCRATCH_CARD_IMAGE_NAME: '_scratch_card_image' type=<class 'str'>
robot.toplogo_widget.seek.txt_dist.SCRATCH_CARD_TOUCH_NAME: '_scratch_card_touch' type=<class 'str'>
robot.toplogo_widget.seek.txt_dist.SetChildrenClippingEnabled: callable sig=<Signature (enabled)>
robot.toplogo_widget.seek.txt_dist.SetChildrenClippingType: callable sig=<Signature (clipping_type)>
robot.toplogo_widget.seek.txt_dist.SetNodeHoverImage: callable sig=<Signature (image_id, is_scale9=False, scale9_params=None, anchor_point=None, pos=None, contentsize=None, size_offset=None)>
robot.toplogo_widget.seek.txt_dist.ShowNodeHoverImage: callable sig=<Signature (visible)>
robot.toplogo_widget.seek.txt_dist._CreateScratchCardSplendorNode: callable sig=<Signature (node_name, zorder)>
robot.toplogo_widget.seek.txt_dist._SetWidgetSwallowTouches: callable sig=<Signature (widget, enable)>
robot.toplogo_widget.seek.txt_dist._scratch_card_node: None type=<class 'NoneType'>
robot.toplogo_widget.seek.txt_dist._show_node_hover: callable sig=<Signature (node, visible)>
robot.toplogo_widget.seek.txt_dist.addChild: callable sig=<Signature (child, zorder=None)>
robot.toplogo_widget.seek.txt_dist.child: callable sig=<Signature (name: str, wrapper: Type[~T_UINode_Inst] | Callable[[cc.Node | None], ~T_UINode_Inst] | None = None) -> ~T_UINode_Inst | ForwardRef('UINode')>
robot.toplogo_widget.seek.txt_dist.childex: callable sig=<Signature (path: str, wrapper: Type[~T_UINode_Inst] | None = None) -> ~T_UINode_Inst | ForwardRef('UINode')>
robot.toplogo_widget.seek.txt_dist.color: (<gshare.utils.Swallower object at 0x00000259F75408C0>, <gshare.utils.Swallower object at 0x00000259F75408C0>, <gshare.utils.Swallower object at 0x00000259F75408C0>) type=<class 'tuple'>
robot.toplogo_widget.seek.txt_dist.opacity: callable <gshare.utils.Swallower object at 0x00000259F75408C0>
robot.toplogo_widget.seek.txt_dist.rchild: callable sig=<Signature (name) -> cc.Node>
robot.toplogo_widget.seek.txt_dist.rchildex: callable sig=<Signature (path) -> cc.Node>
robot.toplogo_widget.seek.txt_dist.rseek: callable sig=<Signature (name) -> cc.Node>
robot.toplogo_widget.seek.txt_dist.scale: callable <gshare.utils.Swallower object at 0x00000259F75408C0>
robot.toplogo_widget.seek.txt_dist.seek: callable sig=<Signature (name: str, wrapper: Type[~T_UINode_Inst] | Callable[[cc.Node | None], ~T_UINode_Inst] | None = None) -> ~T_UINode_Inst | ForwardRef('UINode')>
robot.toplogo_widget.seek.txt_dist.setZoomChildren: callable sig=<Signature (children)>
robot.toplogo_widget.seek.txt_dist.visible: callable <gshare.utils.Swallower object at 0x00000259F75408C0>
robot.toplogo_widget.seek.txt_dist.widget: callable <gshare.utils.Swallower object at 0x00000259F75408C0>
robot.toplogo_widget.seek.txt_dist.zoomChildren: callable sig=<Signature (bzoom)>
robot.toplogo_widget.seek('txt_dis') -> <gclient.framework.ui.widgets.ui_node.UINode object(Swallower) at 0x25A1727F8C0> type=<class 'gclient.framework.ui.widgets.ui_node.UINode'>
robot.toplogo_widget.seek.txt_dis: <gclient.framework.ui.widgets.ui_node.UINode object(Swallower) at 0x25A1727F8C0> type=<class 'gclient.framework.ui.widgets.ui_node.UINode'>
robot.toplogo_widget.seek.txt_dis: interesting=['AddChild', 'AttachScratchCardNode', 'CloneWidget', 'DetachScratchCardNode', 'EnablePressScale', 'GetScratchCardNode', 'GetTextureType', 'IsAncestorsVisible', 'IsWorldPosInNodeBound', 'SCRATCH_CARD_IMAGE_NAME', 'SCRATCH_CARD_TOUCH_NAME', 'SetChildrenClippingEnabled', 'SetChildrenClippingType', 'SetNodeHoverImage', 'ShowNodeHoverImage', '_CreateScratchCardSplendorNode', '_SetWidgetSwallowTouches', '_scratch_card_node', '_show_node_hover', 'addChild', 'child', 'childex', 'color', 'opacity', 'rchild', 'rchildex', 'rseek', 'scale', 'seek', 'setZoomChildren', 'visible', 'widget', 'zoomChildren']
robot.toplogo_widget.seek.txt_dis.AddChild: callable sig=<Signature (child, zorder=None)>
robot.toplogo_widget.seek.txt_dis.AttachScratchCardNode: callable sig=<Signature (texture_width=None, texture_height=None, brush_radius=24, sample_step=None, mask_color=(178, 178, 174, 255), clear_color=(255, 255, 255, 0), flip_y=True, auto_clear_ratio=None, mask_texture=None, mask_texture_is_file=False, auto_clear_callback=None, remove_on_auto_clear=True, layer_zorder=99999, touch_layer_zorder=100000, mask_node_name=None, touch_node_name=None)>
robot.toplogo_widget.seek.txt_dis.CloneWidget: callable sig=<Signature (widget, retain=False, ignore_leak_inspect=False)>
robot.toplogo_widget.seek.txt_dis.DetachScratchCardNode: callable sig=<Signature ()>
robot.toplogo_widget.seek.txt_dis.EnablePressScale: callable sig=<Signature (enable, scale=0.0, origin_scale=1.0)>
robot.toplogo_widget.seek.txt_dis.GetScratchCardNode: callable sig=<Signature ()>
robot.toplogo_widget.seek.txt_dis.GetTextureType: callable sig=<Signature (resource_name)>
robot.toplogo_widget.seek.txt_dis.IsAncestorsVisible: callable sig=<Signature ()>
robot.toplogo_widget.seek.txt_dis.IsWorldPosInNodeBound: callable sig=<Signature (x, y)>
robot.toplogo_widget.seek.txt_dis.SCRATCH_CARD_IMAGE_NAME: '_scratch_card_image' type=<class 'str'>
robot.toplogo_widget.seek.txt_dis.SCRATCH_CARD_TOUCH_NAME: '_scratch_card_touch' type=<class 'str'>
robot.toplogo_widget.seek.txt_dis.SetChildrenClippingEnabled: callable sig=<Signature (enabled)>
robot.toplogo_widget.seek.txt_dis.SetChildrenClippingType: callable sig=<Signature (clipping_type)>
robot.toplogo_widget.seek.txt_dis.SetNodeHoverImage: callable sig=<Signature (image_id, is_scale9=False, scale9_params=None, anchor_point=None, pos=None, contentsize=None, size_offset=None)>
robot.toplogo_widget.seek.txt_dis.ShowNodeHoverImage: callable sig=<Signature (visible)>
robot.toplogo_widget.seek.txt_dis._CreateScratchCardSplendorNode: callable sig=<Signature (node_name, zorder)>
robot.toplogo_widget.seek.txt_dis._SetWidgetSwallowTouches: callable sig=<Signature (widget, enable)>
robot.toplogo_widget.seek.txt_dis._scratch_card_node: None type=<class 'NoneType'>
robot.toplogo_widget.seek.txt_dis._show_node_hover: callable sig=<Signature (node, visible)>
robot.toplogo_widget.seek.txt_dis.addChild: callable sig=<Signature (child, zorder=None)>
robot.toplogo_widget.seek.txt_dis.child: callable sig=<Signature (name: str, wrapper: Type[~T_UINode_Inst] | Callable[[cc.Node | None], ~T_UINode_Inst] | None = None) -> ~T_UINode_Inst | ForwardRef('UINode')>
robot.toplogo_widget.seek.txt_dis.childex: callable sig=<Signature (path: str, wrapper: Type[~T_UINode_Inst] | None = None) -> ~T_UINode_Inst | ForwardRef('UINode')>
robot.toplogo_widget.seek.txt_dis.color: (<gshare.utils.Swallower object at 0x0000025A174952C0>, <gshare.utils.Swallower object at 0x0000025A174952C0>, <gshare.utils.Swallower object at 0x0000025A174952C0>) type=<class 'tuple'>
robot.toplogo_widget.seek.txt_dis.opacity: callable <gshare.utils.Swallower object at 0x0000025A174952C0>
robot.toplogo_widget.seek.txt_dis.rchild: callable sig=<Signature (name) -> cc.Node>
robot.toplogo_widget.seek.txt_dis.rchildex: callable sig=<Signature (path) -> cc.Node>
robot.toplogo_widget.seek.txt_dis.rseek: callable sig=<Signature (name) -> cc.Node>
robot.toplogo_widget.seek.txt_dis.scale: callable <gshare.utils.Swallower object at 0x0000025A174952C0>
robot.toplogo_widget.seek.txt_dis.seek: callable sig=<Signature (name: str, wrapper: Type[~T_UINode_Inst] | Callable[[cc.Node | None], ~T_UINode_Inst] | None = None) -> ~T_UINode_Inst | ForwardRef('UINode')>
robot.toplogo_widget.seek.txt_dis.setZoomChildren: callable sig=<Signature (children)>
robot.toplogo_widget.seek.txt_dis.visible: callable <gshare.utils.Swallower object at 0x0000025A174952C0>
robot.toplogo_widget.seek.txt_dis.widget: callable <gshare.utils.Swallower object at 0x0000025A174952C0>
robot.toplogo_widget.seek.txt_dis.zoomChildren: callable sig=<Signature (bzoom)>
robot.toplogo_widget.seek('txtDistance') -> <gclient.framework.ui.widgets.ui_node.UINode object(Swallower) at 0x25A1727F770> type=<class 'gclient.framework.ui.widgets.ui_node.UINode'>
robot.toplogo_widget.seek.txtDistance: <gclient.framework.ui.widgets.ui_node.UINode object(Swallower) at 0x25A1727F770> type=<class 'gclient.framework.ui.widgets.ui_node.UINode'>
robot.toplogo_widget.seek.txtDistance: interesting=['AddChild', 'AttachScratchCardNode', 'CloneWidget', 'DetachScratchCardNode', 'EnablePressScale', 'GetScratchCardNode', 'GetTextureType', 'IsAncestorsVisible', 'IsWorldPosInNodeBound', 'SCRATCH_CARD_IMAGE_NAME', 'SCRATCH_CARD_TOUCH_NAME', 'SetChildrenClippingEnabled', 'SetChildrenClippingType', 'SetNodeHoverImage', 'ShowNodeHoverImage', '_CreateScratchCardSplendorNode', '_SetWidgetSwallowTouches', '_scratch_card_node', '_show_node_hover', 'addChild', 'child', 'childex', 'color', 'opacity', 'rchild', 'rchildex', 'rseek', 'scale', 'seek', 'setZoomChildren', 'visible', 'widget', 'zoomChildren']
robot.toplogo_widget.seek.txtDistance.AddChild: callable sig=<Signature (child, zorder=None)>
robot.toplogo_widget.seek.txtDistance.AttachScratchCardNode: callable sig=<Signature (texture_width=None, texture_height=None, brush_radius=24, sample_step=None, mask_color=(178, 178, 174, 255), clear_color=(255, 255, 255, 0), flip_y=True, auto_clear_ratio=None, mask_texture=None, mask_texture_is_file=False, auto_clear_callback=None, remove_on_auto_clear=True, layer_zorder=99999, touch_layer_zorder=100000, mask_node_name=None, touch_node_name=None)>
robot.toplogo_widget.seek.txtDistance.CloneWidget: callable sig=<Signature (widget, retain=False, ignore_leak_inspect=False)>
robot.toplogo_widget.seek.txtDistance.DetachScratchCardNode: callable sig=<Signature ()>
robot.toplogo_widget.seek.txtDistance.EnablePressScale: callable sig=<Signature (enable, scale=0.0, origin_scale=1.0)>
robot.toplogo_widget.seek.txtDistance.GetScratchCardNode: callable sig=<Signature ()>
robot.toplogo_widget.seek.txtDistance.GetTextureType: callable sig=<Signature (resource_name)>
robot.toplogo_widget.seek.txtDistance.IsAncestorsVisible: callable sig=<Signature ()>
robot.toplogo_widget.seek.txtDistance.IsWorldPosInNodeBound: callable sig=<Signature (x, y)>
robot.toplogo_widget.seek.txtDistance.SCRATCH_CARD_IMAGE_NAME: '_scratch_card_image' type=<class 'str'>
robot.toplogo_widget.seek.txtDistance.SCRATCH_CARD_TOUCH_NAME: '_scratch_card_touch' type=<class 'str'>
robot.toplogo_widget.seek.txtDistance.SetChildrenClippingEnabled: callable sig=<Signature (enabled)>
robot.toplogo_widget.seek.txtDistance.SetChildrenClippingType: callable sig=<Signature (clipping_type)>
robot.toplogo_widget.seek.txtDistance.SetNodeHoverImage: callable sig=<Signature (image_id, is_scale9=False, scale9_params=None, anchor_point=None, pos=None, contentsize=None, size_offset=None)>
robot.toplogo_widget.seek.txtDistance.ShowNodeHoverImage: callable sig=<Signature (visible)>
robot.toplogo_widget.seek.txtDistance._CreateScratchCardSplendorNode: callable sig=<Signature (node_name, zorder)>
robot.toplogo_widget.seek.txtDistance._SetWidgetSwallowTouches: callable sig=<Signature (widget, enable)>
robot.toplogo_widget.seek.txtDistance._scratch_card_node: None type=<class 'NoneType'>
robot.toplogo_widget.seek.txtDistance._show_node_hover: callable sig=<Signature (node, visible)>
robot.toplogo_widget.seek.txtDistance.addChild: callable sig=<Signature (child, zorder=None)>
robot.toplogo_widget.seek.txtDistance.child: callable sig=<Signature (name: str, wrapper: Type[~T_UINode_Inst] | Callable[[cc.Node | None], ~T_UINode_Inst] | None = None) -> ~T_UINode_Inst | ForwardRef('UINode')>
robot.toplogo_widget.seek.txtDistance.childex: callable sig=<Signature (path: str, wrapper: Type[~T_UINode_Inst] | None = None) -> ~T_UINode_Inst | ForwardRef('UINode')>
robot.toplogo_widget.seek.txtDistance.color: (<gshare.utils.Swallower object at 0x00000259F75408C0>, <gshare.utils.Swallower object at 0x00000259F75408C0>, <gshare.utils.Swallower object at 0x00000259F75408C0>) type=<class 'tuple'>
robot.toplogo_widget.seek.txtDistance.opacity: callable <gshare.utils.Swallower object at 0x00000259F75408C0>
robot.toplogo_widget.seek.txtDistance.rchild: callable sig=<Signature (name) -> cc.Node>
robot.toplogo_widget.seek.txtDistance.rchildex: callable sig=<Signature (path) -> cc.Node>
robot.toplogo_widget.seek.txtDistance.rseek: callable sig=<Signature (name) -> cc.Node>
robot.toplogo_widget.seek.txtDistance.scale: callable <gshare.utils.Swallower object at 0x00000259F75408C0>
robot.toplogo_widget.seek.txtDistance.seek: callable sig=<Signature (name: str, wrapper: Type[~T_UINode_Inst] | Callable[[cc.Node | None], ~T_UINode_Inst] | None = None) -> ~T_UINode_Inst | ForwardRef('UINode')>
robot.toplogo_widget.seek.txtDistance.setZoomChildren: callable sig=<Signature (children)>
robot.toplogo_widget.seek.txtDistance.visible: callable <gshare.utils.Swallower object at 0x00000259F75408C0>
robot.toplogo_widget.seek.txtDistance.widget: callable <gshare.utils.Swallower object at 0x00000259F75408C0>
robot.toplogo_widget.seek.txtDistance.zoomChildren: callable sig=<Signature (bzoom)>
robot.toplogo_widget.seek('Text_Distance') -> <gclient.framework.ui.widgets.ui_node.UINode object(Swallower) at 0x25A1727F8C0> type=<class 'gclient.framework.ui.widgets.ui_node.UINode'>
robot.toplogo_widget.seek.Text_Distance: <gclient.framework.ui.widgets.ui_node.UINode object(Swallower) at 0x25A1727F8C0> type=<class 'gclient.framework.ui.widgets.ui_node.UINode'>
robot.toplogo_widget.seek.Text_Distance: interesting=['AddChild', 'AttachScratchCardNode', 'CloneWidget', 'DetachScratchCardNode', 'EnablePressScale', 'GetScratchCardNode', 'GetTextureType', 'IsAncestorsVisible', 'IsWorldPosInNodeBound', 'SCRATCH_CARD_IMAGE_NAME', 'SCRATCH_CARD_TOUCH_NAME', 'SetChildrenClippingEnabled', 'SetChildrenClippingType', 'SetNodeHoverImage', 'ShowNodeHoverImage', '_CreateScratchCardSplendorNode', '_SetWidgetSwallowTouches', '_scratch_card_node', '_show_node_hover', 'addChild', 'child', 'childex', 'color', 'opacity', 'rchild', 'rchildex', 'rseek', 'scale', 'seek', 'setZoomChildren', 'visible', 'widget', 'zoomChildren']
robot.toplogo_widget.seek.Text_Distance.AddChild: callable sig=<Signature (child, zorder=None)>
robot.toplogo_widget.seek.Text_Distance.AttachScratchCardNode: callable sig=<Signature (texture_width=None, texture_height=None, brush_radius=24, sample_step=None, mask_color=(178, 178, 174, 255), clear_color=(255, 255, 255, 0), flip_y=True, auto_clear_ratio=None, mask_texture=None, mask_texture_is_file=False, auto_clear_callback=None, remove_on_auto_clear=True, layer_zorder=99999, touch_layer_zorder=100000, mask_node_name=None, touch_node_name=None)>
robot.toplogo_widget.seek.Text_Distance.CloneWidget: callable sig=<Signature (widget, retain=False, ignore_leak_inspect=False)>
robot.toplogo_widget.seek.Text_Distance.DetachScratchCardNode: callable sig=<Signature ()>
robot.toplogo_widget.seek.Text_Distance.EnablePressScale: callable sig=<Signature (enable, scale=0.0, origin_scale=1.0)>
robot.toplogo_widget.seek.Text_Distance.GetScratchCardNode: callable sig=<Signature ()>
robot.toplogo_widget.seek.Text_Distance.GetTextureType: callable sig=<Signature (resource_name)>
robot.toplogo_widget.seek.Text_Distance.IsAncestorsVisible: callable sig=<Signature ()>
robot.toplogo_widget.seek.Text_Distance.IsWorldPosInNodeBound: callable sig=<Signature (x, y)>
robot.toplogo_widget.seek.Text_Distance.SCRATCH_CARD_IMAGE_NAME: '_scratch_card_image' type=<class 'str'>
robot.toplogo_widget.seek.Text_Distance.SCRATCH_CARD_TOUCH_NAME: '_scratch_card_touch' type=<class 'str'>
robot.toplogo_widget.seek.Text_Distance.SetChildrenClippingEnabled: callable sig=<Signature (enabled)>
robot.toplogo_widget.seek.Text_Distance.SetChildrenClippingType: callable sig=<Signature (clipping_type)>
robot.toplogo_widget.seek.Text_Distance.SetNodeHoverImage: callable sig=<Signature (image_id, is_scale9=False, scale9_params=None, anchor_point=None, pos=None, contentsize=None, size_offset=None)>
robot.toplogo_widget.seek.Text_Distance.ShowNodeHoverImage: callable sig=<Signature (visible)>
robot.toplogo_widget.seek.Text_Distance._CreateScratchCardSplendorNode: callable sig=<Signature (node_name, zorder)>
robot.toplogo_widget.seek.Text_Distance._SetWidgetSwallowTouches: callable sig=<Signature (widget, enable)>
robot.toplogo_widget.seek.Text_Distance._scratch_card_node: None type=<class 'NoneType'>
robot.toplogo_widget.seek.Text_Distance._show_node_hover: callable sig=<Signature (node, visible)>
robot.toplogo_widget.seek.Text_Distance.addChild: callable sig=<Signature (child, zorder=None)>
robot.toplogo_widget.seek.Text_Distance.child: callable sig=<Signature (name: str, wrapper: Type[~T_UINode_Inst] | Callable[[cc.Node | None], ~T_UINode_Inst] | None = None) -> ~T_UINode_Inst | ForwardRef('UINode')>
robot.toplogo_widget.seek.Text_Distance.childex: callable sig=<Signature (path: str, wrapper: Type[~T_UINode_Inst] | None = None) -> ~T_UINode_Inst | ForwardRef('UINode')>
robot.toplogo_widget.seek.Text_Distance.color: (<gshare.utils.Swallower object at 0x0000025A174952C0>, <gshare.utils.Swallower object at 0x0000025A174952C0>, <gshare.utils.Swallower object at 0x0000025A174952C0>) type=<class 'tuple'>
robot.toplogo_widget.seek.Text_Distance.opacity: callable <gshare.utils.Swallower object at 0x0000025A174952C0>
robot.toplogo_widget.seek.Text_Distance.rchild: callable sig=<Signature (name) -> cc.Node>
robot.toplogo_widget.seek.Text_Distance.rchildex: callable sig=<Signature (path) -> cc.Node>
robot.toplogo_widget.seek.Text_Distance.rseek: callable sig=<Signature (name) -> cc.Node>
robot.toplogo_widget.seek.Text_Distance.scale: callable <gshare.utils.Swallower object at 0x0000025A174952C0>
robot.toplogo_widget.seek.Text_Distance.seek: callable sig=<Signature (name: str, wrapper: Type[~T_UINode_Inst] | Callable[[cc.Node | None], ~T_UINode_Inst] | None = None) -> ~T_UINode_Inst | ForwardRef('UINode')>
robot.toplogo_widget.seek.Text_Distance.setZoomChildren: callable sig=<Signature (children)>
robot.toplogo_widget.seek.Text_Distance.visible: callable <gshare.utils.Swallower object at 0x0000025A174952C0>
robot.toplogo_widget.seek.Text_Distance.widget: callable <gshare.utils.Swallower object at 0x0000025A174952C0>
robot.toplogo_widget.seek.Text_Distance.zoomChildren: callable sig=<Signature (bzoom)>
robot.toplogo_widget.seek('text_distance') -> <gclient.framework.ui.widgets.ui_node.UINode object(Swallower) at 0x25A1727F770> type=<class 'gclient.framework.ui.widgets.ui_node.UINode'>
robot.toplogo_widget.seek.text_distance: <gclient.framework.ui.widgets.ui_node.UINode object(Swallower) at 0x25A1727F770> type=<class 'gclient.framework.ui.widgets.ui_node.UINode'>
robot.toplogo_widget.seek.text_distance: interesting=['AddChild', 'AttachScratchCardNode', 'CloneWidget', 'DetachScratchCardNode', 'EnablePressScale', 'GetScratchCardNode', 'GetTextureType', 'IsAncestorsVisible', 'IsWorldPosInNodeBound', 'SCRATCH_CARD_IMAGE_NAME', 'SCRATCH_CARD_TOUCH_NAME', 'SetChildrenClippingEnabled', 'SetChildrenClippingType', 'SetNodeHoverImage', 'ShowNodeHoverImage', '_CreateScratchCardSplendorNode', '_SetWidgetSwallowTouches', '_scratch_card_node', '_show_node_hover', 'addChild', 'child', 'childex', 'color', 'opacity', 'rchild', 'rchildex', 'rseek', 'scale', 'seek', 'setZoomChildren', 'visible', 'widget', 'zoomChildren']
robot.toplogo_widget.seek.text_distance.AddChild: callable sig=<Signature (child, zorder=None)>
robot.toplogo_widget.seek.text_distance.AttachScratchCardNode: callable sig=<Signature (texture_width=None, texture_height=None, brush_radius=24, sample_step=None, mask_color=(178, 178, 174, 255), clear_color=(255, 255, 255, 0), flip_y=True, auto_clear_ratio=None, mask_texture=None, mask_texture_is_file=False, auto_clear_callback=None, remove_on_auto_clear=True, layer_zorder=99999, touch_layer_zorder=100000, mask_node_name=None, touch_node_name=None)>
robot.toplogo_widget.seek.text_distance.CloneWidget: callable sig=<Signature (widget, retain=False, ignore_leak_inspect=False)>
robot.toplogo_widget.seek.text_distance.DetachScratchCardNode: callable sig=<Signature ()>
robot.toplogo_widget.seek.text_distance.EnablePressScale: callable sig=<Signature (enable, scale=0.0, origin_scale=1.0)>
robot.toplogo_widget.seek.text_distance.GetScratchCardNode: callable sig=<Signature ()>
robot.toplogo_widget.seek.text_distance.GetTextureType: callable sig=<Signature (resource_name)>
robot.toplogo_widget.seek.text_distance.IsAncestorsVisible: callable sig=<Signature ()>
robot.toplogo_widget.seek.text_distance.IsWorldPosInNodeBound: callable sig=<Signature (x, y)>
robot.toplogo_widget.seek.text_distance.SCRATCH_CARD_IMAGE_NAME: '_scratch_card_image' type=<class 'str'>
robot.toplogo_widget.seek.text_distance.SCRATCH_CARD_TOUCH_NAME: '_scratch_card_touch' type=<class 'str'>
robot.toplogo_widget.seek.text_distance.SetChildrenClippingEnabled: callable sig=<Signature (enabled)>
robot.toplogo_widget.seek.text_distance.SetChildrenClippingType: callable sig=<Signature (clipping_type)>
robot.toplogo_widget.seek.text_distance.SetNodeHoverImage: callable sig=<Signature (image_id, is_scale9=False, scale9_params=None, anchor_point=None, pos=None, contentsize=None, size_offset=None)>
robot.toplogo_widget.seek.text_distance.ShowNodeHoverImage: callable sig=<Signature (visible)>
robot.toplogo_widget.seek.text_distance._CreateScratchCardSplendorNode: callable sig=<Signature (node_name, zorder)>
robot.toplogo_widget.seek.text_distance._SetWidgetSwallowTouches: callable sig=<Signature (widget, enable)>
robot.toplogo_widget.seek.text_distance._scratch_card_node: None type=<class 'NoneType'>
robot.toplogo_widget.seek.text_distance._show_node_hover: callable sig=<Signature (node, visible)>
robot.toplogo_widget.seek.text_distance.addChild: callable sig=<Signature (child, zorder=None)>
robot.toplogo_widget.seek.text_distance.child: callable sig=<Signature (name: str, wrapper: Type[~T_UINode_Inst] | Callable[[cc.Node | None], ~T_UINode_Inst] | None = None) -> ~T_UINode_Inst | ForwardRef('UINode')>
robot.toplogo_widget.seek.text_distance.childex: callable sig=<Signature (path: str, wrapper: Type[~T_UINode_Inst] | None = None) -> ~T_UINode_Inst | ForwardRef('UINode')>
robot.toplogo_widget.seek.text_distance.color: (<gshare.utils.Swallower object at 0x00000259D7E49180>, <gshare.utils.Swallower object at 0x00000259D7E49180>, <gshare.utils.Swallower object at 0x00000259D7E49180>) type=<class 'tuple'>
robot.toplogo_widget.seek.text_distance.opacity: callable <gshare.utils.Swallower object at 0x00000259D7E49180>
robot.toplogo_widget.seek.text_distance.rchild: callable sig=<Signature (name) -> cc.Node>
robot.toplogo_widget.seek.text_distance.rchildex: callable sig=<Signature (path) -> cc.Node>
robot.toplogo_widget.seek.text_distance.rseek: callable sig=<Signature (name) -> cc.Node>
robot.toplogo_widget.seek.text_distance.scale: callable <gshare.utils.Swallower object at 0x00000259D7E49180>
robot.toplogo_widget.seek.text_distance.seek: callable sig=<Signature (name: str, wrapper: Type[~T_UINode_Inst] | Callable[[cc.Node | None], ~T_UINode_Inst] | None = None) -> ~T_UINode_Inst | ForwardRef('UINode')>
robot.toplogo_widget.seek.text_distance.setZoomChildren: callable sig=<Signature (children)>
robot.toplogo_widget.seek.text_distance.visible: callable <gshare.utils.Swallower object at 0x00000259D7E49180>
robot.toplogo_widget.seek.text_distance.widget: callable <gshare.utils.Swallower object at 0x00000259D7E49180>
robot.toplogo_widget.seek.text_distance.zoomChildren: callable sig=<Signature (bzoom)>
robot.toplogo_widget.seek('distance') -> <gclient.framework.ui.widgets.ui_node.UINode object(Swallower) at 0x25A1727F8C0> type=<class 'gclient.framework.ui.widgets.ui_node.UINode'>
robot.toplogo_widget.seek.distance: <gclient.framework.ui.widgets.ui_node.UINode object(Swallower) at 0x25A1727F8C0> type=<class 'gclient.framework.ui.widgets.ui_node.UINode'>
robot.toplogo_widget.seek.distance: interesting=['AddChild', 'AttachScratchCardNode', 'CloneWidget', 'DetachScratchCardNode', 'EnablePressScale', 'GetScratchCardNode', 'GetTextureType', 'IsAncestorsVisible', 'IsWorldPosInNodeBound', 'SCRATCH_CARD_IMAGE_NAME', 'SCRATCH_CARD_TOUCH_NAME', 'SetChildrenClippingEnabled', 'SetChildrenClippingType', 'SetNodeHoverImage', 'ShowNodeHoverImage', '_CreateScratchCardSplendorNode', '_SetWidgetSwallowTouches', '_scratch_card_node', '_show_node_hover', 'addChild', 'child', 'childex', 'color', 'opacity', 'rchild', 'rchildex', 'rseek', 'scale', 'seek', 'setZoomChildren', 'visible', 'widget', 'zoomChildren']
robot.toplogo_widget.seek.distance.AddChild: callable sig=<Signature (child, zorder=None)>
robot.toplogo_widget.seek.distance.AttachScratchCardNode: callable sig=<Signature (texture_width=None, texture_height=None, brush_radius=24, sample_step=None, mask_color=(178, 178, 174, 255), clear_color=(255, 255, 255, 0), flip_y=True, auto_clear_ratio=None, mask_texture=None, mask_texture_is_file=False, auto_clear_callback=None, remove_on_auto_clear=True, layer_zorder=99999, touch_layer_zorder=100000, mask_node_name=None, touch_node_name=None)>
robot.toplogo_widget.seek.distance.CloneWidget: callable sig=<Signature (widget, retain=False, ignore_leak_inspect=False)>
robot.toplogo_widget.seek.distance.DetachScratchCardNode: callable sig=<Signature ()>
robot.toplogo_widget.seek.distance.EnablePressScale: callable sig=<Signature (enable, scale=0.0, origin_scale=1.0)>
robot.toplogo_widget.seek.distance.GetScratchCardNode: callable sig=<Signature ()>
robot.toplogo_widget.seek.distance.GetTextureType: callable sig=<Signature (resource_name)>
robot.toplogo_widget.seek.distance.IsAncestorsVisible: callable sig=<Signature ()>
robot.toplogo_widget.seek.distance.IsWorldPosInNodeBound: callable sig=<Signature (x, y)>
robot.toplogo_widget.seek.distance.SCRATCH_CARD_IMAGE_NAME: '_scratch_card_image' type=<class 'str'>
robot.toplogo_widget.seek.distance.SCRATCH_CARD_TOUCH_NAME: '_scratch_card_touch' type=<class 'str'>
robot.toplogo_widget.seek.distance.SetChildrenClippingEnabled: callable sig=<Signature (enabled)>
robot.toplogo_widget.seek.distance.SetChildrenClippingType: callable sig=<Signature (clipping_type)>
robot.toplogo_widget.seek.distance.SetNodeHoverImage: callable sig=<Signature (image_id, is_scale9=False, scale9_params=None, anchor_point=None, pos=None, contentsize=None, size_offset=None)>
robot.toplogo_widget.seek.distance.ShowNodeHoverImage: callable sig=<Signature (visible)>
robot.toplogo_widget.seek.distance._CreateScratchCardSplendorNode: callable sig=<Signature (node_name, zorder)>
robot.toplogo_widget.seek.distance._SetWidgetSwallowTouches: callable sig=<Signature (widget, enable)>
robot.toplogo_widget.seek.distance._scratch_card_node: None type=<class 'NoneType'>
robot.toplogo_widget.seek.distance._show_node_hover: callable sig=<Signature (node, visible)>
robot.toplogo_widget.seek.distance.addChild: callable sig=<Signature (child, zorder=None)>
robot.toplogo_widget.seek.distance.child: callable sig=<Signature (name: str, wrapper: Type[~T_UINode_Inst] | Callable[[cc.Node | None], ~T_UINode_Inst] | None = None) -> ~T_UINode_Inst | ForwardRef('UINode')>
robot.toplogo_widget.seek.distance.childex: callable sig=<Signature (path: str, wrapper: Type[~T_UINode_Inst] | None = None) -> ~T_UINode_Inst | ForwardRef('UINode')>
robot.toplogo_widget.seek.distance.color: (<gshare.utils.Swallower object at 0x0000025A174952C0>, <gshare.utils.Swallower object at 0x0000025A174952C0>, <gshare.utils.Swallower object at 0x0000025A174952C0>) type=<class 'tuple'>
robot.toplogo_widget.seek.distance.opacity: callable <gshare.utils.Swallower object at 0x0000025A174952C0>
robot.toplogo_widget.seek.distance.rchild: callable sig=<Signature (name) -> cc.Node>
robot.toplogo_widget.seek.distance.rchildex: callable sig=<Signature (path) -> cc.Node>
robot.toplogo_widget.seek.distance.rseek: callable sig=<Signature (name) -> cc.Node>
robot.toplogo_widget.seek.distance.scale: callable <gshare.utils.Swallower object at 0x0000025A174952C0>
robot.toplogo_widget.seek.distance.seek: callable sig=<Signature (name: str, wrapper: Type[~T_UINode_Inst] | Callable[[cc.Node | None], ~T_UINode_Inst] | None = None) -> ~T_UINode_Inst | ForwardRef('UINode')>
robot.toplogo_widget.seek.distance.setZoomChildren: callable sig=<Signature (children)>
robot.toplogo_widget.seek.distance.visible: callable <gshare.utils.Swallower object at 0x0000025A174952C0>
robot.toplogo_widget.seek.distance.widget: callable <gshare.utils.Swallower object at 0x0000025A174952C0>
robot.toplogo_widget.seek.distance.zoomChildren: callable sig=<Signature (bzoom)>
robot.toplogo_widget.seek('dist') -> <gclient.framework.ui.widgets.ui_node.UINode object(Swallower) at 0x25A1727F770> type=<class 'gclient.framework.ui.widgets.ui_node.UINode'>
robot.toplogo_widget.seek.dist: <gclient.framework.ui.widgets.ui_node.UINode object(Swallower) at 0x25A1727F770> type=<class 'gclient.framework.ui.widgets.ui_node.UINode'>
robot.toplogo_widget.seek.dist: interesting=['AddChild', 'AttachScratchCardNode', 'CloneWidget', 'DetachScratchCardNode', 'EnablePressScale', 'GetScratchCardNode', 'GetTextureType', 'IsAncestorsVisible', 'IsWorldPosInNodeBound', 'SCRATCH_CARD_IMAGE_NAME', 'SCRATCH_CARD_TOUCH_NAME', 'SetChildrenClippingEnabled', 'SetChildrenClippingType', 'SetNodeHoverImage', 'ShowNodeHoverImage', '_CreateScratchCardSplendorNode', '_SetWidgetSwallowTouches', '_scratch_card_node', '_show_node_hover', 'addChild', 'child', 'childex', 'color', 'opacity', 'rchild', 'rchildex', 'rseek', 'scale', 'seek', 'setZoomChildren', 'visible', 'widget', 'zoomChildren']
robot.toplogo_widget.seek.dist.AddChild: callable sig=<Signature (child, zorder=None)>
robot.toplogo_widget.seek.dist.AttachScratchCardNode: callable sig=<Signature (texture_width=None, texture_height=None, brush_radius=24, sample_step=None, mask_color=(178, 178, 174, 255), clear_color=(255, 255, 255, 0), flip_y=True, auto_clear_ratio=None, mask_texture=None, mask_texture_is_file=False, auto_clear_callback=None, remove_on_auto_clear=True, layer_zorder=99999, touch_layer_zorder=100000, mask_node_name=None, touch_node_name=None)>
robot.toplogo_widget.seek.dist.CloneWidget: callable sig=<Signature (widget, retain=False, ignore_leak_inspect=False)>
robot.toplogo_widget.seek.dist.DetachScratchCardNode: callable sig=<Signature ()>
robot.toplogo_widget.seek.dist.EnablePressScale: callable sig=<Signature (enable, scale=0.0, origin_scale=1.0)>
robot.toplogo_widget.seek.dist.GetScratchCardNode: callable sig=<Signature ()>
robot.toplogo_widget.seek.dist.GetTextureType: callable sig=<Signature (resource_name)>
robot.toplogo_widget.seek.dist.IsAncestorsVisible: callable sig=<Signature ()>
robot.toplogo_widget.seek.dist.IsWorldPosInNodeBound: callable sig=<Signature (x, y)>
robot.toplogo_widget.seek.dist.SCRATCH_CARD_IMAGE_NAME: '_scratch_card_image' type=<class 'str'>
robot.toplogo_widget.seek.dist.SCRATCH_CARD_TOUCH_NAME: '_scratch_card_touch' type=<class 'str'>
robot.toplogo_widget.seek.dist.SetChildrenClippingEnabled: callable sig=<Signature (enabled)>
robot.toplogo_widget.seek.dist.SetChildrenClippingType: callable sig=<Signature (clipping_type)>
robot.toplogo_widget.seek.dist.SetNodeHoverImage: callable sig=<Signature (image_id, is_scale9=False, scale9_params=None, anchor_point=None, pos=None, contentsize=None, size_offset=None)>
robot.toplogo_widget.seek.dist.ShowNodeHoverImage: callable sig=<Signature (visible)>
robot.toplogo_widget.seek.dist._CreateScratchCardSplendorNode: callable sig=<Signature (node_name, zorder)>
robot.toplogo_widget.seek.dist._SetWidgetSwallowTouches: callable sig=<Signature (widget, enable)>
robot.toplogo_widget.seek.dist._scratch_card_node: None type=<class 'NoneType'>
robot.toplogo_widget.seek.dist._show_node_hover: callable sig=<Signature (node, visible)>
robot.toplogo_widget.seek.dist.addChild: callable sig=<Signature (child, zorder=None)>
robot.toplogo_widget.seek.dist.child: callable sig=<Signature (name: str, wrapper: Type[~T_UINode_Inst] | Callable[[cc.Node | None], ~T_UINode_Inst] | None = None) -> ~T_UINode_Inst | ForwardRef('UINode')>
robot.toplogo_widget.seek.dist.childex: callable sig=<Signature (path: str, wrapper: Type[~T_UINode_Inst] | None = None) -> ~T_UINode_Inst | ForwardRef('UINode')>
robot.toplogo_widget.seek.dist.color: (<gshare.utils.Swallower object at 0x00000259D7E49180>, <gshare.utils.Swallower object at 0x00000259D7E49180>, <gshare.utils.Swallower object at 0x00000259D7E49180>) type=<class 'tuple'>
robot.toplogo_widget.seek.dist.opacity: callable <gshare.utils.Swallower object at 0x00000259D7E49180>
robot.toplogo_widget.seek.dist.rchild: callable sig=<Signature (name) -> cc.Node>
robot.toplogo_widget.seek.dist.rchildex: callable sig=<Signature (path) -> cc.Node>
robot.toplogo_widget.seek.dist.rseek: callable sig=<Signature (name) -> cc.Node>
robot.toplogo_widget.seek.dist.scale: callable <gshare.utils.Swallower object at 0x00000259D7E49180>
robot.toplogo_widget.seek.dist.seek: callable sig=<Signature (name: str, wrapper: Type[~T_UINode_Inst] | Callable[[cc.Node | None], ~T_UINode_Inst] | None = None) -> ~T_UINode_Inst | ForwardRef('UINode')>
robot.toplogo_widget.seek.dist.setZoomChildren: callable sig=<Signature (children)>
robot.toplogo_widget.seek.dist.visible: callable <gshare.utils.Swallower object at 0x00000259D7E49180>
robot.toplogo_widget.seek.dist.widget: callable <gshare.utils.Swallower object at 0x00000259D7E49180>
robot.toplogo_widget.seek.dist.zoomChildren: callable sig=<Signature (bzoom)>
robot.toplogo_widget.seek('txt_name') -> <gclient.framework.ui.widgets.ui_node.UINode object(Swallower) at 0x25A1727F8C0> type=<class 'gclient.framework.ui.widgets.ui_node.UINode'>
robot.toplogo_widget.seek.txt_name: <gclient.framework.ui.widgets.ui_node.UINode object(Swallower) at 0x25A1727F8C0> type=<class 'gclient.framework.ui.widgets.ui_node.UINode'>
robot.toplogo_widget.seek.txt_name: interesting=['AddChild', 'AttachScratchCardNode', 'CloneWidget', 'DetachScratchCardNode', 'EnablePressScale', 'GetScratchCardNode', 'GetTextureType', 'IsAncestorsVisible', 'IsWorldPosInNodeBound', 'SCRATCH_CARD_IMAGE_NAME', 'SCRATCH_CARD_TOUCH_NAME', 'SetChildrenClippingEnabled', 'SetChildrenClippingType', 'SetNodeHoverImage', 'ShowNodeHoverImage', '_CreateScratchCardSplendorNode', '_SetWidgetSwallowTouches', '_scratch_card_node', '_show_node_hover', 'addChild', 'child', 'childex', 'color', 'opacity', 'rchild', 'rchildex', 'rseek', 'scale', 'seek', 'setZoomChildren', 'visible', 'widget', 'zoomChildren']
robot.toplogo_widget.seek.txt_name.AddChild: callable sig=<Signature (child, zorder=None)>
robot.toplogo_widget.seek.txt_name.AttachScratchCardNode: callable sig=<Signature (texture_width=None, texture_height=None, brush_radius=24, sample_step=None, mask_color=(178, 178, 174, 255), clear_color=(255, 255, 255, 0), flip_y=True, auto_clear_ratio=None, mask_texture=None, mask_texture_is_file=False, auto_clear_callback=None, remove_on_auto_clear=True, layer_zorder=99999, touch_layer_zorder=100000, mask_node_name=None, touch_node_name=None)>
robot.toplogo_widget.seek.txt_name.CloneWidget: callable sig=<Signature (widget, retain=False, ignore_leak_inspect=False)>
robot.toplogo_widget.seek.txt_name.DetachScratchCardNode: callable sig=<Signature ()>
robot.toplogo_widget.seek.txt_name.EnablePressScale: callable sig=<Signature (enable, scale=0.0, origin_scale=1.0)>
robot.toplogo_widget.seek.txt_name.GetScratchCardNode: callable sig=<Signature ()>
robot.toplogo_widget.seek.txt_name.GetTextureType: callable sig=<Signature (resource_name)>
robot.toplogo_widget.seek.txt_name.IsAncestorsVisible: callable sig=<Signature ()>
robot.toplogo_widget.seek.txt_name.IsWorldPosInNodeBound: callable sig=<Signature (x, y)>
robot.toplogo_widget.seek.txt_name.SCRATCH_CARD_IMAGE_NAME: '_scratch_card_image' type=<class 'str'>
robot.toplogo_widget.seek.txt_name.SCRATCH_CARD_TOUCH_NAME: '_scratch_card_touch' type=<class 'str'>
robot.toplogo_widget.seek.txt_name.SetChildrenClippingEnabled: callable sig=<Signature (enabled)>
robot.toplogo_widget.seek.txt_name.SetChildrenClippingType: callable sig=<Signature (clipping_type)>
robot.toplogo_widget.seek.txt_name.SetNodeHoverImage: callable sig=<Signature (image_id, is_scale9=False, scale9_params=None, anchor_point=None, pos=None, contentsize=None, size_offset=None)>
robot.toplogo_widget.seek.txt_name.ShowNodeHoverImage: callable sig=<Signature (visible)>
robot.toplogo_widget.seek.txt_name._CreateScratchCardSplendorNode: callable sig=<Signature (node_name, zorder)>
robot.toplogo_widget.seek.txt_name._SetWidgetSwallowTouches: callable sig=<Signature (widget, enable)>
robot.toplogo_widget.seek.txt_name._scratch_card_node: None type=<class 'NoneType'>
robot.toplogo_widget.seek.txt_name._show_node_hover: callable sig=<Signature (node, visible)>
robot.toplogo_widget.seek.txt_name.addChild: callable sig=<Signature (child, zorder=None)>
robot.toplogo_widget.seek.txt_name.child: callable sig=<Signature (name: str, wrapper: Type[~T_UINode_Inst] | Callable[[cc.Node | None], ~T_UINode_Inst] | None = None) -> ~T_UINode_Inst | ForwardRef('UINode')>
robot.toplogo_widget.seek.txt_name.childex: callable sig=<Signature (path: str, wrapper: Type[~T_UINode_Inst] | None = None) -> ~T_UINode_Inst | ForwardRef('UINode')>
robot.toplogo_widget.seek.txt_name.color: (<gshare.utils.Swallower object at 0x0000025A174952C0>, <gshare.utils.Swallower object at 0x0000025A174952C0>, <gshare.utils.Swallower object at 0x0000025A174952C0>) type=<class 'tuple'>
robot.toplogo_widget.seek.txt_name.opacity: callable <gshare.utils.Swallower object at 0x0000025A174952C0>
robot.toplogo_widget.seek.txt_name.rchild: callable sig=<Signature (name) -> cc.Node>
robot.toplogo_widget.seek.txt_name.rchildex: callable sig=<Signature (path) -> cc.Node>
robot.toplogo_widget.seek.txt_name.rseek: callable sig=<Signature (name) -> cc.Node>
robot.toplogo_widget.seek.txt_name.scale: callable <gshare.utils.Swallower object at 0x0000025A174952C0>
robot.toplogo_widget.seek.txt_name.seek: callable sig=<Signature (name: str, wrapper: Type[~T_UINode_Inst] | Callable[[cc.Node | None], ~T_UINode_Inst] | None = None) -> ~T_UINode_Inst | ForwardRef('UINode')>
robot.toplogo_widget.seek.txt_name.setZoomChildren: callable sig=<Signature (children)>
robot.toplogo_widget.seek.txt_name.visible: callable <gshare.utils.Swallower object at 0x0000025A174952C0>
robot.toplogo_widget.seek.txt_name.widget: callable <gshare.utils.Swallower object at 0x0000025A174952C0>
robot.toplogo_widget.seek.txt_name.zoomChildren: callable sig=<Signature (bzoom)>
robot.toplogo_widget.seek('txtName') -> <gclient.framework.ui.widgets.ui_node.UINode object(Swallower) at 0x25A1727F770> type=<class 'gclient.framework.ui.widgets.ui_node.UINode'>
robot.toplogo_widget.seek.txtName: <gclient.framework.ui.widgets.ui_node.UINode object(Swallower) at 0x25A1727F770> type=<class 'gclient.framework.ui.widgets.ui_node.UINode'>
robot.toplogo_widget.seek.txtName: interesting=['AddChild', 'AttachScratchCardNode', 'CloneWidget', 'DetachScratchCardNode', 'EnablePressScale', 'GetScratchCardNode', 'GetTextureType', 'IsAncestorsVisible', 'IsWorldPosInNodeBound', 'SCRATCH_CARD_IMAGE_NAME', 'SCRATCH_CARD_TOUCH_NAME', 'SetChildrenClippingEnabled', 'SetChildrenClippingType', 'SetNodeHoverImage', 'ShowNodeHoverImage', '_CreateScratchCardSplendorNode', '_SetWidgetSwallowTouches', '_scratch_card_node', '_show_node_hover', 'addChild', 'child', 'childex', 'color', 'opacity', 'rchild', 'rchildex', 'rseek', 'scale', 'seek', 'setZoomChildren', 'visible', 'widget', 'zoomChildren']
robot.toplogo_widget.seek.txtName.AddChild: callable sig=<Signature (child, zorder=None)>
robot.toplogo_widget.seek.txtName.AttachScratchCardNode: callable sig=<Signature (texture_width=None, texture_height=None, brush_radius=24, sample_step=None, mask_color=(178, 178, 174, 255), clear_color=(255, 255, 255, 0), flip_y=True, auto_clear_ratio=None, mask_texture=None, mask_texture_is_file=False, auto_clear_callback=None, remove_on_auto_clear=True, layer_zorder=99999, touch_layer_zorder=100000, mask_node_name=None, touch_node_name=None)>
robot.toplogo_widget.seek.txtName.CloneWidget: callable sig=<Signature (widget, retain=False, ignore_leak_inspect=False)>
robot.toplogo_widget.seek.txtName.DetachScratchCardNode: callable sig=<Signature ()>
robot.toplogo_widget.seek.txtName.EnablePressScale: callable sig=<Signature (enable, scale=0.0, origin_scale=1.0)>
robot.toplogo_widget.seek.txtName.GetScratchCardNode: callable sig=<Signature ()>
robot.toplogo_widget.seek.txtName.GetTextureType: callable sig=<Signature (resource_name)>
robot.toplogo_widget.seek.txtName.IsAncestorsVisible: callable sig=<Signature ()>
robot.toplogo_widget.seek.txtName.IsWorldPosInNodeBound: callable sig=<Signature (x, y)>
robot.toplogo_widget.seek.txtName.SCRATCH_CARD_IMAGE_NAME: '_scratch_card_image' type=<class 'str'>
robot.toplogo_widget.seek.txtName.SCRATCH_CARD_TOUCH_NAME: '_scratch_card_touch' type=<class 'str'>
robot.toplogo_widget.seek.txtName.SetChildrenClippingEnabled: callable sig=<Signature (enabled)>
robot.toplogo_widget.seek.txtName.SetChildrenClippingType: callable sig=<Signature (clipping_type)>
robot.toplogo_widget.seek.txtName.SetNodeHoverImage: callable sig=<Signature (image_id, is_scale9=False, scale9_params=None, anchor_point=None, pos=None, contentsize=None, size_offset=None)>
robot.toplogo_widget.seek.txtName.ShowNodeHoverImage: callable sig=<Signature (visible)>
robot.toplogo_widget.seek.txtName._CreateScratchCardSplendorNode: callable sig=<Signature (node_name, zorder)>
robot.toplogo_widget.seek.txtName._SetWidgetSwallowTouches: callable sig=<Signature (widget, enable)>
robot.toplogo_widget.seek.txtName._scratch_card_node: None type=<class 'NoneType'>
robot.toplogo_widget.seek.txtName._show_node_hover: callable sig=<Signature (node, visible)>
robot.toplogo_widget.seek.txtName.addChild: callable sig=<Signature (child, zorder=None)>
robot.toplogo_widget.seek.txtName.child: callable sig=<Signature (name: str, wrapper: Type[~T_UINode_Inst] | Callable[[cc.Node | None], ~T_UINode_Inst] | None = None) -> ~T_UINode_Inst | ForwardRef('UINode')>
robot.toplogo_widget.seek.txtName.childex: callable sig=<Signature (path: str, wrapper: Type[~T_UINode_Inst] | None = None) -> ~T_UINode_Inst | ForwardRef('UINode')>
robot.toplogo_widget.seek.txtName.color: (<gshare.utils.Swallower object at 0x00000259D7E49180>, <gshare.utils.Swallower object at 0x00000259D7E49180>, <gshare.utils.Swallower object at 0x00000259D7E49180>) type=<class 'tuple'>
robot.toplogo_widget.seek.txtName.opacity: callable <gshare.utils.Swallower object at 0x00000259D7E49180>
robot.toplogo_widget.seek.txtName.rchild: callable sig=<Signature (name) -> cc.Node>
robot.toplogo_widget.seek.txtName.rchildex: callable sig=<Signature (path) -> cc.Node>
robot.toplogo_widget.seek.txtName.rseek: callable sig=<Signature (name) -> cc.Node>
robot.toplogo_widget.seek.txtName.scale: callable <gshare.utils.Swallower object at 0x00000259D7E49180>
robot.toplogo_widget.seek.txtName.seek: callable sig=<Signature (name: str, wrapper: Type[~T_UINode_Inst] | Callable[[cc.Node | None], ~T_UINode_Inst] | None = None) -> ~T_UINode_Inst | ForwardRef('UINode')>
robot.toplogo_widget.seek.txtName.setZoomChildren: callable sig=<Signature (children)>
robot.toplogo_widget.seek.txtName.visible: callable <gshare.utils.Swallower object at 0x00000259D7E49180>
robot.toplogo_widget.seek.txtName.widget: callable <gshare.utils.Swallower object at 0x00000259D7E49180>
robot.toplogo_widget.seek.txtName.zoomChildren: callable sig=<Signature (bzoom)>
robot.toplogo_widget.seek('Text_Name') -> <gclient.framework.ui.widgets.ui_node.UINode object(Swallower) at 0x25A1727F8C0> type=<class 'gclient.framework.ui.widgets.ui_node.UINode'>
robot.toplogo_widget.seek.Text_Name: <gclient.framework.ui.widgets.ui_node.UINode object(Swallower) at 0x25A1727F8C0> type=<class 'gclient.framework.ui.widgets.ui_node.UINode'>
robot.toplogo_widget.seek.Text_Name: interesting=['AddChild', 'AttachScratchCardNode', 'CloneWidget', 'DetachScratchCardNode', 'EnablePressScale', 'GetScratchCardNode', 'GetTextureType', 'IsAncestorsVisible', 'IsWorldPosInNodeBound', 'SCRATCH_CARD_IMAGE_NAME', 'SCRATCH_CARD_TOUCH_NAME', 'SetChildrenClippingEnabled', 'SetChildrenClippingType', 'SetNodeHoverImage', 'ShowNodeHoverImage', '_CreateScratchCardSplendorNode', '_SetWidgetSwallowTouches', '_scratch_card_node', '_show_node_hover', 'addChild', 'child', 'childex', 'color', 'opacity', 'rchild', 'rchildex', 'rseek', 'scale', 'seek', 'setZoomChildren', 'visible', 'widget', 'zoomChildren']
robot.toplogo_widget.seek.Text_Name.AddChild: callable sig=<Signature (child, zorder=None)>
robot.toplogo_widget.seek.Text_Name.AttachScratchCardNode: callable sig=<Signature (texture_width=None, texture_height=None, brush_radius=24, sample_step=None, mask_color=(178, 178, 174, 255), clear_color=(255, 255, 255, 0), flip_y=True, auto_clear_ratio=None, mask_texture=None, mask_texture_is_file=False, auto_clear_callback=None, remove_on_auto_clear=True, layer_zorder=99999, touch_layer_zorder=100000, mask_node_name=None, touch_node_name=None)>
robot.toplogo_widget.seek.Text_Name.CloneWidget: callable sig=<Signature (widget, retain=False, ignore_leak_inspect=False)>
robot.toplogo_widget.seek.Text_Name.DetachScratchCardNode: callable sig=<Signature ()>
robot.toplogo_widget.seek.Text_Name.EnablePressScale: callable sig=<Signature (enable, scale=0.0, origin_scale=1.0)>
robot.toplogo_widget.seek.Text_Name.GetScratchCardNode: callable sig=<Signature ()>
robot.toplogo_widget.seek.Text_Name.GetTextureType: callable sig=<Signature (resource_name)>
robot.toplogo_widget.seek.Text_Name.IsAncestorsVisible: callable sig=<Signature ()>
robot.toplogo_widget.seek.Text_Name.IsWorldPosInNodeBound: callable sig=<Signature (x, y)>
robot.toplogo_widget.seek.Text_Name.SCRATCH_CARD_IMAGE_NAME: '_scratch_card_image' type=<class 'str'>
robot.toplogo_widget.seek.Text_Name.SCRATCH_CARD_TOUCH_NAME: '_scratch_card_touch' type=<class 'str'>
robot.toplogo_widget.seek.Text_Name.SetChildrenClippingEnabled: callable sig=<Signature (enabled)>
robot.toplogo_widget.seek.Text_Name.SetChildrenClippingType: callable sig=<Signature (clipping_type)>
robot.toplogo_widget.seek.Text_Name.SetNodeHoverImage: callable sig=<Signature (image_id, is_scale9=False, scale9_params=None, anchor_point=None, pos=None, contentsize=None, size_offset=None)>
robot.toplogo_widget.seek.Text_Name.ShowNodeHoverImage: callable sig=<Signature (visible)>
robot.toplogo_widget.seek.Text_Name._CreateScratchCardSplendorNode: callable sig=<Signature (node_name, zorder)>
robot.toplogo_widget.seek.Text_Name._SetWidgetSwallowTouches: callable sig=<Signature (widget, enable)>
robot.toplogo_widget.seek.Text_Name._scratch_card_node: None type=<class 'NoneType'>
robot.toplogo_widget.seek.Text_Name._show_node_hover: callable sig=<Signature (node, visible)>
robot.toplogo_widget.seek.Text_Name.addChild: callable sig=<Signature (child, zorder=None)>
robot.toplogo_widget.seek.Text_Name.child: callable sig=<Signature (name: str, wrapper: Type[~T_UINode_Inst] | Callable[[cc.Node | None], ~T_UINode_Inst] | None = None) -> ~T_UINode_Inst | ForwardRef('UINode')>
robot.toplogo_widget.seek.Text_Name.childex: callable sig=<Signature (path: str, wrapper: Type[~T_UINode_Inst] | None = None) -> ~T_UINode_Inst | ForwardRef('UINode')>
robot.toplogo_widget.seek.Text_Name.color: (<gshare.utils.Swallower object at 0x0000025A174952C0>, <gshare.utils.Swallower object at 0x0000025A174952C0>, <gshare.utils.Swallower object at 0x0000025A174952C0>) type=<class 'tuple'>
robot.toplogo_widget.seek.Text_Name.opacity: callable <gshare.utils.Swallower object at 0x0000025A174952C0>
robot.toplogo_widget.seek.Text_Name.rchild: callable sig=<Signature (name) -> cc.Node>
robot.toplogo_widget.seek.Text_Name.rchildex: callable sig=<Signature (path) -> cc.Node>
robot.toplogo_widget.seek.Text_Name.rseek: callable sig=<Signature (name) -> cc.Node>
robot.toplogo_widget.seek.Text_Name.scale: callable <gshare.utils.Swallower object at 0x0000025A174952C0>
robot.toplogo_widget.seek.Text_Name.seek: callable sig=<Signature (name: str, wrapper: Type[~T_UINode_Inst] | Callable[[cc.Node | None], ~T_UINode_Inst] | None = None) -> ~T_UINode_Inst | ForwardRef('UINode')>
robot.toplogo_widget.seek.Text_Name.setZoomChildren: callable sig=<Signature (children)>
robot.toplogo_widget.seek.Text_Name.visible: callable <gshare.utils.Swallower object at 0x0000025A174952C0>
robot.toplogo_widget.seek.Text_Name.widget: callable <gshare.utils.Swallower object at 0x0000025A174952C0>
robot.toplogo_widget.seek.Text_Name.zoomChildren: callable sig=<Signature (bzoom)>
robot.toplogo_widget.seek('txt_hp') -> <gclient.framework.ui.widgets.ui_node.UINode object(Swallower) at 0x25A1727F770> type=<class 'gclient.framework.ui.widgets.ui_node.UINode'>
robot.toplogo_widget.seek.txt_hp: <gclient.framework.ui.widgets.ui_node.UINode object(Swallower) at 0x25A1727F770> type=<class 'gclient.framework.ui.widgets.ui_node.UINode'>
robot.toplogo_widget.seek.txt_hp: interesting=['AddChild', 'AttachScratchCardNode', 'CloneWidget', 'DetachScratchCardNode', 'EnablePressScale', 'GetScratchCardNode', 'GetTextureType', 'IsAncestorsVisible', 'IsWorldPosInNodeBound', 'SCRATCH_CARD_IMAGE_NAME', 'SCRATCH_CARD_TOUCH_NAME', 'SetChildrenClippingEnabled', 'SetChildrenClippingType', 'SetNodeHoverImage', 'ShowNodeHoverImage', '_CreateScratchCardSplendorNode', '_SetWidgetSwallowTouches', '_scratch_card_node', '_show_node_hover', 'addChild', 'child', 'childex', 'color', 'opacity', 'rchild', 'rchildex', 'rseek', 'scale', 'seek', 'setZoomChildren', 'visible', 'widget', 'zoomChildren']
robot.toplogo_widget.seek.txt_hp.AddChild: callable sig=<Signature (child, zorder=None)>
robot.toplogo_widget.seek.txt_hp.AttachScratchCardNode: callable sig=<Signature (texture_width=None, texture_height=None, brush_radius=24, sample_step=None, mask_color=(178, 178, 174, 255), clear_color=(255, 255, 255, 0), flip_y=True, auto_clear_ratio=None, mask_texture=None, mask_texture_is_file=False, auto_clear_callback=None, remove_on_auto_clear=True, layer_zorder=99999, touch_layer_zorder=100000, mask_node_name=None, touch_node_name=None)>
robot.toplogo_widget.seek.txt_hp.CloneWidget: callable sig=<Signature (widget, retain=False, ignore_leak_inspect=False)>
robot.toplogo_widget.seek.txt_hp.DetachScratchCardNode: callable sig=<Signature ()>
robot.toplogo_widget.seek.txt_hp.EnablePressScale: callable sig=<Signature (enable, scale=0.0, origin_scale=1.0)>
robot.toplogo_widget.seek.txt_hp.GetScratchCardNode: callable sig=<Signature ()>
robot.toplogo_widget.seek.txt_hp.GetTextureType: callable sig=<Signature (resource_name)>
robot.toplogo_widget.seek.txt_hp.IsAncestorsVisible: callable sig=<Signature ()>
robot.toplogo_widget.seek.txt_hp.IsWorldPosInNodeBound: callable sig=<Signature (x, y)>
robot.toplogo_widget.seek.txt_hp.SCRATCH_CARD_IMAGE_NAME: '_scratch_card_image' type=<class 'str'>
robot.toplogo_widget.seek.txt_hp.SCRATCH_CARD_TOUCH_NAME: '_scratch_card_touch' type=<class 'str'>
robot.toplogo_widget.seek.txt_hp.SetChildrenClippingEnabled: callable sig=<Signature (enabled)>
robot.toplogo_widget.seek.txt_hp.SetChildrenClippingType: callable sig=<Signature (clipping_type)>
robot.toplogo_widget.seek.txt_hp.SetNodeHoverImage: callable sig=<Signature (image_id, is_scale9=False, scale9_params=None, anchor_point=None, pos=None, contentsize=None, size_offset=None)>
robot.toplogo_widget.seek.txt_hp.ShowNodeHoverImage: callable sig=<Signature (visible)>
robot.toplogo_widget.seek.txt_hp._CreateScratchCardSplendorNode: callable sig=<Signature (node_name, zorder)>
robot.toplogo_widget.seek.txt_hp._SetWidgetSwallowTouches: callable sig=<Signature (widget, enable)>
robot.toplogo_widget.seek.txt_hp._scratch_card_node: None type=<class 'NoneType'>
robot.toplogo_widget.seek.txt_hp._show_node_hover: callable sig=<Signature (node, visible)>
robot.toplogo_widget.seek.txt_hp.addChild: callable sig=<Signature (child, zorder=None)>
robot.toplogo_widget.seek.txt_hp.child: callable sig=<Signature (name: str, wrapper: Type[~T_UINode_Inst] | Callable[[cc.Node | None], ~T_UINode_Inst] | None = None) -> ~T_UINode_Inst | ForwardRef('UINode')>
robot.toplogo_widget.seek.txt_hp.childex: callable sig=<Signature (path: str, wrapper: Type[~T_UINode_Inst] | None = None) -> ~T_UINode_Inst | ForwardRef('UINode')>
robot.toplogo_widget.seek.txt_hp.color: (<gshare.utils.Swallower object at 0x00000259D7E49180>, <gshare.utils.Swallower object at 0x00000259D7E49180>, <gshare.utils.Swallower object at 0x00000259D7E49180>) type=<class 'tuple'>
robot.toplogo_widget.seek.txt_hp.opacity: callable <gshare.utils.Swallower object at 0x00000259D7E49180>
robot.toplogo_widget.seek.txt_hp.rchild: callable sig=<Signature (name) -> cc.Node>
robot.toplogo_widget.seek.txt_hp.rchildex: callable sig=<Signature (path) -> cc.Node>
robot.toplogo_widget.seek.txt_hp.rseek: callable sig=<Signature (name) -> cc.Node>
robot.toplogo_widget.seek.txt_hp.scale: callable <gshare.utils.Swallower object at 0x00000259D7E49180>
robot.toplogo_widget.seek.txt_hp.seek: callable sig=<Signature (name: str, wrapper: Type[~T_UINode_Inst] | Callable[[cc.Node | None], ~T_UINode_Inst] | None = None) -> ~T_UINode_Inst | ForwardRef('UINode')>
robot.toplogo_widget.seek.txt_hp.setZoomChildren: callable sig=<Signature (children)>
robot.toplogo_widget.seek.txt_hp.visible: callable <gshare.utils.Swallower object at 0x00000259D7E49180>
robot.toplogo_widget.seek.txt_hp.widget: callable <gshare.utils.Swallower object at 0x00000259D7E49180>
robot.toplogo_widget.seek.txt_hp.zoomChildren: callable sig=<Signature (bzoom)>
robot.toplogo_widget.seek('txtHP') -> <gclient.framework.ui.widgets.ui_node.UINode object(Swallower) at 0x25A1727F8C0> type=<class 'gclient.framework.ui.widgets.ui_node.UINode'>
robot.toplogo_widget.seek.txtHP: <gclient.framework.ui.widgets.ui_node.UINode object(Swallower) at 0x25A1727F8C0> type=<class 'gclient.framework.ui.widgets.ui_node.UINode'>
robot.toplogo_widget.seek.txtHP: interesting=['AddChild', 'AttachScratchCardNode', 'CloneWidget', 'DetachScratchCardNode', 'EnablePressScale', 'GetScratchCardNode', 'GetTextureType', 'IsAncestorsVisible', 'IsWorldPosInNodeBound', 'SCRATCH_CARD_IMAGE_NAME', 'SCRATCH_CARD_TOUCH_NAME', 'SetChildrenClippingEnabled', 'SetChildrenClippingType', 'SetNodeHoverImage', 'ShowNodeHoverImage', '_CreateScratchCardSplendorNode', '_SetWidgetSwallowTouches', '_scratch_card_node', '_show_node_hover', 'addChild', 'child', 'childex', 'color', 'opacity', 'rchild', 'rchildex', 'rseek', 'scale', 'seek', 'setZoomChildren', 'visible', 'widget', 'zoomChildren']
robot.toplogo_widget.seek.txtHP.AddChild: callable sig=<Signature (child, zorder=None)>
robot.toplogo_widget.seek.txtHP.AttachScratchCardNode: callable sig=<Signature (texture_width=None, texture_height=None, brush_radius=24, sample_step=None, mask_color=(178, 178, 174, 255), clear_color=(255, 255, 255, 0), flip_y=True, auto_clear_ratio=None, mask_texture=None, mask_texture_is_file=False, auto_clear_callback=None, remove_on_auto_clear=True, layer_zorder=99999, touch_layer_zorder=100000, mask_node_name=None, touch_node_name=None)>
robot.toplogo_widget.seek.txtHP.CloneWidget: callable sig=<Signature (widget, retain=False, ignore_leak_inspect=False)>
robot.toplogo_widget.seek.txtHP.DetachScratchCardNode: callable sig=<Signature ()>
robot.toplogo_widget.seek.txtHP.EnablePressScale: callable sig=<Signature (enable, scale=0.0, origin_scale=1.0)>
robot.toplogo_widget.seek.txtHP.GetScratchCardNode: callable sig=<Signature ()>
robot.toplogo_widget.seek.txtHP.GetTextureType: callable sig=<Signature (resource_name)>
robot.toplogo_widget.seek.txtHP.IsAncestorsVisible: callable sig=<Signature ()>
robot.toplogo_widget.seek.txtHP.IsWorldPosInNodeBound: callable sig=<Signature (x, y)>
robot.toplogo_widget.seek.txtHP.SCRATCH_CARD_IMAGE_NAME: '_scratch_card_image' type=<class 'str'>
robot.toplogo_widget.seek.txtHP.SCRATCH_CARD_TOUCH_NAME: '_scratch_card_touch' type=<class 'str'>
robot.toplogo_widget.seek.txtHP.SetChildrenClippingEnabled: callable sig=<Signature (enabled)>
robot.toplogo_widget.seek.txtHP.SetChildrenClippingType: callable sig=<Signature (clipping_type)>
robot.toplogo_widget.seek.txtHP.SetNodeHoverImage: callable sig=<Signature (image_id, is_scale9=False, scale9_params=None, anchor_point=None, pos=None, contentsize=None, size_offset=None)>
robot.toplogo_widget.seek.txtHP.ShowNodeHoverImage: callable sig=<Signature (visible)>
robot.toplogo_widget.seek.txtHP._CreateScratchCardSplendorNode: callable sig=<Signature (node_name, zorder)>
robot.toplogo_widget.seek.txtHP._SetWidgetSwallowTouches: callable sig=<Signature (widget, enable)>
robot.toplogo_widget.seek.txtHP._scratch_card_node: None type=<class 'NoneType'>
robot.toplogo_widget.seek.txtHP._show_node_hover: callable sig=<Signature (node, visible)>
robot.toplogo_widget.seek.txtHP.addChild: callable sig=<Signature (child, zorder=None)>
robot.toplogo_widget.seek.txtHP.child: callable sig=<Signature (name: str, wrapper: Type[~T_UINode_Inst] | Callable[[cc.Node | None], ~T_UINode_Inst] | None = None) -> ~T_UINode_Inst | ForwardRef('UINode')>
robot.toplogo_widget.seek.txtHP.childex: callable sig=<Signature (path: str, wrapper: Type[~T_UINode_Inst] | None = None) -> ~T_UINode_Inst | ForwardRef('UINode')>
robot.toplogo_widget.seek.txtHP.color: (<gshare.utils.Swallower object at 0x0000025A174952C0>, <gshare.utils.Swallower object at 0x0000025A174952C0>, <gshare.utils.Swallower object at 0x0000025A174952C0>) type=<class 'tuple'>
robot.toplogo_widget.seek.txtHP.opacity: callable <gshare.utils.Swallower object at 0x0000025A174952C0>
robot.toplogo_widget.seek.txtHP.rchild: callable sig=<Signature (name) -> cc.Node>
robot.toplogo_widget.seek.txtHP.rchildex: callable sig=<Signature (path) -> cc.Node>
robot.toplogo_widget.seek.txtHP.rseek: callable sig=<Signature (name) -> cc.Node>
robot.toplogo_widget.seek.txtHP.scale: callable <gshare.utils.Swallower object at 0x0000025A174952C0>
robot.toplogo_widget.seek.txtHP.seek: callable sig=<Signature (name: str, wrapper: Type[~T_UINode_Inst] | Callable[[cc.Node | None], ~T_UINode_Inst] | None = None) -> ~T_UINode_Inst | ForwardRef('UINode')>
robot.toplogo_widget.seek.txtHP.setZoomChildren: callable sig=<Signature (children)>
robot.toplogo_widget.seek.txtHP.visible: callable <gshare.utils.Swallower object at 0x0000025A174952C0>
robot.toplogo_widget.seek.txtHP.widget: callable <gshare.utils.Swallower object at 0x0000025A174952C0>
robot.toplogo_widget.seek.txtHP.zoomChildren: callable sig=<Signature (bzoom)>
robot.toplogo_widget.seek('hp') -> <gclient.framework.ui.widgets.ui_node.UINode object(Swallower) at 0x25A1727F770> type=<class 'gclient.framework.ui.widgets.ui_node.UINode'>
robot.toplogo_widget.seek.hp: <gclient.framework.ui.widgets.ui_node.UINode object(Swallower) at 0x25A1727F770> type=<class 'gclient.framework.ui.widgets.ui_node.UINode'>
robot.toplogo_widget.seek.hp: interesting=['AddChild', 'AttachScratchCardNode', 'CloneWidget', 'DetachScratchCardNode', 'EnablePressScale', 'GetScratchCardNode', 'GetTextureType', 'IsAncestorsVisible', 'IsWorldPosInNodeBound', 'SCRATCH_CARD_IMAGE_NAME', 'SCRATCH_CARD_TOUCH_NAME', 'SetChildrenClippingEnabled', 'SetChildrenClippingType', 'SetNodeHoverImage', 'ShowNodeHoverImage', '_CreateScratchCardSplendorNode', '_SetWidgetSwallowTouches', '_scratch_card_node', '_show_node_hover', 'addChild', 'child', 'childex', 'color', 'opacity', 'rchild', 'rchildex', 'rseek', 'scale', 'seek', 'setZoomChildren', 'visible', 'widget', 'zoomChildren']
robot.toplogo_widget.seek.hp.AddChild: callable sig=<Signature (child, zorder=None)>
robot.toplogo_widget.seek.hp.AttachScratchCardNode: callable sig=<Signature (texture_width=None, texture_height=None, brush_radius=24, sample_step=None, mask_color=(178, 178, 174, 255), clear_color=(255, 255, 255, 0), flip_y=True, auto_clear_ratio=None, mask_texture=None, mask_texture_is_file=False, auto_clear_callback=None, remove_on_auto_clear=True, layer_zorder=99999, touch_layer_zorder=100000, mask_node_name=None, touch_node_name=None)>
robot.toplogo_widget.seek.hp.CloneWidget: callable sig=<Signature (widget, retain=False, ignore_leak_inspect=False)>
robot.toplogo_widget.seek.hp.DetachScratchCardNode: callable sig=<Signature ()>
robot.toplogo_widget.seek.hp.EnablePressScale: callable sig=<Signature (enable, scale=0.0, origin_scale=1.0)>
robot.toplogo_widget.seek.hp.GetScratchCardNode: callable sig=<Signature ()>
robot.toplogo_widget.seek.hp.GetTextureType: callable sig=<Signature (resource_name)>
ROBOT key=anFFTEsxNr+4vTgF pos=(16.224382400512695, 0.08436138182878494, -1.4008004665374756) stats={'hp': 125.0, 'maxhp': 125.0, 'armor': 0.0, 'maxarmor': 0.0, 'dead': False} ready_before=True EnsureShootingRangeToplogo=True ShowEnemyToplogo=None SetToplogoVisible=None AddToplogoVisibleTick=None EnemyTopLogoTimer=None RefreshToplogo=None RefreshEnemyHpBar=None RefreshEnemyArmorBar=None ready_after=True
robot.toplogo_widget.seek.hp.IsAncestorsVisible: callable sig=<Signature ()>
ROBOT key=anFFTEsxNr+4vTgO pos=(-28.0, 0.05000007152557373, -13.0) stats={'hp': 125.0, 'maxhp': 125.0, 'armor': 0.0, 'maxarmor': 0.0, 'dead': False} ready_before=True EnsureShootingRangeToplogo=True ShowEnemyToplogo=None SetToplogoVisible=None AddToplogoVisibleTick=None EnemyTopLogoTimer=None RefreshToplogo=None RefreshEnemyHpBar=None RefreshEnemyArmorBar=None ready_after=True
robot.toplogo_widget.seek.hp.IsWorldPosInNodeBound: callable sig=<Signature (x, y)>
ROBOT key=anFFTEsxNr+4vTgJ pos=(26.3205623626709, 0.06777054071426392, 2.599637508392334) stats={'hp': 125.0, 'maxhp': 125.0, 'armor': 0.0, 'maxarmor': 0.0, 'dead': False} ready_before=True EnsureShootingRangeToplogo=True ShowEnemyToplogo=None SetToplogoVisible=None AddToplogoVisibleTick=None EnemyTopLogoTimer=None RefreshToplogo=None RefreshEnemyHpBar=None RefreshEnemyArmorBar=None ready_after=True
robot.toplogo_widget.seek.hp.SCRATCH_CARD_IMAGE_NAME: '_scratch_card_image' type=<class 'str'>
ROBOT key=anFFTEsxNr+4vTf9 pos=(-3.6795008182525635, 0.052389562129974365, -9.50024700164795) stats={'hp': 125.0, 'maxhp': 125.0, 'armor': 0.0, 'maxarmor': 0.0, 'dead': False} ready_before=True EnsureShootingRangeToplogo=True ShowEnemyToplogo=None SetToplogoVisible=None AddToplogoVisibleTick=None EnemyTopLogoTimer=None RefreshToplogo=None RefreshEnemyHpBar=None RefreshEnemyArmorBar=None ready_after=True
robot.toplogo_widget.seek.hp.SCRATCH_CARD_TOUCH_NAME: '_scratch_card_touch' type=<class 'str'>
ROBOT key=anFFTEsxNr+4vTf4 pos=(-8.783376693725586, 0.09060776978731155, -13.467101097106934) stats={'hp': 41.0, 'maxhp': 125.0, 'armor': 0.0, 'maxarmor': 0.0, 'dead': False} ready_before=True EnsureShootingRangeToplogo=True ShowEnemyToplogo=None SetToplogoVisible=None AddToplogoVisibleTick=None EnemyTopLogoTimer=None RefreshToplogo=None RefreshEnemyHpBar=None RefreshEnemyArmorBar=None ready_after=True
robot.toplogo_widget.seek.hp.SetChildrenClippingEnabled: callable sig=<Signature (enabled)>
ROBOT key=anFFTEsxNr+4vTgB pos=(6.3205156326293945, 0.0634201169013977, -5.500304698944092) stats={'hp': 125.0, 'maxhp': 125.0, 'armor': 0.0, 'maxarmor': 0.0, 'dead': False} ready_before=True EnsureShootingRangeToplogo=True ShowEnemyToplogo=None SetToplogoVisible=None AddToplogoVisibleTick=None EnemyTopLogoTimer=None RefreshToplogo=None RefreshEnemyHpBar=None RefreshEnemyArmorBar=None ready_after=True
robot.toplogo_widget.seek.hp.SetChildrenClippingType: callable sig=<Signature (clipping_type)>
robot.toplogo_widget.seek.hp.SetNodeHoverImage: callable sig=<Signature (image_id, is_scale9=False, scale9_params=None, anchor_point=None, pos=None, contentsize=None, size_offset=None)>
robot.toplogo_widget.seek.hp.ShowNodeHoverImage: callable sig=<Signature (visible)>
robot.toplogo_widget.seek.hp._CreateScratchCardSplendorNode: callable sig=<Signature (node_name, zorder)>
robot.toplogo_widget.seek.hp._SetWidgetSwallowTouches: callable sig=<Signature (widget, enable)>
robot.toplogo_widget.seek.hp._scratch_card_node: None type=<class 'NoneType'>
robot.toplogo_widget.seek.hp._show_node_hover: callable sig=<Signature (node, visible)>
robot.toplogo_widget.seek.hp.addChild: callable sig=<Signature (child, zorder=None)>
robot.toplogo_widget.seek.hp.child: callable sig=<Signature (name: str, wrapper: Type[~T_UINode_Inst] | Callable[[cc.Node | None], ~T_UINode_Inst] | None = None) -> ~T_UINode_Inst | ForwardRef('UINode')>
robot.toplogo_widget.seek.hp.childex: callable sig=<Signature (path: str, wrapper: Type[~T_UINode_Inst] | None = None) -> ~T_UINode_Inst | ForwardRef('UINode')>
robot.toplogo_widget.seek.hp.color: (<gshare.utils.Swallower object at 0x00000259D7E49180>, <gshare.utils.Swallower object at 0x00000259D7E49180>, <gshare.utils.Swallower object at 0x00000259D7E49180>) type=<class 'tuple'>
robot.toplogo_widget.seek.hp.opacity: callable <gshare.utils.Swallower object at 0x00000259D7E49180>
robot.toplogo_widget.seek.hp.rchild: callable sig=<Signature (name) -> cc.Node>
robot.toplogo_widget.seek.hp.rchildex: callable sig=<Signature (path) -> cc.Node>
robot.toplogo_widget.seek.hp.rseek: callable sig=<Signature (name) -> cc.Node>
robot.toplogo_widget.seek.hp.scale: callable <gshare.utils.Swallower object at 0x00000259D7E49180>
robot.toplogo_widget.seek.hp.seek: callable sig=<Signature (name: str, wrapper: Type[~T_UINode_Inst] | Callable[[cc.Node | None], ~T_UINode_Inst] | None = None) -> ~T_UINode_Inst | ForwardRef('UINode')>
robot.toplogo_widget.seek.hp.setZoomChildren: callable sig=<Signature (children)>
robot.toplogo_widget.seek.hp.visible: callable <gshare.utils.Swallower object at 0x00000259D7E49180>
robot.toplogo_widget.seek.hp.widget: callable <gshare.utils.Swallower object at 0x00000259D7E49180>
robot.toplogo_widget.seek.hp.zoomChildren: callable sig=<Signature (bzoom)>
robot.toplogo_widget.seek('hp_bar') -> <gclient.framework.ui.widgets.ui_node.UINode object(Swallower) at 0x25A1727F8C0> type=<class 'gclient.framework.ui.widgets.ui_node.UINode'>
robot.toplogo_widget.seek.hp_bar: <gclient.framework.ui.widgets.ui_node.UINode object(Swallower) at 0x25A1727F8C0> type=<class 'gclient.framework.ui.widgets.ui_node.UINode'>
robot.toplogo_widget.seek.hp_bar: interesting=['AddChild', 'AttachScratchCardNode', 'CloneWidget', 'DetachScratchCardNode', 'EnablePressScale', 'GetScratchCardNode', 'GetTextureType', 'IsAncestorsVisible', 'IsWorldPosInNodeBound', 'SCRATCH_CARD_IMAGE_NAME', 'SCRATCH_CARD_TOUCH_NAME', 'SetChildrenClippingEnabled', 'SetChildrenClippingType', 'SetNodeHoverImage', 'ShowNodeHoverImage', '_CreateScratchCardSplendorNode', '_SetWidgetSwallowTouches', '_scratch_card_node', '_show_node_hover', 'addChild', 'child', 'childex', 'color', 'opacity', 'rchild', 'rchildex', 'rseek', 'scale', 'seek', 'setZoomChildren', 'visible', 'widget', 'zoomChildren']
robot.toplogo_widget.seek.hp_bar.AddChild: callable sig=<Signature (child, zorder=None)>
robot.toplogo_widget.seek.hp_bar.AttachScratchCardNode: callable sig=<Signature (texture_width=None, texture_height=None, brush_radius=24, sample_step=None, mask_color=(178, 178, 174, 255), clear_color=(255, 255, 255, 0), flip_y=True, auto_clear_ratio=None, mask_texture=None, mask_texture_is_file=False, auto_clear_callback=None, remove_on_auto_clear=True, layer_zorder=99999, touch_layer_zorder=100000, mask_node_name=None, touch_node_name=None)>
robot.toplogo_widget.seek.hp_bar.CloneWidget: callable sig=<Signature (widget, retain=False, ignore_leak_inspect=False)>
robot.toplogo_widget.seek.hp_bar.DetachScratchCardNode: callable sig=<Signature ()>
robot.toplogo_widget.seek.hp_bar.EnablePressScale: callable sig=<Signature (enable, scale=0.0, origin_scale=1.0)>
robot.toplogo_widget.seek.hp_bar.GetScratchCardNode: callable sig=<Signature ()>
robot.toplogo_widget.seek.hp_bar.GetTextureType: callable sig=<Signature (resource_name)>
robot.toplogo_widget.seek.hp_bar.IsAncestorsVisible: callable sig=<Signature ()>
robot.toplogo_widget.seek.hp_bar.IsWorldPosInNodeBound: callable sig=<Signature (x, y)>
robot.toplogo_widget.seek.hp_bar.SCRATCH_CARD_IMAGE_NAME: '_scratch_card_image' type=<class 'str'>
robot.toplogo_widget.seek.hp_bar.SCRATCH_CARD_TOUCH_NAME: '_scratch_card_touch' type=<class 'str'>
robot.toplogo_widget.seek.hp_bar.SetChildrenClippingEnabled: callable sig=<Signature (enabled)>
robot.toplogo_widget.seek.hp_bar.SetChildrenClippingType: callable sig=<Signature (clipping_type)>
robot.toplogo_widget.seek.hp_bar.SetNodeHoverImage: callable sig=<Signature (image_id, is_scale9=False, scale9_params=None, anchor_point=None, pos=None, contentsize=None, size_offset=None)>
robot.toplogo_widget.seek.hp_bar.ShowNodeHoverImage: callable sig=<Signature (visible)>
robot.toplogo_widget.seek.hp_bar._CreateScratchCardSplendorNode: callable sig=<Signature (node_name, zorder)>
robot.toplogo_widget.seek.hp_bar._SetWidgetSwallowTouches: callable sig=<Signature (widget, enable)>
robot.toplogo_widget.seek.hp_bar._scratch_card_node: None type=<class 'NoneType'>
robot.toplogo_widget.seek.hp_bar._show_node_hover: callable sig=<Signature (node, visible)>
robot.toplogo_widget.seek.hp_bar.addChild: callable sig=<Signature (child, zorder=None)>
robot.toplogo_widget.seek.hp_bar.child: callable sig=<Signature (name: str, wrapper: Type[~T_UINode_Inst] | Callable[[cc.Node | None], ~T_UINode_Inst] | None = None) -> ~T_UINode_Inst | ForwardRef('UINode')>
robot.toplogo_widget.seek.hp_bar.childex: callable sig=<Signature (path: str, wrapper: Type[~T_UINode_Inst] | None = None) -> ~T_UINode_Inst | ForwardRef('UINode')>
robot.toplogo_widget.seek.hp_bar.color: (<gshare.utils.Swallower object at 0x0000025A174952C0>, <gshare.utils.Swallower object at 0x0000025A174952C0>, <gshare.utils.Swallower object at 0x0000025A174952C0>) type=<class 'tuple'>
robot.toplogo_widget.seek.hp_bar.opacity: callable <gshare.utils.Swallower object at 0x0000025A174952C0>
robot.toplogo_widget.seek.hp_bar.rchild: callable sig=<Signature (name) -> cc.Node>
robot.toplogo_widget.seek.hp_bar.rchildex: callable sig=<Signature (path) -> cc.Node>
robot.toplogo_widget.seek.hp_bar.rseek: callable sig=<Signature (name) -> cc.Node>
robot.toplogo_widget.seek.hp_bar.scale: callable <gshare.utils.Swallower object at 0x0000025A174952C0>
robot.toplogo_widget.seek.hp_bar.seek: callable sig=<Signature (name: str, wrapper: Type[~T_UINode_Inst] | Callable[[cc.Node | None], ~T_UINode_Inst] | None = None) -> ~T_UINode_Inst | ForwardRef('UINode')>
robot.toplogo_widget.seek.hp_bar.setZoomChildren: callable sig=<Signature (children)>
robot.toplogo_widget.seek.hp_bar.visible: callable <gshare.utils.Swallower object at 0x0000025A174952C0>
robot.toplogo_widget.seek.hp_bar.widget: callable <gshare.utils.Swallower object at 0x0000025A174952C0>
robot.toplogo_widget.seek.hp_bar.zoomChildren: callable sig=<Signature (bzoom)>
robot.toplogo_widget.seek('bar_hp') -> <gclient.framework.ui.widgets.ui_node.UINode object(Swallower) at 0x25A1727F770> type=<class 'gclient.framework.ui.widgets.ui_node.UINode'>
robot.toplogo_widget.seek.bar_hp: <gclient.framework.ui.widgets.ui_node.UINode object(Swallower) at 0x25A1727F770> type=<class 'gclient.framework.ui.widgets.ui_node.UINode'>
robot.toplogo_widget.seek.bar_hp: interesting=['AddChild', 'AttachScratchCardNode', 'CloneWidget', 'DetachScratchCardNode', 'EnablePressScale', 'GetScratchCardNode', 'GetTextureType', 'IsAncestorsVisible', 'IsWorldPosInNodeBound', 'SCRATCH_CARD_IMAGE_NAME', 'SCRATCH_CARD_TOUCH_NAME', 'SetChildrenClippingEnabled', 'SetChildrenClippingType', 'SetNodeHoverImage', 'ShowNodeHoverImage', '_CreateScratchCardSplendorNode', '_SetWidgetSwallowTouches', '_scratch_card_node', '_show_node_hover', 'addChild', 'child', 'childex', 'color', 'opacity', 'rchild', 'rchildex', 'rseek', 'scale', 'seek', 'setZoomChildren', 'visible', 'widget', 'zoomChildren']
robot.toplogo_widget.seek.bar_hp.AddChild: callable sig=<Signature (child, zorder=None)>
robot.toplogo_widget.seek.bar_hp.AttachScratchCardNode: callable sig=<Signature (texture_width=None, texture_height=None, brush_radius=24, sample_step=None, mask_color=(178, 178, 174, 255), clear_color=(255, 255, 255, 0), flip_y=True, auto_clear_ratio=None, mask_texture=None, mask_texture_is_file=False, auto_clear_callback=None, remove_on_auto_clear=True, layer_zorder=99999, touch_layer_zorder=100000, mask_node_name=None, touch_node_name=None)>
robot.toplogo_widget.seek.bar_hp.CloneWidget: callable sig=<Signature (widget, retain=False, ignore_leak_inspect=False)>
robot.toplogo_widget.seek.bar_hp.DetachScratchCardNode: callable sig=<Signature ()>
robot.toplogo_widget.seek.bar_hp.EnablePressScale: callable sig=<Signature (enable, scale=0.0, origin_scale=1.0)>
robot.toplogo_widget.seek.bar_hp.GetScratchCardNode: callable sig=<Signature ()>
robot.toplogo_widget.seek.bar_hp.GetTextureType: callable sig=<Signature (resource_name)>
robot.toplogo_widget.seek.bar_hp.IsAncestorsVisible: callable sig=<Signature ()>
robot.toplogo_widget.seek.bar_hp.IsWorldPosInNodeBound: callable sig=<Signature (x, y)>
robot.toplogo_widget.seek.bar_hp.SCRATCH_CARD_IMAGE_NAME: '_scratch_card_image' type=<class 'str'>
robot.toplogo_widget.seek.bar_hp.SCRATCH_CARD_TOUCH_NAME: '_scratch_card_touch' type=<class 'str'>
robot.toplogo_widget.seek.bar_hp.SetChildrenClippingEnabled: callable sig=<Signature (enabled)>
robot.toplogo_widget.seek.bar_hp.SetChildrenClippingType: callable sig=<Signature (clipping_type)>
robot.toplogo_widget.seek.bar_hp.SetNodeHoverImage: callable sig=<Signature (image_id, is_scale9=False, scale9_params=None, anchor_point=None, pos=None, contentsize=None, size_offset=None)>
robot.toplogo_widget.seek.bar_hp.ShowNodeHoverImage: callable sig=<Signature (visible)>
robot.toplogo_widget.seek.bar_hp._CreateScratchCardSplendorNode: callable sig=<Signature (node_name, zorder)>
robot.toplogo_widget.seek.bar_hp._SetWidgetSwallowTouches: callable sig=<Signature (widget, enable)>
robot.toplogo_widget.seek.bar_hp._scratch_card_node: None type=<class 'NoneType'>
robot.toplogo_widget.seek.bar_hp._show_node_hover: callable sig=<Signature (node, visible)>
robot.toplogo_widget.seek.bar_hp.addChild: callable sig=<Signature (child, zorder=None)>
robot.toplogo_widget.seek.bar_hp.child: callable sig=<Signature (name: str, wrapper: Type[~T_UINode_Inst] | Callable[[cc.Node | None], ~T_UINode_Inst] | None = None) -> ~T_UINode_Inst | ForwardRef('UINode')>
robot.toplogo_widget.seek.bar_hp.childex: callable sig=<Signature (path: str, wrapper: Type[~T_UINode_Inst] | None = None) -> ~T_UINode_Inst | ForwardRef('UINode')>
robot.toplogo_widget.seek.bar_hp.color: (<gshare.utils.Swallower object at 0x00000259D7E49180>, <gshare.utils.Swallower object at 0x00000259D7E49180>, <gshare.utils.Swallower object at 0x00000259D7E49180>) type=<class 'tuple'>
robot.toplogo_widget.seek.bar_hp.opacity: callable <gshare.utils.Swallower object at 0x00000259D7E49180>
robot.toplogo_widget.seek.bar_hp.rchild: callable sig=<Signature (name) -> cc.Node>
robot.toplogo_widget.seek.bar_hp.rchildex: callable sig=<Signature (path) -> cc.Node>
robot.toplogo_widget.seek.bar_hp.rseek: callable sig=<Signature (name) -> cc.Node>
robot.toplogo_widget.seek.bar_hp.scale: callable <gshare.utils.Swallower object at 0x00000259D7E49180>
robot.toplogo_widget.seek.bar_hp.seek: callable sig=<Signature (name: str, wrapper: Type[~T_UINode_Inst] | Callable[[cc.Node | None], ~T_UINode_Inst] | None = None) -> ~T_UINode_Inst | ForwardRef('UINode')>
robot.toplogo_widget.seek.bar_hp.setZoomChildren: callable sig=<Signature (children)>
robot.toplogo_widget.seek.bar_hp.visible: callable <gshare.utils.Swallower object at 0x00000259D7E49180>
robot.toplogo_widget.seek.bar_hp.widget: callable <gshare.utils.Swallower object at 0x00000259D7E49180>
robot.toplogo_widget.seek.bar_hp.zoomChildren: callable sig=<Signature (bzoom)>
robot.toplogo_widget.seek('panel_top') -> <gclient.framework.ui.widgets.ui_node.UINode object(Swallower) at 0x25A1727F8C0> type=<class 'gclient.framework.ui.widgets.ui_node.UINode'>
robot.toplogo_widget.seek.panel_top: <gclient.framework.ui.widgets.ui_node.UINode object(Swallower) at 0x25A1727F8C0> type=<class 'gclient.framework.ui.widgets.ui_node.UINode'>
robot.toplogo_widget.seek.panel_top: interesting=['AddChild', 'AttachScratchCardNode', 'CloneWidget', 'DetachScratchCardNode', 'EnablePressScale', 'GetScratchCardNode', 'GetTextureType', 'IsAncestorsVisible', 'IsWorldPosInNodeBound', 'SCRATCH_CARD_IMAGE_NAME', 'SCRATCH_CARD_TOUCH_NAME', 'SetChildrenClippingEnabled', 'SetChildrenClippingType', 'SetNodeHoverImage', 'ShowNodeHoverImage', '_CreateScratchCardSplendorNode', '_SetWidgetSwallowTouches', '_scratch_card_node', '_show_node_hover', 'addChild', 'child', 'childex', 'color', 'opacity', 'rchild', 'rchildex', 'rseek', 'scale', 'seek', 'setZoomChildren', 'visible', 'widget', 'zoomChildren']
robot.toplogo_widget.seek.panel_top.AddChild: callable sig=<Signature (child, zorder=None)>
robot.toplogo_widget.seek.panel_top.AttachScratchCardNode: callable sig=<Signature (texture_width=None, texture_height=None, brush_radius=24, sample_step=None, mask_color=(178, 178, 174, 255), clear_color=(255, 255, 255, 0), flip_y=True, auto_clear_ratio=None, mask_texture=None, mask_texture_is_file=False, auto_clear_callback=None, remove_on_auto_clear=True, layer_zorder=99999, touch_layer_zorder=100000, mask_node_name=None, touch_node_name=None)>
robot.toplogo_widget.seek.panel_top.CloneWidget: callable sig=<Signature (widget, retain=False, ignore_leak_inspect=False)>
robot.toplogo_widget.seek.panel_top.DetachScratchCardNode: callable sig=<Signature ()>
robot.toplogo_widget.seek.panel_top.EnablePressScale: callable sig=<Signature (enable, scale=0.0, origin_scale=1.0)>
robot.toplogo_widget.seek.panel_top.GetScratchCardNode: callable sig=<Signature ()>
robot.toplogo_widget.seek.panel_top.GetTextureType: callable sig=<Signature (resource_name)>
robot.toplogo_widget.seek.panel_top.IsAncestorsVisible: callable sig=<Signature ()>
robot.toplogo_widget.seek.panel_top.IsWorldPosInNodeBound: callable sig=<Signature (x, y)>
robot.toplogo_widget.seek.panel_top.SCRATCH_CARD_IMAGE_NAME: '_scratch_card_image' type=<class 'str'>
robot.toplogo_widget.seek.panel_top.SCRATCH_CARD_TOUCH_NAME: '_scratch_card_touch' type=<class 'str'>
robot.toplogo_widget.seek.panel_top.SetChildrenClippingEnabled: callable sig=<Signature (enabled)>
robot.toplogo_widget.seek.panel_top.SetChildrenClippingType: callable sig=<Signature (clipping_type)>
robot.toplogo_widget.seek.panel_top.SetNodeHoverImage: callable sig=<Signature (image_id, is_scale9=False, scale9_params=None, anchor_point=None, pos=None, contentsize=None, size_offset=None)>
robot.toplogo_widget.seek.panel_top.ShowNodeHoverImage: callable sig=<Signature (visible)>
robot.toplogo_widget.seek.panel_top._CreateScratchCardSplendorNode: callable sig=<Signature (node_name, zorder)>
robot.toplogo_widget.seek.panel_top._SetWidgetSwallowTouches: callable sig=<Signature (widget, enable)>
robot.toplogo_widget.seek.panel_top._scratch_card_node: None type=<class 'NoneType'>
robot.toplogo_widget.seek.panel_top._show_node_hover: callable sig=<Signature (node, visible)>
robot.toplogo_widget.seek.panel_top.addChild: callable sig=<Signature (child, zorder=None)>
robot.toplogo_widget.seek.panel_top.child: callable sig=<Signature (name: str, wrapper: Type[~T_UINode_Inst] | Callable[[cc.Node | None], ~T_UINode_Inst] | None = None) -> ~T_UINode_Inst | ForwardRef('UINode')>
robot.toplogo_widget.seek.panel_top.childex: callable sig=<Signature (path: str, wrapper: Type[~T_UINode_Inst] | None = None) -> ~T_UINode_Inst | ForwardRef('UINode')>
robot.toplogo_widget.seek.panel_top.color: (<gshare.utils.Swallower object at 0x0000025A174952C0>, <gshare.utils.Swallower object at 0x0000025A174952C0>, <gshare.utils.Swallower object at 0x0000025A174952C0>) type=<class 'tuple'>
robot.toplogo_widget.seek.panel_top.opacity: callable <gshare.utils.Swallower object at 0x0000025A174952C0>
robot.toplogo_widget.seek.panel_top.rchild: callable sig=<Signature (name) -> cc.Node>
robot.toplogo_widget.seek.panel_top.rchildex: callable sig=<Signature (path) -> cc.Node>
robot.toplogo_widget.seek.panel_top.rseek: callable sig=<Signature (name) -> cc.Node>
robot.toplogo_widget.seek.panel_top.scale: callable <gshare.utils.Swallower object at 0x0000025A174952C0>
robot.toplogo_widget.seek.panel_top.seek: callable sig=<Signature (name: str, wrapper: Type[~T_UINode_Inst] | Callable[[cc.Node | None], ~T_UINode_Inst] | None = None) -> ~T_UINode_Inst | ForwardRef('UINode')>
robot.toplogo_widget.seek.panel_top.setZoomChildren: callable sig=<Signature (children)>
robot.toplogo_widget.seek.panel_top.visible: callable <gshare.utils.Swallower object at 0x0000025A174952C0>
robot.toplogo_widget.seek.panel_top.widget: callable <gshare.utils.Swallower object at 0x0000025A174952C0>
robot.toplogo_widget.seek.panel_top.zoomChildren: callable sig=<Signature (bzoom)>
robot.toplogo_widget.seek('toplogo') -> <gclient.framework.ui.widgets.ui_node.UINode object(Swallower) at 0x25A1727F770> type=<class 'gclient.framework.ui.widgets.ui_node.UINode'>
robot.toplogo_widget.seek.toplogo: <gclient.framework.ui.widgets.ui_node.UINode object(Swallower) at 0x25A1727F770> type=<class 'gclient.framework.ui.widgets.ui_node.UINode'>
robot.toplogo_widget.seek.toplogo: interesting=['AddChild', 'AttachScratchCardNode', 'CloneWidget', 'DetachScratchCardNode', 'EnablePressScale', 'GetScratchCardNode', 'GetTextureType', 'IsAncestorsVisible', 'IsWorldPosInNodeBound', 'SCRATCH_CARD_IMAGE_NAME', 'SCRATCH_CARD_TOUCH_NAME', 'SetChildrenClippingEnabled', 'SetChildrenClippingType', 'SetNodeHoverImage', 'ShowNodeHoverImage', '_CreateScratchCardSplendorNode', '_SetWidgetSwallowTouches', '_scratch_card_node', '_show_node_hover', 'addChild', 'child', 'childex', 'color', 'opacity', 'rchild', 'rchildex', 'rseek', 'scale', 'seek', 'setZoomChildren', 'visible', 'widget', 'zoomChildren']
robot.toplogo_widget.seek.toplogo.AddChild: callable sig=<Signature (child, zorder=None)>
robot.toplogo_widget.seek.toplogo.AttachScratchCardNode: callable sig=<Signature (texture_width=None, texture_height=None, brush_radius=24, sample_step=None, mask_color=(178, 178, 174, 255), clear_color=(255, 255, 255, 0), flip_y=True, auto_clear_ratio=None, mask_texture=None, mask_texture_is_file=False, auto_clear_callback=None, remove_on_auto_clear=True, layer_zorder=99999, touch_layer_zorder=100000, mask_node_name=None, touch_node_name=None)>
robot.toplogo_widget.seek.toplogo.CloneWidget: callable sig=<Signature (widget, retain=False, ignore_leak_inspect=False)>
robot.toplogo_widget.seek.toplogo.DetachScratchCardNode: callable sig=<Signature ()>
robot.toplogo_widget.seek.toplogo.EnablePressScale: callable sig=<Signature (enable, scale=0.0, origin_scale=1.0)>
robot.toplogo_widget.seek.toplogo.GetScratchCardNode: callable sig=<Signature ()>
robot.toplogo_widget.seek.toplogo.GetTextureType: callable sig=<Signature (resource_name)>
robot.toplogo_widget.seek.toplogo.IsAncestorsVisible: callable sig=<Signature ()>
robot.toplogo_widget.seek.toplogo.IsWorldPosInNodeBound: callable sig=<Signature (x, y)>
robot.toplogo_widget.seek.toplogo.SCRATCH_CARD_IMAGE_NAME: '_scratch_card_image' type=<class 'str'>
robot.toplogo_widget.seek.toplogo.SCRATCH_CARD_TOUCH_NAME: '_scratch_card_touch' type=<class 'str'>
robot.toplogo_widget.seek.toplogo.SetChildrenClippingEnabled: callable sig=<Signature (enabled)>
robot.toplogo_widget.seek.toplogo.SetChildrenClippingType: callable sig=<Signature (clipping_type)>
robot.toplogo_widget.seek.toplogo.SetNodeHoverImage: callable sig=<Signature (image_id, is_scale9=False, scale9_params=None, anchor_point=None, pos=None, contentsize=None, size_offset=None)>
robot.toplogo_widget.seek.toplogo.ShowNodeHoverImage: callable sig=<Signature (visible)>
robot.toplogo_widget.seek.toplogo._CreateScratchCardSplendorNode: callable sig=<Signature (node_name, zorder)>
robot.toplogo_widget.seek.toplogo._SetWidgetSwallowTouches: callable sig=<Signature (widget, enable)>
robot.toplogo_widget.seek.toplogo._scratch_card_node: None type=<class 'NoneType'>
robot.toplogo_widget.seek.toplogo._show_node_hover: callable sig=<Signature (node, visible)>
robot.toplogo_widget.seek.toplogo.addChild: callable sig=<Signature (child, zorder=None)>
robot.toplogo_widget.seek.toplogo.child: callable sig=<Signature (name: str, wrapper: Type[~T_UINode_Inst] | Callable[[cc.Node | None], ~T_UINode_Inst] | None = None) -> ~T_UINode_Inst | ForwardRef('UINode')>
robot.toplogo_widget.seek.toplogo.childex: callable sig=<Signature (path: str, wrapper: Type[~T_UINode_Inst] | None = None) -> ~T_UINode_Inst | ForwardRef('UINode')>
robot.toplogo_widget.seek.toplogo.color: (<gshare.utils.Swallower object at 0x00000259D7E49180>, <gshare.utils.Swallower object at 0x00000259D7E49180>, <gshare.utils.Swallower object at 0x00000259D7E49180>) type=<class 'tuple'>
robot.toplogo_widget.seek.toplogo.opacity: callable <gshare.utils.Swallower object at 0x00000259D7E49180>
robot.toplogo_widget.seek.toplogo.rchild: callable sig=<Signature (name) -> cc.Node>
robot.toplogo_widget.seek.toplogo.rchildex: callable sig=<Signature (path) -> cc.Node>
robot.toplogo_widget.seek.toplogo.rseek: callable sig=<Signature (name) -> cc.Node>
robot.toplogo_widget.seek.toplogo.scale: callable <gshare.utils.Swallower object at 0x00000259D7E49180>
robot.toplogo_widget.seek.toplogo.seek: callable sig=<Signature (name: str, wrapper: Type[~T_UINode_Inst] | Callable[[cc.Node | None], ~T_UINode_Inst] | None = None) -> ~T_UINode_Inst | ForwardRef('UINode')>
robot.toplogo_widget.seek.toplogo.setZoomChildren: callable sig=<Signature (children)>
robot.toplogo_widget.seek.toplogo.visible: callable <gshare.utils.Swallower object at 0x00000259D7E49180>
robot.toplogo_widget.seek.toplogo.widget: callable <gshare.utils.Swallower object at 0x00000259D7E49180>
robot.toplogo_widget.seek.toplogo.zoomChildren: callable sig=<Signature (bzoom)>
robot.toplogo_widget.seek('toplogo_widget') -> <gclient.framework.ui.widgets.ui_node.UINode object(Swallower) at 0x25A1727F8C0> type=<class 'gclient.framework.ui.widgets.ui_node.UINode'>
robot.toplogo_widget.seek.toplogo_widget: <gclient.framework.ui.widgets.ui_node.UINode object(Swallower) at 0x25A1727F8C0> type=<class 'gclient.framework.ui.widgets.ui_node.UINode'>
robot.toplogo_widget.seek.toplogo_widget: interesting=['AddChild', 'AttachScratchCardNode', 'CloneWidget', 'DetachScratchCardNode', 'EnablePressScale', 'GetScratchCardNode', 'GetTextureType', 'IsAncestorsVisible', 'IsWorldPosInNodeBound', 'SCRATCH_CARD_IMAGE_NAME', 'SCRATCH_CARD_TOUCH_NAME', 'SetChildrenClippingEnabled', 'SetChildrenClippingType', 'SetNodeHoverImage', 'ShowNodeHoverImage', '_CreateScratchCardSplendorNode', '_SetWidgetSwallowTouches', '_scratch_card_node', '_show_node_hover', 'addChild', 'child', 'childex', 'color', 'opacity', 'rchild', 'rchildex', 'rseek', 'scale', 'seek', 'setZoomChildren', 'visible', 'widget', 'zoomChildren']
robot.toplogo_widget.seek.toplogo_widget.AddChild: callable sig=<Signature (child, zorder=None)>
robot.toplogo_widget.seek.toplogo_widget.AttachScratchCardNode: callable sig=<Signature (texture_width=None, texture_height=None, brush_radius=24, sample_step=None, mask_color=(178, 178, 174, 255), clear_color=(255, 255, 255, 0), flip_y=True, auto_clear_ratio=None, mask_texture=None, mask_texture_is_file=False, auto_clear_callback=None, remove_on_auto_clear=True, layer_zorder=99999, touch_layer_zorder=100000, mask_node_name=None, touch_node_name=None)>
robot.toplogo_widget.seek.toplogo_widget.CloneWidget: callable sig=<Signature (widget, retain=False, ignore_leak_inspect=False)>
robot.toplogo_widget.seek.toplogo_widget.DetachScratchCardNode: callable sig=<Signature ()>
robot.toplogo_widget.seek.toplogo_widget.EnablePressScale: callable sig=<Signature (enable, scale=0.0, origin_scale=1.0)>
robot.toplogo_widget.seek.toplogo_widget.GetScratchCardNode: callable sig=<Signature ()>
robot.toplogo_widget.seek.toplogo_widget.GetTextureType: callable sig=<Signature (resource_name)>
robot.toplogo_widget.seek.toplogo_widget.IsAncestorsVisible: callable sig=<Signature ()>
robot.toplogo_widget.seek.toplogo_widget.IsWorldPosInNodeBound: callable sig=<Signature (x, y)>
robot.toplogo_widget.seek.toplogo_widget.SCRATCH_CARD_IMAGE_NAME: '_scratch_card_image' type=<class 'str'>
robot.toplogo_widget.seek.toplogo_widget.SCRATCH_CARD_TOUCH_NAME: '_scratch_card_touch' type=<class 'str'>
robot.toplogo_widget.seek.toplogo_widget.SetChildrenClippingEnabled: callable sig=<Signature (enabled)>
robot.toplogo_widget.seek.toplogo_widget.SetChildrenClippingType: callable sig=<Signature (clipping_type)>
robot.toplogo_widget.seek.toplogo_widget.SetNodeHoverImage: callable sig=<Signature (image_id, is_scale9=False, scale9_params=None, anchor_point=None, pos=None, contentsize=None, size_offset=None)>
robot.toplogo_widget.seek.toplogo_widget.ShowNodeHoverImage: callable sig=<Signature (visible)>
robot.toplogo_widget.seek.toplogo_widget._CreateScratchCardSplendorNode: callable sig=<Signature (node_name, zorder)>
robot.toplogo_widget.seek.toplogo_widget._SetWidgetSwallowTouches: callable sig=<Signature (widget, enable)>
robot.toplogo_widget.seek.toplogo_widget._scratch_card_node: None type=<class 'NoneType'>
robot.toplogo_widget.seek.toplogo_widget._show_node_hover: callable sig=<Signature (node, visible)>
robot.toplogo_widget.seek.toplogo_widget.addChild: callable sig=<Signature (child, zorder=None)>
robot.toplogo_widget.seek.toplogo_widget.child: callable sig=<Signature (name: str, wrapper: Type[~T_UINode_Inst] | Callable[[cc.Node | None], ~T_UINode_Inst] | None = None) -> ~T_UINode_Inst | ForwardRef('UINode')>
robot.toplogo_widget.seek.toplogo_widget.childex: callable sig=<Signature (path: str, wrapper: Type[~T_UINode_Inst] | None = None) -> ~T_UINode_Inst | ForwardRef('UINode')>
robot.toplogo_widget.seek.toplogo_widget.color: (<gshare.utils.Swallower object at 0x0000025A174952C0>, <gshare.utils.Swallower object at 0x0000025A174952C0>, <gshare.utils.Swallower object at 0x0000025A174952C0>) type=<class 'tuple'>
robot.toplogo_widget.seek.toplogo_widget.opacity: callable <gshare.utils.Swallower object at 0x0000025A174952C0>
robot.toplogo_widget.seek.toplogo_widget.rchild: callable sig=<Signature (name) -> cc.Node>
robot.toplogo_widget.seek.toplogo_widget.rchildex: callable sig=<Signature (path) -> cc.Node>
robot.toplogo_widget.seek.toplogo_widget.rseek: callable sig=<Signature (name) -> cc.Node>
robot.toplogo_widget.seek.toplogo_widget.scale: callable <gshare.utils.Swallower object at 0x0000025A174952C0>
robot.toplogo_widget.seek.toplogo_widget.seek: callable sig=<Signature (name: str, wrapper: Type[~T_UINode_Inst] | Callable[[cc.Node | None], ~T_UINode_Inst] | None = None) -> ~T_UINode_Inst | ForwardRef('UINode')>
robot.toplogo_widget.seek.toplogo_widget.setZoomChildren: callable sig=<Signature (children)>
robot.toplogo_widget.seek.toplogo_widget.visible: callable <gshare.utils.Swallower object at 0x0000025A174952C0>
robot.toplogo_widget.seek.toplogo_widget.widget: callable <gshare.utils.Swallower object at 0x0000025A174952C0>
robot.toplogo_widget.seek.toplogo_widget.zoomChildren: callable sig=<Signature (bzoom)>
robot.toplogo_widget.seek('txt_level') -> <gclient.framework.ui.widgets.ui_node.UINode object(Swallower) at 0x25A1727F770> type=<class 'gclient.framework.ui.widgets.ui_node.UINode'>
robot.toplogo_widget.seek.txt_level: <gclient.framework.ui.widgets.ui_node.UINode object(Swallower) at 0x25A1727F770> type=<class 'gclient.framework.ui.widgets.ui_node.UINode'>
robot.toplogo_widget.seek.txt_level: interesting=['AddChild', 'AttachScratchCardNode', 'CloneWidget', 'DetachScratchCardNode', 'EnablePressScale', 'GetScratchCardNode', 'GetTextureType', 'IsAncestorsVisible', 'IsWorldPosInNodeBound', 'SCRATCH_CARD_IMAGE_NAME', 'SCRATCH_CARD_TOUCH_NAME', 'SetChildrenClippingEnabled', 'SetChildrenClippingType', 'SetNodeHoverImage', 'ShowNodeHoverImage', '_CreateScratchCardSplendorNode', '_SetWidgetSwallowTouches', '_scratch_card_node', '_show_node_hover', 'addChild', 'child', 'childex', 'color', 'opacity', 'rchild', 'rchildex', 'rseek', 'scale', 'seek', 'setZoomChildren', 'visible', 'widget', 'zoomChildren']
robot.toplogo_widget.seek.txt_level.AddChild: callable sig=<Signature (child, zorder=None)>
robot.toplogo_widget.seek.txt_level.AttachScratchCardNode: callable sig=<Signature (texture_width=None, texture_height=None, brush_radius=24, sample_step=None, mask_color=(178, 178, 174, 255), clear_color=(255, 255, 255, 0), flip_y=True, auto_clear_ratio=None, mask_texture=None, mask_texture_is_file=False, auto_clear_callback=None, remove_on_auto_clear=True, layer_zorder=99999, touch_layer_zorder=100000, mask_node_name=None, touch_node_name=None)>
robot.toplogo_widget.seek.txt_level.CloneWidget: callable sig=<Signature (widget, retain=False, ignore_leak_inspect=False)>
robot.toplogo_widget.seek.txt_level.DetachScratchCardNode: callable sig=<Signature ()>
robot.toplogo_widget.seek.txt_level.EnablePressScale: callable sig=<Signature (enable, scale=0.0, origin_scale=1.0)>
robot.toplogo_widget.seek.txt_level.GetScratchCardNode: callable sig=<Signature ()>
robot.toplogo_widget.seek.txt_level.GetTextureType: callable sig=<Signature (resource_name)>
robot.toplogo_widget.seek.txt_level.IsAncestorsVisible: callable sig=<Signature ()>
robot.toplogo_widget.seek.txt_level.IsWorldPosInNodeBound: callable sig=<Signature (x, y)>
robot.toplogo_widget.seek.txt_level.SCRATCH_CARD_IMAGE_NAME: '_scratch_card_image' type=<class 'str'>
robot.toplogo_widget.seek.txt_level.SCRATCH_CARD_TOUCH_NAME: '_scratch_card_touch' type=<class 'str'>
robot.toplogo_widget.seek.txt_level.SetChildrenClippingEnabled: callable sig=<Signature (enabled)>
robot.toplogo_widget.seek.txt_level.SetChildrenClippingType: callable sig=<Signature (clipping_type)>
robot.toplogo_widget.seek.txt_level.SetNodeHoverImage: callable sig=<Signature (image_id, is_scale9=False, scale9_params=None, anchor_point=None, pos=None, contentsize=None, size_offset=None)>
robot.toplogo_widget.seek.txt_level.ShowNodeHoverImage: callable sig=<Signature (visible)>
robot.toplogo_widget.seek.txt_level._CreateScratchCardSplendorNode: callable sig=<Signature (node_name, zorder)>
robot.toplogo_widget.seek.txt_level._SetWidgetSwallowTouches: callable sig=<Signature (widget, enable)>
robot.toplogo_widget.seek.txt_level._scratch_card_node: None type=<class 'NoneType'>
robot.toplogo_widget.seek.txt_level._show_node_hover: callable sig=<Signature (node, visible)>
robot.toplogo_widget.seek.txt_level.addChild: callable sig=<Signature (child, zorder=None)>
robot.toplogo_widget.seek.txt_level.child: callable sig=<Signature (name: str, wrapper: Type[~T_UINode_Inst] | Callable[[cc.Node | None], ~T_UINode_Inst] | None = None) -> ~T_UINode_Inst | ForwardRef('UINode')>
robot.toplogo_widget.seek.txt_level.childex: callable sig=<Signature (path: str, wrapper: Type[~T_UINode_Inst] | None = None) -> ~T_UINode_Inst | ForwardRef('UINode')>
robot.toplogo_widget.seek.txt_level.color: (<gshare.utils.Swallower object at 0x00000259F7540EB0>, <gshare.utils.Swallower object at 0x00000259F7540EB0>, <gshare.utils.Swallower object at 0x00000259F7540EB0>) type=<class 'tuple'>
robot.toplogo_widget.seek.txt_level.opacity: callable <gshare.utils.Swallower object at 0x00000259F7540EB0>
robot.toplogo_widget.seek.txt_level.rchild: callable sig=<Signature (name) -> cc.Node>
robot.toplogo_widget.seek.txt_level.rchildex: callable sig=<Signature (path) -> cc.Node>
robot.toplogo_widget.seek.txt_level.rseek: callable sig=<Signature (name) -> cc.Node>
robot.toplogo_widget.seek.txt_level.scale: callable <gshare.utils.Swallower object at 0x00000259F7540EB0>
robot.toplogo_widget.seek.txt_level.seek: callable sig=<Signature (name: str, wrapper: Type[~T_UINode_Inst] | Callable[[cc.Node | None], ~T_UINode_Inst] | None = None) -> ~T_UINode_Inst | ForwardRef('UINode')>
robot.toplogo_widget.seek.txt_level.setZoomChildren: callable sig=<Signature (children)>
robot.toplogo_widget.seek.txt_level.visible: callable <gshare.utils.Swallower object at 0x00000259F7540EB0>
robot.toplogo_widget.seek.txt_level.widget: callable <gshare.utils.Swallower object at 0x00000259F7540EB0>
robot.toplogo_widget.seek.txt_level.zoomChildren: callable sig=<Signature (bzoom)>
robot.toplogo_widget.seek('txt_title') -> <gclient.framework.ui.widgets.ui_node.UINode object(Swallower) at 0x25A1727F8C0> type=<class 'gclient.framework.ui.widgets.ui_node.UINode'>
robot.toplogo_widget.seek.txt_title: <gclient.framework.ui.widgets.ui_node.UINode object(Swallower) at 0x25A1727F8C0> type=<class 'gclient.framework.ui.widgets.ui_node.UINode'>
robot.toplogo_widget.seek.txt_title: interesting=['AddChild', 'AttachScratchCardNode', 'CloneWidget', 'DetachScratchCardNode', 'EnablePressScale', 'GetScratchCardNode', 'GetTextureType', 'IsAncestorsVisible', 'IsWorldPosInNodeBound', 'SCRATCH_CARD_IMAGE_NAME', 'SCRATCH_CARD_TOUCH_NAME', 'SetChildrenClippingEnabled', 'SetChildrenClippingType', 'SetNodeHoverImage', 'ShowNodeHoverImage', '_CreateScratchCardSplendorNode', '_SetWidgetSwallowTouches', '_scratch_card_node', '_show_node_hover', 'addChild', 'child', 'childex', 'color', 'opacity', 'rchild', 'rchildex', 'rseek', 'scale', 'seek', 'setZoomChildren', 'visible', 'widget', 'zoomChildren']
robot.toplogo_widget.seek.txt_title.AddChild: callable sig=<Signature (child, zorder=None)>
robot.toplogo_widget.seek.txt_title.AttachScratchCardNode: callable sig=<Signature (texture_width=None, texture_height=None, brush_radius=24, sample_step=None, mask_color=(178, 178, 174, 255), clear_color=(255, 255, 255, 0), flip_y=True, auto_clear_ratio=None, mask_texture=None, mask_texture_is_file=False, auto_clear_callback=None, remove_on_auto_clear=True, layer_zorder=99999, touch_layer_zorder=100000, mask_node_name=None, touch_node_name=None)>
robot.toplogo_widget.seek.txt_title.CloneWidget: callable sig=<Signature (widget, retain=False, ignore_leak_inspect=False)>
robot.toplogo_widget.seek.txt_title.DetachScratchCardNode: callable sig=<Signature ()>
robot.toplogo_widget.seek.txt_title.EnablePressScale: callable sig=<Signature (enable, scale=0.0, origin_scale=1.0)>
robot.toplogo_widget.seek.txt_title.GetScratchCardNode: callable sig=<Signature ()>
robot.toplogo_widget.seek.txt_title.GetTextureType: callable sig=<Signature (resource_name)>
robot.toplogo_widget.seek.txt_title.IsAncestorsVisible: callable sig=<Signature ()>
robot.toplogo_widget.seek.txt_title.IsWorldPosInNodeBound: callable sig=<Signature (x, y)>
robot.toplogo_widget.seek.txt_title.SCRATCH_CARD_IMAGE_NAME: '_scratch_card_image' type=<class 'str'>
robot.toplogo_widget.seek.txt_title.SCRATCH_CARD_TOUCH_NAME: '_scratch_card_touch' type=<class 'str'>
robot.toplogo_widget.seek.txt_title.SetChildrenClippingEnabled: callable sig=<Signature (enabled)>
robot.toplogo_widget.seek.txt_title.SetChildrenClippingType: callable sig=<Signature (clipping_type)>
robot.toplogo_widget.seek.txt_title.SetNodeHoverImage: callable sig=<Signature (image_id, is_scale9=False, scale9_params=None, anchor_point=None, pos=None, contentsize=None, size_offset=None)>
robot.toplogo_widget.seek.txt_title.ShowNodeHoverImage: callable sig=<Signature (visible)>
robot.toplogo_widget.seek.txt_title._CreateScratchCardSplendorNode: callable sig=<Signature (node_name, zorder)>
robot.toplogo_widget.seek.txt_title._SetWidgetSwallowTouches: callable sig=<Signature (widget, enable)>
robot.toplogo_widget.seek.txt_title._scratch_card_node: None type=<class 'NoneType'>
robot.toplogo_widget.seek.txt_title._show_node_hover: callable sig=<Signature (node, visible)>
robot.toplogo_widget.seek.txt_title.addChild: callable sig=<Signature (child, zorder=None)>
robot.toplogo_widget.seek.txt_title.child: callable sig=<Signature (name: str, wrapper: Type[~T_UINode_Inst] | Callable[[cc.Node | None], ~T_UINode_Inst] | None = None) -> ~T_UINode_Inst | ForwardRef('UINode')>
robot.toplogo_widget.seek.txt_title.childex: callable sig=<Signature (path: str, wrapper: Type[~T_UINode_Inst] | None = None) -> ~T_UINode_Inst | ForwardRef('UINode')>
robot.toplogo_widget.seek.txt_title.color: (<gshare.utils.Swallower object at 0x0000025A174952C0>, <gshare.utils.Swallower object at 0x0000025A174952C0>, <gshare.utils.Swallower object at 0x0000025A174952C0>) type=<class 'tuple'>
robot.toplogo_widget.seek.txt_title.opacity: callable <gshare.utils.Swallower object at 0x0000025A174952C0>
robot.toplogo_widget.seek.txt_title.rchild: callable sig=<Signature (name) -> cc.Node>
robot.toplogo_widget.seek.txt_title.rchildex: callable sig=<Signature (path) -> cc.Node>
robot.toplogo_widget.seek.txt_title.rseek: callable sig=<Signature (name) -> cc.Node>
robot.toplogo_widget.seek.txt_title.scale: callable <gshare.utils.Swallower object at 0x0000025A174952C0>
robot.toplogo_widget.seek.txt_title.seek: callable sig=<Signature (name: str, wrapper: Type[~T_UINode_Inst] | Callable[[cc.Node | None], ~T_UINode_Inst] | None = None) -> ~T_UINode_Inst | ForwardRef('UINode')>
robot.toplogo_widget.seek.txt_title.setZoomChildren: callable sig=<Signature (children)>
robot.toplogo_widget.seek.txt_title.visible: callable <gshare.utils.Swallower object at 0x0000025A174952C0>
robot.toplogo_widget.seek.txt_title.widget: callable <gshare.utils.Swallower object at 0x0000025A174952C0>
robot.toplogo_widget.seek.txt_title.zoomChildren: callable sig=<Signature (bzoom)>
robot.toplogo_widget.child('txt_distance') -> <gclient.framework.ui.widgets.ui_node.UINode object(Swallower) at 0x25A1727F770> type=<class 'gclient.framework.ui.widgets.ui_node.UINode'>
robot.toplogo_widget.child.txt_distance: <gclient.framework.ui.widgets.ui_node.UINode object(Swallower) at 0x25A1727F770> type=<class 'gclient.framework.ui.widgets.ui_node.UINode'>
robot.toplogo_widget.child.txt_distance: interesting=['AddChild', 'AttachScratchCardNode', 'CloneWidget', 'DetachScratchCardNode', 'EnablePressScale', 'GetScratchCardNode', 'GetTextureType', 'IsAncestorsVisible', 'IsWorldPosInNodeBound', 'SCRATCH_CARD_IMAGE_NAME', 'SCRATCH_CARD_TOUCH_NAME', 'SetChildrenClippingEnabled', 'SetChildrenClippingType', 'SetNodeHoverImage', 'ShowNodeHoverImage', '_CreateScratchCardSplendorNode', '_SetWidgetSwallowTouches', '_scratch_card_node', '_show_node_hover', 'addChild', 'child', 'childex', 'color', 'opacity', 'rchild', 'rchildex', 'rseek', 'scale', 'seek', 'setZoomChildren', 'visible', 'widget', 'zoomChildren']
robot.toplogo_widget.child.txt_distance.AddChild: callable sig=<Signature (child, zorder=None)>
robot.toplogo_widget.child.txt_distance.AttachScratchCardNode: callable sig=<Signature (texture_width=None, texture_height=None, brush_radius=24, sample_step=None, mask_color=(178, 178, 174, 255), clear_color=(255, 255, 255, 0), flip_y=True, auto_clear_ratio=None, mask_texture=None, mask_texture_is_file=False, auto_clear_callback=None, remove_on_auto_clear=True, layer_zorder=99999, touch_layer_zorder=100000, mask_node_name=None, touch_node_name=None)>
robot.toplogo_widget.child.txt_distance.CloneWidget: callable sig=<Signature (widget, retain=False, ignore_leak_inspect=False)>
robot.toplogo_widget.child.txt_distance.DetachScratchCardNode: callable sig=<Signature ()>
robot.toplogo_widget.child.txt_distance.EnablePressScale: callable sig=<Signature (enable, scale=0.0, origin_scale=1.0)>
robot.toplogo_widget.child.txt_distance.GetScratchCardNode: callable sig=<Signature ()>
robot.toplogo_widget.child.txt_distance.GetTextureType: callable sig=<Signature (resource_name)>
robot.toplogo_widget.child.txt_distance.IsAncestorsVisible: callable sig=<Signature ()>
robot.toplogo_widget.child.txt_distance.IsWorldPosInNodeBound: callable sig=<Signature (x, y)>
robot.toplogo_widget.child.txt_distance.SCRATCH_CARD_IMAGE_NAME: '_scratch_card_image' type=<class 'str'>
robot.toplogo_widget.child.txt_distance.SCRATCH_CARD_TOUCH_NAME: '_scratch_card_touch' type=<class 'str'>
robot.toplogo_widget.child.txt_distance.SetChildrenClippingEnabled: callable sig=<Signature (enabled)>
robot.toplogo_widget.child.txt_distance.SetChildrenClippingType: callable sig=<Signature (clipping_type)>
robot.toplogo_widget.child.txt_distance.SetNodeHoverImage: callable sig=<Signature (image_id, is_scale9=False, scale9_params=None, anchor_point=None, pos=None, contentsize=None, size_offset=None)>
robot.toplogo_widget.child.txt_distance.ShowNodeHoverImage: callable sig=<Signature (visible)>
robot.toplogo_widget.child.txt_distance._CreateScratchCardSplendorNode: callable sig=<Signature (node_name, zorder)>
robot.toplogo_widget.child.txt_distance._SetWidgetSwallowTouches: callable sig=<Signature (widget, enable)>
robot.toplogo_widget.child.txt_distance._scratch_card_node: None type=<class 'NoneType'>
robot.toplogo_widget.child.txt_distance._show_node_hover: callable sig=<Signature (node, visible)>
robot.toplogo_widget.child.txt_distance.addChild: callable sig=<Signature (child, zorder=None)>
robot.toplogo_widget.child.txt_distance.child: callable sig=<Signature (name: str, wrapper: Type[~T_UINode_Inst] | Callable[[cc.Node | None], ~T_UINode_Inst] | None = None) -> ~T_UINode_Inst | ForwardRef('UINode')>
robot.toplogo_widget.child.txt_distance.childex: callable sig=<Signature (path: str, wrapper: Type[~T_UINode_Inst] | None = None) -> ~T_UINode_Inst | ForwardRef('UINode')>
robot.toplogo_widget.child.txt_distance.color: (<gshare.utils.Swallower object at 0x00000259F7540EB0>, <gshare.utils.Swallower object at 0x00000259F7540EB0>, <gshare.utils.Swallower object at 0x00000259F7540EB0>) type=<class 'tuple'>
robot.toplogo_widget.child.txt_distance.opacity: callable <gshare.utils.Swallower object at 0x00000259F7540EB0>
robot.toplogo_widget.child.txt_distance.rchild: callable sig=<Signature (name) -> cc.Node>
robot.toplogo_widget.child.txt_distance.rchildex: callable sig=<Signature (path) -> cc.Node>
robot.toplogo_widget.child.txt_distance.rseek: callable sig=<Signature (name) -> cc.Node>
robot.toplogo_widget.child.txt_distance.scale: callable <gshare.utils.Swallower object at 0x00000259F7540EB0>
robot.toplogo_widget.child.txt_distance.seek: callable sig=<Signature (name: str, wrapper: Type[~T_UINode_Inst] | Callable[[cc.Node | None], ~T_UINode_Inst] | None = None) -> ~T_UINode_Inst | ForwardRef('UINode')>
robot.toplogo_widget.child.txt_distance.setZoomChildren: callable sig=<Signature (children)>
robot.toplogo_widget.child.txt_distance.visible: callable <gshare.utils.Swallower object at 0x00000259F7540EB0>
robot.toplogo_widget.child.txt_distance.widget: callable <gshare.utils.Swallower object at 0x00000259F7540EB0>
robot.toplogo_widget.child.txt_distance.zoomChildren: callable sig=<Signature (bzoom)>
robot.toplogo_widget.child('txt_dist') -> <gclient.framework.ui.widgets.ui_node.UINode object(Swallower) at 0x25A1727F8C0> type=<class 'gclient.framework.ui.widgets.ui_node.UINode'>
robot.toplogo_widget.child.txt_dist: <gclient.framework.ui.widgets.ui_node.UINode object(Swallower) at 0x25A1727F8C0> type=<class 'gclient.framework.ui.widgets.ui_node.UINode'>
robot.toplogo_widget.child.txt_dist: interesting=['AddChild', 'AttachScratchCardNode', 'CloneWidget', 'DetachScratchCardNode', 'EnablePressScale', 'GetScratchCardNode', 'GetTextureType', 'IsAncestorsVisible', 'IsWorldPosInNodeBound', 'SCRATCH_CARD_IMAGE_NAME', 'SCRATCH_CARD_TOUCH_NAME', 'SetChildrenClippingEnabled', 'SetChildrenClippingType', 'SetNodeHoverImage', 'ShowNodeHoverImage', '_CreateScratchCardSplendorNode', '_SetWidgetSwallowTouches', '_scratch_card_node', '_show_node_hover', 'addChild', 'child', 'childex', 'color', 'opacity', 'rchild', 'rchildex', 'rseek', 'scale', 'seek', 'setZoomChildren', 'visible', 'widget', 'zoomChildren']
robot.toplogo_widget.child.txt_dist.AddChild: callable sig=<Signature (child, zorder=None)>
robot.toplogo_widget.child.txt_dist.AttachScratchCardNode: callable sig=<Signature (texture_width=None, texture_height=None, brush_radius=24, sample_step=None, mask_color=(178, 178, 174, 255), clear_color=(255, 255, 255, 0), flip_y=True, auto_clear_ratio=None, mask_texture=None, mask_texture_is_file=False, auto_clear_callback=None, remove_on_auto_clear=True, layer_zorder=99999, touch_layer_zorder=100000, mask_node_name=None, touch_node_name=None)>
robot.toplogo_widget.child.txt_dist.CloneWidget: callable sig=<Signature (widget, retain=False, ignore_leak_inspect=False)>
robot.toplogo_widget.child.txt_dist.DetachScratchCardNode: callable sig=<Signature ()>
robot.toplogo_widget.child.txt_dist.EnablePressScale: callable sig=<Signature (enable, scale=0.0, origin_scale=1.0)>
robot.toplogo_widget.child.txt_dist.GetScratchCardNode: callable sig=<Signature ()>
robot.toplogo_widget.child.txt_dist.GetTextureType: callable sig=<Signature (resource_name)>
robot.toplogo_widget.child.txt_dist.IsAncestorsVisible: callable sig=<Signature ()>
robot.toplogo_widget.child.txt_dist.IsWorldPosInNodeBound: callable sig=<Signature (x, y)>
robot.toplogo_widget.child.txt_dist.SCRATCH_CARD_IMAGE_NAME: '_scratch_card_image' type=<class 'str'>
robot.toplogo_widget.child.txt_dist.SCRATCH_CARD_TOUCH_NAME: '_scratch_card_touch' type=<class 'str'>
robot.toplogo_widget.child.txt_dist.SetChildrenClippingEnabled: callable sig=<Signature (enabled)>
robot.toplogo_widget.child.txt_dist.SetChildrenClippingType: callable sig=<Signature (clipping_type)>
robot.toplogo_widget.child.txt_dist.SetNodeHoverImage: callable sig=<Signature (image_id, is_scale9=False, scale9_params=None, anchor_point=None, pos=None, contentsize=None, size_offset=None)>
robot.toplogo_widget.child.txt_dist.ShowNodeHoverImage: callable sig=<Signature (visible)>
robot.toplogo_widget.child.txt_dist._CreateScratchCardSplendorNode: callable sig=<Signature (node_name, zorder)>
robot.toplogo_widget.child.txt_dist._SetWidgetSwallowTouches: callable sig=<Signature (widget, enable)>
robot.toplogo_widget.child.txt_dist._scratch_card_node: None type=<class 'NoneType'>
robot.toplogo_widget.child.txt_dist._show_node_hover: callable sig=<Signature (node, visible)>
robot.toplogo_widget.child.txt_dist.addChild: callable sig=<Signature (child, zorder=None)>
robot.toplogo_widget.child.txt_dist.child: callable sig=<Signature (name: str, wrapper: Type[~T_UINode_Inst] | Callable[[cc.Node | None], ~T_UINode_Inst] | None = None) -> ~T_UINode_Inst | ForwardRef('UINode')>
robot.toplogo_widget.child.txt_dist.childex: callable sig=<Signature (path: str, wrapper: Type[~T_UINode_Inst] | None = None) -> ~T_UINode_Inst | ForwardRef('UINode')>
robot.toplogo_widget.child.txt_dist.color: (<gshare.utils.Swallower object at 0x0000025A174952C0>, <gshare.utils.Swallower object at 0x0000025A174952C0>, <gshare.utils.Swallower object at 0x0000025A174952C0>) type=<class 'tuple'>
robot.toplogo_widget.child.txt_dist.opacity: callable <gshare.utils.Swallower object at 0x0000025A174952C0>
robot.toplogo_widget.child.txt_dist.rchild: callable sig=<Signature (name) -> cc.Node>
robot.toplogo_widget.child.txt_dist.rchildex: callable sig=<Signature (path) -> cc.Node>
robot.toplogo_widget.child.txt_dist.rseek: callable sig=<Signature (name) -> cc.Node>
robot.toplogo_widget.child.txt_dist.scale: callable <gshare.utils.Swallower object at 0x0000025A174952C0>
robot.toplogo_widget.child.txt_dist.seek: callable sig=<Signature (name: str, wrapper: Type[~T_UINode_Inst] | Callable[[cc.Node | None], ~T_UINode_Inst] | None = None) -> ~T_UINode_Inst | ForwardRef('UINode')>
robot.toplogo_widget.child.txt_dist.setZoomChildren: callable sig=<Signature (children)>
robot.toplogo_widget.child.txt_dist.visible: callable <gshare.utils.Swallower object at 0x0000025A174952C0>
robot.toplogo_widget.child.txt_dist.widget: callable <gshare.utils.Swallower object at 0x0000025A174952C0>
robot.toplogo_widget.child.txt_dist.zoomChildren: callable sig=<Signature (bzoom)>
robot.toplogo_widget.child('txt_dis') -> <gclient.framework.ui.widgets.ui_node.UINode object(Swallower) at 0x25A1727F770> type=<class 'gclient.framework.ui.widgets.ui_node.UINode'>
robot.toplogo_widget.child.txt_dis: <gclient.framework.ui.widgets.ui_node.UINode object(Swallower) at 0x25A1727F770> type=<class 'gclient.framework.ui.widgets.ui_node.UINode'>
robot.toplogo_widget.child.txt_dis: interesting=['AddChild', 'AttachScratchCardNode', 'CloneWidget', 'DetachScratchCardNode', 'EnablePressScale', 'GetScratchCardNode', 'GetTextureType', 'IsAncestorsVisible', 'IsWorldPosInNodeBound', 'SCRATCH_CARD_IMAGE_NAME', 'SCRATCH_CARD_TOUCH_NAME', 'SetChildrenClippingEnabled', 'SetChildrenClippingType', 'SetNodeHoverImage', 'ShowNodeHoverImage', '_CreateScratchCardSplendorNode', '_SetWidgetSwallowTouches', '_scratch_card_node', '_show_node_hover', 'addChild', 'child', 'childex', 'color', 'opacity', 'rchild', 'rchildex', 'rseek', 'scale', 'seek', 'setZoomChildren', 'visible', 'widget', 'zoomChildren']
robot.toplogo_widget.child.txt_dis.AddChild: callable sig=<Signature (child, zorder=None)>
robot.toplogo_widget.child.txt_dis.AttachScratchCardNode: callable sig=<Signature (texture_width=None, texture_height=None, brush_radius=24, sample_step=None, mask_color=(178, 178, 174, 255), clear_color=(255, 255, 255, 0), flip_y=True, auto_clear_ratio=None, mask_texture=None, mask_texture_is_file=False, auto_clear_callback=None, remove_on_auto_clear=True, layer_zorder=99999, touch_layer_zorder=100000, mask_node_name=None, touch_node_name=None)>
robot.toplogo_widget.child.txt_dis.CloneWidget: callable sig=<Signature (widget, retain=False, ignore_leak_inspect=False)>
robot.toplogo_widget.child.txt_dis.DetachScratchCardNode: callable sig=<Signature ()>
robot.toplogo_widget.child.txt_dis.EnablePressScale: callable sig=<Signature (enable, scale=0.0, origin_scale=1.0)>
robot.toplogo_widget.child.txt_dis.GetScratchCardNode: callable sig=<Signature ()>
robot.toplogo_widget.child.txt_dis.GetTextureType: callable sig=<Signature (resource_name)>
robot.toplogo_widget.child.txt_dis.IsAncestorsVisible: callable sig=<Signature ()>
robot.toplogo_widget.child.txt_dis.IsWorldPosInNodeBound: callable sig=<Signature (x, y)>
robot.toplogo_widget.child.txt_dis.SCRATCH_CARD_IMAGE_NAME: '_scratch_card_image' type=<class 'str'>
robot.toplogo_widget.child.txt_dis.SCRATCH_CARD_TOUCH_NAME: '_scratch_card_touch' type=<class 'str'>
robot.toplogo_widget.child.txt_dis.SetChildrenClippingEnabled: callable sig=<Signature (enabled)>
robot.toplogo_widget.child.txt_dis.SetChildrenClippingType: callable sig=<Signature (clipping_type)>
robot.toplogo_widget.child.txt_dis.SetNodeHoverImage: callable sig=<Signature (image_id, is_scale9=False, scale9_params=None, anchor_point=None, pos=None, contentsize=None, size_offset=None)>
robot.toplogo_widget.child.txt_dis.ShowNodeHoverImage: callable sig=<Signature (visible)>
robot.toplogo_widget.child.txt_dis._CreateScratchCardSplendorNode: callable sig=<Signature (node_name, zorder)>
robot.toplogo_widget.child.txt_dis._SetWidgetSwallowTouches: callable sig=<Signature (widget, enable)>
robot.toplogo_widget.child.txt_dis._scratch_card_node: None type=<class 'NoneType'>
robot.toplogo_widget.child.txt_dis._show_node_hover: callable sig=<Signature (node, visible)>
robot.toplogo_widget.child.txt_dis.addChild: callable sig=<Signature (child, zorder=None)>
robot.toplogo_widget.child.txt_dis.child: callable sig=<Signature (name: str, wrapper: Type[~T_UINode_Inst] | Callable[[cc.Node | None], ~T_UINode_Inst] | None = None) -> ~T_UINode_Inst | ForwardRef('UINode')>
robot.toplogo_widget.child.txt_dis.childex: callable sig=<Signature (path: str, wrapper: Type[~T_UINode_Inst] | None = None) -> ~T_UINode_Inst | ForwardRef('UINode')>
robot.toplogo_widget.child.txt_dis.color: (<gshare.utils.Swallower object at 0x00000259F7540EB0>, <gshare.utils.Swallower object at 0x00000259F7540EB0>, <gshare.utils.Swallower object at 0x00000259F7540EB0>) type=<class 'tuple'>
robot.toplogo_widget.child.txt_dis.opacity: callable <gshare.utils.Swallower object at 0x00000259F7540EB0>
robot.toplogo_widget.child.txt_dis.rchild: callable sig=<Signature (name) -> cc.Node>
robot.toplogo_widget.child.txt_dis.rchildex: callable sig=<Signature (path) -> cc.Node>
robot.toplogo_widget.child.txt_dis.rseek: callable sig=<Signature (name) -> cc.Node>
robot.toplogo_widget.child.txt_dis.scale: callable <gshare.utils.Swallower object at 0x00000259F7540EB0>
robot.toplogo_widget.child.txt_dis.seek: callable sig=<Signature (name: str, wrapper: Type[~T_UINode_Inst] | Callable[[cc.Node | None], ~T_UINode_Inst] | None = None) -> ~T_UINode_Inst | ForwardRef('UINode')>
robot.toplogo_widget.child.txt_dis.setZoomChildren: callable sig=<Signature (children)>
robot.toplogo_widget.child.txt_dis.visible: callable <gshare.utils.Swallower object at 0x00000259F7540EB0>
robot.toplogo_widget.child.txt_dis.widget: callable <gshare.utils.Swallower object at 0x00000259F7540EB0>
robot.toplogo_widget.child.txt_dis.zoomChildren: callable sig=<Signature (bzoom)>
robot.toplogo_widget.child('txtDistance') -> <gclient.framework.ui.widgets.ui_node.UINode object(Swallower) at 0x25A1727F8C0> type=<class 'gclient.framework.ui.widgets.ui_node.UINode'>
robot.toplogo_widget.child.txtDistance: <gclient.framework.ui.widgets.ui_node.UINode object(Swallower) at 0x25A1727F8C0> type=<class 'gclient.framework.ui.widgets.ui_node.UINode'>
robot.toplogo_widget.child.txtDistance: interesting=['AddChild', 'AttachScratchCardNode', 'CloneWidget', 'DetachScratchCardNode', 'EnablePressScale', 'GetScratchCardNode', 'GetTextureType', 'IsAncestorsVisible', 'IsWorldPosInNodeBound', 'SCRATCH_CARD_IMAGE_NAME', 'SCRATCH_CARD_TOUCH_NAME', 'SetChildrenClippingEnabled', 'SetChildrenClippingType', 'SetNodeHoverImage', 'ShowNodeHoverImage', '_CreateScratchCardSplendorNode', '_SetWidgetSwallowTouches', '_scratch_card_node', '_show_node_hover', 'addChild', 'child', 'childex', 'color', 'opacity', 'rchild', 'rchildex', 'rseek', 'scale', 'seek', 'setZoomChildren', 'visible', 'widget', 'zoomChildren']
robot.toplogo_widget.child.txtDistance.AddChild: callable sig=<Signature (child, zorder=None)>
robot.toplogo_widget.child.txtDistance.AttachScratchCardNode: callable sig=<Signature (texture_width=None, texture_height=None, brush_radius=24, sample_step=None, mask_color=(178, 178, 174, 255), clear_color=(255, 255, 255, 0), flip_y=True, auto_clear_ratio=None, mask_texture=None, mask_texture_is_file=False, auto_clear_callback=None, remove_on_auto_clear=True, layer_zorder=99999, touch_layer_zorder=100000, mask_node_name=None, touch_node_name=None)>
robot.toplogo_widget.child.txtDistance.CloneWidget: callable sig=<Signature (widget, retain=False, ignore_leak_inspect=False)>
robot.toplogo_widget.child.txtDistance.DetachScratchCardNode: callable sig=<Signature ()>
robot.toplogo_widget.child.txtDistance.EnablePressScale: callable sig=<Signature (enable, scale=0.0, origin_scale=1.0)>
robot.toplogo_widget.child.txtDistance.GetScratchCardNode: callable sig=<Signature ()>
robot.toplogo_widget.child.txtDistance.GetTextureType: callable sig=<Signature (resource_name)>
robot.toplogo_widget.child.txtDistance.IsAncestorsVisible: callable sig=<Signature ()>
robot.toplogo_widget.child.txtDistance.IsWorldPosInNodeBound: callable sig=<Signature (x, y)>
robot.toplogo_widget.child.txtDistance.SCRATCH_CARD_IMAGE_NAME: '_scratch_card_image' type=<class 'str'>
robot.toplogo_widget.child.txtDistance.SCRATCH_CARD_TOUCH_NAME: '_scratch_card_touch' type=<class 'str'>
robot.toplogo_widget.child.txtDistance.SetChildrenClippingEnabled: callable sig=<Signature (enabled)>
robot.toplogo_widget.child.txtDistance.SetChildrenClippingType: callable sig=<Signature (clipping_type)>
robot.toplogo_widget.child.txtDistance.SetNodeHoverImage: callable sig=<Signature (image_id, is_scale9=False, scale9_params=None, anchor_point=None, pos=None, contentsize=None, size_offset=None)>
robot.toplogo_widget.child.txtDistance.ShowNodeHoverImage: callable sig=<Signature (visible)>
robot.toplogo_widget.child.txtDistance._CreateScratchCardSplendorNode: callable sig=<Signature (node_name, zorder)>
robot.toplogo_widget.child.txtDistance._SetWidgetSwallowTouches: callable sig=<Signature (widget, enable)>
robot.toplogo_widget.child.txtDistance._scratch_card_node: None type=<class 'NoneType'>
robot.toplogo_widget.child.txtDistance._show_node_hover: callable sig=<Signature (node, visible)>
robot.toplogo_widget.child.txtDistance.addChild: callable sig=<Signature (child, zorder=None)>
robot.toplogo_widget.child.txtDistance.child: callable sig=<Signature (name: str, wrapper: Type[~T_UINode_Inst] | Callable[[cc.Node | None], ~T_UINode_Inst] | None = None) -> ~T_UINode_Inst | ForwardRef('UINode')>
robot.toplogo_widget.child.txtDistance.childex: callable sig=<Signature (path: str, wrapper: Type[~T_UINode_Inst] | None = None) -> ~T_UINode_Inst | ForwardRef('UINode')>
robot.toplogo_widget.child.txtDistance.color: (<gshare.utils.Swallower object at 0x0000025A174952C0>, <gshare.utils.Swallower object at 0x0000025A174952C0>, <gshare.utils.Swallower object at 0x0000025A174952C0>) type=<class 'tuple'>
robot.toplogo_widget.child.txtDistance.opacity: callable <gshare.utils.Swallower object at 0x0000025A174952C0>
robot.toplogo_widget.child.txtDistance.rchild: callable sig=<Signature (name) -> cc.Node>
robot.toplogo_widget.child.txtDistance.rchildex: callable sig=<Signature (path) -> cc.Node>
robot.toplogo_widget.child.txtDistance.rseek: callable sig=<Signature (name) -> cc.Node>
robot.toplogo_widget.child.txtDistance.scale: callable <gshare.utils.Swallower object at 0x0000025A174952C0>
robot.toplogo_widget.child.txtDistance.seek: callable sig=<Signature (name: str, wrapper: Type[~T_UINode_Inst] | Callable[[cc.Node | None], ~T_UINode_Inst] | None = None) -> ~T_UINode_Inst | ForwardRef('UINode')>
robot.toplogo_widget.child.txtDistance.setZoomChildren: callable sig=<Signature (children)>
robot.toplogo_widget.child.txtDistance.visible: callable <gshare.utils.Swallower object at 0x0000025A174952C0>
robot.toplogo_widget.child.txtDistance.widget: callable <gshare.utils.Swallower object at 0x0000025A174952C0>
robot.toplogo_widget.child.txtDistance.zoomChildren: callable sig=<Signature (bzoom)>
robot.toplogo_widget.child('Text_Distance') -> <gclient.framework.ui.widgets.ui_node.UINode object(Swallower) at 0x25A1727F770> type=<class 'gclient.framework.ui.widgets.ui_node.UINode'>
robot.toplogo_widget.child.Text_Distance: <gclient.framework.ui.widgets.ui_node.UINode object(Swallower) at 0x25A1727F770> type=<class 'gclient.framework.ui.widgets.ui_node.UINode'>
robot.toplogo_widget.child.Text_Distance: interesting=['AddChild', 'AttachScratchCardNode', 'CloneWidget', 'DetachScratchCardNode', 'EnablePressScale', 'GetScratchCardNode', 'GetTextureType', 'IsAncestorsVisible', 'IsWorldPosInNodeBound', 'SCRATCH_CARD_IMAGE_NAME', 'SCRATCH_CARD_TOUCH_NAME', 'SetChildrenClippingEnabled', 'SetChildrenClippingType', 'SetNodeHoverImage', 'ShowNodeHoverImage', '_CreateScratchCardSplendorNode', '_SetWidgetSwallowTouches', '_scratch_card_node', '_show_node_hover', 'addChild', 'child', 'childex', 'color', 'opacity', 'rchild', 'rchildex', 'rseek', 'scale', 'seek', 'setZoomChildren', 'visible', 'widget', 'zoomChildren']
robot.toplogo_widget.child.Text_Distance.AddChild: callable sig=<Signature (child, zorder=None)>
robot.toplogo_widget.child.Text_Distance.AttachScratchCardNode: callable sig=<Signature (texture_width=None, texture_height=None, brush_radius=24, sample_step=None, mask_color=(178, 178, 174, 255), clear_color=(255, 255, 255, 0), flip_y=True, auto_clear_ratio=None, mask_texture=None, mask_texture_is_file=False, auto_clear_callback=None, remove_on_auto_clear=True, layer_zorder=99999, touch_layer_zorder=100000, mask_node_name=None, touch_node_name=None)>
robot.toplogo_widget.child.Text_Distance.CloneWidget: callable sig=<Signature (widget, retain=False, ignore_leak_inspect=False)>
robot.toplogo_widget.child.Text_Distance.DetachScratchCardNode: callable sig=<Signature ()>
robot.toplogo_widget.child.Text_Distance.EnablePressScale: callable sig=<Signature (enable, scale=0.0, origin_scale=1.0)>
robot.toplogo_widget.child.Text_Distance.GetScratchCardNode: callable sig=<Signature ()>
robot.toplogo_widget.child.Text_Distance.GetTextureType: callable sig=<Signature (resource_name)>
robot.toplogo_widget.child.Text_Distance.IsAncestorsVisible: callable sig=<Signature ()>
robot.toplogo_widget.child.Text_Distance.IsWorldPosInNodeBound: callable sig=<Signature (x, y)>
robot.toplogo_widget.child.Text_Distance.SCRATCH_CARD_IMAGE_NAME: '_scratch_card_image' type=<class 'str'>
robot.toplogo_widget.child.Text_Distance.SCRATCH_CARD_TOUCH_NAME: '_scratch_card_touch' type=<class 'str'>
robot.toplogo_widget.child.Text_Distance.SetChildrenClippingEnabled: callable sig=<Signature (enabled)>
robot.toplogo_widget.child.Text_Distance.SetChildrenClippingType: callable sig=<Signature (clipping_type)>
robot.toplogo_widget.child.Text_Distance.SetNodeHoverImage: callable sig=<Signature (image_id, is_scale9=False, scale9_params=None, anchor_point=None, pos=None, contentsize=None, size_offset=None)>
robot.toplogo_widget.child.Text_Distance.ShowNodeHoverImage: callable sig=<Signature (visible)>
robot.toplogo_widget.child.Text_Distance._CreateScratchCardSplendorNode: callable sig=<Signature (node_name, zorder)>
robot.toplogo_widget.child.Text_Distance._SetWidgetSwallowTouches: callable sig=<Signature (widget, enable)>
robot.toplogo_widget.child.Text_Distance._scratch_card_node: None type=<class 'NoneType'>
robot.toplogo_widget.child.Text_Distance._show_node_hover: callable sig=<Signature (node, visible)>
robot.toplogo_widget.child.Text_Distance.addChild: callable sig=<Signature (child, zorder=None)>
robot.toplogo_widget.child.Text_Distance.child: callable sig=<Signature (name: str, wrapper: Type[~T_UINode_Inst] | Callable[[cc.Node | None], ~T_UINode_Inst] | None = None) -> ~T_UINode_Inst | ForwardRef('UINode')>
robot.toplogo_widget.child.Text_Distance.childex: callable sig=<Signature (path: str, wrapper: Type[~T_UINode_Inst] | None = None) -> ~T_UINode_Inst | ForwardRef('UINode')>
robot.toplogo_widget.child.Text_Distance.color: (<gshare.utils.Swallower object at 0x00000259F7540EB0>, <gshare.utils.Swallower object at 0x00000259F7540EB0>, <gshare.utils.Swallower object at 0x00000259F7540EB0>) type=<class 'tuple'>
robot.toplogo_widget.child.Text_Distance.opacity: callable <gshare.utils.Swallower object at 0x00000259F7540EB0>
robot.toplogo_widget.child.Text_Distance.rchild: callable sig=<Signature (name) -> cc.Node>
robot.toplogo_widget.child.Text_Distance.rchildex: callable sig=<Signature (path) -> cc.Node>
robot.toplogo_widget.child.Text_Distance.rseek: callable sig=<Signature (name) -> cc.Node>
robot.toplogo_widget.child.Text_Distance.scale: callable <gshare.utils.Swallower object at 0x00000259F7540EB0>
robot.toplogo_widget.child.Text_Distance.seek: callable sig=<Signature (name: str, wrapper: Type[~T_UINode_Inst] | Callable[[cc.Node | None], ~T_UINode_Inst] | None = None) -> ~T_UINode_Inst | ForwardRef('UINode')>
robot.toplogo_widget.child.Text_Distance.setZoomChildren: callable sig=<Signature (children)>
robot.toplogo_widget.child.Text_Distance.visible: callable <gshare.utils.Swallower object at 0x00000259F7540EB0>
robot.toplogo_widget.child.Text_Distance.widget: callable <gshare.utils.Swallower object at 0x00000259F7540EB0>
robot.toplogo_widget.child.Text_Distance.zoomChildren: callable sig=<Signature (bzoom)>
robot.toplogo_widget.child('text_distance') -> <gclient.framework.ui.widgets.ui_node.UINode object(Swallower) at 0x25A1727F8C0> type=<class 'gclient.framework.ui.widgets.ui_node.UINode'>
robot.toplogo_widget.child.text_distance: <gclient.framework.ui.widgets.ui_node.UINode object(Swallower) at 0x25A1727F8C0> type=<class 'gclient.framework.ui.widgets.ui_node.UINode'>
robot.toplogo_widget.child.text_distance: interesting=['AddChild', 'AttachScratchCardNode', 'CloneWidget', 'DetachScratchCardNode', 'EnablePressScale', 'GetScratchCardNode', 'GetTextureType', 'IsAncestorsVisible', 'IsWorldPosInNodeBound', 'SCRATCH_CARD_IMAGE_NAME', 'SCRATCH_CARD_TOUCH_NAME', 'SetChildrenClippingEnabled', 'SetChildrenClippingType', 'SetNodeHoverImage', 'ShowNodeHoverImage', '_CreateScratchCardSplendorNode', '_SetWidgetSwallowTouches', '_scratch_card_node', '_show_node_hover', 'addChild', 'child', 'childex', 'color', 'opacity', 'rchild', 'rchildex', 'rseek', 'scale', 'seek', 'setZoomChildren', 'visible', 'widget', 'zoomChildren']
robot.toplogo_widget.child.text_distance.AddChild: callable sig=<Signature (child, zorder=None)>
robot.toplogo_widget.child.text_distance.AttachScratchCardNode: callable sig=<Signature (texture_width=None, texture_height=None, brush_radius=24, sample_step=None, mask_color=(178, 178, 174, 255), clear_color=(255, 255, 255, 0), flip_y=True, auto_clear_ratio=None, mask_texture=None, mask_texture_is_file=False, auto_clear_callback=None, remove_on_auto_clear=True, layer_zorder=99999, touch_layer_zorder=100000, mask_node_name=None, touch_node_name=None)>
robot.toplogo_widget.child.text_distance.CloneWidget: callable sig=<Signature (widget, retain=False, ignore_leak_inspect=False)>
robot.toplogo_widget.child.text_distance.DetachScratchCardNode: callable sig=<Signature ()>
robot.toplogo_widget.child.text_distance.EnablePressScale: callable sig=<Signature (enable, scale=0.0, origin_scale=1.0)>
robot.toplogo_widget.child.text_distance.GetScratchCardNode: callable sig=<Signature ()>
robot.toplogo_widget.child.text_distance.GetTextureType: callable sig=<Signature (resource_name)>
robot.toplogo_widget.child.text_distance.IsAncestorsVisible: callable sig=<Signature ()>
robot.toplogo_widget.child.text_distance.IsWorldPosInNodeBound: callable sig=<Signature (x, y)>
robot.toplogo_widget.child.text_distance.SCRATCH_CARD_IMAGE_NAME: '_scratch_card_image' type=<class 'str'>
robot.toplogo_widget.child.text_distance.SCRATCH_CARD_TOUCH_NAME: '_scratch_card_touch' type=<class 'str'>
robot.toplogo_widget.child.text_distance.SetChildrenClippingEnabled: callable sig=<Signature (enabled)>
robot.toplogo_widget.child.text_distance.SetChildrenClippingType: callable sig=<Signature (clipping_type)>
robot.toplogo_widget.child.text_distance.SetNodeHoverImage: callable sig=<Signature (image_id, is_scale9=False, scale9_params=None, anchor_point=None, pos=None, contentsize=None, size_offset=None)>
robot.toplogo_widget.child.text_distance.ShowNodeHoverImage: callable sig=<Signature (visible)>
robot.toplogo_widget.child.text_distance._CreateScratchCardSplendorNode: callable sig=<Signature (node_name, zorder)>
robot.toplogo_widget.child.text_distance._SetWidgetSwallowTouches: callable sig=<Signature (widget, enable)>
robot.toplogo_widget.child.text_distance._scratch_card_node: None type=<class 'NoneType'>
robot.toplogo_widget.child.text_distance._show_node_hover: callable sig=<Signature (node, visible)>
robot.toplogo_widget.child.text_distance.addChild: callable sig=<Signature (child, zorder=None)>
robot.toplogo_widget.child.text_distance.child: callable sig=<Signature (name: str, wrapper: Type[~T_UINode_Inst] | Callable[[cc.Node | None], ~T_UINode_Inst] | None = None) -> ~T_UINode_Inst | ForwardRef('UINode')>
robot.toplogo_widget.child.text_distance.childex: callable sig=<Signature (path: str, wrapper: Type[~T_UINode_Inst] | None = None) -> ~T_UINode_Inst | ForwardRef('UINode')>
robot.toplogo_widget.child.text_distance.color: (<gshare.utils.Swallower object at 0x00000259F74D0E60>, <gshare.utils.Swallower object at 0x00000259F74D0E60>, <gshare.utils.Swallower object at 0x00000259F74D0E60>) type=<class 'tuple'>
robot.toplogo_widget.child.text_distance.opacity: callable <gshare.utils.Swallower object at 0x00000259F74D0E60>
robot.toplogo_widget.child.text_distance.rchild: callable sig=<Signature (name) -> cc.Node>
robot.toplogo_widget.child.text_distance.rchildex: callable sig=<Signature (path) -> cc.Node>
robot.toplogo_widget.child.text_distance.rseek: callable sig=<Signature (name) -> cc.Node>
robot.toplogo_widget.child.text_distance.scale: callable <gshare.utils.Swallower object at 0x00000259F74D0E60>
robot.toplogo_widget.child.text_distance.seek: callable sig=<Signature (name: str, wrapper: Type[~T_UINode_Inst] | Callable[[cc.Node | None], ~T_UINode_Inst] | None = None) -> ~T_UINode_Inst | ForwardRef('UINode')>
robot.toplogo_widget.child.text_distance.setZoomChildren: callable sig=<Signature (children)>
robot.toplogo_widget.child.text_distance.visible: callable <gshare.utils.Swallower object at 0x00000259F74D0E60>
robot.toplogo_widget.child.text_distance.widget: callable <gshare.utils.Swallower object at 0x00000259F74D0E60>
robot.toplogo_widget.child.text_distance.zoomChildren: callable sig=<Signature (bzoom)>
robot.toplogo_widget.child('distance') -> <gclient.framework.ui.widgets.ui_node.UINode object(Swallower) at 0x25A1727F770> type=<class 'gclient.framework.ui.widgets.ui_node.UINode'>
robot.toplogo_widget.child.distance: <gclient.framework.ui.widgets.ui_node.UINode object(Swallower) at 0x25A1727F770> type=<class 'gclient.framework.ui.widgets.ui_node.UINode'>
robot.toplogo_widget.child.distance: interesting=['AddChild', 'AttachScratchCardNode', 'CloneWidget', 'DetachScratchCardNode', 'EnablePressScale', 'GetScratchCardNode', 'GetTextureType', 'IsAncestorsVisible', 'IsWorldPosInNodeBound', 'SCRATCH_CARD_IMAGE_NAME', 'SCRATCH_CARD_TOUCH_NAME', 'SetChildrenClippingEnabled', 'SetChildrenClippingType', 'SetNodeHoverImage', 'ShowNodeHoverImage', '_CreateScratchCardSplendorNode', '_SetWidgetSwallowTouches', '_scratch_card_node', '_show_node_hover', 'addChild', 'child', 'childex', 'color', 'opacity', 'rchild', 'rchildex', 'rseek', 'scale', 'seek', 'setZoomChildren', 'visible', 'widget', 'zoomChildren']
robot.toplogo_widget.child.distance.AddChild: callable sig=<Signature (child, zorder=None)>
robot.toplogo_widget.child.distance.AttachScratchCardNode: callable sig=<Signature (texture_width=None, texture_height=None, brush_radius=24, sample_step=None, mask_color=(178, 178, 174, 255), clear_color=(255, 255, 255, 0), flip_y=True, auto_clear_ratio=None, mask_texture=None, mask_texture_is_file=False, auto_clear_callback=None, remove_on_auto_clear=True, layer_zorder=99999, touch_layer_zorder=100000, mask_node_name=None, touch_node_name=None)>
robot.toplogo_widget.child.distance.CloneWidget: callable sig=<Signature (widget, retain=False, ignore_leak_inspect=False)>
robot.toplogo_widget.child.distance.DetachScratchCardNode: callable sig=<Signature ()>
robot.toplogo_widget.child.distance.EnablePressScale: callable sig=<Signature (enable, scale=0.0, origin_scale=1.0)>
robot.toplogo_widget.child.distance.GetScratchCardNode: callable sig=<Signature ()>
robot.toplogo_widget.child.distance.GetTextureType: callable sig=<Signature (resource_name)>
robot.toplogo_widget.child.distance.IsAncestorsVisible: callable sig=<Signature ()>
robot.toplogo_widget.child.distance.IsWorldPosInNodeBound: callable sig=<Signature (x, y)>
robot.toplogo_widget.child.distance.SCRATCH_CARD_IMAGE_NAME: '_scratch_card_image' type=<class 'str'>
robot.toplogo_widget.child.distance.SCRATCH_CARD_TOUCH_NAME: '_scratch_card_touch' type=<class 'str'>
robot.toplogo_widget.child.distance.SetChildrenClippingEnabled: callable sig=<Signature (enabled)>
robot.toplogo_widget.child.distance.SetChildrenClippingType: callable sig=<Signature (clipping_type)>
robot.toplogo_widget.child.distance.SetNodeHoverImage: callable sig=<Signature (image_id, is_scale9=False, scale9_params=None, anchor_point=None, pos=None, contentsize=None, size_offset=None)>
robot.toplogo_widget.child.distance.ShowNodeHoverImage: callable sig=<Signature (visible)>
robot.toplogo_widget.child.distance._CreateScratchCardSplendorNode: callable sig=<Signature (node_name, zorder)>
robot.toplogo_widget.child.distance._SetWidgetSwallowTouches: callable sig=<Signature (widget, enable)>
robot.toplogo_widget.child.distance._scratch_card_node: None type=<class 'NoneType'>
robot.toplogo_widget.child.distance._show_node_hover: callable sig=<Signature (node, visible)>
robot.toplogo_widget.child.distance.addChild: callable sig=<Signature (child, zorder=None)>
robot.toplogo_widget.child.distance.child: callable sig=<Signature (name: str, wrapper: Type[~T_UINode_Inst] | Callable[[cc.Node | None], ~T_UINode_Inst] | None = None) -> ~T_UINode_Inst | ForwardRef('UINode')>
robot.toplogo_widget.child.distance.childex: callable sig=<Signature (path: str, wrapper: Type[~T_UINode_Inst] | None = None) -> ~T_UINode_Inst | ForwardRef('UINode')>
robot.toplogo_widget.child.distance.color: (<gshare.utils.Swallower object at 0x00000259D7E49180>, <gshare.utils.Swallower object at 0x00000259D7E49180>, <gshare.utils.Swallower object at 0x00000259D7E49180>) type=<class 'tuple'>
robot.toplogo_widget.child.distance.opacity: callable <gshare.utils.Swallower object at 0x00000259D7E49180>
robot.toplogo_widget.child.distance.rchild: callable sig=<Signature (name) -> cc.Node>
robot.toplogo_widget.child.distance.rchildex: callable sig=<Signature (path) -> cc.Node>
robot.toplogo_widget.child.distance.rseek: callable sig=<Signature (name) -> cc.Node>
robot.toplogo_widget.child.distance.scale: callable <gshare.utils.Swallower object at 0x00000259D7E49180>
robot.toplogo_widget.child.distance.seek: callable sig=<Signature (name: str, wrapper: Type[~T_UINode_Inst] | Callable[[cc.Node | None], ~T_UINode_Inst] | None = None) -> ~T_UINode_Inst | ForwardRef('UINode')>
robot.toplogo_widget.child.distance.setZoomChildren: callable sig=<Signature (children)>
robot.toplogo_widget.child.distance.visible: callable <gshare.utils.Swallower object at 0x00000259D7E49180>
robot.toplogo_widget.child.distance.widget: callable <gshare.utils.Swallower object at 0x00000259D7E49180>
robot.toplogo_widget.child.distance.zoomChildren: callable sig=<Signature (bzoom)>
robot.toplogo_widget.child('dist') -> <gclient.framework.ui.widgets.ui_node.UINode object(Swallower) at 0x25A1727F8C0> type=<class 'gclient.framework.ui.widgets.ui_node.UINode'>
robot.toplogo_widget.child.dist: <gclient.framework.ui.widgets.ui_node.UINode object(Swallower) at 0x25A1727F8C0> type=<class 'gclient.framework.ui.widgets.ui_node.UINode'>
robot.toplogo_widget.child.dist: interesting=['AddChild', 'AttachScratchCardNode', 'CloneWidget', 'DetachScratchCardNode', 'EnablePressScale', 'GetScratchCardNode', 'GetTextureType', 'IsAncestorsVisible', 'IsWorldPosInNodeBound', 'SCRATCH_CARD_IMAGE_NAME', 'SCRATCH_CARD_TOUCH_NAME', 'SetChildrenClippingEnabled', 'SetChildrenClippingType', 'SetNodeHoverImage', 'ShowNodeHoverImage', '_CreateScratchCardSplendorNode', '_SetWidgetSwallowTouches', '_scratch_card_node', '_show_node_hover', 'addChild', 'child', 'childex', 'color', 'opacity', 'rchild', 'rchildex', 'rseek', 'scale', 'seek', 'setZoomChildren', 'visible', 'widget', 'zoomChildren']
robot.toplogo_widget.child.dist.AddChild: callable sig=<Signature (child, zorder=None)>
robot.toplogo_widget.child.dist.AttachScratchCardNode: callable sig=<Signature (texture_width=None, texture_height=None, brush_radius=24, sample_step=None, mask_color=(178, 178, 174, 255), clear_color=(255, 255, 255, 0), flip_y=True, auto_clear_ratio=None, mask_texture=None, mask_texture_is_file=False, auto_clear_callback=None, remove_on_auto_clear=True, layer_zorder=99999, touch_layer_zorder=100000, mask_node_name=None, touch_node_name=None)>
robot.toplogo_widget.child.dist.CloneWidget: callable sig=<Signature (widget, retain=False, ignore_leak_inspect=False)>
robot.toplogo_widget.child.dist.DetachScratchCardNode: callable sig=<Signature ()>
robot.toplogo_widget.child.dist.EnablePressScale: callable sig=<Signature (enable, scale=0.0, origin_scale=1.0)>
robot.toplogo_widget.child.dist.GetScratchCardNode: callable sig=<Signature ()>
robot.toplogo_widget.child.dist.GetTextureType: callable sig=<Signature (resource_name)>
robot.toplogo_widget.child.dist.IsAncestorsVisible: callable sig=<Signature ()>
robot.toplogo_widget.child.dist.IsWorldPosInNodeBound: callable sig=<Signature (x, y)>
robot.toplogo_widget.child.dist.SCRATCH_CARD_IMAGE_NAME: '_scratch_card_image' type=<class 'str'>
robot.toplogo_widget.child.dist.SCRATCH_CARD_TOUCH_NAME: '_scratch_card_touch' type=<class 'str'>
robot.toplogo_widget.child.dist.SetChildrenClippingEnabled: callable sig=<Signature (enabled)>
robot.toplogo_widget.child.dist.SetChildrenClippingType: callable sig=<Signature (clipping_type)>
robot.toplogo_widget.child.dist.SetNodeHoverImage: callable sig=<Signature (image_id, is_scale9=False, scale9_params=None, anchor_point=None, pos=None, contentsize=None, size_offset=None)>
robot.toplogo_widget.child.dist.ShowNodeHoverImage: callable sig=<Signature (visible)>
robot.toplogo_widget.child.dist._CreateScratchCardSplendorNode: callable sig=<Signature (node_name, zorder)>
robot.toplogo_widget.child.dist._SetWidgetSwallowTouches: callable sig=<Signature (widget, enable)>
robot.toplogo_widget.child.dist._scratch_card_node: None type=<class 'NoneType'>
robot.toplogo_widget.child.dist._show_node_hover: callable sig=<Signature (node, visible)>
robot.toplogo_widget.child.dist.addChild: callable sig=<Signature (child, zorder=None)>
robot.toplogo_widget.child.dist.child: callable sig=<Signature (name: str, wrapper: Type[~T_UINode_Inst] | Callable[[cc.Node | None], ~T_UINode_Inst] | None = None) -> ~T_UINode_Inst | ForwardRef('UINode')>
robot.toplogo_widget.child.dist.childex: callable sig=<Signature (path: str, wrapper: Type[~T_UINode_Inst] | None = None) -> ~T_UINode_Inst | ForwardRef('UINode')>
robot.toplogo_widget.child.dist.color: (<gshare.utils.Swallower object at 0x00000259F74D0E60>, <gshare.utils.Swallower object at 0x00000259F74D0E60>, <gshare.utils.Swallower object at 0x00000259F74D0E60>) type=<class 'tuple'>
robot.toplogo_widget.child.dist.opacity: callable <gshare.utils.Swallower object at 0x00000259F74D0E60>
robot.toplogo_widget.child.dist.rchild: callable sig=<Signature (name) -> cc.Node>
robot.toplogo_widget.child.dist.rchildex: callable sig=<Signature (path) -> cc.Node>
robot.toplogo_widget.child.dist.rseek: callable sig=<Signature (name) -> cc.Node>
robot.toplogo_widget.child.dist.scale: callable <gshare.utils.Swallower object at 0x00000259F74D0E60>
robot.toplogo_widget.child.dist.seek: callable sig=<Signature (name: str, wrapper: Type[~T_UINode_Inst] | Callable[[cc.Node | None], ~T_UINode_Inst] | None = None) -> ~T_UINode_Inst | ForwardRef('UINode')>
robot.toplogo_widget.child.dist.setZoomChildren: callable sig=<Signature (children)>
robot.toplogo_widget.child.dist.visible: callable <gshare.utils.Swallower object at 0x00000259F74D0E60>
robot.toplogo_widget.child.dist.widget: callable <gshare.utils.Swallower object at 0x00000259F74D0E60>
robot.toplogo_widget.child.dist.zoomChildren: callable sig=<Signature (bzoom)>
robot.toplogo_widget.child('txt_name') -> <gclient.framework.ui.widgets.ui_node.UINode object(Swallower) at 0x25A1727F770> type=<class 'gclient.framework.ui.widgets.ui_node.UINode'>
robot.toplogo_widget.child.txt_name: <gclient.framework.ui.widgets.ui_node.UINode object(Swallower) at 0x25A1727F770> type=<class 'gclient.framework.ui.widgets.ui_node.UINode'>
robot.toplogo_widget.child.txt_name: interesting=['AddChild', 'AttachScratchCardNode', 'CloneWidget', 'DetachScratchCardNode', 'EnablePressScale', 'GetScratchCardNode', 'GetTextureType', 'IsAncestorsVisible', 'IsWorldPosInNodeBound', 'SCRATCH_CARD_IMAGE_NAME', 'SCRATCH_CARD_TOUCH_NAME', 'SetChildrenClippingEnabled', 'SetChildrenClippingType', 'SetNodeHoverImage', 'ShowNodeHoverImage', '_CreateScratchCardSplendorNode', '_SetWidgetSwallowTouches', '_scratch_card_node', '_show_node_hover', 'addChild', 'child', 'childex', 'color', 'opacity', 'rchild', 'rchildex', 'rseek', 'scale', 'seek', 'setZoomChildren', 'visible', 'widget', 'zoomChildren']
robot.toplogo_widget.child.txt_name.AddChild: callable sig=<Signature (child, zorder=None)>
robot.toplogo_widget.child.txt_name.AttachScratchCardNode: callable sig=<Signature (texture_width=None, texture_height=None, brush_radius=24, sample_step=None, mask_color=(178, 178, 174, 255), clear_color=(255, 255, 255, 0), flip_y=True, auto_clear_ratio=None, mask_texture=None, mask_texture_is_file=False, auto_clear_callback=None, remove_on_auto_clear=True, layer_zorder=99999, touch_layer_zorder=100000, mask_node_name=None, touch_node_name=None)>
robot.toplogo_widget.child.txt_name.CloneWidget: callable sig=<Signature (widget, retain=False, ignore_leak_inspect=False)>
robot.toplogo_widget.child.txt_name.DetachScratchCardNode: callable sig=<Signature ()>
robot.toplogo_widget.child.txt_name.EnablePressScale: callable sig=<Signature (enable, scale=0.0, origin_scale=1.0)>
robot.toplogo_widget.child.txt_name.GetScratchCardNode: callable sig=<Signature ()>
robot.toplogo_widget.child.txt_name.GetTextureType: callable sig=<Signature (resource_name)>
robot.toplogo_widget.child.txt_name.IsAncestorsVisible: callable sig=<Signature ()>
robot.toplogo_widget.child.txt_name.IsWorldPosInNodeBound: callable sig=<Signature (x, y)>
robot.toplogo_widget.child.txt_name.SCRATCH_CARD_IMAGE_NAME: '_scratch_card_image' type=<class 'str'>
robot.toplogo_widget.child.txt_name.SCRATCH_CARD_TOUCH_NAME: '_scratch_card_touch' type=<class 'str'>
robot.toplogo_widget.child.txt_name.SetChildrenClippingEnabled: callable sig=<Signature (enabled)>
robot.toplogo_widget.child.txt_name.SetChildrenClippingType: callable sig=<Signature (clipping_type)>
robot.toplogo_widget.child.txt_name.SetNodeHoverImage: callable sig=<Signature (image_id, is_scale9=False, scale9_params=None, anchor_point=None, pos=None, contentsize=None, size_offset=None)>
robot.toplogo_widget.child.txt_name.ShowNodeHoverImage: callable sig=<Signature (visible)>
robot.toplogo_widget.child.txt_name._CreateScratchCardSplendorNode: callable sig=<Signature (node_name, zorder)>
robot.toplogo_widget.child.txt_name._SetWidgetSwallowTouches: callable sig=<Signature (widget, enable)>
robot.toplogo_widget.child.txt_name._scratch_card_node: None type=<class 'NoneType'>
robot.toplogo_widget.child.txt_name._show_node_hover: callable sig=<Signature (node, visible)>
robot.toplogo_widget.child.txt_name.addChild: callable sig=<Signature (child, zorder=None)>
robot.toplogo_widget.child.txt_name.child: callable sig=<Signature (name: str, wrapper: Type[~T_UINode_Inst] | Callable[[cc.Node | None], ~T_UINode_Inst] | None = None) -> ~T_UINode_Inst | ForwardRef('UINode')>
robot.toplogo_widget.child.txt_name.childex: callable sig=<Signature (path: str, wrapper: Type[~T_UINode_Inst] | None = None) -> ~T_UINode_Inst | ForwardRef('UINode')>
robot.toplogo_widget.child.txt_name.color: (<gshare.utils.Swallower object at 0x00000259D7E49180>, <gshare.utils.Swallower object at 0x00000259D7E49180>, <gshare.utils.Swallower object at 0x00000259D7E49180>) type=<class 'tuple'>
robot.toplogo_widget.child.txt_name.opacity: callable <gshare.utils.Swallower object at 0x00000259D7E49180>
robot.toplogo_widget.child.txt_name.rchild: callable sig=<Signature (name) -> cc.Node>
robot.toplogo_widget.child.txt_name.rchildex: callable sig=<Signature (path) -> cc.Node>
robot.toplogo_widget.child.txt_name.rseek: callable sig=<Signature (name) -> cc.Node>
robot.toplogo_widget.child.txt_name.scale: callable <gshare.utils.Swallower object at 0x00000259D7E49180>
robot.toplogo_widget.child.txt_name.seek: callable sig=<Signature (name: str, wrapper: Type[~T_UINode_Inst] | Callable[[cc.Node | None], ~T_UINode_Inst] | None = None) -> ~T_UINode_Inst | ForwardRef('UINode')>
robot.toplogo_widget.child.txt_name.setZoomChildren: callable sig=<Signature (children)>
robot.toplogo_widget.child.txt_name.visible: callable <gshare.utils.Swallower object at 0x00000259D7E49180>
robot.toplogo_widget.child.txt_name.widget: callable <gshare.utils.Swallower object at 0x00000259D7E49180>
robot.toplogo_widget.child.txt_name.zoomChildren: callable sig=<Signature (bzoom)>
robot.toplogo_widget.child('txtName') -> <gclient.framework.ui.widgets.ui_node.UINode object(Swallower) at 0x25A1727F8C0> type=<class 'gclient.framework.ui.widgets.ui_node.UINode'>
robot.toplogo_widget.child.txtName: <gclient.framework.ui.widgets.ui_node.UINode object(Swallower) at 0x25A1727F8C0> type=<class 'gclient.framework.ui.widgets.ui_node.UINode'>
robot.toplogo_widget.child.txtName: interesting=['AddChild', 'AttachScratchCardNode', 'CloneWidget', 'DetachScratchCardNode', 'EnablePressScale', 'GetScratchCardNode', 'GetTextureType', 'IsAncestorsVisible', 'IsWorldPosInNodeBound', 'SCRATCH_CARD_IMAGE_NAME', 'SCRATCH_CARD_TOUCH_NAME', 'SetChildrenClippingEnabled', 'SetChildrenClippingType', 'SetNodeHoverImage', 'ShowNodeHoverImage', '_CreateScratchCardSplendorNode', '_SetWidgetSwallowTouches', '_scratch_card_node', '_show_node_hover', 'addChild', 'child', 'childex', 'color', 'opacity', 'rchild', 'rchildex', 'rseek', 'scale', 'seek', 'setZoomChildren', 'visible', 'widget', 'zoomChildren']
robot.toplogo_widget.child.txtName.AddChild: callable sig=<Signature (child, zorder=None)>
robot.toplogo_widget.child.txtName.AttachScratchCardNode: callable sig=<Signature (texture_width=None, texture_height=None, brush_radius=24, sample_step=None, mask_color=(178, 178, 174, 255), clear_color=(255, 255, 255, 0), flip_y=True, auto_clear_ratio=None, mask_texture=None, mask_texture_is_file=False, auto_clear_callback=None, remove_on_auto_clear=True, layer_zorder=99999, touch_layer_zorder=100000, mask_node_name=None, touch_node_name=None)>
robot.toplogo_widget.child.txtName.CloneWidget: callable sig=<Signature (widget, retain=False, ignore_leak_inspect=False)>
robot.toplogo_widget.child.txtName.DetachScratchCardNode: callable sig=<Signature ()>
robot.toplogo_widget.child.txtName.EnablePressScale: callable sig=<Signature (enable, scale=0.0, origin_scale=1.0)>
robot.toplogo_widget.child.txtName.GetScratchCardNode: callable sig=<Signature ()>
robot.toplogo_widget.child.txtName.GetTextureType: callable sig=<Signature (resource_name)>
robot.toplogo_widget.child.txtName.IsAncestorsVisible: callable sig=<Signature ()>
robot.toplogo_widget.child.txtName.IsWorldPosInNodeBound: callable sig=<Signature (x, y)>
robot.toplogo_widget.child.txtName.SCRATCH_CARD_IMAGE_NAME: '_scratch_card_image' type=<class 'str'>
robot.toplogo_widget.child.txtName.SCRATCH_CARD_TOUCH_NAME: '_scratch_card_touch' type=<class 'str'>
robot.toplogo_widget.child.txtName.SetChildrenClippingEnabled: callable sig=<Signature (enabled)>
robot.toplogo_widget.child.txtName.SetChildrenClippingType: callable sig=<Signature (clipping_type)>
robot.toplogo_widget.child.txtName.SetNodeHoverImage: callable sig=<Signature (image_id, is_scale9=False, scale9_params=None, anchor_point=None, pos=None, contentsize=None, size_offset=None)>
robot.toplogo_widget.child.txtName.ShowNodeHoverImage: callable sig=<Signature (visible)>
robot.toplogo_widget.child.txtName._CreateScratchCardSplendorNode: callable sig=<Signature (node_name, zorder)>
robot.toplogo_widget.child.txtName._SetWidgetSwallowTouches: callable sig=<Signature (widget, enable)>
robot.toplogo_widget.child.txtName._scratch_card_node: None type=<class 'NoneType'>
robot.toplogo_widget.child.txtName._show_node_hover: callable sig=<Signature (node, visible)>
robot.toplogo_widget.child.txtName.addChild: callable sig=<Signature (child, zorder=None)>
robot.toplogo_widget.child.txtName.child: callable sig=<Signature (name: str, wrapper: Type[~T_UINode_Inst] | Callable[[cc.Node | None], ~T_UINode_Inst] | None = None) -> ~T_UINode_Inst | ForwardRef('UINode')>
robot.toplogo_widget.child.txtName.childex: callable sig=<Signature (path: str, wrapper: Type[~T_UINode_Inst] | None = None) -> ~T_UINode_Inst | ForwardRef('UINode')>
robot.toplogo_widget.child.txtName.color: (<gshare.utils.Swallower object at 0x00000259F74D0E60>, <gshare.utils.Swallower object at 0x00000259F74D0E60>, <gshare.utils.Swallower object at 0x00000259F74D0E60>) type=<class 'tuple'>
robot.toplogo_widget.child.txtName.opacity: callable <gshare.utils.Swallower object at 0x00000259F74D0E60>
robot.toplogo_widget.child.txtName.rchild: callable sig=<Signature (name) -> cc.Node>
robot.toplogo_widget.child.txtName.rchildex: callable sig=<Signature (path) -> cc.Node>
robot.toplogo_widget.child.txtName.rseek: callable sig=<Signature (name) -> cc.Node>
robot.toplogo_widget.child.txtName.scale: callable <gshare.utils.Swallower object at 0x00000259F74D0E60>
robot.toplogo_widget.child.txtName.seek: callable sig=<Signature (name: str, wrapper: Type[~T_UINode_Inst] | Callable[[cc.Node | None], ~T_UINode_Inst] | None = None) -> ~T_UINode_Inst | ForwardRef('UINode')>
robot.toplogo_widget.child.txtName.setZoomChildren: callable sig=<Signature (children)>
robot.toplogo_widget.child.txtName.visible: callable <gshare.utils.Swallower object at 0x00000259F74D0E60>
robot.toplogo_widget.child.txtName.widget: callable <gshare.utils.Swallower object at 0x00000259F74D0E60>
robot.toplogo_widget.child.txtName.zoomChildren: callable sig=<Signature (bzoom)>
robot.toplogo_widget.child('Text_Name') -> <gclient.framework.ui.widgets.ui_node.UINode object(Swallower) at 0x25A1727F770> type=<class 'gclient.framework.ui.widgets.ui_node.UINode'>
robot.toplogo_widget.child.Text_Name: <gclient.framework.ui.widgets.ui_node.UINode object(Swallower) at 0x25A1727F770> type=<class 'gclient.framework.ui.widgets.ui_node.UINode'>
robot.toplogo_widget.child.Text_Name: interesting=['AddChild', 'AttachScratchCardNode', 'CloneWidget', 'DetachScratchCardNode', 'EnablePressScale', 'GetScratchCardNode', 'GetTextureType', 'IsAncestorsVisible', 'IsWorldPosInNodeBound', 'SCRATCH_CARD_IMAGE_NAME', 'SCRATCH_CARD_TOUCH_NAME', 'SetChildrenClippingEnabled', 'SetChildrenClippingType', 'SetNodeHoverImage', 'ShowNodeHoverImage', '_CreateScratchCardSplendorNode', '_SetWidgetSwallowTouches', '_scratch_card_node', '_show_node_hover', 'addChild', 'child', 'childex', 'color', 'opacity', 'rchild', 'rchildex', 'rseek', 'scale', 'seek', 'setZoomChildren', 'visible', 'widget', 'zoomChildren']
robot.toplogo_widget.child.Text_Name.AddChild: callable sig=<Signature (child, zorder=None)>
robot.toplogo_widget.child.Text_Name.AttachScratchCardNode: callable sig=<Signature (texture_width=None, texture_height=None, brush_radius=24, sample_step=None, mask_color=(178, 178, 174, 255), clear_color=(255, 255, 255, 0), flip_y=True, auto_clear_ratio=None, mask_texture=None, mask_texture_is_file=False, auto_clear_callback=None, remove_on_auto_clear=True, layer_zorder=99999, touch_layer_zorder=100000, mask_node_name=None, touch_node_name=None)>
robot.toplogo_widget.child.Text_Name.CloneWidget: callable sig=<Signature (widget, retain=False, ignore_leak_inspect=False)>
robot.toplogo_widget.child.Text_Name.DetachScratchCardNode: callable sig=<Signature ()>
robot.toplogo_widget.child.Text_Name.EnablePressScale: callable sig=<Signature (enable, scale=0.0, origin_scale=1.0)>
robot.toplogo_widget.child.Text_Name.GetScratchCardNode: callable sig=<Signature ()>
robot.toplogo_widget.child.Text_Name.GetTextureType: callable sig=<Signature (resource_name)>
robot.toplogo_widget.child.Text_Name.IsAncestorsVisible: callable sig=<Signature ()>
robot.toplogo_widget.child.Text_Name.IsWorldPosInNodeBound: callable sig=<Signature (x, y)>
robot.toplogo_widget.child.Text_Name.SCRATCH_CARD_IMAGE_NAME: '_scratch_card_image' type=<class 'str'>
robot.toplogo_widget.child.Text_Name.SCRATCH_CARD_TOUCH_NAME: '_scratch_card_touch' type=<class 'str'>
robot.toplogo_widget.child.Text_Name.SetChildrenClippingEnabled: callable sig=<Signature (enabled)>
robot.toplogo_widget.child.Text_Name.SetChildrenClippingType: callable sig=<Signature (clipping_type)>
robot.toplogo_widget.child.Text_Name.SetNodeHoverImage: callable sig=<Signature (image_id, is_scale9=False, scale9_params=None, anchor_point=None, pos=None, contentsize=None, size_offset=None)>
robot.toplogo_widget.child.Text_Name.ShowNodeHoverImage: callable sig=<Signature (visible)>
robot.toplogo_widget.child.Text_Name._CreateScratchCardSplendorNode: callable sig=<Signature (node_name, zorder)>
robot.toplogo_widget.child.Text_Name._SetWidgetSwallowTouches: callable sig=<Signature (widget, enable)>
robot.toplogo_widget.child.Text_Name._scratch_card_node: None type=<class 'NoneType'>
robot.toplogo_widget.child.Text_Name._show_node_hover: callable sig=<Signature (node, visible)>
robot.toplogo_widget.child.Text_Name.addChild: callable sig=<Signature (child, zorder=None)>
robot.toplogo_widget.child.Text_Name.child: callable sig=<Signature (name: str, wrapper: Type[~T_UINode_Inst] | Callable[[cc.Node | None], ~T_UINode_Inst] | None = None) -> ~T_UINode_Inst | ForwardRef('UINode')>
robot.toplogo_widget.child.Text_Name.childex: callable sig=<Signature (path: str, wrapper: Type[~T_UINode_Inst] | None = None) -> ~T_UINode_Inst | ForwardRef('UINode')>
robot.toplogo_widget.child.Text_Name.color: (<gshare.utils.Swallower object at 0x00000259D7E49180>, <gshare.utils.Swallower object at 0x00000259D7E49180>, <gshare.utils.Swallower object at 0x00000259D7E49180>) type=<class 'tuple'>
robot.toplogo_widget.child.Text_Name.opacity: callable <gshare.utils.Swallower object at 0x00000259D7E49180>
robot.toplogo_widget.child.Text_Name.rchild: callable sig=<Signature (name) -> cc.Node>
robot.toplogo_widget.child.Text_Name.rchildex: callable sig=<Signature (path) -> cc.Node>
robot.toplogo_widget.child.Text_Name.rseek: callable sig=<Signature (name) -> cc.Node>
robot.toplogo_widget.child.Text_Name.scale: callable <gshare.utils.Swallower object at 0x00000259D7E49180>
robot.toplogo_widget.child.Text_Name.seek: callable sig=<Signature (name: str, wrapper: Type[~T_UINode_Inst] | Callable[[cc.Node | None], ~T_UINode_Inst] | None = None) -> ~T_UINode_Inst | ForwardRef('UINode')>
robot.toplogo_widget.child.Text_Name.setZoomChildren: callable sig=<Signature (children)>
robot.toplogo_widget.child.Text_Name.visible: callable <gshare.utils.Swallower object at 0x00000259D7E49180>
robot.toplogo_widget.child.Text_Name.widget: callable <gshare.utils.Swallower object at 0x00000259D7E49180>
robot.toplogo_widget.child.Text_Name.zoomChildren: callable sig=<Signature (bzoom)>
robot.toplogo_widget.child('txt_hp') -> <gclient.framework.ui.widgets.ui_node.UINode object(Swallower) at 0x25A1727F8C0> type=<class 'gclient.framework.ui.widgets.ui_node.UINode'>
robot.toplogo_widget.child.txt_hp: <gclient.framework.ui.widgets.ui_node.UINode object(Swallower) at 0x25A1727F8C0> type=<class 'gclient.framework.ui.widgets.ui_node.UINode'>
robot.toplogo_widget.child.txt_hp: interesting=['AddChild', 'AttachScratchCardNode', 'CloneWidget', 'DetachScratchCardNode', 'EnablePressScale', 'GetScratchCardNode', 'GetTextureType', 'IsAncestorsVisible', 'IsWorldPosInNodeBound', 'SCRATCH_CARD_IMAGE_NAME', 'SCRATCH_CARD_TOUCH_NAME', 'SetChildrenClippingEnabled', 'SetChildrenClippingType', 'SetNodeHoverImage', 'ShowNodeHoverImage', '_CreateScratchCardSplendorNode', '_SetWidgetSwallowTouches', '_scratch_card_node', '_show_node_hover', 'addChild', 'child', 'childex', 'color', 'opacity', 'rchild', 'rchildex', 'rseek', 'scale', 'seek', 'setZoomChildren', 'visible', 'widget', 'zoomChildren']
robot.toplogo_widget.child.txt_hp.AddChild: callable sig=<Signature (child, zorder=None)>
robot.toplogo_widget.child.txt_hp.AttachScratchCardNode: callable sig=<Signature (texture_width=None, texture_height=None, brush_radius=24, sample_step=None, mask_color=(178, 178, 174, 255), clear_color=(255, 255, 255, 0), flip_y=True, auto_clear_ratio=None, mask_texture=None, mask_texture_is_file=False, auto_clear_callback=None, remove_on_auto_clear=True, layer_zorder=99999, touch_layer_zorder=100000, mask_node_name=None, touch_node_name=None)>
robot.toplogo_widget.child.txt_hp.CloneWidget: callable sig=<Signature (widget, retain=False, ignore_leak_inspect=False)>
robot.toplogo_widget.child.txt_hp.DetachScratchCardNode: callable sig=<Signature ()>
robot.toplogo_widget.child.txt_hp.EnablePressScale: callable sig=<Signature (enable, scale=0.0, origin_scale=1.0)>
robot.toplogo_widget.child.txt_hp.GetScratchCardNode: callable sig=<Signature ()>
robot.toplogo_widget.child.txt_hp.GetTextureType: callable sig=<Signature (resource_name)>
robot.toplogo_widget.child.txt_hp.IsAncestorsVisible: callable sig=<Signature ()>
robot.toplogo_widget.child.txt_hp.IsWorldPosInNodeBound: callable sig=<Signature (x, y)>
robot.toplogo_widget.child.txt_hp.SCRATCH_CARD_IMAGE_NAME: '_scratch_card_image' type=<class 'str'>
robot.toplogo_widget.child.txt_hp.SCRATCH_CARD_TOUCH_NAME: '_scratch_card_touch' type=<class 'str'>
robot.toplogo_widget.child.txt_hp.SetChildrenClippingEnabled: callable sig=<Signature (enabled)>
robot.toplogo_widget.child.txt_hp.SetChildrenClippingType: callable sig=<Signature (clipping_type)>
robot.toplogo_widget.child.txt_hp.SetNodeHoverImage: callable sig=<Signature (image_id, is_scale9=False, scale9_params=None, anchor_point=None, pos=None, contentsize=None, size_offset=None)>
robot.toplogo_widget.child.txt_hp.ShowNodeHoverImage: callable sig=<Signature (visible)>
robot.toplogo_widget.child.txt_hp._CreateScratchCardSplendorNode: callable sig=<Signature (node_name, zorder)>
robot.toplogo_widget.child.txt_hp._SetWidgetSwallowTouches: callable sig=<Signature (widget, enable)>
robot.toplogo_widget.child.txt_hp._scratch_card_node: None type=<class 'NoneType'>
robot.toplogo_widget.child.txt_hp._show_node_hover: callable sig=<Signature (node, visible)>
robot.toplogo_widget.child.txt_hp.addChild: callable sig=<Signature (child, zorder=None)>
robot.toplogo_widget.child.txt_hp.child: callable sig=<Signature (name: str, wrapper: Type[~T_UINode_Inst] | Callable[[cc.Node | None], ~T_UINode_Inst] | None = None) -> ~T_UINode_Inst | ForwardRef('UINode')>
robot.toplogo_widget.child.txt_hp.childex: callable sig=<Signature (path: str, wrapper: Type[~T_UINode_Inst] | None = None) -> ~T_UINode_Inst | ForwardRef('UINode')>
robot.toplogo_widget.child.txt_hp.color: (<gshare.utils.Swallower object at 0x00000259F74D0E60>, <gshare.utils.Swallower object at 0x00000259F74D0E60>, <gshare.utils.Swallower object at 0x00000259F74D0E60>) type=<class 'tuple'>
robot.toplogo_widget.child.txt_hp.opacity: callable <gshare.utils.Swallower object at 0x00000259F74D0E60>
robot.toplogo_widget.child.txt_hp.rchild: callable sig=<Signature (name) -> cc.Node>
robot.toplogo_widget.child.txt_hp.rchildex: callable sig=<Signature (path) -> cc.Node>
robot.toplogo_widget.child.txt_hp.rseek: callable sig=<Signature (name) -> cc.Node>
robot.toplogo_widget.child.txt_hp.scale: callable <gshare.utils.Swallower object at 0x00000259F74D0E60>
robot.toplogo_widget.child.txt_hp.seek: callable sig=<Signature (name: str, wrapper: Type[~T_UINode_Inst] | Callable[[cc.Node | None], ~T_UINode_Inst] | None = None) -> ~T_UINode_Inst | ForwardRef('UINode')>
robot.toplogo_widget.child.txt_hp.setZoomChildren: callable sig=<Signature (children)>
robot.toplogo_widget.child.txt_hp.visible: callable <gshare.utils.Swallower object at 0x00000259F74D0E60>
robot.toplogo_widget.child.txt_hp.widget: callable <gshare.utils.Swallower object at 0x00000259F74D0E60>
robot.toplogo_widget.child.txt_hp.zoomChildren: callable sig=<Signature (bzoom)>
robot.toplogo_widget.child('txtHP') -> <gclient.framework.ui.widgets.ui_node.UINode object(Swallower) at 0x25A1727F770> type=<class 'gclient.framework.ui.widgets.ui_node.UINode'>
robot.toplogo_widget.child.txtHP: <gclient.framework.ui.widgets.ui_node.UINode object(Swallower) at 0x25A1727F770> type=<class 'gclient.framework.ui.widgets.ui_node.UINode'>
robot.toplogo_widget.child.txtHP: interesting=['AddChild', 'AttachScratchCardNode', 'CloneWidget', 'DetachScratchCardNode', 'EnablePressScale', 'GetScratchCardNode', 'GetTextureType', 'IsAncestorsVisible', 'IsWorldPosInNodeBound', 'SCRATCH_CARD_IMAGE_NAME', 'SCRATCH_CARD_TOUCH_NAME', 'SetChildrenClippingEnabled', 'SetChildrenClippingType', 'SetNodeHoverImage', 'ShowNodeHoverImage', '_CreateScratchCardSplendorNode', '_SetWidgetSwallowTouches', '_scratch_card_node', '_show_node_hover', 'addChild', 'child', 'childex', 'color', 'opacity', 'rchild', 'rchildex', 'rseek', 'scale', 'seek', 'setZoomChildren', 'visible', 'widget', 'zoomChildren']
robot.toplogo_widget.child.txtHP.AddChild: callable sig=<Signature (child, zorder=None)>
robot.toplogo_widget.child.txtHP.AttachScratchCardNode: callable sig=<Signature (texture_width=None, texture_height=None, brush_radius=24, sample_step=None, mask_color=(178, 178, 174, 255), clear_color=(255, 255, 255, 0), flip_y=True, auto_clear_ratio=None, mask_texture=None, mask_texture_is_file=False, auto_clear_callback=None, remove_on_auto_clear=True, layer_zorder=99999, touch_layer_zorder=100000, mask_node_name=None, touch_node_name=None)>
robot.toplogo_widget.child.txtHP.CloneWidget: callable sig=<Signature (widget, retain=False, ignore_leak_inspect=False)>
robot.toplogo_widget.child.txtHP.DetachScratchCardNode: callable sig=<Signature ()>
robot.toplogo_widget.child.txtHP.EnablePressScale: callable sig=<Signature (enable, scale=0.0, origin_scale=1.0)>
robot.toplogo_widget.child.txtHP.GetScratchCardNode: callable sig=<Signature ()>
robot.toplogo_widget.child.txtHP.GetTextureType: callable sig=<Signature (resource_name)>
robot.toplogo_widget.child.txtHP.IsAncestorsVisible: callable sig=<Signature ()>
robot.toplogo_widget.child.txtHP.IsWorldPosInNodeBound: callable sig=<Signature (x, y)>
robot.toplogo_widget.child.txtHP.SCRATCH_CARD_IMAGE_NAME: '_scratch_card_image' type=<class 'str'>
robot.toplogo_widget.child.txtHP.SCRATCH_CARD_TOUCH_NAME: '_scratch_card_touch' type=<class 'str'>
robot.toplogo_widget.child.txtHP.SetChildrenClippingEnabled: callable sig=<Signature (enabled)>
robot.toplogo_widget.child.txtHP.SetChildrenClippingType: callable sig=<Signature (clipping_type)>
robot.toplogo_widget.child.txtHP.SetNodeHoverImage: callable sig=<Signature (image_id, is_scale9=False, scale9_params=None, anchor_point=None, pos=None, contentsize=None, size_offset=None)>
robot.toplogo_widget.child.txtHP.ShowNodeHoverImage: callable sig=<Signature (visible)>
robot.toplogo_widget.child.txtHP._CreateScratchCardSplendorNode: callable sig=<Signature (node_name, zorder)>
robot.toplogo_widget.child.txtHP._SetWidgetSwallowTouches: callable sig=<Signature (widget, enable)>
robot.toplogo_widget.child.txtHP._scratch_card_node: None type=<class 'NoneType'>
robot.toplogo_widget.child.txtHP._show_node_hover: callable sig=<Signature (node, visible)>
robot.toplogo_widget.child.txtHP.addChild: callable sig=<Signature (child, zorder=None)>
robot.toplogo_widget.child.txtHP.child: callable sig=<Signature (name: str, wrapper: Type[~T_UINode_Inst] | Callable[[cc.Node | None], ~T_UINode_Inst] | None = None) -> ~T_UINode_Inst | ForwardRef('UINode')>
robot.toplogo_widget.child.txtHP.childex: callable sig=<Signature (path: str, wrapper: Type[~T_UINode_Inst] | None = None) -> ~T_UINode_Inst | ForwardRef('UINode')>
robot.toplogo_widget.child.txtHP.color: (<gshare.utils.Swallower object at 0x00000259D7E49180>, <gshare.utils.Swallower object at 0x00000259D7E49180>, <gshare.utils.Swallower object at 0x00000259D7E49180>) type=<class 'tuple'>
robot.toplogo_widget.child.txtHP.opacity: callable <gshare.utils.Swallower object at 0x00000259D7E49180>
robot.toplogo_widget.child.txtHP.rchild: callable sig=<Signature (name) -> cc.Node>
robot.toplogo_widget.child.txtHP.rchildex: callable sig=<Signature (path) -> cc.Node>
robot.toplogo_widget.child.txtHP.rseek: callable sig=<Signature (name) -> cc.Node>
robot.toplogo_widget.child.txtHP.scale: callable <gshare.utils.Swallower object at 0x00000259D7E49180>
robot.toplogo_widget.child.txtHP.seek: callable sig=<Signature (name: str, wrapper: Type[~T_UINode_Inst] | Callable[[cc.Node | None], ~T_UINode_Inst] | None = None) -> ~T_UINode_Inst | ForwardRef('UINode')>
robot.toplogo_widget.child.txtHP.setZoomChildren: callable sig=<Signature (children)>
robot.toplogo_widget.child.txtHP.visible: callable <gshare.utils.Swallower object at 0x00000259D7E49180>
robot.toplogo_widget.child.txtHP.widget: callable <gshare.utils.Swallower object at 0x00000259D7E49180>
robot.toplogo_widget.child.txtHP.zoomChildren: callable sig=<Signature (bzoom)>
robot.toplogo_widget.child('hp') -> <gclient.framework.ui.widgets.ui_node.UINode object(Swallower) at 0x25A1727F8C0> type=<class 'gclient.framework.ui.widgets.ui_node.UINode'>
robot.toplogo_widget.child.hp: <gclient.framework.ui.widgets.ui_node.UINode object(Swallower) at 0x25A1727F8C0> type=<class 'gclient.framework.ui.widgets.ui_node.UINode'>
robot.toplogo_widget.child.hp: interesting=['AddChild', 'AttachScratchCardNode', 'CloneWidget', 'DetachScratchCardNode', 'EnablePressScale', 'GetScratchCardNode', 'GetTextureType', 'IsAncestorsVisible', 'IsWorldPosInNodeBound', 'SCRATCH_CARD_IMAGE_NAME', 'SCRATCH_CARD_TOUCH_NAME', 'SetChildrenClippingEnabled', 'SetChildrenClippingType', 'SetNodeHoverImage', 'ShowNodeHoverImage', '_CreateScratchCardSplendorNode', '_SetWidgetSwallowTouches', '_scratch_card_node', '_show_node_hover', 'addChild', 'child', 'childex', 'color', 'opacity', 'rchild', 'rchildex', 'rseek', 'scale', 'seek', 'setZoomChildren', 'visible', 'widget', 'zoomChildren']
robot.toplogo_widget.child.hp.AddChild: callable sig=<Signature (child, zorder=None)>
robot.toplogo_widget.child.hp.AttachScratchCardNode: callable sig=<Signature (texture_width=None, texture_height=None, brush_radius=24, sample_step=None, mask_color=(178, 178, 174, 255), clear_color=(255, 255, 255, 0), flip_y=True, auto_clear_ratio=None, mask_texture=None, mask_texture_is_file=False, auto_clear_callback=None, remove_on_auto_clear=True, layer_zorder=99999, touch_layer_zorder=100000, mask_node_name=None, touch_node_name=None)>
robot.toplogo_widget.child.hp.CloneWidget: callable sig=<Signature (widget, retain=False, ignore_leak_inspect=False)>
robot.toplogo_widget.child.hp.DetachScratchCardNode: callable sig=<Signature ()>
robot.toplogo_widget.child.hp.EnablePressScale: callable sig=<Signature (enable, scale=0.0, origin_scale=1.0)>
robot.toplogo_widget.child.hp.GetScratchCardNode: callable sig=<Signature ()>
robot.toplogo_widget.child.hp.GetTextureType: callable sig=<Signature (resource_name)>
robot.toplogo_widget.child.hp.IsAncestorsVisible: callable sig=<Signature ()>
robot.toplogo_widget.child.hp.IsWorldPosInNodeBound: callable sig=<Signature (x, y)>
robot.toplogo_widget.child.hp.SCRATCH_CARD_IMAGE_NAME: '_scratch_card_image' type=<class 'str'>
robot.toplogo_widget.child.hp.SCRATCH_CARD_TOUCH_NAME: '_scratch_card_touch' type=<class 'str'>
robot.toplogo_widget.child.hp.SetChildrenClippingEnabled: callable sig=<Signature (enabled)>
robot.toplogo_widget.child.hp.SetChildrenClippingType: callable sig=<Signature (clipping_type)>
robot.toplogo_widget.child.hp.SetNodeHoverImage: callable sig=<Signature (image_id, is_scale9=False, scale9_params=None, anchor_point=None, pos=None, contentsize=None, size_offset=None)>
robot.toplogo_widget.child.hp.ShowNodeHoverImage: callable sig=<Signature (visible)>
robot.toplogo_widget.child.hp._CreateScratchCardSplendorNode: callable sig=<Signature (node_name, zorder)>
robot.toplogo_widget.child.hp._SetWidgetSwallowTouches: callable sig=<Signature (widget, enable)>
robot.toplogo_widget.child.hp._scratch_card_node: None type=<class 'NoneType'>
robot.toplogo_widget.child.hp._show_node_hover: callable sig=<Signature (node, visible)>
robot.toplogo_widget.child.hp.addChild: callable sig=<Signature (child, zorder=None)>
robot.toplogo_widget.child.hp.child: callable sig=<Signature (name: str, wrapper: Type[~T_UINode_Inst] | Callable[[cc.Node | None], ~T_UINode_Inst] | None = None) -> ~T_UINode_Inst | ForwardRef('UINode')>
robot.toplogo_widget.child.hp.childex: callable sig=<Signature (path: str, wrapper: Type[~T_UINode_Inst] | None = None) -> ~T_UINode_Inst | ForwardRef('UINode')>
robot.toplogo_widget.child.hp.color: (<gshare.utils.Swallower object at 0x00000259F74D0E60>, <gshare.utils.Swallower object at 0x00000259F74D0E60>, <gshare.utils.Swallower object at 0x00000259F74D0E60>) type=<class 'tuple'>
robot.toplogo_widget.child.hp.opacity: callable <gshare.utils.Swallower object at 0x00000259F74D0E60>
robot.toplogo_widget.child.hp.rchild: callable sig=<Signature (name) -> cc.Node>
robot.toplogo_widget.child.hp.rchildex: callable sig=<Signature (path) -> cc.Node>
robot.toplogo_widget.child.hp.rseek: callable sig=<Signature (name) -> cc.Node>
robot.toplogo_widget.child.hp.scale: callable <gshare.utils.Swallower object at 0x00000259F74D0E60>
robot.toplogo_widget.child.hp.seek: callable sig=<Signature (name: str, wrapper: Type[~T_UINode_Inst] | Callable[[cc.Node | None], ~T_UINode_Inst] | None = None) -> ~T_UINode_Inst | ForwardRef('UINode')>
robot.toplogo_widget.child.hp.setZoomChildren: callable sig=<Signature (children)>
robot.toplogo_widget.child.hp.visible: callable <gshare.utils.Swallower object at 0x00000259F74D0E60>
robot.toplogo_widget.child.hp.widget: callable <gshare.utils.Swallower object at 0x00000259F74D0E60>
robot.toplogo_widget.child.hp.zoomChildren: callable sig=<Signature (bzoom)>
robot.toplogo_widget.child('hp_bar') -> <gclient.framework.ui.widgets.ui_node.UINode object(Swallower) at 0x25A1727F770> type=<class 'gclient.framework.ui.widgets.ui_node.UINode'>
robot.toplogo_widget.child.hp_bar: <gclient.framework.ui.widgets.ui_node.UINode object(Swallower) at 0x25A1727F770> type=<class 'gclient.framework.ui.widgets.ui_node.UINode'>
robot.toplogo_widget.child.hp_bar: interesting=['AddChild', 'AttachScratchCardNode', 'CloneWidget', 'DetachScratchCardNode', 'EnablePressScale', 'GetScratchCardNode', 'GetTextureType', 'IsAncestorsVisible', 'IsWorldPosInNodeBound', 'SCRATCH_CARD_IMAGE_NAME', 'SCRATCH_CARD_TOUCH_NAME', 'SetChildrenClippingEnabled', 'SetChildrenClippingType', 'SetNodeHoverImage', 'ShowNodeHoverImage', '_CreateScratchCardSplendorNode', '_SetWidgetSwallowTouches', '_scratch_card_node', '_show_node_hover', 'addChild', 'child', 'childex', 'color', 'opacity', 'rchild', 'rchildex', 'rseek', 'scale', 'seek', 'setZoomChildren', 'visible', 'widget', 'zoomChildren']
robot.toplogo_widget.child.hp_bar.AddChild: callable sig=<Signature (child, zorder=None)>
robot.toplogo_widget.child.hp_bar.AttachScratchCardNode: callable sig=<Signature (texture_width=None, texture_height=None, brush_radius=24, sample_step=None, mask_color=(178, 178, 174, 255), clear_color=(255, 255, 255, 0), flip_y=True, auto_clear_ratio=None, mask_texture=None, mask_texture_is_file=False, auto_clear_callback=None, remove_on_auto_clear=True, layer_zorder=99999, touch_layer_zorder=100000, mask_node_name=None, touch_node_name=None)>
robot.toplogo_widget.child.hp_bar.CloneWidget: callable sig=<Signature (widget, retain=False, ignore_leak_inspect=False)>
robot.toplogo_widget.child.hp_bar.DetachScratchCardNode: callable sig=<Signature ()>
robot.toplogo_widget.child.hp_bar.EnablePressScale: callable sig=<Signature (enable, scale=0.0, origin_scale=1.0)>
robot.toplogo_widget.child.hp_bar.GetScratchCardNode: callable sig=<Signature ()>
robot.toplogo_widget.child.hp_bar.GetTextureType: callable sig=<Signature (resource_name)>
robot.toplogo_widget.child.hp_bar.IsAncestorsVisible: callable sig=<Signature ()>
robot.toplogo_widget.child.hp_bar.IsWorldPosInNodeBound: callable sig=<Signature (x, y)>
robot.toplogo_widget.child.hp_bar.SCRATCH_CARD_IMAGE_NAME: '_scratch_card_image' type=<class 'str'>
robot.toplogo_widget.child.hp_bar.SCRATCH_CARD_TOUCH_NAME: '_scratch_card_touch' type=<class 'str'>
robot.toplogo_widget.child.hp_bar.SetChildrenClippingEnabled: callable sig=<Signature (enabled)>
robot.toplogo_widget.child.hp_bar.SetChildrenClippingType: callable sig=<Signature (clipping_type)>
robot.toplogo_widget.child.hp_bar.SetNodeHoverImage: callable sig=<Signature (image_id, is_scale9=False, scale9_params=None, anchor_point=None, pos=None, contentsize=None, size_offset=None)>
robot.toplogo_widget.child.hp_bar.ShowNodeHoverImage: callable sig=<Signature (visible)>
robot.toplogo_widget.child.hp_bar._CreateScratchCardSplendorNode: callable sig=<Signature (node_name, zorder)>
robot.toplogo_widget.child.hp_bar._SetWidgetSwallowTouches: callable sig=<Signature (widget, enable)>
robot.toplogo_widget.child.hp_bar._scratch_card_node: None type=<class 'NoneType'>
robot.toplogo_widget.child.hp_bar._show_node_hover: callable sig=<Signature (node, visible)>
robot.toplogo_widget.child.hp_bar.addChild: callable sig=<Signature (child, zorder=None)>
robot.toplogo_widget.child.hp_bar.child: callable sig=<Signature (name: str, wrapper: Type[~T_UINode_Inst] | Callable[[cc.Node | None], ~T_UINode_Inst] | None = None) -> ~T_UINode_Inst | ForwardRef('UINode')>
robot.toplogo_widget.child.hp_bar.childex: callable sig=<Signature (path: str, wrapper: Type[~T_UINode_Inst] | None = None) -> ~T_UINode_Inst | ForwardRef('UINode')>
robot.toplogo_widget.child.hp_bar.color: (<gshare.utils.Swallower object at 0x00000259D7E49180>, <gshare.utils.Swallower object at 0x00000259D7E49180>, <gshare.utils.Swallower object at 0x00000259D7E49180>) type=<class 'tuple'>
robot.toplogo_widget.child.hp_bar.opacity: callable <gshare.utils.Swallower object at 0x00000259D7E49180>
robot.toplogo_widget.child.hp_bar.rchild: callable sig=<Signature (name) -> cc.Node>
robot.toplogo_widget.child.hp_bar.rchildex: callable sig=<Signature (path) -> cc.Node>
robot.toplogo_widget.child.hp_bar.rseek: callable sig=<Signature (name) -> cc.Node>
robot.toplogo_widget.child.hp_bar.scale: callable <gshare.utils.Swallower object at 0x00000259D7E49180>
robot.toplogo_widget.child.hp_bar.seek: callable sig=<Signature (name: str, wrapper: Type[~T_UINode_Inst] | Callable[[cc.Node | None], ~T_UINode_Inst] | None = None) -> ~T_UINode_Inst | ForwardRef('UINode')>
robot.toplogo_widget.child.hp_bar.setZoomChildren: callable sig=<Signature (children)>
robot.toplogo_widget.child.hp_bar.visible: callable <gshare.utils.Swallower object at 0x00000259D7E49180>
robot.toplogo_widget.child.hp_bar.widget: callable <gshare.utils.Swallower object at 0x00000259D7E49180>
robot.toplogo_widget.child.hp_bar.zoomChildren: callable sig=<Signature (bzoom)>
robot.toplogo_widget.child('bar_hp') -> <gclient.framework.ui.widgets.ui_node.UINode object(Swallower) at 0x25A1727F8C0> type=<class 'gclient.framework.ui.widgets.ui_node.UINode'>
robot.toplogo_widget.child.bar_hp: <gclient.framework.ui.widgets.ui_node.UINode object(Swallower) at 0x25A1727F8C0> type=<class 'gclient.framework.ui.widgets.ui_node.UINode'>
robot.toplogo_widget.child.bar_hp: interesting=['AddChild', 'AttachScratchCardNode', 'CloneWidget', 'DetachScratchCardNode', 'EnablePressScale', 'GetScratchCardNode', 'GetTextureType', 'IsAncestorsVisible', 'IsWorldPosInNodeBound', 'SCRATCH_CARD_IMAGE_NAME', 'SCRATCH_CARD_TOUCH_NAME', 'SetChildrenClippingEnabled', 'SetChildrenClippingType', 'SetNodeHoverImage', 'ShowNodeHoverImage', '_CreateScratchCardSplendorNode', '_SetWidgetSwallowTouches', '_scratch_card_node', '_show_node_hover', 'addChild', 'child', 'childex', 'color', 'opacity', 'rchild', 'rchildex', 'rseek', 'scale', 'seek', 'setZoomChildren', 'visible', 'widget', 'zoomChildren']
robot.toplogo_widget.child.bar_hp.AddChild: callable sig=<Signature (child, zorder=None)>
robot.toplogo_widget.child.bar_hp.AttachScratchCardNode: callable sig=<Signature (texture_width=None, texture_height=None, brush_radius=24, sample_step=None, mask_color=(178, 178, 174, 255), clear_color=(255, 255, 255, 0), flip_y=True, auto_clear_ratio=None, mask_texture=None, mask_texture_is_file=False, auto_clear_callback=None, remove_on_auto_clear=True, layer_zorder=99999, touch_layer_zorder=100000, mask_node_name=None, touch_node_name=None)>
robot.toplogo_widget.child.bar_hp.CloneWidget: callable sig=<Signature (widget, retain=False, ignore_leak_inspect=False)>
robot.toplogo_widget.child.bar_hp.DetachScratchCardNode: callable sig=<Signature ()>
robot.toplogo_widget.child.bar_hp.EnablePressScale: callable sig=<Signature (enable, scale=0.0, origin_scale=1.0)>
robot.toplogo_widget.child.bar_hp.GetScratchCardNode: callable sig=<Signature ()>
robot.toplogo_widget.child.bar_hp.GetTextureType: callable sig=<Signature (resource_name)>
robot.toplogo_widget.child.bar_hp.IsAncestorsVisible: callable sig=<Signature ()>
robot.toplogo_widget.child.bar_hp.IsWorldPosInNodeBound: callable sig=<Signature (x, y)>
robot.toplogo_widget.child.bar_hp.SCRATCH_CARD_IMAGE_NAME: '_scratch_card_image' type=<class 'str'>
robot.toplogo_widget.child.bar_hp.SCRATCH_CARD_TOUCH_NAME: '_scratch_card_touch' type=<class 'str'>
robot.toplogo_widget.child.bar_hp.SetChildrenClippingEnabled: callable sig=<Signature (enabled)>
robot.toplogo_widget.child.bar_hp.SetChildrenClippingType: callable sig=<Signature (clipping_type)>
robot.toplogo_widget.child.bar_hp.SetNodeHoverImage: callable sig=<Signature (image_id, is_scale9=False, scale9_params=None, anchor_point=None, pos=None, contentsize=None, size_offset=None)>
robot.toplogo_widget.child.bar_hp.ShowNodeHoverImage: callable sig=<Signature (visible)>
robot.toplogo_widget.child.bar_hp._CreateScratchCardSplendorNode: callable sig=<Signature (node_name, zorder)>
robot.toplogo_widget.child.bar_hp._SetWidgetSwallowTouches: callable sig=<Signature (widget, enable)>
robot.toplogo_widget.child.bar_hp._scratch_card_node: None type=<class 'NoneType'>
robot.toplogo_widget.child.bar_hp._show_node_hover: callable sig=<Signature (node, visible)>
robot.toplogo_widget.child.bar_hp.addChild: callable sig=<Signature (child, zorder=None)>
robot.toplogo_widget.child.bar_hp.child: callable sig=<Signature (name: str, wrapper: Type[~T_UINode_Inst] | Callable[[cc.Node | None], ~T_UINode_Inst] | None = None) -> ~T_UINode_Inst | ForwardRef('UINode')>
robot.toplogo_widget.child.bar_hp.childex: callable sig=<Signature (path: str, wrapper: Type[~T_UINode_Inst] | None = None) -> ~T_UINode_Inst | ForwardRef('UINode')>
robot.toplogo_widget.child.bar_hp.color: (<gshare.utils.Swallower object at 0x00000259F74D0E60>, <gshare.utils.Swallower object at 0x00000259F74D0E60>, <gshare.utils.Swallower object at 0x00000259F74D0E60>) type=<class 'tuple'>
robot.toplogo_widget.child.bar_hp.opacity: callable <gshare.utils.Swallower object at 0x00000259F74D0E60>
robot.toplogo_widget.child.bar_hp.rchild: callable sig=<Signature (name) -> cc.Node>
robot.toplogo_widget.child.bar_hp.rchildex: callable sig=<Signature (path) -> cc.Node>
robot.toplogo_widget.child.bar_hp.rseek: callable sig=<Signature (name) -> cc.Node>
robot.toplogo_widget.child.bar_hp.scale: callable <gshare.utils.Swallower object at 0x00000259F74D0E60>
robot.toplogo_widget.child.bar_hp.seek: callable sig=<Signature (name: str, wrapper: Type[~T_UINode_Inst] | Callable[[cc.Node | None], ~T_UINode_Inst] | None = None) -> ~T_UINode_Inst | ForwardRef('UINode')>
robot.toplogo_widget.child.bar_hp.setZoomChildren: callable sig=<Signature (children)>
robot.toplogo_widget.child.bar_hp.visible: callable <gshare.utils.Swallower object at 0x00000259F74D0E60>
robot.toplogo_widget.child.bar_hp.widget: callable <gshare.utils.Swallower object at 0x00000259F74D0E60>
robot.toplogo_widget.child.bar_hp.zoomChildren: callable sig=<Signature (bzoom)>
robot.toplogo_widget.child('panel_top') -> <gclient.framework.ui.widgets.ui_node.UINode object(Swallower) at 0x25A1727F770> type=<class 'gclient.framework.ui.widgets.ui_node.UINode'>
robot.toplogo_widget.child.panel_top: <gclient.framework.ui.widgets.ui_node.UINode object(Swallower) at 0x25A1727F770> type=<class 'gclient.framework.ui.widgets.ui_node.UINode'>
robot.toplogo_widget.child.panel_top: interesting=['AddChild', 'AttachScratchCardNode', 'CloneWidget', 'DetachScratchCardNode', 'EnablePressScale', 'GetScratchCardNode', 'GetTextureType', 'IsAncestorsVisible', 'IsWorldPosInNodeBound', 'SCRATCH_CARD_IMAGE_NAME', 'SCRATCH_CARD_TOUCH_NAME', 'SetChildrenClippingEnabled', 'SetChildrenClippingType', 'SetNodeHoverImage', 'ShowNodeHoverImage', '_CreateScratchCardSplendorNode', '_SetWidgetSwallowTouches', '_scratch_card_node', '_show_node_hover', 'addChild', 'child', 'childex', 'color', 'opacity', 'rchild', 'rchildex', 'rseek', 'scale', 'seek', 'setZoomChildren', 'visible', 'widget', 'zoomChildren']
robot.toplogo_widget.child.panel_top.AddChild: callable sig=<Signature (child, zorder=None)>
robot.toplogo_widget.child.panel_top.AttachScratchCardNode: callable sig=<Signature (texture_width=None, texture_height=None, brush_radius=24, sample_step=None, mask_color=(178, 178, 174, 255), clear_color=(255, 255, 255, 0), flip_y=True, auto_clear_ratio=None, mask_texture=None, mask_texture_is_file=False, auto_clear_callback=None, remove_on_auto_clear=True, layer_zorder=99999, touch_layer_zorder=100000, mask_node_name=None, touch_node_name=None)>
robot.toplogo_widget.child.panel_top.CloneWidget: callable sig=<Signature (widget, retain=False, ignore_leak_inspect=False)>
robot.toplogo_widget.child.panel_top.DetachScratchCardNode: callable sig=<Signature ()>
robot.toplogo_widget.child.panel_top.EnablePressScale: callable sig=<Signature (enable, scale=0.0, origin_scale=1.0)>
robot.toplogo_widget.child.panel_top.GetScratchCardNode: callable sig=<Signature ()>
robot.toplogo_widget.child.panel_top.GetTextureType: callable sig=<Signature (resource_name)>
robot.toplogo_widget.child.panel_top.IsAncestorsVisible: callable sig=<Signature ()>
robot.toplogo_widget.child.panel_top.IsWorldPosInNodeBound: callable sig=<Signature (x, y)>
robot.toplogo_widget.child.panel_top.SCRATCH_CARD_IMAGE_NAME: '_scratch_card_image' type=<class 'str'>
robot.toplogo_widget.child.panel_top.SCRATCH_CARD_TOUCH_NAME: '_scratch_card_touch' type=<class 'str'>
robot.toplogo_widget.child.panel_top.SetChildrenClippingEnabled: callable sig=<Signature (enabled)>
robot.toplogo_widget.child.panel_top.SetChildrenClippingType: callable sig=<Signature (clipping_type)>
robot.toplogo_widget.child.panel_top.SetNodeHoverImage: callable sig=<Signature (image_id, is_scale9=False, scale9_params=None, anchor_point=None, pos=None, contentsize=None, size_offset=None)>
robot.toplogo_widget.child.panel_top.ShowNodeHoverImage: callable sig=<Signature (visible)>
robot.toplogo_widget.child.panel_top._CreateScratchCardSplendorNode: callable sig=<Signature (node_name, zorder)>
robot.toplogo_widget.child.panel_top._SetWidgetSwallowTouches: callable sig=<Signature (widget, enable)>
robot.toplogo_widget.child.panel_top._scratch_card_node: None type=<class 'NoneType'>
robot.toplogo_widget.child.panel_top._show_node_hover: callable sig=<Signature (node, visible)>
robot.toplogo_widget.child.panel_top.addChild: callable sig=<Signature (child, zorder=None)>
robot.toplogo_widget.child.panel_top.child: callable sig=<Signature (name: str, wrapper: Type[~T_UINode_Inst] | Callable[[cc.Node | None], ~T_UINode_Inst] | None = None) -> ~T_UINode_Inst | ForwardRef('UINode')>
robot.toplogo_widget.child.panel_top.childex: callable sig=<Signature (path: str, wrapper: Type[~T_UINode_Inst] | None = None) -> ~T_UINode_Inst | ForwardRef('UINode')>
robot.toplogo_widget.child.panel_top.color: (<gshare.utils.Swallower object at 0x00000259D7E49180>, <gshare.utils.Swallower object at 0x00000259D7E49180>, <gshare.utils.Swallower object at 0x00000259D7E49180>) type=<class 'tuple'>
robot.toplogo_widget.child.panel_top.opacity: callable <gshare.utils.Swallower object at 0x00000259D7E49180>
robot.toplogo_widget.child.panel_top.rchild: callable sig=<Signature (name) -> cc.Node>
robot.toplogo_widget.child.panel_top.rchildex: callable sig=<Signature (path) -> cc.Node>
robot.toplogo_widget.child.panel_top.rseek: callable sig=<Signature (name) -> cc.Node>
robot.toplogo_widget.child.panel_top.scale: callable <gshare.utils.Swallower object at 0x00000259D7E49180>
robot.toplogo_widget.child.panel_top.seek: callable sig=<Signature (name: str, wrapper: Type[~T_UINode_Inst] | Callable[[cc.Node | None], ~T_UINode_Inst] | None = None) -> ~T_UINode_Inst | ForwardRef('UINode')>
robot.toplogo_widget.child.panel_top.setZoomChildren: callable sig=<Signature (children)>
robot.toplogo_widget.child.panel_top.visible: callable <gshare.utils.Swallower object at 0x00000259D7E49180>
robot.toplogo_widget.child.panel_top.widget: callable <gshare.utils.Swallower object at 0x00000259D7E49180>
robot.toplogo_widget.child.panel_top.zoomChildren: callable sig=<Signature (bzoom)>
robot.toplogo_widget.child('toplogo') -> <gclient.framework.ui.widgets.ui_node.UINode object(Swallower) at 0x25A1727F8C0> type=<class 'gclient.framework.ui.widgets.ui_node.UINode'>
robot.toplogo_widget.child.toplogo: <gclient.framework.ui.widgets.ui_node.UINode object(Swallower) at 0x25A1727F8C0> type=<class 'gclient.framework.ui.widgets.ui_node.UINode'>
robot.toplogo_widget.child.toplogo: interesting=['AddChild', 'AttachScratchCardNode', 'CloneWidget', 'DetachScratchCardNode', 'EnablePressScale', 'GetScratchCardNode', 'GetTextureType', 'IsAncestorsVisible', 'IsWorldPosInNodeBound', 'SCRATCH_CARD_IMAGE_NAME', 'SCRATCH_CARD_TOUCH_NAME', 'SetChildrenClippingEnabled', 'SetChildrenClippingType', 'SetNodeHoverImage', 'ShowNodeHoverImage', '_CreateScratchCardSplendorNode', '_SetWidgetSwallowTouches', '_scratch_card_node', '_show_node_hover', 'addChild', 'child', 'childex', 'color', 'opacity', 'rchild', 'rchildex', 'rseek', 'scale', 'seek', 'setZoomChildren', 'visible', 'widget', 'zoomChildren']
robot.toplogo_widget.child.toplogo.AddChild: callable sig=<Signature (child, zorder=None)>
robot.toplogo_widget.child.toplogo.AttachScratchCardNode: callable sig=<Signature (texture_width=None, texture_height=None, brush_radius=24, sample_step=None, mask_color=(178, 178, 174, 255), clear_color=(255, 255, 255, 0), flip_y=True, auto_clear_ratio=None, mask_texture=None, mask_texture_is_file=False, auto_clear_callback=None, remove_on_auto_clear=True, layer_zorder=99999, touch_layer_zorder=100000, mask_node_name=None, touch_node_name=None)>
robot.toplogo_widget.child.toplogo.CloneWidget: callable sig=<Signature (widget, retain=False, ignore_leak_inspect=False)>
robot.toplogo_widget.child.toplogo.DetachScratchCardNode: callable sig=<Signature ()>
robot.toplogo_widget.child.toplogo.EnablePressScale: callable sig=<Signature (enable, scale=0.0, origin_scale=1.0)>
robot.toplogo_widget.child.toplogo.GetScratchCardNode: callable sig=<Signature ()>
robot.toplogo_widget.child.toplogo.GetTextureType: callable sig=<Signature (resource_name)>
robot.toplogo_widget.child.toplogo.IsAncestorsVisible: callable sig=<Signature ()>
robot.toplogo_widget.child.toplogo.IsWorldPosInNodeBound: callable sig=<Signature (x, y)>
robot.toplogo_widget.child.toplogo.SCRATCH_CARD_IMAGE_NAME: '_scratch_card_image' type=<class 'str'>
robot.toplogo_widget.child.toplogo.SCRATCH_CARD_TOUCH_NAME: '_scratch_card_touch' type=<class 'str'>
robot.toplogo_widget.child.toplogo.SetChildrenClippingEnabled: callable sig=<Signature (enabled)>
robot.toplogo_widget.child.toplogo.SetChildrenClippingType: callable sig=<Signature (clipping_type)>
robot.toplogo_widget.child.toplogo.SetNodeHoverImage: callable sig=<Signature (image_id, is_scale9=False, scale9_params=None, anchor_point=None, pos=None, contentsize=None, size_offset=None)>
robot.toplogo_widget.child.toplogo.ShowNodeHoverImage: callable sig=<Signature (visible)>
robot.toplogo_widget.child.toplogo._CreateScratchCardSplendorNode: callable sig=<Signature (node_name, zorder)>
robot.toplogo_widget.child.toplogo._SetWidgetSwallowTouches: callable sig=<Signature (widget, enable)>
robot.toplogo_widget.child.toplogo._scratch_card_node: None type=<class 'NoneType'>
robot.toplogo_widget.child.toplogo._show_node_hover: callable sig=<Signature (node, visible)>
robot.toplogo_widget.child.toplogo.addChild: callable sig=<Signature (child, zorder=None)>
robot.toplogo_widget.child.toplogo.child: callable sig=<Signature (name: str, wrapper: Type[~T_UINode_Inst] | Callable[[cc.Node | None], ~T_UINode_Inst] | None = None) -> ~T_UINode_Inst | ForwardRef('UINode')>
robot.toplogo_widget.child.toplogo.childex: callable sig=<Signature (path: str, wrapper: Type[~T_UINode_Inst] | None = None) -> ~T_UINode_Inst | ForwardRef('UINode')>
robot.toplogo_widget.child.toplogo.color: (<gshare.utils.Swallower object at 0x00000259F74D0E60>, <gshare.utils.Swallower object at 0x00000259F74D0E60>, <gshare.utils.Swallower object at 0x00000259F74D0E60>) type=<class 'tuple'>
robot.toplogo_widget.child.toplogo.opacity: callable <gshare.utils.Swallower object at 0x00000259F74D0E60>
robot.toplogo_widget.child.toplogo.rchild: callable sig=<Signature (name) -> cc.Node>
robot.toplogo_widget.child.toplogo.rchildex: callable sig=<Signature (path) -> cc.Node>
robot.toplogo_widget.child.toplogo.rseek: callable sig=<Signature (name) -> cc.Node>
robot.toplogo_widget.child.toplogo.scale: callable <gshare.utils.Swallower object at 0x00000259F74D0E60>
robot.toplogo_widget.child.toplogo.seek: callable sig=<Signature (name: str, wrapper: Type[~T_UINode_Inst] | Callable[[cc.Node | None], ~T_UINode_Inst] | None = None) -> ~T_UINode_Inst | ForwardRef('UINode')>
robot.toplogo_widget.child.toplogo.setZoomChildren: callable sig=<Signature (children)>
robot.toplogo_widget.child.toplogo.visible: callable <gshare.utils.Swallower object at 0x00000259F74D0E60>
robot.toplogo_widget.child.toplogo.widget: callable <gshare.utils.Swallower object at 0x00000259F74D0E60>
robot.toplogo_widget.child.toplogo.zoomChildren: callable sig=<Signature (bzoom)>
robot.toplogo_widget.child('toplogo_widget') -> <gclient.framework.ui.widgets.ui_node.UINode object(Swallower) at 0x25A1727F770> type=<class 'gclient.framework.ui.widgets.ui_node.UINode'>
robot.toplogo_widget.child.toplogo_widget: <gclient.framework.ui.widgets.ui_node.UINode object(Swallower) at 0x25A1727F770> type=<class 'gclient.framework.ui.widgets.ui_node.UINode'>
robot.toplogo_widget.child.toplogo_widget: interesting=['AddChild', 'AttachScratchCardNode', 'CloneWidget', 'DetachScratchCardNode', 'EnablePressScale', 'GetScratchCardNode', 'GetTextureType', 'IsAncestorsVisible', 'IsWorldPosInNodeBound', 'SCRATCH_CARD_IMAGE_NAME', 'SCRATCH_CARD_TOUCH_NAME', 'SetChildrenClippingEnabled', 'SetChildrenClippingType', 'SetNodeHoverImage', 'ShowNodeHoverImage', '_CreateScratchCardSplendorNode', '_SetWidgetSwallowTouches', '_scratch_card_node', '_show_node_hover', 'addChild', 'child', 'childex', 'color', 'opacity', 'rchild', 'rchildex', 'rseek', 'scale', 'seek', 'setZoomChildren', 'visible', 'widget', 'zoomChildren']
robot.toplogo_widget.child.toplogo_widget.AddChild: callable sig=<Signature (child, zorder=None)>
robot.toplogo_widget.child.toplogo_widget.AttachScratchCardNode: callable sig=<Signature (texture_width=None, texture_height=None, brush_radius=24, sample_step=None, mask_color=(178, 178, 174, 255), clear_color=(255, 255, 255, 0), flip_y=True, auto_clear_ratio=None, mask_texture=None, mask_texture_is_file=False, auto_clear_callback=None, remove_on_auto_clear=True, layer_zorder=99999, touch_layer_zorder=100000, mask_node_name=None, touch_node_name=None)>
robot.toplogo_widget.child.toplogo_widget.CloneWidget: callable sig=<Signature (widget, retain=False, ignore_leak_inspect=False)>
robot.toplogo_widget.child.toplogo_widget.DetachScratchCardNode: callable sig=<Signature ()>
robot.toplogo_widget.child.toplogo_widget.EnablePressScale: callable sig=<Signature (enable, scale=0.0, origin_scale=1.0)>
robot.toplogo_widget.child.toplogo_widget.GetScratchCardNode: callable sig=<Signature ()>
robot.toplogo_widget.child.toplogo_widget.GetTextureType: callable sig=<Signature (resource_name)>
robot.toplogo_widget.child.toplogo_widget.IsAncestorsVisible: callable sig=<Signature ()>
robot.toplogo_widget.child.toplogo_widget.IsWorldPosInNodeBound: callable sig=<Signature (x, y)>
robot.toplogo_widget.child.toplogo_widget.SCRATCH_CARD_IMAGE_NAME: '_scratch_card_image' type=<class 'str'>
robot.toplogo_widget.child.toplogo_widget.SCRATCH_CARD_TOUCH_NAME: '_scratch_card_touch' type=<class 'str'>
robot.toplogo_widget.child.toplogo_widget.SetChildrenClippingEnabled: callable sig=<Signature (enabled)>
robot.toplogo_widget.child.toplogo_widget.SetChildrenClippingType: callable sig=<Signature (clipping_type)>
robot.toplogo_widget.child.toplogo_widget.SetNodeHoverImage: callable sig=<Signature (image_id, is_scale9=False, scale9_params=None, anchor_point=None, pos=None, contentsize=None, size_offset=None)>
robot.toplogo_widget.child.toplogo_widget.ShowNodeHoverImage: callable sig=<Signature (visible)>
robot.toplogo_widget.child.toplogo_widget._CreateScratchCardSplendorNode: callable sig=<Signature (node_name, zorder)>
robot.toplogo_widget.child.toplogo_widget._SetWidgetSwallowTouches: callable sig=<Signature (widget, enable)>
robot.toplogo_widget.child.toplogo_widget._scratch_card_node: None type=<class 'NoneType'>
robot.toplogo_widget.child.toplogo_widget._show_node_hover: callable sig=<Signature (node, visible)>
robot.toplogo_widget.child.toplogo_widget.addChild: callable sig=<Signature (child, zorder=None)>
robot.toplogo_widget.child.toplogo_widget.child: callable sig=<Signature (name: str, wrapper: Type[~T_UINode_Inst] | Callable[[cc.Node | None], ~T_UINode_Inst] | None = None) -> ~T_UINode_Inst | ForwardRef('UINode')>
robot.toplogo_widget.child.toplogo_widget.childex: callable sig=<Signature (path: str, wrapper: Type[~T_UINode_Inst] | None = None) -> ~T_UINode_Inst | ForwardRef('UINode')>
robot.toplogo_widget.child.toplogo_widget.color: (<gshare.utils.Swallower object at 0x00000259D7E49180>, <gshare.utils.Swallower object at 0x00000259D7E49180>, <gshare.utils.Swallower object at 0x00000259D7E49180>) type=<class 'tuple'>
robot.toplogo_widget.child.toplogo_widget.opacity: callable <gshare.utils.Swallower object at 0x00000259D7E49180>
robot.toplogo_widget.child.toplogo_widget.rchild: callable sig=<Signature (name) -> cc.Node>
robot.toplogo_widget.child.toplogo_widget.rchildex: callable sig=<Signature (path) -> cc.Node>
robot.toplogo_widget.child.toplogo_widget.rseek: callable sig=<Signature (name) -> cc.Node>
robot.toplogo_widget.child.toplogo_widget.scale: callable <gshare.utils.Swallower object at 0x00000259D7E49180>
robot.toplogo_widget.child.toplogo_widget.seek: callable sig=<Signature (name: str, wrapper: Type[~T_UINode_Inst] | Callable[[cc.Node | None], ~T_UINode_Inst] | None = None) -> ~T_UINode_Inst | ForwardRef('UINode')>
robot.toplogo_widget.child.toplogo_widget.setZoomChildren: callable sig=<Signature (children)>
robot.toplogo_widget.child.toplogo_widget.visible: callable <gshare.utils.Swallower object at 0x00000259D7E49180>
robot.toplogo_widget.child.toplogo_widget.widget: callable <gshare.utils.Swallower object at 0x00000259D7E49180>
robot.toplogo_widget.child.toplogo_widget.zoomChildren: callable sig=<Signature (bzoom)>
robot.toplogo_widget.child('txt_level') -> <gclient.framework.ui.widgets.ui_node.UINode object(Swallower) at 0x25A1727F8C0> type=<class 'gclient.framework.ui.widgets.ui_node.UINode'>
robot.toplogo_widget.child.txt_level: <gclient.framework.ui.widgets.ui_node.UINode object(Swallower) at 0x25A1727F8C0> type=<class 'gclient.framework.ui.widgets.ui_node.UINode'>
robot.toplogo_widget.child.txt_level: interesting=['AddChild', 'AttachScratchCardNode', 'CloneWidget', 'DetachScratchCardNode', 'EnablePressScale', 'GetScratchCardNode', 'GetTextureType', 'IsAncestorsVisible', 'IsWorldPosInNodeBound', 'SCRATCH_CARD_IMAGE_NAME', 'SCRATCH_CARD_TOUCH_NAME', 'SetChildrenClippingEnabled', 'SetChildrenClippingType', 'SetNodeHoverImage', 'ShowNodeHoverImage', '_CreateScratchCardSplendorNode', '_SetWidgetSwallowTouches', '_scratch_card_node', '_show_node_hover', 'addChild', 'child', 'childex', 'color', 'opacity', 'rchild', 'rchildex', 'rseek', 'scale', 'seek', 'setZoomChildren', 'visible', 'widget', 'zoomChildren']
robot.toplogo_widget.child.txt_level.AddChild: callable sig=<Signature (child, zorder=None)>
robot.toplogo_widget.child.txt_level.AttachScratchCardNode: callable sig=<Signature (texture_width=None, texture_height=None, brush_radius=24, sample_step=None, mask_color=(178, 178, 174, 255), clear_color=(255, 255, 255, 0), flip_y=True, auto_clear_ratio=None, mask_texture=None, mask_texture_is_file=False, auto_clear_callback=None, remove_on_auto_clear=True, layer_zorder=99999, touch_layer_zorder=100000, mask_node_name=None, touch_node_name=None)>
robot.toplogo_widget.child.txt_level.CloneWidget: callable sig=<Signature (widget, retain=False, ignore_leak_inspect=False)>
robot.toplogo_widget.child.txt_level.DetachScratchCardNode: callable sig=<Signature ()>
robot.toplogo_widget.child.txt_level.EnablePressScale: callable sig=<Signature (enable, scale=0.0, origin_scale=1.0)>
robot.toplogo_widget.child.txt_level.GetScratchCardNode: callable sig=<Signature ()>
robot.toplogo_widget.child.txt_level.GetTextureType: callable sig=<Signature (resource_name)>
robot.toplogo_widget.child.txt_level.IsAncestorsVisible: callable sig=<Signature ()>
robot.toplogo_widget.child.txt_level.IsWorldPosInNodeBound: callable sig=<Signature (x, y)>
robot.toplogo_widget.child.txt_level.SCRATCH_CARD_IMAGE_NAME: '_scratch_card_image' type=<class 'str'>
robot.toplogo_widget.child.txt_level.SCRATCH_CARD_TOUCH_NAME: '_scratch_card_touch' type=<class 'str'>
robot.toplogo_widget.child.txt_level.SetChildrenClippingEnabled: callable sig=<Signature (enabled)>
robot.toplogo_widget.child.txt_level.SetChildrenClippingType: callable sig=<Signature (clipping_type)>
robot.toplogo_widget.child.txt_level.SetNodeHoverImage: callable sig=<Signature (image_id, is_scale9=False, scale9_params=None, anchor_point=None, pos=None, contentsize=None, size_offset=None)>
robot.toplogo_widget.child.txt_level.ShowNodeHoverImage: callable sig=<Signature (visible)>
robot.toplogo_widget.child.txt_level._CreateScratchCardSplendorNode: callable sig=<Signature (node_name, zorder)>
robot.toplogo_widget.child.txt_level._SetWidgetSwallowTouches: callable sig=<Signature (widget, enable)>
robot.toplogo_widget.child.txt_level._scratch_card_node: None type=<class 'NoneType'>
robot.toplogo_widget.child.txt_level._show_node_hover: callable sig=<Signature (node, visible)>
robot.toplogo_widget.child.txt_level.addChild: callable sig=<Signature (child, zorder=None)>
robot.toplogo_widget.child.txt_level.child: callable sig=<Signature (name: str, wrapper: Type[~T_UINode_Inst] | Callable[[cc.Node | None], ~T_UINode_Inst] | None = None) -> ~T_UINode_Inst | ForwardRef('UINode')>
robot.toplogo_widget.child.txt_level.childex: callable sig=<Signature (path: str, wrapper: Type[~T_UINode_Inst] | None = None) -> ~T_UINode_Inst | ForwardRef('UINode')>
robot.toplogo_widget.child.txt_level.color: (<gshare.utils.Swallower object at 0x0000025A174952C0>, <gshare.utils.Swallower object at 0x0000025A174952C0>, <gshare.utils.Swallower object at 0x0000025A174952C0>) type=<class 'tuple'>
robot.toplogo_widget.child.txt_level.opacity: callable <gshare.utils.Swallower object at 0x0000025A174952C0>
robot.toplogo_widget.child.txt_level.rchild: callable sig=<Signature (name) -> cc.Node>
robot.toplogo_widget.child.txt_level.rchildex: callable sig=<Signature (path) -> cc.Node>
robot.toplogo_widget.child.txt_level.rseek: callable sig=<Signature (name) -> cc.Node>
robot.toplogo_widget.child.txt_level.scale: callable <gshare.utils.Swallower object at 0x0000025A174952C0>
robot.toplogo_widget.child.txt_level.seek: callable sig=<Signature (name: str, wrapper: Type[~T_UINode_Inst] | Callable[[cc.Node | None], ~T_UINode_Inst] | None = None) -> ~T_UINode_Inst | ForwardRef('UINode')>
robot.toplogo_widget.child.txt_level.setZoomChildren: callable sig=<Signature (children)>
robot.toplogo_widget.child.txt_level.visible: callable <gshare.utils.Swallower object at 0x0000025A174952C0>
robot.toplogo_widget.child.txt_level.widget: callable <gshare.utils.Swallower object at 0x0000025A174952C0>
robot.toplogo_widget.child.txt_level.zoomChildren: callable sig=<Signature (bzoom)>
robot.toplogo_widget.child('txt_title') -> <gclient.framework.ui.widgets.ui_node.UINode object(Swallower) at 0x25A1727F770> type=<class 'gclient.framework.ui.widgets.ui_node.UINode'>
robot.toplogo_widget.child.txt_title: <gclient.framework.ui.widgets.ui_node.UINode object(Swallower) at 0x25A1727F770> type=<class 'gclient.framework.ui.widgets.ui_node.UINode'>
robot.toplogo_widget.child.txt_title: interesting=['AddChild', 'AttachScratchCardNode', 'CloneWidget', 'DetachScratchCardNode', 'EnablePressScale', 'GetScratchCardNode', 'GetTextureType', 'IsAncestorsVisible', 'IsWorldPosInNodeBound', 'SCRATCH_CARD_IMAGE_NAME', 'SCRATCH_CARD_TOUCH_NAME', 'SetChildrenClippingEnabled', 'SetChildrenClippingType', 'SetNodeHoverImage', 'ShowNodeHoverImage', '_CreateScratchCardSplendorNode', '_SetWidgetSwallowTouches', '_scratch_card_node', '_show_node_hover', 'addChild', 'child', 'childex', 'color', 'opacity', 'rchild', 'rchildex', 'rseek', 'scale', 'seek', 'setZoomChildren', 'visible', 'widget', 'zoomChildren']
robot.toplogo_widget.child.txt_title.AddChild: callable sig=<Signature (child, zorder=None)>
robot.toplogo_widget.child.txt_title.AttachScratchCardNode: callable sig=<Signature (texture_width=None, texture_height=None, brush_radius=24, sample_step=None, mask_color=(178, 178, 174, 255), clear_color=(255, 255, 255, 0), flip_y=True, auto_clear_ratio=None, mask_texture=None, mask_texture_is_file=False, auto_clear_callback=None, remove_on_auto_clear=True, layer_zorder=99999, touch_layer_zorder=100000, mask_node_name=None, touch_node_name=None)>
robot.toplogo_widget.child.txt_title.CloneWidget: callable sig=<Signature (widget, retain=False, ignore_leak_inspect=False)>
robot.toplogo_widget.child.txt_title.DetachScratchCardNode: callable sig=<Signature ()>
robot.toplogo_widget.child.txt_title.EnablePressScale: callable sig=<Signature (enable, scale=0.0, origin_scale=1.0)>
robot.toplogo_widget.child.txt_title.GetScratchCardNode: callable sig=<Signature ()>
robot.toplogo_widget.child.txt_title.GetTextureType: callable sig=<Signature (resource_name)>
robot.toplogo_widget.child.txt_title.IsAncestorsVisible: callable sig=<Signature ()>
robot.toplogo_widget.child.txt_title.IsWorldPosInNodeBound: callable sig=<Signature (x, y)>
robot.toplogo_widget.child.txt_title.SCRATCH_CARD_IMAGE_NAME: '_scratch_card_image' type=<class 'str'>
robot.toplogo_widget.child.txt_title.SCRATCH_CARD_TOUCH_NAME: '_scratch_card_touch' type=<class 'str'>
robot.toplogo_widget.child.txt_title.SetChildrenClippingEnabled: callable sig=<Signature (enabled)>
robot.toplogo_widget.child.txt_title.SetChildrenClippingType: callable sig=<Signature (clipping_type)>
robot.toplogo_widget.child.txt_title.SetNodeHoverImage: callable sig=<Signature (image_id, is_scale9=False, scale9_params=None, anchor_point=None, pos=None, contentsize=None, size_offset=None)>
robot.toplogo_widget.child.txt_title.ShowNodeHoverImage: callable sig=<Signature (visible)>
robot.toplogo_widget.child.txt_title._CreateScratchCardSplendorNode: callable sig=<Signature (node_name, zorder)>
robot.toplogo_widget.child.txt_title._SetWidgetSwallowTouches: callable sig=<Signature (widget, enable)>
robot.toplogo_widget.child.txt_title._scratch_card_node: None type=<class 'NoneType'>
robot.toplogo_widget.child.txt_title._show_node_hover: callable sig=<Signature (node, visible)>
robot.toplogo_widget.child.txt_title.addChild: callable sig=<Signature (child, zorder=None)>
robot.toplogo_widget.child.txt_title.child: callable sig=<Signature (name: str, wrapper: Type[~T_UINode_Inst] | Callable[[cc.Node | None], ~T_UINode_Inst] | None = None) -> ~T_UINode_Inst | ForwardRef('UINode')>
robot.toplogo_widget.child.txt_title.childex: callable sig=<Signature (path: str, wrapper: Type[~T_UINode_Inst] | None = None) -> ~T_UINode_Inst | ForwardRef('UINode')>
robot.toplogo_widget.child.txt_title.color: (<gshare.utils.Swallower object at 0x00000259D7E49180>, <gshare.utils.Swallower object at 0x00000259D7E49180>, <gshare.utils.Swallower object at 0x00000259D7E49180>) type=<class 'tuple'>
robot.toplogo_widget.child.txt_title.opacity: callable <gshare.utils.Swallower object at 0x00000259D7E49180>
robot.toplogo_widget.child.txt_title.rchild: callable sig=<Signature (name) -> cc.Node>
robot.toplogo_widget.child.txt_title.rchildex: callable sig=<Signature (path) -> cc.Node>
robot.toplogo_widget.child.txt_title.rseek: callable sig=<Signature (name) -> cc.Node>
robot.toplogo_widget.child.txt_title.scale: callable <gshare.utils.Swallower object at 0x00000259D7E49180>
robot.toplogo_widget.child.txt_title.seek: callable sig=<Signature (name: str, wrapper: Type[~T_UINode_Inst] | Callable[[cc.Node | None], ~T_UINode_Inst] | None = None) -> ~T_UINode_Inst | ForwardRef('UINode')>
robot.toplogo_widget.child.txt_title.setZoomChildren: callable sig=<Signature (children)>
robot.toplogo_widget.child.txt_title.visible: callable <gshare.utils.Swallower object at 0x00000259D7E49180>
robot.toplogo_widget.child.txt_title.widget: callable <gshare.utils.Swallower object at 0x00000259D7E49180>
robot.toplogo_widget.child.txt_title.zoomChildren: callable sig=<Signature (bzoom)>
robot.toplogo_widget.childex('txt_distance') -> <gclient.framework.ui.widgets.ui_node.UINode object(Swallower) at 0x25A1727F8C0> type=<class 'gclient.framework.ui.widgets.ui_node.UINode'>
robot.toplogo_widget.childex.txt_distance: <gclient.framework.ui.widgets.ui_node.UINode object(Swallower) at 0x25A1727F8C0> type=<class 'gclient.framework.ui.widgets.ui_node.UINode'>
robot.toplogo_widget.childex.txt_distance: interesting=['AddChild', 'AttachScratchCardNode', 'CloneWidget', 'DetachScratchCardNode', 'EnablePressScale', 'GetScratchCardNode', 'GetTextureType', 'IsAncestorsVisible', 'IsWorldPosInNodeBound', 'SCRATCH_CARD_IMAGE_NAME', 'SCRATCH_CARD_TOUCH_NAME', 'SetChildrenClippingEnabled', 'SetChildrenClippingType', 'SetNodeHoverImage', 'ShowNodeHoverImage', '_CreateScratchCardSplendorNode', '_SetWidgetSwallowTouches', '_scratch_card_node', '_show_node_hover', 'addChild', 'child', 'childex', 'color', 'opacity', 'rchild', 'rchildex', 'rseek', 'scale', 'seek', 'setZoomChildren', 'visible', 'widget', 'zoomChildren']
robot.toplogo_widget.childex.txt_distance.AddChild: callable sig=<Signature (child, zorder=None)>
robot.toplogo_widget.childex.txt_distance.AttachScratchCardNode: callable sig=<Signature (texture_width=None, texture_height=None, brush_radius=24, sample_step=None, mask_color=(178, 178, 174, 255), clear_color=(255, 255, 255, 0), flip_y=True, auto_clear_ratio=None, mask_texture=None, mask_texture_is_file=False, auto_clear_callback=None, remove_on_auto_clear=True, layer_zorder=99999, touch_layer_zorder=100000, mask_node_name=None, touch_node_name=None)>
robot.toplogo_widget.childex.txt_distance.CloneWidget: callable sig=<Signature (widget, retain=False, ignore_leak_inspect=False)>
robot.toplogo_widget.childex.txt_distance.DetachScratchCardNode: callable sig=<Signature ()>
robot.toplogo_widget.childex.txt_distance.EnablePressScale: callable sig=<Signature (enable, scale=0.0, origin_scale=1.0)>
robot.toplogo_widget.childex.txt_distance.GetScratchCardNode: callable sig=<Signature ()>
robot.toplogo_widget.childex.txt_distance.GetTextureType: callable sig=<Signature (resource_name)>
robot.toplogo_widget.childex.txt_distance.IsAncestorsVisible: callable sig=<Signature ()>
robot.toplogo_widget.childex.txt_distance.IsWorldPosInNodeBound: callable sig=<Signature (x, y)>
robot.toplogo_widget.childex.txt_distance.SCRATCH_CARD_IMAGE_NAME: '_scratch_card_image' type=<class 'str'>
robot.toplogo_widget.childex.txt_distance.SCRATCH_CARD_TOUCH_NAME: '_scratch_card_touch' type=<class 'str'>
robot.toplogo_widget.childex.txt_distance.SetChildrenClippingEnabled: callable sig=<Signature (enabled)>
robot.toplogo_widget.childex.txt_distance.SetChildrenClippingType: callable sig=<Signature (clipping_type)>
robot.toplogo_widget.childex.txt_distance.SetNodeHoverImage: callable sig=<Signature (image_id, is_scale9=False, scale9_params=None, anchor_point=None, pos=None, contentsize=None, size_offset=None)>
robot.toplogo_widget.childex.txt_distance.ShowNodeHoverImage: callable sig=<Signature (visible)>
robot.toplogo_widget.childex.txt_distance._CreateScratchCardSplendorNode: callable sig=<Signature (node_name, zorder)>
robot.toplogo_widget.childex.txt_distance._SetWidgetSwallowTouches: callable sig=<Signature (widget, enable)>
robot.toplogo_widget.childex.txt_distance._scratch_card_node: None type=<class 'NoneType'>
robot.toplogo_widget.childex.txt_distance._show_node_hover: callable sig=<Signature (node, visible)>
robot.toplogo_widget.childex.txt_distance.addChild: callable sig=<Signature (child, zorder=None)>
robot.toplogo_widget.childex.txt_distance.child: callable sig=<Signature (name: str, wrapper: Type[~T_UINode_Inst] | Callable[[cc.Node | None], ~T_UINode_Inst] | None = None) -> ~T_UINode_Inst | ForwardRef('UINode')>
robot.toplogo_widget.childex.txt_distance.childex: callable sig=<Signature (path: str, wrapper: Type[~T_UINode_Inst] | None = None) -> ~T_UINode_Inst | ForwardRef('UINode')>
robot.toplogo_widget.childex.txt_distance.color: (<gshare.utils.Swallower object at 0x0000025A174952C0>, <gshare.utils.Swallower object at 0x0000025A174952C0>, <gshare.utils.Swallower object at 0x0000025A174952C0>) type=<class 'tuple'>
robot.toplogo_widget.childex.txt_distance.opacity: callable <gshare.utils.Swallower object at 0x0000025A174952C0>
robot.toplogo_widget.childex.txt_distance.rchild: callable sig=<Signature (name) -> cc.Node>
robot.toplogo_widget.childex.txt_distance.rchildex: callable sig=<Signature (path) -> cc.Node>
robot.toplogo_widget.childex.txt_distance.rseek: callable sig=<Signature (name) -> cc.Node>
robot.toplogo_widget.childex.txt_distance.scale: callable <gshare.utils.Swallower object at 0x0000025A174952C0>
robot.toplogo_widget.childex.txt_distance.seek: callable sig=<Signature (name: str, wrapper: Type[~T_UINode_Inst] | Callable[[cc.Node | None], ~T_UINode_Inst] | None = None) -> ~T_UINode_Inst | ForwardRef('UINode')>
robot.toplogo_widget.childex.txt_distance.setZoomChildren: callable sig=<Signature (children)>
robot.toplogo_widget.childex.txt_distance.visible: callable <gshare.utils.Swallower object at 0x0000025A174952C0>
robot.toplogo_widget.childex.txt_distance.widget: callable <gshare.utils.Swallower object at 0x0000025A174952C0>
robot.toplogo_widget.childex.txt_distance.zoomChildren: callable sig=<Signature (bzoom)>
robot.toplogo_widget.childex('txt_dist') -> <gclient.framework.ui.widgets.ui_node.UINode object(Swallower) at 0x25A1727F770> type=<class 'gclient.framework.ui.widgets.ui_node.UINode'>
robot.toplogo_widget.childex.txt_dist: <gclient.framework.ui.widgets.ui_node.UINode object(Swallower) at 0x25A1727F770> type=<class 'gclient.framework.ui.widgets.ui_node.UINode'>
robot.toplogo_widget.childex.txt_dist: interesting=['AddChild', 'AttachScratchCardNode', 'CloneWidget', 'DetachScratchCardNode', 'EnablePressScale', 'GetScratchCardNode', 'GetTextureType', 'IsAncestorsVisible', 'IsWorldPosInNodeBound', 'SCRATCH_CARD_IMAGE_NAME', 'SCRATCH_CARD_TOUCH_NAME', 'SetChildrenClippingEnabled', 'SetChildrenClippingType', 'SetNodeHoverImage', 'ShowNodeHoverImage', '_CreateScratchCardSplendorNode', '_SetWidgetSwallowTouches', '_scratch_card_node', '_show_node_hover', 'addChild', 'child', 'childex', 'color', 'opacity', 'rchild', 'rchildex', 'rseek', 'scale', 'seek', 'setZoomChildren', 'visible', 'widget', 'zoomChildren']
robot.toplogo_widget.childex.txt_dist.AddChild: callable sig=<Signature (child, zorder=None)>
robot.toplogo_widget.childex.txt_dist.AttachScratchCardNode: callable sig=<Signature (texture_width=None, texture_height=None, brush_radius=24, sample_step=None, mask_color=(178, 178, 174, 255), clear_color=(255, 255, 255, 0), flip_y=True, auto_clear_ratio=None, mask_texture=None, mask_texture_is_file=False, auto_clear_callback=None, remove_on_auto_clear=True, layer_zorder=99999, touch_layer_zorder=100000, mask_node_name=None, touch_node_name=None)>
robot.toplogo_widget.childex.txt_dist.CloneWidget: callable sig=<Signature (widget, retain=False, ignore_leak_inspect=False)>
robot.toplogo_widget.childex.txt_dist.DetachScratchCardNode: callable sig=<Signature ()>
robot.toplogo_widget.childex.txt_dist.EnablePressScale: callable sig=<Signature (enable, scale=0.0, origin_scale=1.0)>
robot.toplogo_widget.childex.txt_dist.GetScratchCardNode: callable sig=<Signature ()>
robot.toplogo_widget.childex.txt_dist.GetTextureType: callable sig=<Signature (resource_name)>
robot.toplogo_widget.childex.txt_dist.IsAncestorsVisible: callable sig=<Signature ()>
robot.toplogo_widget.childex.txt_dist.IsWorldPosInNodeBound: callable sig=<Signature (x, y)>
robot.toplogo_widget.childex.txt_dist.SCRATCH_CARD_IMAGE_NAME: '_scratch_card_image' type=<class 'str'>
robot.toplogo_widget.childex.txt_dist.SCRATCH_CARD_TOUCH_NAME: '_scratch_card_touch' type=<class 'str'>
robot.toplogo_widget.childex.txt_dist.SetChildrenClippingEnabled: callable sig=<Signature (enabled)>
robot.toplogo_widget.childex.txt_dist.SetChildrenClippingType: callable sig=<Signature (clipping_type)>
robot.toplogo_widget.childex.txt_dist.SetNodeHoverImage: callable sig=<Signature (image_id, is_scale9=False, scale9_params=None, anchor_point=None, pos=None, contentsize=None, size_offset=None)>
robot.toplogo_widget.childex.txt_dist.ShowNodeHoverImage: callable sig=<Signature (visible)>
robot.toplogo_widget.childex.txt_dist._CreateScratchCardSplendorNode: callable sig=<Signature (node_name, zorder)>
robot.toplogo_widget.childex.txt_dist._SetWidgetSwallowTouches: callable sig=<Signature (widget, enable)>
robot.toplogo_widget.childex.txt_dist._scratch_card_node: None type=<class 'NoneType'>
robot.toplogo_widget.childex.txt_dist._show_node_hover: callable sig=<Signature (node, visible)>
robot.toplogo_widget.childex.txt_dist.addChild: callable sig=<Signature (child, zorder=None)>
robot.toplogo_widget.childex.txt_dist.child: callable sig=<Signature (name: str, wrapper: Type[~T_UINode_Inst] | Callable[[cc.Node | None], ~T_UINode_Inst] | None = None) -> ~T_UINode_Inst | ForwardRef('UINode')>
robot.toplogo_widget.childex.txt_dist.childex: callable sig=<Signature (path: str, wrapper: Type[~T_UINode_Inst] | None = None) -> ~T_UINode_Inst | ForwardRef('UINode')>
robot.toplogo_widget.childex.txt_dist.color: (<gshare.utils.Swallower object at 0x00000259F74D0E60>, <gshare.utils.Swallower object at 0x00000259F74D0E60>, <gshare.utils.Swallower object at 0x00000259F74D0E60>) type=<class 'tuple'>
robot.toplogo_widget.childex.txt_dist.opacity: callable <gshare.utils.Swallower object at 0x00000259F74D0E60>
robot.toplogo_widget.childex.txt_dist.rchild: callable sig=<Signature (name) -> cc.Node>
robot.toplogo_widget.childex.txt_dist.rchildex: callable sig=<Signature (path) -> cc.Node>
robot.toplogo_widget.childex.txt_dist.rseek: callable sig=<Signature (name) -> cc.Node>
robot.toplogo_widget.childex.txt_dist.scale: callable <gshare.utils.Swallower object at 0x00000259F74D0E60>
robot.toplogo_widget.childex.txt_dist.seek: callable sig=<Signature (name: str, wrapper: Type[~T_UINode_Inst] | Callable[[cc.Node | None], ~T_UINode_Inst] | None = None) -> ~T_UINode_Inst | ForwardRef('UINode')>
robot.toplogo_widget.childex.txt_dist.setZoomChildren: callable sig=<Signature (children)>
robot.toplogo_widget.childex.txt_dist.visible: callable <gshare.utils.Swallower object at 0x00000259F74D0E60>
robot.toplogo_widget.childex.txt_dist.widget: callable <gshare.utils.Swallower object at 0x00000259F74D0E60>
robot.toplogo_widget.childex.txt_dist.zoomChildren: callable sig=<Signature (bzoom)>
robot.toplogo_widget.childex('txt_dis') -> <gclient.framework.ui.widgets.ui_node.UINode object(Swallower) at 0x25A1727F8C0> type=<class 'gclient.framework.ui.widgets.ui_node.UINode'>
robot.toplogo_widget.childex.txt_dis: <gclient.framework.ui.widgets.ui_node.UINode object(Swallower) at 0x25A1727F8C0> type=<class 'gclient.framework.ui.widgets.ui_node.UINode'>
robot.toplogo_widget.childex.txt_dis: interesting=['AddChild', 'AttachScratchCardNode', 'CloneWidget', 'DetachScratchCardNode', 'EnablePressScale', 'GetScratchCardNode', 'GetTextureType', 'IsAncestorsVisible', 'IsWorldPosInNodeBound', 'SCRATCH_CARD_IMAGE_NAME', 'SCRATCH_CARD_TOUCH_NAME', 'SetChildrenClippingEnabled', 'SetChildrenClippingType', 'SetNodeHoverImage', 'ShowNodeHoverImage', '_CreateScratchCardSplendorNode', '_SetWidgetSwallowTouches', '_scratch_card_node', '_show_node_hover', 'addChild', 'child', 'childex', 'color', 'opacity', 'rchild', 'rchildex', 'rseek', 'scale', 'seek', 'setZoomChildren', 'visible', 'widget', 'zoomChildren']
robot.toplogo_widget.childex.txt_dis.AddChild: callable sig=<Signature (child, zorder=None)>
robot.toplogo_widget.childex.txt_dis.AttachScratchCardNode: callable sig=<Signature (texture_width=None, texture_height=None, brush_radius=24, sample_step=None, mask_color=(178, 178, 174, 255), clear_color=(255, 255, 255, 0), flip_y=True, auto_clear_ratio=None, mask_texture=None, mask_texture_is_file=False, auto_clear_callback=None, remove_on_auto_clear=True, layer_zorder=99999, touch_layer_zorder=100000, mask_node_name=None, touch_node_name=None)>
robot.toplogo_widget.childex.txt_dis.CloneWidget: callable sig=<Signature (widget, retain=False, ignore_leak_inspect=False)>
robot.toplogo_widget.childex.txt_dis.DetachScratchCardNode: callable sig=<Signature ()>
robot.toplogo_widget.childex.txt_dis.EnablePressScale: callable sig=<Signature (enable, scale=0.0, origin_scale=1.0)>
robot.toplogo_widget.childex.txt_dis.GetScratchCardNode: callable sig=<Signature ()>
robot.toplogo_widget.childex.txt_dis.GetTextureType: callable sig=<Signature (resource_name)>
robot.toplogo_widget.childex.txt_dis.IsAncestorsVisible: callable sig=<Signature ()>
robot.toplogo_widget.childex.txt_dis.IsWorldPosInNodeBound: callable sig=<Signature (x, y)>
robot.toplogo_widget.childex.txt_dis.SCRATCH_CARD_IMAGE_NAME: '_scratch_card_image' type=<class 'str'>
robot.toplogo_widget.childex.txt_dis.SCRATCH_CARD_TOUCH_NAME: '_scratch_card_touch' type=<class 'str'>
robot.toplogo_widget.childex.txt_dis.SetChildrenClippingEnabled: callable sig=<Signature (enabled)>
robot.toplogo_widget.childex.txt_dis.SetChildrenClippingType: callable sig=<Signature (clipping_type)>
robot.toplogo_widget.childex.txt_dis.SetNodeHoverImage: callable sig=<Signature (image_id, is_scale9=False, scale9_params=None, anchor_point=None, pos=None, contentsize=None, size_offset=None)>
robot.toplogo_widget.childex.txt_dis.ShowNodeHoverImage: callable sig=<Signature (visible)>
robot.toplogo_widget.childex.txt_dis._CreateScratchCardSplendorNode: callable sig=<Signature (node_name, zorder)>
robot.toplogo_widget.childex.txt_dis._SetWidgetSwallowTouches: callable sig=<Signature (widget, enable)>
robot.toplogo_widget.childex.txt_dis._scratch_card_node: None type=<class 'NoneType'>
robot.toplogo_widget.childex.txt_dis._show_node_hover: callable sig=<Signature (node, visible)>
robot.toplogo_widget.childex.txt_dis.addChild: callable sig=<Signature (child, zorder=None)>
robot.toplogo_widget.childex.txt_dis.child: callable sig=<Signature (name: str, wrapper: Type[~T_UINode_Inst] | Callable[[cc.Node | None], ~T_UINode_Inst] | None = None) -> ~T_UINode_Inst | ForwardRef('UINode')>
robot.toplogo_widget.childex.txt_dis.childex: callable sig=<Signature (path: str, wrapper: Type[~T_UINode_Inst] | None = None) -> ~T_UINode_Inst | ForwardRef('UINode')>
robot.toplogo_widget.childex.txt_dis.color: (<gshare.utils.Swallower object at 0x0000025A174952C0>, <gshare.utils.Swallower object at 0x0000025A174952C0>, <gshare.utils.Swallower object at 0x0000025A174952C0>) type=<class 'tuple'>
robot.toplogo_widget.childex.txt_dis.opacity: callable <gshare.utils.Swallower object at 0x0000025A174952C0>
robot.toplogo_widget.childex.txt_dis.rchild: callable sig=<Signature (name) -> cc.Node>
robot.toplogo_widget.childex.txt_dis.rchildex: callable sig=<Signature (path) -> cc.Node>
robot.toplogo_widget.childex.txt_dis.rseek: callable sig=<Signature (name) -> cc.Node>
robot.toplogo_widget.childex.txt_dis.scale: callable <gshare.utils.Swallower object at 0x0000025A174952C0>
robot.toplogo_widget.childex.txt_dis.seek: callable sig=<Signature (name: str, wrapper: Type[~T_UINode_Inst] | Callable[[cc.Node | None], ~T_UINode_Inst] | None = None) -> ~T_UINode_Inst | ForwardRef('UINode')>
robot.toplogo_widget.childex.txt_dis.setZoomChildren: callable sig=<Signature (children)>
robot.toplogo_widget.childex.txt_dis.visible: callable <gshare.utils.Swallower object at 0x0000025A174952C0>
robot.toplogo_widget.childex.txt_dis.widget: callable <gshare.utils.Swallower object at 0x0000025A174952C0>
robot.toplogo_widget.childex.txt_dis.zoomChildren: callable sig=<Signature (bzoom)>
robot.toplogo_widget.childex('txtDistance') -> <gclient.framework.ui.widgets.ui_node.UINode object(Swallower) at 0x25A1727F770> type=<class 'gclient.framework.ui.widgets.ui_node.UINode'>
robot.toplogo_widget.childex.txtDistance: <gclient.framework.ui.widgets.ui_node.UINode object(Swallower) at 0x25A1727F770> type=<class 'gclient.framework.ui.widgets.ui_node.UINode'>
robot.toplogo_widget.childex.txtDistance: interesting=['AddChild', 'AttachScratchCardNode', 'CloneWidget', 'DetachScratchCardNode', 'EnablePressScale', 'GetScratchCardNode', 'GetTextureType', 'IsAncestorsVisible', 'IsWorldPosInNodeBound', 'SCRATCH_CARD_IMAGE_NAME', 'SCRATCH_CARD_TOUCH_NAME', 'SetChildrenClippingEnabled', 'SetChildrenClippingType', 'SetNodeHoverImage', 'ShowNodeHoverImage', '_CreateScratchCardSplendorNode', '_SetWidgetSwallowTouches', '_scratch_card_node', '_show_node_hover', 'addChild', 'child', 'childex', 'color', 'opacity', 'rchild', 'rchildex', 'rseek', 'scale', 'seek', 'setZoomChildren', 'visible', 'widget', 'zoomChildren']
robot.toplogo_widget.childex.txtDistance.AddChild: callable sig=<Signature (child, zorder=None)>
robot.toplogo_widget.childex.txtDistance.AttachScratchCardNode: callable sig=<Signature (texture_width=None, texture_height=None, brush_radius=24, sample_step=None, mask_color=(178, 178, 174, 255), clear_color=(255, 255, 255, 0), flip_y=True, auto_clear_ratio=None, mask_texture=None, mask_texture_is_file=False, auto_clear_callback=None, remove_on_auto_clear=True, layer_zorder=99999, touch_layer_zorder=100000, mask_node_name=None, touch_node_name=None)>
robot.toplogo_widget.childex.txtDistance.CloneWidget: callable sig=<Signature (widget, retain=False, ignore_leak_inspect=False)>
robot.toplogo_widget.childex.txtDistance.DetachScratchCardNode: callable sig=<Signature ()>
robot.toplogo_widget.childex.txtDistance.EnablePressScale: callable sig=<Signature (enable, scale=0.0, origin_scale=1.0)>
robot.toplogo_widget.childex.txtDistance.GetScratchCardNode: callable sig=<Signature ()>
robot.toplogo_widget.childex.txtDistance.GetTextureType: callable sig=<Signature (resource_name)>
robot.toplogo_widget.childex.txtDistance.IsAncestorsVisible: callable sig=<Signature ()>
robot.toplogo_widget.childex.txtDistance.IsWorldPosInNodeBound: callable sig=<Signature (x, y)>
robot.toplogo_widget.childex.txtDistance.SCRATCH_CARD_IMAGE_NAME: '_scratch_card_image' type=<class 'str'>
robot.toplogo_widget.childex.txtDistance.SCRATCH_CARD_TOUCH_NAME: '_scratch_card_touch' type=<class 'str'>
robot.toplogo_widget.childex.txtDistance.SetChildrenClippingEnabled: callable sig=<Signature (enabled)>
robot.toplogo_widget.childex.txtDistance.SetChildrenClippingType: callable sig=<Signature (clipping_type)>
robot.toplogo_widget.childex.txtDistance.SetNodeHoverImage: callable sig=<Signature (image_id, is_scale9=False, scale9_params=None, anchor_point=None, pos=None, contentsize=None, size_offset=None)>
robot.toplogo_widget.childex.txtDistance.ShowNodeHoverImage: callable sig=<Signature (visible)>
robot.toplogo_widget.childex.txtDistance._CreateScratchCardSplendorNode: callable sig=<Signature (node_name, zorder)>
robot.toplogo_widget.childex.txtDistance._SetWidgetSwallowTouches: callable sig=<Signature (widget, enable)>
robot.toplogo_widget.childex.txtDistance._scratch_card_node: None type=<class 'NoneType'>
robot.toplogo_widget.childex.txtDistance._show_node_hover: callable sig=<Signature (node, visible)>
robot.toplogo_widget.childex.txtDistance.addChild: callable sig=<Signature (child, zorder=None)>
robot.toplogo_widget.childex.txtDistance.child: callable sig=<Signature (name: str, wrapper: Type[~T_UINode_Inst] | Callable[[cc.Node | None], ~T_UINode_Inst] | None = None) -> ~T_UINode_Inst | ForwardRef('UINode')>
robot.toplogo_widget.childex.txtDistance.childex: callable sig=<Signature (path: str, wrapper: Type[~T_UINode_Inst] | None = None) -> ~T_UINode_Inst | ForwardRef('UINode')>
robot.toplogo_widget.childex.txtDistance.color: (<gshare.utils.Swallower object at 0x00000259F74D0E60>, <gshare.utils.Swallower object at 0x00000259F74D0E60>, <gshare.utils.Swallower object at 0x00000259F74D0E60>) type=<class 'tuple'>
robot.toplogo_widget.childex.txtDistance.opacity: callable <gshare.utils.Swallower object at 0x00000259F74D0E60>
robot.toplogo_widget.childex.txtDistance.rchild: callable sig=<Signature (name) -> cc.Node>
robot.toplogo_widget.childex.txtDistance.rchildex: callable sig=<Signature (path) -> cc.Node>
robot.toplogo_widget.childex.txtDistance.rseek: callable sig=<Signature (name) -> cc.Node>
robot.toplogo_widget.childex.txtDistance.scale: callable <gshare.utils.Swallower object at 0x00000259F74D0E60>
robot.toplogo_widget.childex.txtDistance.seek: callable sig=<Signature (name: str, wrapper: Type[~T_UINode_Inst] | Callable[[cc.Node | None], ~T_UINode_Inst] | None = None) -> ~T_UINode_Inst | ForwardRef('UINode')>
robot.toplogo_widget.childex.txtDistance.setZoomChildren: callable sig=<Signature (children)>
robot.toplogo_widget.childex.txtDistance.visible: callable <gshare.utils.Swallower object at 0x00000259F74D0E60>
robot.toplogo_widget.childex.txtDistance.widget: callable <gshare.utils.Swallower object at 0x00000259F74D0E60>
robot.toplogo_widget.childex.txtDistance.zoomChildren: callable sig=<Signature (bzoom)>
robot.toplogo_widget.childex('Text_Distance') -> <gclient.framework.ui.widgets.ui_node.UINode object(Swallower) at 0x25A1727F8C0> type=<class 'gclient.framework.ui.widgets.ui_node.UINode'>
robot.toplogo_widget.childex.Text_Distance: <gclient.framework.ui.widgets.ui_node.UINode object(Swallower) at 0x25A1727F8C0> type=<class 'gclient.framework.ui.widgets.ui_node.UINode'>
robot.toplogo_widget.childex.Text_Distance: interesting=['AddChild', 'AttachScratchCardNode', 'CloneWidget', 'DetachScratchCardNode', 'EnablePressScale', 'GetScratchCardNode', 'GetTextureType', 'IsAncestorsVisible', 'IsWorldPosInNodeBound', 'SCRATCH_CARD_IMAGE_NAME', 'SCRATCH_CARD_TOUCH_NAME', 'SetChildrenClippingEnabled', 'SetChildrenClippingType', 'SetNodeHoverImage', 'ShowNodeHoverImage', '_CreateScratchCardSplendorNode', '_SetWidgetSwallowTouches', '_scratch_card_node', '_show_node_hover', 'addChild', 'child', 'childex', 'color', 'opacity', 'rchild', 'rchildex', 'rseek', 'scale', 'seek', 'setZoomChildren', 'visible', 'widget', 'zoomChildren']
robot.toplogo_widget.childex.Text_Distance.AddChild: callable sig=<Signature (child, zorder=None)>
robot.toplogo_widget.childex.Text_Distance.AttachScratchCardNode: callable sig=<Signature (texture_width=None, texture_height=None, brush_radius=24, sample_step=None, mask_color=(178, 178, 174, 255), clear_color=(255, 255, 255, 0), flip_y=True, auto_clear_ratio=None, mask_texture=None, mask_texture_is_file=False, auto_clear_callback=None, remove_on_auto_clear=True, layer_zorder=99999, touch_layer_zorder=100000, mask_node_name=None, touch_node_name=None)>
robot.toplogo_widget.childex.Text_Distance.CloneWidget: callable sig=<Signature (widget, retain=False, ignore_leak_inspect=False)>
robot.toplogo_widget.childex.Text_Distance.DetachScratchCardNode: callable sig=<Signature ()>
robot.toplogo_widget.childex.Text_Distance.EnablePressScale: callable sig=<Signature (enable, scale=0.0, origin_scale=1.0)>
robot.toplogo_widget.childex.Text_Distance.GetScratchCardNode: callable sig=<Signature ()>
robot.toplogo_widget.childex.Text_Distance.GetTextureType: callable sig=<Signature (resource_name)>
robot.toplogo_widget.childex.Text_Distance.IsAncestorsVisible: callable sig=<Signature ()>
robot.toplogo_widget.childex.Text_Distance.IsWorldPosInNodeBound: callable sig=<Signature (x, y)>
robot.toplogo_widget.childex.Text_Distance.SCRATCH_CARD_IMAGE_NAME: '_scratch_card_image' type=<class 'str'>
robot.toplogo_widget.childex.Text_Distance.SCRATCH_CARD_TOUCH_NAME: '_scratch_card_touch' type=<class 'str'>
robot.toplogo_widget.childex.Text_Distance.SetChildrenClippingEnabled: callable sig=<Signature (enabled)>
robot.toplogo_widget.childex.Text_Distance.SetChildrenClippingType: callable sig=<Signature (clipping_type)>
robot.toplogo_widget.childex.Text_Distance.SetNodeHoverImage: callable sig=<Signature (image_id, is_scale9=False, scale9_params=None, anchor_point=None, pos=None, contentsize=None, size_offset=None)>
robot.toplogo_widget.childex.Text_Distance.ShowNodeHoverImage: callable sig=<Signature (visible)>
robot.toplogo_widget.childex.Text_Distance._CreateScratchCardSplendorNode: callable sig=<Signature (node_name, zorder)>
robot.toplogo_widget.childex.Text_Distance._SetWidgetSwallowTouches: callable sig=<Signature (widget, enable)>
robot.toplogo_widget.childex.Text_Distance._scratch_card_node: None type=<class 'NoneType'>
robot.toplogo_widget.childex.Text_Distance._show_node_hover: callable sig=<Signature (node, visible)>
robot.toplogo_widget.childex.Text_Distance.addChild: callable sig=<Signature (child, zorder=None)>
robot.toplogo_widget.childex.Text_Distance.child: callable sig=<Signature (name: str, wrapper: Type[~T_UINode_Inst] | Callable[[cc.Node | None], ~T_UINode_Inst] | None = None) -> ~T_UINode_Inst | ForwardRef('UINode')>
robot.toplogo_widget.childex.Text_Distance.childex: callable sig=<Signature (path: str, wrapper: Type[~T_UINode_Inst] | None = None) -> ~T_UINode_Inst | ForwardRef('UINode')>
robot.toplogo_widget.childex.Text_Distance.color: (<gshare.utils.Swallower object at 0x00000259D7E49180>, <gshare.utils.Swallower object at 0x00000259D7E49180>, <gshare.utils.Swallower object at 0x00000259D7E49180>) type=<class 'tuple'>
robot.toplogo_widget.childex.Text_Distance.opacity: callable <gshare.utils.Swallower object at 0x00000259D7E49180>
robot.toplogo_widget.childex.Text_Distance.rchild: callable sig=<Signature (name) -> cc.Node>
robot.toplogo_widget.childex.Text_Distance.rchildex: callable sig=<Signature (path) -> cc.Node>
robot.toplogo_widget.childex.Text_Distance.rseek: callable sig=<Signature (name) -> cc.Node>
robot.toplogo_widget.childex.Text_Distance.scale: callable <gshare.utils.Swallower object at 0x00000259D7E49180>
robot.toplogo_widget.childex.Text_Distance.seek: callable sig=<Signature (name: str, wrapper: Type[~T_UINode_Inst] | Callable[[cc.Node | None], ~T_UINode_Inst] | None = None) -> ~T_UINode_Inst | ForwardRef('UINode')>
robot.toplogo_widget.childex.Text_Distance.setZoomChildren: callable sig=<Signature (children)>
robot.toplogo_widget.childex.Text_Distance.visible: callable <gshare.utils.Swallower object at 0x00000259D7E49180>
robot.toplogo_widget.childex.Text_Distance.widget: callable <gshare.utils.Swallower object at 0x00000259D7E49180>
robot.toplogo_widget.childex.Text_Distance.zoomChildren: callable sig=<Signature (bzoom)>
robot.toplogo_widget.childex('text_distance') -> <gclient.framework.ui.widgets.ui_node.UINode object(Swallower) at 0x25A1727F770> type=<class 'gclient.framework.ui.widgets.ui_node.UINode'>
robot.toplogo_widget.childex.text_distance: <gclient.framework.ui.widgets.ui_node.UINode object(Swallower) at 0x25A1727F770> type=<class 'gclient.framework.ui.widgets.ui_node.UINode'>
robot.toplogo_widget.childex.text_distance: interesting=['AddChild', 'AttachScratchCardNode', 'CloneWidget', 'DetachScratchCardNode', 'EnablePressScale', 'GetScratchCardNode', 'GetTextureType', 'IsAncestorsVisible', 'IsWorldPosInNodeBound', 'SCRATCH_CARD_IMAGE_NAME', 'SCRATCH_CARD_TOUCH_NAME', 'SetChildrenClippingEnabled', 'SetChildrenClippingType', 'SetNodeHoverImage', 'ShowNodeHoverImage', '_CreateScratchCardSplendorNode', '_SetWidgetSwallowTouches', '_scratch_card_node', '_show_node_hover', 'addChild', 'child', 'childex', 'color', 'opacity', 'rchild', 'rchildex', 'rseek', 'scale', 'seek', 'setZoomChildren', 'visible', 'widget', 'zoomChildren']
robot.toplogo_widget.childex.text_distance.AddChild: callable sig=<Signature (child, zorder=None)>
robot.toplogo_widget.childex.text_distance.AttachScratchCardNode: callable sig=<Signature (texture_width=None, texture_height=None, brush_radius=24, sample_step=None, mask_color=(178, 178, 174, 255), clear_color=(255, 255, 255, 0), flip_y=True, auto_clear_ratio=None, mask_texture=None, mask_texture_is_file=False, auto_clear_callback=None, remove_on_auto_clear=True, layer_zorder=99999, touch_layer_zorder=100000, mask_node_name=None, touch_node_name=None)>
robot.toplogo_widget.childex.text_distance.CloneWidget: callable sig=<Signature (widget, retain=False, ignore_leak_inspect=False)>
robot.toplogo_widget.childex.text_distance.DetachScratchCardNode: callable sig=<Signature ()>
robot.toplogo_widget.childex.text_distance.EnablePressScale: callable sig=<Signature (enable, scale=0.0, origin_scale=1.0)>
robot.toplogo_widget.childex.text_distance.GetScratchCardNode: callable sig=<Signature ()>
robot.toplogo_widget.childex.text_distance.GetTextureType: callable sig=<Signature (resource_name)>
robot.toplogo_widget.childex.text_distance.IsAncestorsVisible: callable sig=<Signature ()>
robot.toplogo_widget.childex.text_distance.IsWorldPosInNodeBound: callable sig=<Signature (x, y)>
robot.toplogo_widget.childex.text_distance.SCRATCH_CARD_IMAGE_NAME: '_scratch_card_image' type=<class 'str'>
robot.toplogo_widget.childex.text_distance.SCRATCH_CARD_TOUCH_NAME: '_scratch_card_touch' type=<class 'str'>
robot.toplogo_widget.childex.text_distance.SetChildrenClippingEnabled: callable sig=<Signature (enabled)>
robot.toplogo_widget.childex.text_distance.SetChildrenClippingType: callable sig=<Signature (clipping_type)>
robot.toplogo_widget.childex.text_distance.SetNodeHoverImage: callable sig=<Signature (image_id, is_scale9=False, scale9_params=None, anchor_point=None, pos=None, contentsize=None, size_offset=None)>
robot.toplogo_widget.childex.text_distance.ShowNodeHoverImage: callable sig=<Signature (visible)>
robot.toplogo_widget.childex.text_distance._CreateScratchCardSplendorNode: callable sig=<Signature (node_name, zorder)>
robot.toplogo_widget.childex.text_distance._SetWidgetSwallowTouches: callable sig=<Signature (widget, enable)>
robot.toplogo_widget.childex.text_distance._scratch_card_node: None type=<class 'NoneType'>
robot.toplogo_widget.childex.text_distance._show_node_hover: callable sig=<Signature (node, visible)>
robot.toplogo_widget.childex.text_distance.addChild: callable sig=<Signature (child, zorder=None)>
robot.toplogo_widget.childex.text_distance.child: callable sig=<Signature (name: str, wrapper: Type[~T_UINode_Inst] | Callable[[cc.Node | None], ~T_UINode_Inst] | None = None) -> ~T_UINode_Inst | ForwardRef('UINode')>
robot.toplogo_widget.childex.text_distance.childex: callable sig=<Signature (path: str, wrapper: Type[~T_UINode_Inst] | None = None) -> ~T_UINode_Inst | ForwardRef('UINode')>
robot.toplogo_widget.childex.text_distance.color: (<gshare.utils.Swallower object at 0x0000025A174952C0>, <gshare.utils.Swallower object at 0x0000025A174952C0>, <gshare.utils.Swallower object at 0x0000025A174952C0>) type=<class 'tuple'>
robot.toplogo_widget.childex.text_distance.opacity: callable <gshare.utils.Swallower object at 0x0000025A174952C0>
robot.toplogo_widget.childex.text_distance.rchild: callable sig=<Signature (name) -> cc.Node>
robot.toplogo_widget.childex.text_distance.rchildex: callable sig=<Signature (path) -> cc.Node>
robot.toplogo_widget.childex.text_distance.rseek: callable sig=<Signature (name) -> cc.Node>
robot.toplogo_widget.childex.text_distance.scale: callable <gshare.utils.Swallower object at 0x0000025A174952C0>
robot.toplogo_widget.childex.text_distance.seek: callable sig=<Signature (name: str, wrapper: Type[~T_UINode_Inst] | Callable[[cc.Node | None], ~T_UINode_Inst] | None = None) -> ~T_UINode_Inst | ForwardRef('UINode')>
robot.toplogo_widget.childex.text_distance.setZoomChildren: callable sig=<Signature (children)>
robot.toplogo_widget.childex.text_distance.visible: callable <gshare.utils.Swallower object at 0x0000025A174952C0>
robot.toplogo_widget.childex.text_distance.widget: callable <gshare.utils.Swallower object at 0x0000025A174952C0>
robot.toplogo_widget.childex.text_distance.zoomChildren: callable sig=<Signature (bzoom)>
robot.toplogo_widget.childex('distance') -> <gclient.framework.ui.widgets.ui_node.UINode object(Swallower) at 0x25A1727F8C0> type=<class 'gclient.framework.ui.widgets.ui_node.UINode'>
robot.toplogo_widget.childex.distance: <gclient.framework.ui.widgets.ui_node.UINode object(Swallower) at 0x25A1727F8C0> type=<class 'gclient.framework.ui.widgets.ui_node.UINode'>
robot.toplogo_widget.childex.distance: interesting=['AddChild', 'AttachScratchCardNode', 'CloneWidget', 'DetachScratchCardNode', 'EnablePressScale', 'GetScratchCardNode', 'GetTextureType', 'IsAncestorsVisible', 'IsWorldPosInNodeBound', 'SCRATCH_CARD_IMAGE_NAME', 'SCRATCH_CARD_TOUCH_NAME', 'SetChildrenClippingEnabled', 'SetChildrenClippingType', 'SetNodeHoverImage', 'ShowNodeHoverImage', '_CreateScratchCardSplendorNode', '_SetWidgetSwallowTouches', '_scratch_card_node', '_show_node_hover', 'addChild', 'child', 'childex', 'color', 'opacity', 'rchild', 'rchildex', 'rseek', 'scale', 'seek', 'setZoomChildren', 'visible', 'widget', 'zoomChildren']
robot.toplogo_widget.childex.distance.AddChild: callable sig=<Signature (child, zorder=None)>
robot.toplogo_widget.childex.distance.AttachScratchCardNode: callable sig=<Signature (texture_width=None, texture_height=None, brush_radius=24, sample_step=None, mask_color=(178, 178, 174, 255), clear_color=(255, 255, 255, 0), flip_y=True, auto_clear_ratio=None, mask_texture=None, mask_texture_is_file=False, auto_clear_callback=None, remove_on_auto_clear=True, layer_zorder=99999, touch_layer_zorder=100000, mask_node_name=None, touch_node_name=None)>
robot.toplogo_widget.childex.distance.CloneWidget: callable sig=<Signature (widget, retain=False, ignore_leak_inspect=False)>
robot.toplogo_widget.childex.distance.DetachScratchCardNode: callable sig=<Signature ()>
robot.toplogo_widget.childex.distance.EnablePressScale: callable sig=<Signature (enable, scale=0.0, origin_scale=1.0)>
robot.toplogo_widget.childex.distance.GetScratchCardNode: callable sig=<Signature ()>
robot.toplogo_widget.childex.distance.GetTextureType: callable sig=<Signature (resource_name)>
robot.toplogo_widget.childex.distance.IsAncestorsVisible: callable sig=<Signature ()>
robot.toplogo_widget.childex.distance.IsWorldPosInNodeBound: callable sig=<Signature (x, y)>
robot.toplogo_widget.childex.distance.SCRATCH_CARD_IMAGE_NAME: '_scratch_card_image' type=<class 'str'>
robot.toplogo_widget.childex.distance.SCRATCH_CARD_TOUCH_NAME: '_scratch_card_touch' type=<class 'str'>
robot.toplogo_widget.childex.distance.SetChildrenClippingEnabled: callable sig=<Signature (enabled)>
robot.toplogo_widget.childex.distance.SetChildrenClippingType: callable sig=<Signature (clipping_type)>
robot.toplogo_widget.childex.distance.SetNodeHoverImage: callable sig=<Signature (image_id, is_scale9=False, scale9_params=None, anchor_point=None, pos=None, contentsize=None, size_offset=None)>
robot.toplogo_widget.childex.distance.ShowNodeHoverImage: callable sig=<Signature (visible)>
robot.toplogo_widget.childex.distance._CreateScratchCardSplendorNode: callable sig=<Signature (node_name, zorder)>
robot.toplogo_widget.childex.distance._SetWidgetSwallowTouches: callable sig=<Signature (widget, enable)>
robot.toplogo_widget.childex.distance._scratch_card_node: None type=<class 'NoneType'>
robot.toplogo_widget.childex.distance._show_node_hover: callable sig=<Signature (node, visible)>
robot.toplogo_widget.childex.distance.addChild: callable sig=<Signature (child, zorder=None)>
robot.toplogo_widget.childex.distance.child: callable sig=<Signature (name: str, wrapper: Type[~T_UINode_Inst] | Callable[[cc.Node | None], ~T_UINode_Inst] | None = None) -> ~T_UINode_Inst | ForwardRef('UINode')>
robot.toplogo_widget.childex.distance.childex: callable sig=<Signature (path: str, wrapper: Type[~T_UINode_Inst] | None = None) -> ~T_UINode_Inst | ForwardRef('UINode')>
robot.toplogo_widget.childex.distance.color: (<gshare.utils.Swallower object at 0x00000259D7E49180>, <gshare.utils.Swallower object at 0x00000259D7E49180>, <gshare.utils.Swallower object at 0x00000259D7E49180>) type=<class 'tuple'>
robot.toplogo_widget.childex.distance.opacity: callable <gshare.utils.Swallower object at 0x00000259D7E49180>
robot.toplogo_widget.childex.distance.rchild: callable sig=<Signature (name) -> cc.Node>
robot.toplogo_widget.childex.distance.rchildex: callable sig=<Signature (path) -> cc.Node>
robot.toplogo_widget.childex.distance.rseek: callable sig=<Signature (name) -> cc.Node>
robot.toplogo_widget.childex.distance.scale: callable <gshare.utils.Swallower object at 0x00000259D7E49180>
robot.toplogo_widget.childex.distance.seek: callable sig=<Signature (name: str, wrapper: Type[~T_UINode_Inst] | Callable[[cc.Node | None], ~T_UINode_Inst] | None = None) -> ~T_UINode_Inst | ForwardRef('UINode')>
robot.toplogo_widget.childex.distance.setZoomChildren: callable sig=<Signature (children)>
robot.toplogo_widget.childex.distance.visible: callable <gshare.utils.Swallower object at 0x00000259D7E49180>
robot.toplogo_widget.childex.distance.widget: callable <gshare.utils.Swallower object at 0x00000259D7E49180>
robot.toplogo_widget.childex.distance.zoomChildren: callable sig=<Signature (bzoom)>
robot.toplogo_widget.childex('dist') -> <gclient.framework.ui.widgets.ui_node.UINode object(Swallower) at 0x25A1727F770> type=<class 'gclient.framework.ui.widgets.ui_node.UINode'>
robot.toplogo_widget.childex.dist: <gclient.framework.ui.widgets.ui_node.UINode object(Swallower) at 0x25A1727F770> type=<class 'gclient.framework.ui.widgets.ui_node.UINode'>
robot.toplogo_widget.childex.dist: interesting=['AddChild', 'AttachScratchCardNode', 'CloneWidget', 'DetachScratchCardNode', 'EnablePressScale', 'GetScratchCardNode', 'GetTextureType', 'IsAncestorsVisible', 'IsWorldPosInNodeBound', 'SCRATCH_CARD_IMAGE_NAME', 'SCRATCH_CARD_TOUCH_NAME', 'SetChildrenClippingEnabled', 'SetChildrenClippingType', 'SetNodeHoverImage', 'ShowNodeHoverImage', '_CreateScratchCardSplendorNode', '_SetWidgetSwallowTouches', '_scratch_card_node', '_show_node_hover', 'addChild', 'child', 'childex', 'color', 'opacity', 'rchild', 'rchildex', 'rseek', 'scale', 'seek', 'setZoomChildren', 'visible', 'widget', 'zoomChildren']
robot.toplogo_widget.childex.dist.AddChild: callable sig=<Signature (child, zorder=None)>
robot.toplogo_widget.childex.dist.AttachScratchCardNode: callable sig=<Signature (texture_width=None, texture_height=None, brush_radius=24, sample_step=None, mask_color=(178, 178, 174, 255), clear_color=(255, 255, 255, 0), flip_y=True, auto_clear_ratio=None, mask_texture=None, mask_texture_is_file=False, auto_clear_callback=None, remove_on_auto_clear=True, layer_zorder=99999, touch_layer_zorder=100000, mask_node_name=None, touch_node_name=None)>
robot.toplogo_widget.childex.dist.CloneWidget: callable sig=<Signature (widget, retain=False, ignore_leak_inspect=False)>
robot.toplogo_widget.childex.dist.DetachScratchCardNode: callable sig=<Signature ()>
robot.toplogo_widget.childex.dist.EnablePressScale: callable sig=<Signature (enable, scale=0.0, origin_scale=1.0)>
robot.toplogo_widget.childex.dist.GetScratchCardNode: callable sig=<Signature ()>
robot.toplogo_widget.childex.dist.GetTextureType: callable sig=<Signature (resource_name)>
robot.toplogo_widget.childex.dist.IsAncestorsVisible: callable sig=<Signature ()>
robot.toplogo_widget.childex.dist.IsWorldPosInNodeBound: callable sig=<Signature (x, y)>
robot.toplogo_widget.childex.dist.SCRATCH_CARD_IMAGE_NAME: '_scratch_card_image' type=<class 'str'>
robot.toplogo_widget.childex.dist.SCRATCH_CARD_TOUCH_NAME: '_scratch_card_touch' type=<class 'str'>
robot.toplogo_widget.childex.dist.SetChildrenClippingEnabled: callable sig=<Signature (enabled)>
robot.toplogo_widget.childex.dist.SetChildrenClippingType: callable sig=<Signature (clipping_type)>
robot.toplogo_widget.childex.dist.SetNodeHoverImage: callable sig=<Signature (image_id, is_scale9=False, scale9_params=None, anchor_point=None, pos=None, contentsize=None, size_offset=None)>
robot.toplogo_widget.childex.dist.ShowNodeHoverImage: callable sig=<Signature (visible)>
robot.toplogo_widget.childex.dist._CreateScratchCardSplendorNode: callable sig=<Signature (node_name, zorder)>
robot.toplogo_widget.childex.dist._SetWidgetSwallowTouches: callable sig=<Signature (widget, enable)>
robot.toplogo_widget.childex.dist._scratch_card_node: None type=<class 'NoneType'>
robot.toplogo_widget.childex.dist._show_node_hover: callable sig=<Signature (node, visible)>
robot.toplogo_widget.childex.dist.addChild: callable sig=<Signature (child, zorder=None)>
robot.toplogo_widget.childex.dist.child: callable sig=<Signature (name: str, wrapper: Type[~T_UINode_Inst] | Callable[[cc.Node | None], ~T_UINode_Inst] | None = None) -> ~T_UINode_Inst | ForwardRef('UINode')>
robot.toplogo_widget.childex.dist.childex: callable sig=<Signature (path: str, wrapper: Type[~T_UINode_Inst] | None = None) -> ~T_UINode_Inst | ForwardRef('UINode')>
robot.toplogo_widget.childex.dist.color: (<gshare.utils.Swallower object at 0x0000025A174952C0>, <gshare.utils.Swallower object at 0x0000025A174952C0>, <gshare.utils.Swallower object at 0x0000025A174952C0>) type=<class 'tuple'>
robot.toplogo_widget.childex.dist.opacity: callable <gshare.utils.Swallower object at 0x0000025A174952C0>
robot.toplogo_widget.childex.dist.rchild: callable sig=<Signature (name) -> cc.Node>
robot.toplogo_widget.childex.dist.rchildex: callable sig=<Signature (path) -> cc.Node>
robot.toplogo_widget.childex.dist.rseek: callable sig=<Signature (name) -> cc.Node>
robot.toplogo_widget.childex.dist.scale: callable <gshare.utils.Swallower object at 0x0000025A174952C0>
robot.toplogo_widget.childex.dist.seek: callable sig=<Signature (name: str, wrapper: Type[~T_UINode_Inst] | Callable[[cc.Node | None], ~T_UINode_Inst] | None = None) -> ~T_UINode_Inst | ForwardRef('UINode')>
robot.toplogo_widget.childex.dist.setZoomChildren: callable sig=<Signature (children)>
robot.toplogo_widget.childex.dist.visible: callable <gshare.utils.Swallower object at 0x0000025A174952C0>
robot.toplogo_widget.childex.dist.widget: callable <gshare.utils.Swallower object at 0x0000025A174952C0>
robot.toplogo_widget.childex.dist.zoomChildren: callable sig=<Signature (bzoom)>
robot.toplogo_widget.childex('txt_name') -> <gclient.framework.ui.widgets.ui_node.UINode object(Swallower) at 0x25A1727F8C0> type=<class 'gclient.framework.ui.widgets.ui_node.UINode'>
robot.toplogo_widget.childex.txt_name: <gclient.framework.ui.widgets.ui_node.UINode object(Swallower) at 0x25A1727F8C0> type=<class 'gclient.framework.ui.widgets.ui_node.UINode'>
robot.toplogo_widget.childex.txt_name: interesting=['AddChild', 'AttachScratchCardNode', 'CloneWidget', 'DetachScratchCardNode', 'EnablePressScale', 'GetScratchCardNode', 'GetTextureType', 'IsAncestorsVisible', 'IsWorldPosInNodeBound', 'SCRATCH_CARD_IMAGE_NAME', 'SCRATCH_CARD_TOUCH_NAME', 'SetChildrenClippingEnabled', 'SetChildrenClippingType', 'SetNodeHoverImage', 'ShowNodeHoverImage', '_CreateScratchCardSplendorNode', '_SetWidgetSwallowTouches', '_scratch_card_node', '_show_node_hover', 'addChild', 'child', 'childex', 'color', 'opacity', 'rchild', 'rchildex', 'rseek', 'scale', 'seek', 'setZoomChildren', 'visible', 'widget', 'zoomChildren']
robot.toplogo_widget.childex.txt_name.AddChild: callable sig=<Signature (child, zorder=None)>
robot.toplogo_widget.childex.txt_name.AttachScratchCardNode: callable sig=<Signature (texture_width=None, texture_height=None, brush_radius=24, sample_step=None, mask_color=(178, 178, 174, 255), clear_color=(255, 255, 255, 0), flip_y=True, auto_clear_ratio=None, mask_texture=None, mask_texture_is_file=False, auto_clear_callback=None, remove_on_auto_clear=True, layer_zorder=99999, touch_layer_zorder=100000, mask_node_name=None, touch_node_name=None)>
robot.toplogo_widget.childex.txt_name.CloneWidget: callable sig=<Signature (widget, retain=False, ignore_leak_inspect=False)>
robot.toplogo_widget.childex.txt_name.DetachScratchCardNode: callable sig=<Signature ()>
robot.toplogo_widget.childex.txt_name.EnablePressScale: callable sig=<Signature (enable, scale=0.0, origin_scale=1.0)>
robot.toplogo_widget.childex.txt_name.GetScratchCardNode: callable sig=<Signature ()>
robot.toplogo_widget.childex.txt_name.GetTextureType: callable sig=<Signature (resource_name)>
robot.toplogo_widget.childex.txt_name.IsAncestorsVisible: callable sig=<Signature ()>
robot.toplogo_widget.childex.txt_name.IsWorldPosInNodeBound: callable sig=<Signature (x, y)>
robot.toplogo_widget.childex.txt_name.SCRATCH_CARD_IMAGE_NAME: '_scratch_card_image' type=<class 'str'>
robot.toplogo_widget.childex.txt_name.SCRATCH_CARD_TOUCH_NAME: '_scratch_card_touch' type=<class 'str'>
robot.toplogo_widget.childex.txt_name.SetChildrenClippingEnabled: callable sig=<Signature (enabled)>
robot.toplogo_widget.childex.txt_name.SetChildrenClippingType: callable sig=<Signature (clipping_type)>
robot.toplogo_widget.childex.txt_name.SetNodeHoverImage: callable sig=<Signature (image_id, is_scale9=False, scale9_params=None, anchor_point=None, pos=None, contentsize=None, size_offset=None)>
robot.toplogo_widget.childex.txt_name.ShowNodeHoverImage: callable sig=<Signature (visible)>
robot.toplogo_widget.childex.txt_name._CreateScratchCardSplendorNode: callable sig=<Signature (node_name, zorder)>
robot.toplogo_widget.childex.txt_name._SetWidgetSwallowTouches: callable sig=<Signature (widget, enable)>
robot.toplogo_widget.childex.txt_name._scratch_card_node: None type=<class 'NoneType'>
robot.toplogo_widget.childex.txt_name._show_node_hover: callable sig=<Signature (node, visible)>
robot.toplogo_widget.childex.txt_name.addChild: callable sig=<Signature (child, zorder=None)>
robot.toplogo_widget.childex.txt_name.child: callable sig=<Signature (name: str, wrapper: Type[~T_UINode_Inst] | Callable[[cc.Node | None], ~T_UINode_Inst] | None = None) -> ~T_UINode_Inst | ForwardRef('UINode')>
robot.toplogo_widget.childex.txt_name.childex: callable sig=<Signature (path: str, wrapper: Type[~T_UINode_Inst] | None = None) -> ~T_UINode_Inst | ForwardRef('UINode')>
robot.toplogo_widget.childex.txt_name.color: (<gshare.utils.Swallower object at 0x00000259D7E49180>, <gshare.utils.Swallower object at 0x00000259D7E49180>, <gshare.utils.Swallower object at 0x00000259D7E49180>) type=<class 'tuple'>
robot.toplogo_widget.childex.txt_name.opacity: callable <gshare.utils.Swallower object at 0x00000259D7E49180>
robot.toplogo_widget.childex.txt_name.rchild: callable sig=<Signature (name) -> cc.Node>
robot.toplogo_widget.childex.txt_name.rchildex: callable sig=<Signature (path) -> cc.Node>
robot.toplogo_widget.childex.txt_name.rseek: callable sig=<Signature (name) -> cc.Node>
robot.toplogo_widget.childex.txt_name.scale: callable <gshare.utils.Swallower object at 0x00000259D7E49180>
robot.toplogo_widget.childex.txt_name.seek: callable sig=<Signature (name: str, wrapper: Type[~T_UINode_Inst] | Callable[[cc.Node | None], ~T_UINode_Inst] | None = None) -> ~T_UINode_Inst | ForwardRef('UINode')>
robot.toplogo_widget.childex.txt_name.setZoomChildren: callable sig=<Signature (children)>
robot.toplogo_widget.childex.txt_name.visible: callable <gshare.utils.Swallower object at 0x00000259D7E49180>
robot.toplogo_widget.childex.txt_name.widget: callable <gshare.utils.Swallower object at 0x00000259D7E49180>
robot.toplogo_widget.childex.txt_name.zoomChildren: callable sig=<Signature (bzoom)>
robot.toplogo_widget.childex('txtName') -> <gclient.framework.ui.widgets.ui_node.UINode object(Swallower) at 0x25A1727F770> type=<class 'gclient.framework.ui.widgets.ui_node.UINode'>
robot.toplogo_widget.childex.txtName: <gclient.framework.ui.widgets.ui_node.UINode object(Swallower) at 0x25A1727F770> type=<class 'gclient.framework.ui.widgets.ui_node.UINode'>
robot.toplogo_widget.childex.txtName: interesting=['AddChild', 'AttachScratchCardNode', 'CloneWidget', 'DetachScratchCardNode', 'EnablePressScale', 'GetScratchCardNode', 'GetTextureType', 'IsAncestorsVisible', 'IsWorldPosInNodeBound', 'SCRATCH_CARD_IMAGE_NAME', 'SCRATCH_CARD_TOUCH_NAME', 'SetChildrenClippingEnabled', 'SetChildrenClippingType', 'SetNodeHoverImage', 'ShowNodeHoverImage', '_CreateScratchCardSplendorNode', '_SetWidgetSwallowTouches', '_scratch_card_node', '_show_node_hover', 'addChild', 'child', 'childex', 'color', 'opacity', 'rchild', 'rchildex', 'rseek', 'scale', 'seek', 'setZoomChildren', 'visible', 'widget', 'zoomChildren']
robot.toplogo_widget.childex.txtName.AddChild: callable sig=<Signature (child, zorder=None)>
robot.toplogo_widget.childex.txtName.AttachScratchCardNode: callable sig=<Signature (texture_width=None, texture_height=None, brush_radius=24, sample_step=None, mask_color=(178, 178, 174, 255), clear_color=(255, 255, 255, 0), flip_y=True, auto_clear_ratio=None, mask_texture=None, mask_texture_is_file=False, auto_clear_callback=None, remove_on_auto_clear=True, layer_zorder=99999, touch_layer_zorder=100000, mask_node_name=None, touch_node_name=None)>
robot.toplogo_widget.childex.txtName.CloneWidget: callable sig=<Signature (widget, retain=False, ignore_leak_inspect=False)>
robot.toplogo_widget.childex.txtName.DetachScratchCardNode: callable sig=<Signature ()>
robot.toplogo_widget.childex.txtName.EnablePressScale: callable sig=<Signature (enable, scale=0.0, origin_scale=1.0)>
robot.toplogo_widget.childex.txtName.GetScratchCardNode: callable sig=<Signature ()>
robot.toplogo_widget.childex.txtName.GetTextureType: callable sig=<Signature (resource_name)>
robot.toplogo_widget.childex.txtName.IsAncestorsVisible: callable sig=<Signature ()>
robot.toplogo_widget.childex.txtName.IsWorldPosInNodeBound: callable sig=<Signature (x, y)>
robot.toplogo_widget.childex.txtName.SCRATCH_CARD_IMAGE_NAME: '_scratch_card_image' type=<class 'str'>
robot.toplogo_widget.childex.txtName.SCRATCH_CARD_TOUCH_NAME: '_scratch_card_touch' type=<class 'str'>
robot.toplogo_widget.childex.txtName.SetChildrenClippingEnabled: callable sig=<Signature (enabled)>
robot.toplogo_widget.childex.txtName.SetChildrenClippingType: callable sig=<Signature (clipping_type)>
robot.toplogo_widget.childex.txtName.SetNodeHoverImage: callable sig=<Signature (image_id, is_scale9=False, scale9_params=None, anchor_point=None, pos=None, contentsize=None, size_offset=None)>
robot.toplogo_widget.childex.txtName.ShowNodeHoverImage: callable sig=<Signature (visible)>
robot.toplogo_widget.childex.txtName._CreateScratchCardSplendorNode: callable sig=<Signature (node_name, zorder)>
robot.toplogo_widget.childex.txtName._SetWidgetSwallowTouches: callable sig=<Signature (widget, enable)>
robot.toplogo_widget.childex.txtName._scratch_card_node: None type=<class 'NoneType'>
robot.toplogo_widget.childex.txtName._show_node_hover: callable sig=<Signature (node, visible)>
robot.toplogo_widget.childex.txtName.addChild: callable sig=<Signature (child, zorder=None)>
robot.toplogo_widget.childex.txtName.child: callable sig=<Signature (name: str, wrapper: Type[~T_UINode_Inst] | Callable[[cc.Node | None], ~T_UINode_Inst] | None = None) -> ~T_UINode_Inst | ForwardRef('UINode')>
robot.toplogo_widget.childex.txtName.childex: callable sig=<Signature (path: str, wrapper: Type[~T_UINode_Inst] | None = None) -> ~T_UINode_Inst | ForwardRef('UINode')>
robot.toplogo_widget.childex.txtName.color: (<gshare.utils.Swallower object at 0x0000025A174952C0>, <gshare.utils.Swallower object at 0x0000025A174952C0>, <gshare.utils.Swallower object at 0x0000025A174952C0>) type=<class 'tuple'>
robot.toplogo_widget.childex.txtName.opacity: callable <gshare.utils.Swallower object at 0x0000025A174952C0>
robot.toplogo_widget.childex.txtName.rchild: callable sig=<Signature (name) -> cc.Node>
robot.toplogo_widget.childex.txtName.rchildex: callable sig=<Signature (path) -> cc.Node>
robot.toplogo_widget.childex.txtName.rseek: callable sig=<Signature (name) -> cc.Node>
robot.toplogo_widget.childex.txtName.scale: callable <gshare.utils.Swallower object at 0x0000025A174952C0>
robot.toplogo_widget.childex.txtName.seek: callable sig=<Signature (name: str, wrapper: Type[~T_UINode_Inst] | Callable[[cc.Node | None], ~T_UINode_Inst] | None = None) -> ~T_UINode_Inst | ForwardRef('UINode')>
robot.toplogo_widget.childex.txtName.setZoomChildren: callable sig=<Signature (children)>
robot.toplogo_widget.childex.txtName.visible: callable <gshare.utils.Swallower object at 0x0000025A174952C0>
robot.toplogo_widget.childex.txtName.widget: callable <gshare.utils.Swallower object at 0x0000025A174952C0>
robot.toplogo_widget.childex.txtName.zoomChildren: callable sig=<Signature (bzoom)>
robot.toplogo_widget.childex('Text_Name') -> <gclient.framework.ui.widgets.ui_node.UINode object(Swallower) at 0x25A1727F8C0> type=<class 'gclient.framework.ui.widgets.ui_node.UINode'>
robot.toplogo_widget.childex.Text_Name: <gclient.framework.ui.widgets.ui_node.UINode object(Swallower) at 0x25A1727F8C0> type=<class 'gclient.framework.ui.widgets.ui_node.UINode'>
robot.toplogo_widget.childex.Text_Name: interesting=['AddChild', 'AttachScratchCardNode', 'CloneWidget', 'DetachScratchCardNode', 'EnablePressScale', 'GetScratchCardNode', 'GetTextureType', 'IsAncestorsVisible', 'IsWorldPosInNodeBound', 'SCRATCH_CARD_IMAGE_NAME', 'SCRATCH_CARD_TOUCH_NAME', 'SetChildrenClippingEnabled', 'SetChildrenClippingType', 'SetNodeHoverImage', 'ShowNodeHoverImage', '_CreateScratchCardSplendorNode', '_SetWidgetSwallowTouches', '_scratch_card_node', '_show_node_hover', 'addChild', 'child', 'childex', 'color', 'opacity', 'rchild', 'rchildex', 'rseek', 'scale', 'seek', 'setZoomChildren', 'visible', 'widget', 'zoomChildren']
robot.toplogo_widget.childex.Text_Name.AddChild: callable sig=<Signature (child, zorder=None)>
robot.toplogo_widget.childex.Text_Name.AttachScratchCardNode: callable sig=<Signature (texture_width=None, texture_height=None, brush_radius=24, sample_step=None, mask_color=(178, 178, 174, 255), clear_color=(255, 255, 255, 0), flip_y=True, auto_clear_ratio=None, mask_texture=None, mask_texture_is_file=False, auto_clear_callback=None, remove_on_auto_clear=True, layer_zorder=99999, touch_layer_zorder=100000, mask_node_name=None, touch_node_name=None)>
robot.toplogo_widget.childex.Text_Name.CloneWidget: callable sig=<Signature (widget, retain=False, ignore_leak_inspect=False)>
robot.toplogo_widget.childex.Text_Name.DetachScratchCardNode: callable sig=<Signature ()>
robot.toplogo_widget.childex.Text_Name.EnablePressScale: callable sig=<Signature (enable, scale=0.0, origin_scale=1.0)>
robot.toplogo_widget.childex.Text_Name.GetScratchCardNode: callable sig=<Signature ()>
robot.toplogo_widget.childex.Text_Name.GetTextureType: callable sig=<Signature (resource_name)>
robot.toplogo_widget.childex.Text_Name.IsAncestorsVisible: callable sig=<Signature ()>
robot.toplogo_widget.childex.Text_Name.IsWorldPosInNodeBound: callable sig=<Signature (x, y)>
robot.toplogo_widget.childex.Text_Name.SCRATCH_CARD_IMAGE_NAME: '_scratch_card_image' type=<class 'str'>
robot.toplogo_widget.childex.Text_Name.SCRATCH_CARD_TOUCH_NAME: '_scratch_card_touch' type=<class 'str'>
robot.toplogo_widget.childex.Text_Name.SetChildrenClippingEnabled: callable sig=<Signature (enabled)>
robot.toplogo_widget.childex.Text_Name.SetChildrenClippingType: callable sig=<Signature (clipping_type)>
robot.toplogo_widget.childex.Text_Name.SetNodeHoverImage: callable sig=<Signature (image_id, is_scale9=False, scale9_params=None, anchor_point=None, pos=None, contentsize=None, size_offset=None)>
robot.toplogo_widget.childex.Text_Name.ShowNodeHoverImage: callable sig=<Signature (visible)>
robot.toplogo_widget.childex.Text_Name._CreateScratchCardSplendorNode: callable sig=<Signature (node_name, zorder)>
robot.toplogo_widget.childex.Text_Name._SetWidgetSwallowTouches: callable sig=<Signature (widget, enable)>
robot.toplogo_widget.childex.Text_Name._scratch_card_node: None type=<class 'NoneType'>
robot.toplogo_widget.childex.Text_Name._show_node_hover: callable sig=<Signature (node, visible)>
robot.toplogo_widget.childex.Text_Name.addChild: callable sig=<Signature (child, zorder=None)>
robot.toplogo_widget.childex.Text_Name.child: callable sig=<Signature (name: str, wrapper: Type[~T_UINode_Inst] | Callable[[cc.Node | None], ~T_UINode_Inst] | None = None) -> ~T_UINode_Inst | ForwardRef('UINode')>
robot.toplogo_widget.childex.Text_Name.childex: callable sig=<Signature (path: str, wrapper: Type[~T_UINode_Inst] | None = None) -> ~T_UINode_Inst | ForwardRef('UINode')>
robot.toplogo_widget.childex.Text_Name.color: (<gshare.utils.Swallower object at 0x00000259D7E49180>, <gshare.utils.Swallower object at 0x00000259D7E49180>, <gshare.utils.Swallower object at 0x00000259D7E49180>) type=<class 'tuple'>
robot.toplogo_widget.childex.Text_Name.opacity: callable <gshare.utils.Swallower object at 0x00000259D7E49180>
robot.toplogo_widget.childex.Text_Name.rchild: callable sig=<Signature (name) -> cc.Node>
robot.toplogo_widget.childex.Text_Name.rchildex: callable sig=<Signature (path) -> cc.Node>
robot.toplogo_widget.childex.Text_Name.rseek: callable sig=<Signature (name) -> cc.Node>
robot.toplogo_widget.childex.Text_Name.scale: callable <gshare.utils.Swallower object at 0x00000259D7E49180>
robot.toplogo_widget.childex.Text_Name.seek: callable sig=<Signature (name: str, wrapper: Type[~T_UINode_Inst] | Callable[[cc.Node | None], ~T_UINode_Inst] | None = None) -> ~T_UINode_Inst | ForwardRef('UINode')>
robot.toplogo_widget.childex.Text_Name.setZoomChildren: callable sig=<Signature (children)>
robot.toplogo_widget.childex.Text_Name.visible: callable <gshare.utils.Swallower object at 0x00000259D7E49180>
robot.toplogo_widget.childex.Text_Name.widget: callable <gshare.utils.Swallower object at 0x00000259D7E49180>
robot.toplogo_widget.childex.Text_Name.zoomChildren: callable sig=<Signature (bzoom)>
robot.toplogo_widget.childex('txt_hp') -> <gclient.framework.ui.widgets.ui_node.UINode object(Swallower) at 0x25A1727F770> type=<class 'gclient.framework.ui.widgets.ui_node.UINode'>
robot.toplogo_widget.childex.txt_hp: <gclient.framework.ui.widgets.ui_node.UINode object(Swallower) at 0x25A1727F770> type=<class 'gclient.framework.ui.widgets.ui_node.UINode'>
robot.toplogo_widget.childex.txt_hp: interesting=['AddChild', 'AttachScratchCardNode', 'CloneWidget', 'DetachScratchCardNode', 'EnablePressScale', 'GetScratchCardNode', 'GetTextureType', 'IsAncestorsVisible', 'IsWorldPosInNodeBound', 'SCRATCH_CARD_IMAGE_NAME', 'SCRATCH_CARD_TOUCH_NAME', 'SetChildrenClippingEnabled', 'SetChildrenClippingType', 'SetNodeHoverImage', 'ShowNodeHoverImage', '_CreateScratchCardSplendorNode', '_SetWidgetSwallowTouches', '_scratch_card_node', '_show_node_hover', 'addChild', 'child', 'childex', 'color', 'opacity', 'rchild', 'rchildex', 'rseek', 'scale', 'seek', 'setZoomChildren', 'visible', 'widget', 'zoomChildren']
robot.toplogo_widget.childex.txt_hp.AddChild: callable sig=<Signature (child, zorder=None)>
robot.toplogo_widget.childex.txt_hp.AttachScratchCardNode: callable sig=<Signature (texture_width=None, texture_height=None, brush_radius=24, sample_step=None, mask_color=(178, 178, 174, 255), clear_color=(255, 255, 255, 0), flip_y=True, auto_clear_ratio=None, mask_texture=None, mask_texture_is_file=False, auto_clear_callback=None, remove_on_auto_clear=True, layer_zorder=99999, touch_layer_zorder=100000, mask_node_name=None, touch_node_name=None)>
robot.toplogo_widget.childex.txt_hp.CloneWidget: callable sig=<Signature (widget, retain=False, ignore_leak_inspect=False)>
robot.toplogo_widget.childex.txt_hp.DetachScratchCardNode: callable sig=<Signature ()>
robot.toplogo_widget.childex.txt_hp.EnablePressScale: callable sig=<Signature (enable, scale=0.0, origin_scale=1.0)>
robot.toplogo_widget.childex.txt_hp.GetScratchCardNode: callable sig=<Signature ()>
robot.toplogo_widget.childex.txt_hp.GetTextureType: callable sig=<Signature (resource_name)>
robot.toplogo_widget.childex.txt_hp.IsAncestorsVisible: callable sig=<Signature ()>
robot.toplogo_widget.childex.txt_hp.IsWorldPosInNodeBound: callable sig=<Signature (x, y)>
robot.toplogo_widget.childex.txt_hp.SCRATCH_CARD_IMAGE_NAME: '_scratch_card_image' type=<class 'str'>
robot.toplogo_widget.childex.txt_hp.SCRATCH_CARD_TOUCH_NAME: '_scratch_card_touch' type=<class 'str'>
robot.toplogo_widget.childex.txt_hp.SetChildrenClippingEnabled: callable sig=<Signature (enabled)>
robot.toplogo_widget.childex.txt_hp.SetChildrenClippingType: callable sig=<Signature (clipping_type)>
robot.toplogo_widget.childex.txt_hp.SetNodeHoverImage: callable sig=<Signature (image_id, is_scale9=False, scale9_params=None, anchor_point=None, pos=None, contentsize=None, size_offset=None)>
robot.toplogo_widget.childex.txt_hp.ShowNodeHoverImage: callable sig=<Signature (visible)>
robot.toplogo_widget.childex.txt_hp._CreateScratchCardSplendorNode: callable sig=<Signature (node_name, zorder)>
robot.toplogo_widget.childex.txt_hp._SetWidgetSwallowTouches: callable sig=<Signature (widget, enable)>
robot.toplogo_widget.childex.txt_hp._scratch_card_node: None type=<class 'NoneType'>
robot.toplogo_widget.childex.txt_hp._show_node_hover: callable sig=<Signature (node, visible)>
robot.toplogo_widget.childex.txt_hp.addChild: callable sig=<Signature (child, zorder=None)>
robot.toplogo_widget.childex.txt_hp.child: callable sig=<Signature (name: str, wrapper: Type[~T_UINode_Inst] | Callable[[cc.Node | None], ~T_UINode_Inst] | None = None) -> ~T_UINode_Inst | ForwardRef('UINode')>
robot.toplogo_widget.childex.txt_hp.childex: callable sig=<Signature (path: str, wrapper: Type[~T_UINode_Inst] | None = None) -> ~T_UINode_Inst | ForwardRef('UINode')>
robot.toplogo_widget.childex.txt_hp.color: (<gshare.utils.Swallower object at 0x0000025A174952C0>, <gshare.utils.Swallower object at 0x0000025A174952C0>, <gshare.utils.Swallower object at 0x0000025A174952C0>) type=<class 'tuple'>
robot.toplogo_widget.childex.txt_hp.opacity: callable <gshare.utils.Swallower object at 0x0000025A174952C0>
robot.toplogo_widget.childex.txt_hp.rchild: callable sig=<Signature (name) -> cc.Node>
robot.toplogo_widget.childex.txt_hp.rchildex: callable sig=<Signature (path) -> cc.Node>
robot.toplogo_widget.childex.txt_hp.rseek: callable sig=<Signature (name) -> cc.Node>
robot.toplogo_widget.childex.txt_hp.scale: callable <gshare.utils.Swallower object at 0x0000025A174952C0>
robot.toplogo_widget.childex.txt_hp.seek: callable sig=<Signature (name: str, wrapper: Type[~T_UINode_Inst] | Callable[[cc.Node | None], ~T_UINode_Inst] | None = None) -> ~T_UINode_Inst | ForwardRef('UINode')>
robot.toplogo_widget.childex.txt_hp.setZoomChildren: callable sig=<Signature (children)>
robot.toplogo_widget.childex.txt_hp.visible: callable <gshare.utils.Swallower object at 0x0000025A174952C0>
robot.toplogo_widget.childex.txt_hp.widget: callable <gshare.utils.Swallower object at 0x0000025A174952C0>
robot.toplogo_widget.childex.txt_hp.zoomChildren: callable sig=<Signature (bzoom)>
robot.toplogo_widget.childex('txtHP') -> <gclient.framework.ui.widgets.ui_node.UINode object(Swallower) at 0x25A1727F8C0> type=<class 'gclient.framework.ui.widgets.ui_node.UINode'>
robot.toplogo_widget.childex.txtHP: <gclient.framework.ui.widgets.ui_node.UINode object(Swallower) at 0x25A1727F8C0> type=<class 'gclient.framework.ui.widgets.ui_node.UINode'>
robot.toplogo_widget.childex.txtHP: interesting=['AddChild', 'AttachScratchCardNode', 'CloneWidget', 'DetachScratchCardNode', 'EnablePressScale', 'GetScratchCardNode', 'GetTextureType', 'IsAncestorsVisible', 'IsWorldPosInNodeBound', 'SCRATCH_CARD_IMAGE_NAME', 'SCRATCH_CARD_TOUCH_NAME', 'SetChildrenClippingEnabled', 'SetChildrenClippingType', 'SetNodeHoverImage', 'ShowNodeHoverImage', '_CreateScratchCardSplendorNode', '_SetWidgetSwallowTouches', '_scratch_card_node', '_show_node_hover', 'addChild', 'child', 'childex', 'color', 'opacity', 'rchild', 'rchildex', 'rseek', 'scale', 'seek', 'setZoomChildren', 'visible', 'widget', 'zoomChildren']
robot.toplogo_widget.childex.txtHP.AddChild: callable sig=<Signature (child, zorder=None)>
robot.toplogo_widget.childex.txtHP.AttachScratchCardNode: callable sig=<Signature (texture_width=None, texture_height=None, brush_radius=24, sample_step=None, mask_color=(178, 178, 174, 255), clear_color=(255, 255, 255, 0), flip_y=True, auto_clear_ratio=None, mask_texture=None, mask_texture_is_file=False, auto_clear_callback=None, remove_on_auto_clear=True, layer_zorder=99999, touch_layer_zorder=100000, mask_node_name=None, touch_node_name=None)>
robot.toplogo_widget.childex.txtHP.CloneWidget: callable sig=<Signature (widget, retain=False, ignore_leak_inspect=False)>
robot.toplogo_widget.childex.txtHP.DetachScratchCardNode: callable sig=<Signature ()>
robot.toplogo_widget.childex.txtHP.EnablePressScale: callable sig=<Signature (enable, scale=0.0, origin_scale=1.0)>
robot.toplogo_widget.childex.txtHP.GetScratchCardNode: callable sig=<Signature ()>
robot.toplogo_widget.childex.txtHP.GetTextureType: callable sig=<Signature (resource_name)>
robot.toplogo_widget.childex.txtHP.IsAncestorsVisible: callable sig=<Signature ()>
robot.toplogo_widget.childex.txtHP.IsWorldPosInNodeBound: callable sig=<Signature (x, y)>
robot.toplogo_widget.childex.txtHP.SCRATCH_CARD_IMAGE_NAME: '_scratch_card_image' type=<class 'str'>
robot.toplogo_widget.childex.txtHP.SCRATCH_CARD_TOUCH_NAME: '_scratch_card_touch' type=<class 'str'>
robot.toplogo_widget.childex.txtHP.SetChildrenClippingEnabled: callable sig=<Signature (enabled)>
robot.toplogo_widget.childex.txtHP.SetChildrenClippingType: callable sig=<Signature (clipping_type)>
robot.toplogo_widget.childex.txtHP.SetNodeHoverImage: callable sig=<Signature (image_id, is_scale9=False, scale9_params=None, anchor_point=None, pos=None, contentsize=None, size_offset=None)>
robot.toplogo_widget.childex.txtHP.ShowNodeHoverImage: callable sig=<Signature (visible)>
robot.toplogo_widget.childex.txtHP._CreateScratchCardSplendorNode: callable sig=<Signature (node_name, zorder)>
robot.toplogo_widget.childex.txtHP._SetWidgetSwallowTouches: callable sig=<Signature (widget, enable)>
robot.toplogo_widget.childex.txtHP._scratch_card_node: None type=<class 'NoneType'>
robot.toplogo_widget.childex.txtHP._show_node_hover: callable sig=<Signature (node, visible)>
robot.toplogo_widget.childex.txtHP.addChild: callable sig=<Signature (child, zorder=None)>
robot.toplogo_widget.childex.txtHP.child: callable sig=<Signature (name: str, wrapper: Type[~T_UINode_Inst] | Callable[[cc.Node | None], ~T_UINode_Inst] | None = None) -> ~T_UINode_Inst | ForwardRef('UINode')>
robot.toplogo_widget.childex.txtHP.childex: callable sig=<Signature (path: str, wrapper: Type[~T_UINode_Inst] | None = None) -> ~T_UINode_Inst | ForwardRef('UINode')>
robot.toplogo_widget.childex.txtHP.color: (<gshare.utils.Swallower object at 0x00000259D7E49180>, <gshare.utils.Swallower object at 0x00000259D7E49180>, <gshare.utils.Swallower object at 0x00000259D7E49180>) type=<class 'tuple'>
robot.toplogo_widget.childex.txtHP.opacity: callable <gshare.utils.Swallower object at 0x00000259D7E49180>
robot.toplogo_widget.childex.txtHP.rchild: callable sig=<Signature (name) -> cc.Node>
robot.toplogo_widget.childex.txtHP.rchildex: callable sig=<Signature (path) -> cc.Node>
robot.toplogo_widget.childex.txtHP.rseek: callable sig=<Signature (name) -> cc.Node>
robot.toplogo_widget.childex.txtHP.scale: callable <gshare.utils.Swallower object at 0x00000259D7E49180>
robot.toplogo_widget.childex.txtHP.seek: callable sig=<Signature (name: str, wrapper: Type[~T_UINode_Inst] | Callable[[cc.Node | None], ~T_UINode_Inst] | None = None) -> ~T_UINode_Inst | ForwardRef('UINode')>
robot.toplogo_widget.childex.txtHP.setZoomChildren: callable sig=<Signature (children)>
robot.toplogo_widget.childex.txtHP.visible: callable <gshare.utils.Swallower object at 0x00000259D7E49180>
robot.toplogo_widget.childex.txtHP.widget: callable <gshare.utils.Swallower object at 0x00000259D7E49180>
robot.toplogo_widget.childex.txtHP.zoomChildren: callable sig=<Signature (bzoom)>
robot.toplogo_widget.childex('hp') -> <gclient.framework.ui.widgets.ui_node.UINode object(Swallower) at 0x25A1727F770> type=<class 'gclient.framework.ui.widgets.ui_node.UINode'>
robot.toplogo_widget.childex.hp: <gclient.framework.ui.widgets.ui_node.UINode object(Swallower) at 0x25A1727F770> type=<class 'gclient.framework.ui.widgets.ui_node.UINode'>
robot.toplogo_widget.childex.hp: interesting=['AddChild', 'AttachScratchCardNode', 'CloneWidget', 'DetachScratchCardNode', 'EnablePressScale', 'GetScratchCardNode', 'GetTextureType', 'IsAncestorsVisible', 'IsWorldPosInNodeBound', 'SCRATCH_CARD_IMAGE_NAME', 'SCRATCH_CARD_TOUCH_NAME', 'SetChildrenClippingEnabled', 'SetChildrenClippingType', 'SetNodeHoverImage', 'ShowNodeHoverImage', '_CreateScratchCardSplendorNode', '_SetWidgetSwallowTouches', '_scratch_card_node', '_show_node_hover', 'addChild', 'child', 'childex', 'color', 'opacity', 'rchild', 'rchildex', 'rseek', 'scale', 'seek', 'setZoomChildren', 'visible', 'widget', 'zoomChildren']
robot.toplogo_widget.childex.hp.AddChild: callable sig=<Signature (child, zorder=None)>
robot.toplogo_widget.childex.hp.AttachScratchCardNode: callable sig=<Signature (texture_width=None, texture_height=None, brush_radius=24, sample_step=None, mask_color=(178, 178, 174, 255), clear_color=(255, 255, 255, 0), flip_y=True, auto_clear_ratio=None, mask_texture=None, mask_texture_is_file=False, auto_clear_callback=None, remove_on_auto_clear=True, layer_zorder=99999, touch_layer_zorder=100000, mask_node_name=None, touch_node_name=None)>
robot.toplogo_widget.childex.hp.CloneWidget: callable sig=<Signature (widget, retain=False, ignore_leak_inspect=False)>
robot.toplogo_widget.childex.hp.DetachScratchCardNode: callable sig=<Signature ()>
robot.toplogo_widget.childex.hp.EnablePressScale: callable sig=<Signature (enable, scale=0.0, origin_scale=1.0)>
robot.toplogo_widget.childex.hp.GetScratchCardNode: callable sig=<Signature ()>
robot.toplogo_widget.childex.hp.GetTextureType: callable sig=<Signature (resource_name)>
robot.toplogo_widget.childex.hp.IsAncestorsVisible: callable sig=<Signature ()>
robot.toplogo_widget.childex.hp.IsWorldPosInNodeBound: callable sig=<Signature (x, y)>
robot.toplogo_widget.childex.hp.SCRATCH_CARD_IMAGE_NAME: '_scratch_card_image' type=<class 'str'>
robot.toplogo_widget.childex.hp.SCRATCH_CARD_TOUCH_NAME: '_scratch_card_touch' type=<class 'str'>
robot.toplogo_widget.childex.hp.SetChildrenClippingEnabled: callable sig=<Signature (enabled)>
robot.toplogo_widget.childex.hp.SetChildrenClippingType: callable sig=<Signature (clipping_type)>
robot.toplogo_widget.childex.hp.SetNodeHoverImage: callable sig=<Signature (image_id, is_scale9=False, scale9_params=None, anchor_point=None, pos=None, contentsize=None, size_offset=None)>
robot.toplogo_widget.childex.hp.ShowNodeHoverImage: callable sig=<Signature (visible)>
robot.toplogo_widget.childex.hp._CreateScratchCardSplendorNode: callable sig=<Signature (node_name, zorder)>
robot.toplogo_widget.childex.hp._SetWidgetSwallowTouches: callable sig=<Signature (widget, enable)>
robot.toplogo_widget.childex.hp._scratch_card_node: None type=<class 'NoneType'>
robot.toplogo_widget.childex.hp._show_node_hover: callable sig=<Signature (node, visible)>
robot.toplogo_widget.childex.hp.addChild: callable sig=<Signature (child, zorder=None)>
robot.toplogo_widget.childex.hp.child: callable sig=<Signature (name: str, wrapper: Type[~T_UINode_Inst] | Callable[[cc.Node | None], ~T_UINode_Inst] | None = None) -> ~T_UINode_Inst | ForwardRef('UINode')>
robot.toplogo_widget.childex.hp.childex: callable sig=<Signature (path: str, wrapper: Type[~T_UINode_Inst] | None = None) -> ~T_UINode_Inst | ForwardRef('UINode')>
robot.toplogo_widget.childex.hp.color: (<gshare.utils.Swallower object at 0x0000025A174952C0>, <gshare.utils.Swallower object at 0x0000025A174952C0>, <gshare.utils.Swallower object at 0x0000025A174952C0>) type=<class 'tuple'>
robot.toplogo_widget.childex.hp.opacity: callable <gshare.utils.Swallower object at 0x0000025A174952C0>
robot.toplogo_widget.childex.hp.rchild: callable sig=<Signature (name) -> cc.Node>
robot.toplogo_widget.childex.hp.rchildex: callable sig=<Signature (path) -> cc.Node>
robot.toplogo_widget.childex.hp.rseek: callable sig=<Signature (name) -> cc.Node>
robot.toplogo_widget.childex.hp.scale: callable <gshare.utils.Swallower object at 0x0000025A174952C0>
robot.toplogo_widget.childex.hp.seek: callable sig=<Signature (name: str, wrapper: Type[~T_UINode_Inst] | Callable[[cc.Node | None], ~T_UINode_Inst] | None = None) -> ~T_UINode_Inst | ForwardRef('UINode')>
robot.toplogo_widget.childex.hp.setZoomChildren: callable sig=<Signature (children)>
robot.toplogo_widget.childex.hp.visible: callable <gshare.utils.Swallower object at 0x0000025A174952C0>
robot.toplogo_widget.childex.hp.widget: callable <gshare.utils.Swallower object at 0x0000025A174952C0>
robot.toplogo_widget.childex.hp.zoomChildren: callable sig=<Signature (bzoom)>
robot.toplogo_widget.childex('hp_bar') -> <gclient.framework.ui.widgets.ui_node.UINode object(Swallower) at 0x25A1727F8C0> type=<class 'gclient.framework.ui.widgets.ui_node.UINode'>
robot.toplogo_widget.childex.hp_bar: <gclient.framework.ui.widgets.ui_node.UINode object(Swallower) at 0x25A1727F8C0> type=<class 'gclient.framework.ui.widgets.ui_node.UINode'>
robot.toplogo_widget.childex.hp_bar: interesting=['AddChild', 'AttachScratchCardNode', 'CloneWidget', 'DetachScratchCardNode', 'EnablePressScale', 'GetScratchCardNode', 'GetTextureType', 'IsAncestorsVisible', 'IsWorldPosInNodeBound', 'SCRATCH_CARD_IMAGE_NAME', 'SCRATCH_CARD_TOUCH_NAME', 'SetChildrenClippingEnabled', 'SetChildrenClippingType', 'SetNodeHoverImage', 'ShowNodeHoverImage', '_CreateScratchCardSplendorNode', '_SetWidgetSwallowTouches', '_scratch_card_node', '_show_node_hover', 'addChild', 'child', 'childex', 'color', 'opacity', 'rchild', 'rchildex', 'rseek', 'scale', 'seek', 'setZoomChildren', 'visible', 'widget', 'zoomChildren']
robot.toplogo_widget.childex.hp_bar.AddChild: callable sig=<Signature (child, zorder=None)>
robot.toplogo_widget.childex.hp_bar.AttachScratchCardNode: callable sig=<Signature (texture_width=None, texture_height=None, brush_radius=24, sample_step=None, mask_color=(178, 178, 174, 255), clear_color=(255, 255, 255, 0), flip_y=True, auto_clear_ratio=None, mask_texture=None, mask_texture_is_file=False, auto_clear_callback=None, remove_on_auto_clear=True, layer_zorder=99999, touch_layer_zorder=100000, mask_node_name=None, touch_node_name=None)>
robot.toplogo_widget.childex.hp_bar.CloneWidget: callable sig=<Signature (widget, retain=False, ignore_leak_inspect=False)>
robot.toplogo_widget.childex.hp_bar.DetachScratchCardNode: callable sig=<Signature ()>
robot.toplogo_widget.childex.hp_bar.EnablePressScale: callable sig=<Signature (enable, scale=0.0, origin_scale=1.0)>
robot.toplogo_widget.childex.hp_bar.GetScratchCardNode: callable sig=<Signature ()>
robot.toplogo_widget.childex.hp_bar.GetTextureType: callable sig=<Signature (resource_name)>
robot.toplogo_widget.childex.hp_bar.IsAncestorsVisible: callable sig=<Signature ()>
robot.toplogo_widget.childex.hp_bar.IsWorldPosInNodeBound: callable sig=<Signature (x, y)>
robot.toplogo_widget.childex.hp_bar.SCRATCH_CARD_IMAGE_NAME: '_scratch_card_image' type=<class 'str'>
robot.toplogo_widget.childex.hp_bar.SCRATCH_CARD_TOUCH_NAME: '_scratch_card_touch' type=<class 'str'>
robot.toplogo_widget.childex.hp_bar.SetChildrenClippingEnabled: callable sig=<Signature (enabled)>
robot.toplogo_widget.childex.hp_bar.SetChildrenClippingType: callable sig=<Signature (clipping_type)>
robot.toplogo_widget.childex.hp_bar.SetNodeHoverImage: callable sig=<Signature (image_id, is_scale9=False, scale9_params=None, anchor_point=None, pos=None, contentsize=None, size_offset=None)>
robot.toplogo_widget.childex.hp_bar.ShowNodeHoverImage: callable sig=<Signature (visible)>
robot.toplogo_widget.childex.hp_bar._CreateScratchCardSplendorNode: callable sig=<Signature (node_name, zorder)>
robot.toplogo_widget.childex.hp_bar._SetWidgetSwallowTouches: callable sig=<Signature (widget, enable)>
robot.toplogo_widget.childex.hp_bar._scratch_card_node: None type=<class 'NoneType'>
robot.toplogo_widget.childex.hp_bar._show_node_hover: callable sig=<Signature (node, visible)>
robot.toplogo_widget.childex.hp_bar.addChild: callable sig=<Signature (child, zorder=None)>
robot.toplogo_widget.childex.hp_bar.child: callable sig=<Signature (name: str, wrapper: Type[~T_UINode_Inst] | Callable[[cc.Node | None], ~T_UINode_Inst] | None = None) -> ~T_UINode_Inst | ForwardRef('UINode')>
robot.toplogo_widget.childex.hp_bar.childex: callable sig=<Signature (path: str, wrapper: Type[~T_UINode_Inst] | None = None) -> ~T_UINode_Inst | ForwardRef('UINode')>
robot.toplogo_widget.childex.hp_bar.color: (<gshare.utils.Swallower object at 0x00000259D7E49180>, <gshare.utils.Swallower object at 0x00000259D7E49180>, <gshare.utils.Swallower object at 0x00000259D7E49180>) type=<class 'tuple'>
robot.toplogo_widget.childex.hp_bar.opacity: callable <gshare.utils.Swallower object at 0x00000259D7E49180>
robot.toplogo_widget.childex.hp_bar.rchild: callable sig=<Signature (name) -> cc.Node>
robot.toplogo_widget.childex.hp_bar.rchildex: callable sig=<Signature (path) -> cc.Node>
robot.toplogo_widget.childex.hp_bar.rseek: callable sig=<Signature (name) -> cc.Node>
robot.toplogo_widget.childex.hp_bar.scale: callable <gshare.utils.Swallower object at 0x00000259D7E49180>
robot.toplogo_widget.childex.hp_bar.seek: callable sig=<Signature (name: str, wrapper: Type[~T_UINode_Inst] | Callable[[cc.Node | None], ~T_UINode_Inst] | None = None) -> ~T_UINode_Inst | ForwardRef('UINode')>
robot.toplogo_widget.childex.hp_bar.setZoomChildren: callable sig=<Signature (children)>
robot.toplogo_widget.childex.hp_bar.visible: callable <gshare.utils.Swallower object at 0x00000259D7E49180>
robot.toplogo_widget.childex.hp_bar.widget: callable <gshare.utils.Swallower object at 0x00000259D7E49180>
robot.toplogo_widget.childex.hp_bar.zoomChildren: callable sig=<Signature (bzoom)>
robot.toplogo_widget.childex('bar_hp') -> <gclient.framework.ui.widgets.ui_node.UINode object(Swallower) at 0x25A1727F770> type=<class 'gclient.framework.ui.widgets.ui_node.UINode'>
robot.toplogo_widget.childex.bar_hp: <gclient.framework.ui.widgets.ui_node.UINode object(Swallower) at 0x25A1727F770> type=<class 'gclient.framework.ui.widgets.ui_node.UINode'>
robot.toplogo_widget.childex.bar_hp: interesting=['AddChild', 'AttachScratchCardNode', 'CloneWidget', 'DetachScratchCardNode', 'EnablePressScale', 'GetScratchCardNode', 'GetTextureType', 'IsAncestorsVisible', 'IsWorldPosInNodeBound', 'SCRATCH_CARD_IMAGE_NAME', 'SCRATCH_CARD_TOUCH_NAME', 'SetChildrenClippingEnabled', 'SetChildrenClippingType', 'SetNodeHoverImage', 'ShowNodeHoverImage', '_CreateScratchCardSplendorNode', '_SetWidgetSwallowTouches', '_scratch_card_node', '_show_node_hover', 'addChild', 'child', 'childex', 'color', 'opacity', 'rchild', 'rchildex', 'rseek', 'scale', 'seek', 'setZoomChildren', 'visible', 'widget', 'zoomChildren']
robot.toplogo_widget.childex.bar_hp.AddChild: callable sig=<Signature (child, zorder=None)>
robot.toplogo_widget.childex.bar_hp.AttachScratchCardNode: callable sig=<Signature (texture_width=None, texture_height=None, brush_radius=24, sample_step=None, mask_color=(178, 178, 174, 255), clear_color=(255, 255, 255, 0), flip_y=True, auto_clear_ratio=None, mask_texture=None, mask_texture_is_file=False, auto_clear_callback=None, remove_on_auto_clear=True, layer_zorder=99999, touch_layer_zorder=100000, mask_node_name=None, touch_node_name=None)>
robot.toplogo_widget.childex.bar_hp.CloneWidget: callable sig=<Signature (widget, retain=False, ignore_leak_inspect=False)>
robot.toplogo_widget.childex.bar_hp.DetachScratchCardNode: callable sig=<Signature ()>
robot.toplogo_widget.childex.bar_hp.EnablePressScale: callable sig=<Signature (enable, scale=0.0, origin_scale=1.0)>
robot.toplogo_widget.childex.bar_hp.GetScratchCardNode: callable sig=<Signature ()>
robot.toplogo_widget.childex.bar_hp.GetTextureType: callable sig=<Signature (resource_name)>
robot.toplogo_widget.childex.bar_hp.IsAncestorsVisible: callable sig=<Signature ()>
robot.toplogo_widget.childex.bar_hp.IsWorldPosInNodeBound: callable sig=<Signature (x, y)>
robot.toplogo_widget.childex.bar_hp.SCRATCH_CARD_IMAGE_NAME: '_scratch_card_image' type=<class 'str'>
robot.toplogo_widget.childex.bar_hp.SCRATCH_CARD_TOUCH_NAME: '_scratch_card_touch' type=<class 'str'>
robot.toplogo_widget.childex.bar_hp.SetChildrenClippingEnabled: callable sig=<Signature (enabled)>
robot.toplogo_widget.childex.bar_hp.SetChildrenClippingType: callable sig=<Signature (clipping_type)>
robot.toplogo_widget.childex.bar_hp.SetNodeHoverImage: callable sig=<Signature (image_id, is_scale9=False, scale9_params=None, anchor_point=None, pos=None, contentsize=None, size_offset=None)>
robot.toplogo_widget.childex.bar_hp.ShowNodeHoverImage: callable sig=<Signature (visible)>
robot.toplogo_widget.childex.bar_hp._CreateScratchCardSplendorNode: callable sig=<Signature (node_name, zorder)>
robot.toplogo_widget.childex.bar_hp._SetWidgetSwallowTouches: callable sig=<Signature (widget, enable)>
robot.toplogo_widget.childex.bar_hp._scratch_card_node: None type=<class 'NoneType'>
robot.toplogo_widget.childex.bar_hp._show_node_hover: callable sig=<Signature (node, visible)>
robot.toplogo_widget.childex.bar_hp.addChild: callable sig=<Signature (child, zorder=None)>
robot.toplogo_widget.childex.bar_hp.child: callable sig=<Signature (name: str, wrapper: Type[~T_UINode_Inst] | Callable[[cc.Node | None], ~T_UINode_Inst] | None = None) -> ~T_UINode_Inst | ForwardRef('UINode')>
robot.toplogo_widget.childex.bar_hp.childex: callable sig=<Signature (path: str, wrapper: Type[~T_UINode_Inst] | None = None) -> ~T_UINode_Inst | ForwardRef('UINode')>
robot.toplogo_widget.childex.bar_hp.color: (<gshare.utils.Swallower object at 0x0000025A174952C0>, <gshare.utils.Swallower object at 0x0000025A174952C0>, <gshare.utils.Swallower object at 0x0000025A174952C0>) type=<class 'tuple'>
robot.toplogo_widget.childex.bar_hp.opacity: callable <gshare.utils.Swallower object at 0x0000025A174952C0>
robot.toplogo_widget.childex.bar_hp.rchild: callable sig=<Signature (name) -> cc.Node>
robot.toplogo_widget.childex.bar_hp.rchildex: callable sig=<Signature (path) -> cc.Node>
robot.toplogo_widget.childex.bar_hp.rseek: callable sig=<Signature (name) -> cc.Node>
robot.toplogo_widget.childex.bar_hp.scale: callable <gshare.utils.Swallower object at 0x0000025A174952C0>
robot.toplogo_widget.childex.bar_hp.seek: callable sig=<Signature (name: str, wrapper: Type[~T_UINode_Inst] | Callable[[cc.Node | None], ~T_UINode_Inst] | None = None) -> ~T_UINode_Inst | ForwardRef('UINode')>
robot.toplogo_widget.childex.bar_hp.setZoomChildren: callable sig=<Signature (children)>
robot.toplogo_widget.childex.bar_hp.visible: callable <gshare.utils.Swallower object at 0x0000025A174952C0>
robot.toplogo_widget.childex.bar_hp.widget: callable <gshare.utils.Swallower object at 0x0000025A174952C0>
robot.toplogo_widget.childex.bar_hp.zoomChildren: callable sig=<Signature (bzoom)>
robot.toplogo_widget.childex('panel_top') -> <gclient.framework.ui.widgets.ui_node.UINode object(Swallower) at 0x25A1727F8C0> type=<class 'gclient.framework.ui.widgets.ui_node.UINode'>
robot.toplogo_widget.childex.panel_top: <gclient.framework.ui.widgets.ui_node.UINode object(Swallower) at 0x25A1727F8C0> type=<class 'gclient.framework.ui.widgets.ui_node.UINode'>
robot.toplogo_widget.childex.panel_top: interesting=['AddChild', 'AttachScratchCardNode', 'CloneWidget', 'DetachScratchCardNode', 'EnablePressScale', 'GetScratchCardNode', 'GetTextureType', 'IsAncestorsVisible', 'IsWorldPosInNodeBound', 'SCRATCH_CARD_IMAGE_NAME', 'SCRATCH_CARD_TOUCH_NAME', 'SetChildrenClippingEnabled', 'SetChildrenClippingType', 'SetNodeHoverImage', 'ShowNodeHoverImage', '_CreateScratchCardSplendorNode', '_SetWidgetSwallowTouches', '_scratch_card_node', '_show_node_hover', 'addChild', 'child', 'childex', 'color', 'opacity', 'rchild', 'rchildex', 'rseek', 'scale', 'seek', 'setZoomChildren', 'visible', 'widget', 'zoomChildren']
robot.toplogo_widget.childex.panel_top.AddChild: callable sig=<Signature (child, zorder=None)>
robot.toplogo_widget.childex.panel_top.AttachScratchCardNode: callable sig=<Signature (texture_width=None, texture_height=None, brush_radius=24, sample_step=None, mask_color=(178, 178, 174, 255), clear_color=(255, 255, 255, 0), flip_y=True, auto_clear_ratio=None, mask_texture=None, mask_texture_is_file=False, auto_clear_callback=None, remove_on_auto_clear=True, layer_zorder=99999, touch_layer_zorder=100000, mask_node_name=None, touch_node_name=None)>
robot.toplogo_widget.childex.panel_top.CloneWidget: callable sig=<Signature (widget, retain=False, ignore_leak_inspect=False)>
robot.toplogo_widget.childex.panel_top.DetachScratchCardNode: callable sig=<Signature ()>
robot.toplogo_widget.childex.panel_top.EnablePressScale: callable sig=<Signature (enable, scale=0.0, origin_scale=1.0)>
robot.toplogo_widget.childex.panel_top.GetScratchCardNode: callable sig=<Signature ()>
robot.toplogo_widget.childex.panel_top.GetTextureType: callable sig=<Signature (resource_name)>
robot.toplogo_widget.childex.panel_top.IsAncestorsVisible: callable sig=<Signature ()>
robot.toplogo_widget.childex.panel_top.IsWorldPosInNodeBound: callable sig=<Signature (x, y)>
robot.toplogo_widget.childex.panel_top.SCRATCH_CARD_IMAGE_NAME: '_scratch_card_image' type=<class 'str'>
robot.toplogo_widget.childex.panel_top.SCRATCH_CARD_TOUCH_NAME: '_scratch_card_touch' type=<class 'str'>
robot.toplogo_widget.childex.panel_top.SetChildrenClippingEnabled: callable sig=<Signature (enabled)>
robot.toplogo_widget.childex.panel_top.SetChildrenClippingType: callable sig=<Signature (clipping_type)>
robot.toplogo_widget.childex.panel_top.SetNodeHoverImage: callable sig=<Signature (image_id, is_scale9=False, scale9_params=None, anchor_point=None, pos=None, contentsize=None, size_offset=None)>
robot.toplogo_widget.childex.panel_top.ShowNodeHoverImage: callable sig=<Signature (visible)>
robot.toplogo_widget.childex.panel_top._CreateScratchCardSplendorNode: callable sig=<Signature (node_name, zorder)>
robot.toplogo_widget.childex.panel_top._SetWidgetSwallowTouches: callable sig=<Signature (widget, enable)>
robot.toplogo_widget.childex.panel_top._scratch_card_node: None type=<class 'NoneType'>
robot.toplogo_widget.childex.panel_top._show_node_hover: callable sig=<Signature (node, visible)>
robot.toplogo_widget.childex.panel_top.addChild: callable sig=<Signature (child, zorder=None)>
robot.toplogo_widget.childex.panel_top.child: callable sig=<Signature (name: str, wrapper: Type[~T_UINode_Inst] | Callable[[cc.Node | None], ~T_UINode_Inst] | None = None) -> ~T_UINode_Inst | ForwardRef('UINode')>
robot.toplogo_widget.childex.panel_top.childex: callable sig=<Signature (path: str, wrapper: Type[~T_UINode_Inst] | None = None) -> ~T_UINode_Inst | ForwardRef('UINode')>
robot.toplogo_widget.childex.panel_top.color: (<gshare.utils.Swallower object at 0x00000259D7E49180>, <gshare.utils.Swallower object at 0x00000259D7E49180>, <gshare.utils.Swallower object at 0x00000259D7E49180>) type=<class 'tuple'>
robot.toplogo_widget.childex.panel_top.opacity: callable <gshare.utils.Swallower object at 0x00000259D7E49180>
robot.toplogo_widget.childex.panel_top.rchild: callable sig=<Signature (name) -> cc.Node>
robot.toplogo_widget.childex.panel_top.rchildex: callable sig=<Signature (path) -> cc.Node>
robot.toplogo_widget.childex.panel_top.rseek: callable sig=<Signature (name) -> cc.Node>
robot.toplogo_widget.childex.panel_top.scale: callable <gshare.utils.Swallower object at 0x00000259D7E49180>
robot.toplogo_widget.childex.panel_top.seek: callable sig=<Signature (name: str, wrapper: Type[~T_UINode_Inst] | Callable[[cc.Node | None], ~T_UINode_Inst] | None = None) -> ~T_UINode_Inst | ForwardRef('UINode')>
robot.toplogo_widget.childex.panel_top.setZoomChildren: callable sig=<Signature (children)>
robot.toplogo_widget.childex.panel_top.visible: callable <gshare.utils.Swallower object at 0x00000259D7E49180>
robot.toplogo_widget.childex.panel_top.widget: callable <gshare.utils.Swallower object at 0x00000259D7E49180>
robot.toplogo_widget.childex.panel_top.zoomChildren: callable sig=<Signature (bzoom)>
robot.toplogo_widget.childex('toplogo') -> <gclient.framework.ui.widgets.ui_node.UINode object(Swallower) at 0x25A1727F770> type=<class 'gclient.framework.ui.widgets.ui_node.UINode'>
robot.toplogo_widget.childex.toplogo: <gclient.framework.ui.widgets.ui_node.UINode object(Swallower) at 0x25A1727F770> type=<class 'gclient.framework.ui.widgets.ui_node.UINode'>
robot.toplogo_widget.childex.toplogo: interesting=['AddChild', 'AttachScratchCardNode', 'CloneWidget', 'DetachScratchCardNode', 'EnablePressScale', 'GetScratchCardNode', 'GetTextureType', 'IsAncestorsVisible', 'IsWorldPosInNodeBound', 'SCRATCH_CARD_IMAGE_NAME', 'SCRATCH_CARD_TOUCH_NAME', 'SetChildrenClippingEnabled', 'SetChildrenClippingType', 'SetNodeHoverImage', 'ShowNodeHoverImage', '_CreateScratchCardSplendorNode', '_SetWidgetSwallowTouches', '_scratch_card_node', '_show_node_hover', 'addChild', 'child', 'childex', 'color', 'opacity', 'rchild', 'rchildex', 'rseek', 'scale', 'seek', 'setZoomChildren', 'visible', 'widget', 'zoomChildren']
robot.toplogo_widget.childex.toplogo.AddChild: callable sig=<Signature (child, zorder=None)>
robot.toplogo_widget.childex.toplogo.AttachScratchCardNode: callable sig=<Signature (texture_width=None, texture_height=None, brush_radius=24, sample_step=None, mask_color=(178, 178, 174, 255), clear_color=(255, 255, 255, 0), flip_y=True, auto_clear_ratio=None, mask_texture=None, mask_texture_is_file=False, auto_clear_callback=None, remove_on_auto_clear=True, layer_zorder=99999, touch_layer_zorder=100000, mask_node_name=None, touch_node_name=None)>
robot.toplogo_widget.childex.toplogo.CloneWidget: callable sig=<Signature (widget, retain=False, ignore_leak_inspect=False)>
robot.toplogo_widget.childex.toplogo.DetachScratchCardNode: callable sig=<Signature ()>
robot.toplogo_widget.childex.toplogo.EnablePressScale: callable sig=<Signature (enable, scale=0.0, origin_scale=1.0)>
robot.toplogo_widget.childex.toplogo.GetScratchCardNode: callable sig=<Signature ()>
robot.toplogo_widget.childex.toplogo.GetTextureType: callable sig=<Signature (resource_name)>
robot.toplogo_widget.childex.toplogo.IsAncestorsVisible: callable sig=<Signature ()>
robot.toplogo_widget.childex.toplogo.IsWorldPosInNodeBound: callable sig=<Signature (x, y)>
robot.toplogo_widget.childex.toplogo.SCRATCH_CARD_IMAGE_NAME: '_scratch_card_image' type=<class 'str'>
robot.toplogo_widget.childex.toplogo.SCRATCH_CARD_TOUCH_NAME: '_scratch_card_touch' type=<class 'str'>
robot.toplogo_widget.childex.toplogo.SetChildrenClippingEnabled: callable sig=<Signature (enabled)>
robot.toplogo_widget.childex.toplogo.SetChildrenClippingType: callable sig=<Signature (clipping_type)>
robot.toplogo_widget.childex.toplogo.SetNodeHoverImage: callable sig=<Signature (image_id, is_scale9=False, scale9_params=None, anchor_point=None, pos=None, contentsize=None, size_offset=None)>
robot.toplogo_widget.childex.toplogo.ShowNodeHoverImage: callable sig=<Signature (visible)>
robot.toplogo_widget.childex.toplogo._CreateScratchCardSplendorNode: callable sig=<Signature (node_name, zorder)>
robot.toplogo_widget.childex.toplogo._SetWidgetSwallowTouches: callable sig=<Signature (widget, enable)>
robot.toplogo_widget.childex.toplogo._scratch_card_node: None type=<class 'NoneType'>
robot.toplogo_widget.childex.toplogo._show_node_hover: callable sig=<Signature (node, visible)>
robot.toplogo_widget.childex.toplogo.addChild: callable sig=<Signature (child, zorder=None)>
robot.toplogo_widget.childex.toplogo.child: callable sig=<Signature (name: str, wrapper: Type[~T_UINode_Inst] | Callable[[cc.Node | None], ~T_UINode_Inst] | None = None) -> ~T_UINode_Inst | ForwardRef('UINode')>
robot.toplogo_widget.childex.toplogo.childex: callable sig=<Signature (path: str, wrapper: Type[~T_UINode_Inst] | None = None) -> ~T_UINode_Inst | ForwardRef('UINode')>
robot.toplogo_widget.childex.toplogo.color: (<gshare.utils.Swallower object at 0x0000025A174952C0>, <gshare.utils.Swallower object at 0x0000025A174952C0>, <gshare.utils.Swallower object at 0x0000025A174952C0>) type=<class 'tuple'>
robot.toplogo_widget.childex.toplogo.opacity: callable <gshare.utils.Swallower object at 0x0000025A174952C0>
robot.toplogo_widget.childex.toplogo.rchild: callable sig=<Signature (name) -> cc.Node>
robot.toplogo_widget.childex.toplogo.rchildex: callable sig=<Signature (path) -> cc.Node>
robot.toplogo_widget.childex.toplogo.rseek: callable sig=<Signature (name) -> cc.Node>
robot.toplogo_widget.childex.toplogo.scale: callable <gshare.utils.Swallower object at 0x0000025A174952C0>
robot.toplogo_widget.childex.toplogo.seek: callable sig=<Signature (name: str, wrapper: Type[~T_UINode_Inst] | Callable[[cc.Node | None], ~T_UINode_Inst] | None = None) -> ~T_UINode_Inst | ForwardRef('UINode')>
robot.toplogo_widget.childex.toplogo.setZoomChildren: callable sig=<Signature (children)>
robot.toplogo_widget.childex.toplogo.visible: callable <gshare.utils.Swallower object at 0x0000025A174952C0>
robot.toplogo_widget.childex.toplogo.widget: callable <gshare.utils.Swallower object at 0x0000025A174952C0>
robot.toplogo_widget.childex.toplogo.zoomChildren: callable sig=<Signature (bzoom)>
robot.toplogo_widget.childex('toplogo_widget') -> <gclient.framework.ui.widgets.ui_node.UINode object(Swallower) at 0x25A1727F8C0> type=<class 'gclient.framework.ui.widgets.ui_node.UINode'>
robot.toplogo_widget.childex.toplogo_widget: <gclient.framework.ui.widgets.ui_node.UINode object(Swallower) at 0x25A1727F8C0> type=<class 'gclient.framework.ui.widgets.ui_node.UINode'>
robot.toplogo_widget.childex.toplogo_widget: interesting=['AddChild', 'AttachScratchCardNode', 'CloneWidget', 'DetachScratchCardNode', 'EnablePressScale', 'GetScratchCardNode', 'GetTextureType', 'IsAncestorsVisible', 'IsWorldPosInNodeBound', 'SCRATCH_CARD_IMAGE_NAME', 'SCRATCH_CARD_TOUCH_NAME', 'SetChildrenClippingEnabled', 'SetChildrenClippingType', 'SetNodeHoverImage', 'ShowNodeHoverImage', '_CreateScratchCardSplendorNode', '_SetWidgetSwallowTouches', '_scratch_card_node', '_show_node_hover', 'addChild', 'child', 'childex', 'color', 'opacity', 'rchild', 'rchildex', 'rseek', 'scale', 'seek', 'setZoomChildren', 'visible', 'widget', 'zoomChildren']
robot.toplogo_widget.childex.toplogo_widget.AddChild: callable sig=<Signature (child, zorder=None)>
robot.toplogo_widget.childex.toplogo_widget.AttachScratchCardNode: callable sig=<Signature (texture_width=None, texture_height=None, brush_radius=24, sample_step=None, mask_color=(178, 178, 174, 255), clear_color=(255, 255, 255, 0), flip_y=True, auto_clear_ratio=None, mask_texture=None, mask_texture_is_file=False, auto_clear_callback=None, remove_on_auto_clear=True, layer_zorder=99999, touch_layer_zorder=100000, mask_node_name=None, touch_node_name=None)>
robot.toplogo_widget.childex.toplogo_widget.CloneWidget: callable sig=<Signature (widget, retain=False, ignore_leak_inspect=False)>
robot.toplogo_widget.childex.toplogo_widget.DetachScratchCardNode: callable sig=<Signature ()>
robot.toplogo_widget.childex.toplogo_widget.EnablePressScale: callable sig=<Signature (enable, scale=0.0, origin_scale=1.0)>
robot.toplogo_widget.childex.toplogo_widget.GetScratchCardNode: callable sig=<Signature ()>
robot.toplogo_widget.childex.toplogo_widget.GetTextureType: callable sig=<Signature (resource_name)>
robot.toplogo_widget.childex.toplogo_widget.IsAncestorsVisible: callable sig=<Signature ()>
robot.toplogo_widget.childex.toplogo_widget.IsWorldPosInNodeBound: callable sig=<Signature (x, y)>
robot.toplogo_widget.childex.toplogo_widget.SCRATCH_CARD_IMAGE_NAME: '_scratch_card_image' type=<class 'str'>
robot.toplogo_widget.childex.toplogo_widget.SCRATCH_CARD_TOUCH_NAME: '_scratch_card_touch' type=<class 'str'>
robot.toplogo_widget.childex.toplogo_widget.SetChildrenClippingEnabled: callable sig=<Signature (enabled)>
robot.toplogo_widget.childex.toplogo_widget.SetChildrenClippingType: callable sig=<Signature (clipping_type)>
robot.toplogo_widget.childex.toplogo_widget.SetNodeHoverImage: callable sig=<Signature (image_id, is_scale9=False, scale9_params=None, anchor_point=None, pos=None, contentsize=None, size_offset=None)>
robot.toplogo_widget.childex.toplogo_widget.ShowNodeHoverImage: callable sig=<Signature (visible)>
robot.toplogo_widget.childex.toplogo_widget._CreateScratchCardSplendorNode: callable sig=<Signature (node_name, zorder)>
robot.toplogo_widget.childex.toplogo_widget._SetWidgetSwallowTouches: callable sig=<Signature (widget, enable)>
robot.toplogo_widget.childex.toplogo_widget._scratch_card_node: None type=<class 'NoneType'>
robot.toplogo_widget.childex.toplogo_widget._show_node_hover: callable sig=<Signature (node, visible)>
robot.toplogo_widget.childex.toplogo_widget.addChild: callable sig=<Signature (child, zorder=None)>
robot.toplogo_widget.childex.toplogo_widget.child: callable sig=<Signature (name: str, wrapper: Type[~T_UINode_Inst] | Callable[[cc.Node | None], ~T_UINode_Inst] | None = None) -> ~T_UINode_Inst | ForwardRef('UINode')>
robot.toplogo_widget.childex.toplogo_widget.childex: callable sig=<Signature (path: str, wrapper: Type[~T_UINode_Inst] | None = None) -> ~T_UINode_Inst | ForwardRef('UINode')>
robot.toplogo_widget.childex.toplogo_widget.color: (<gshare.utils.Swallower object at 0x00000259D7E49180>, <gshare.utils.Swallower object at 0x00000259D7E49180>, <gshare.utils.Swallower object at 0x00000259D7E49180>) type=<class 'tuple'>
robot.toplogo_widget.childex.toplogo_widget.opacity: callable <gshare.utils.Swallower object at 0x00000259D7E49180>
robot.toplogo_widget.childex.toplogo_widget.rchild: callable sig=<Signature (name) -> cc.Node>
robot.toplogo_widget.childex.toplogo_widget.rchildex: callable sig=<Signature (path) -> cc.Node>
robot.toplogo_widget.childex.toplogo_widget.rseek: callable sig=<Signature (name) -> cc.Node>
robot.toplogo_widget.childex.toplogo_widget.scale: callable <gshare.utils.Swallower object at 0x00000259D7E49180>
robot.toplogo_widget.childex.toplogo_widget.seek: callable sig=<Signature (name: str, wrapper: Type[~T_UINode_Inst] | Callable[[cc.Node | None], ~T_UINode_Inst] | None = None) -> ~T_UINode_Inst | ForwardRef('UINode')>
robot.toplogo_widget.childex.toplogo_widget.setZoomChildren: callable sig=<Signature (children)>
robot.toplogo_widget.childex.toplogo_widget.visible: callable <gshare.utils.Swallower object at 0x00000259D7E49180>
robot.toplogo_widget.childex.toplogo_widget.widget: callable <gshare.utils.Swallower object at 0x00000259D7E49180>
robot.toplogo_widget.childex.toplogo_widget.zoomChildren: callable sig=<Signature (bzoom)>
robot.toplogo_widget.childex('txt_level') -> <gclient.framework.ui.widgets.ui_node.UINode object(Swallower) at 0x25A1727F770> type=<class 'gclient.framework.ui.widgets.ui_node.UINode'>
robot.toplogo_widget.childex.txt_level: <gclient.framework.ui.widgets.ui_node.UINode object(Swallower) at 0x25A1727F770> type=<class 'gclient.framework.ui.widgets.ui_node.UINode'>
robot.toplogo_widget.childex.txt_level: interesting=['AddChild', 'AttachScratchCardNode', 'CloneWidget', 'DetachScratchCardNode', 'EnablePressScale', 'GetScratchCardNode', 'GetTextureType', 'IsAncestorsVisible', 'IsWorldPosInNodeBound', 'SCRATCH_CARD_IMAGE_NAME', 'SCRATCH_CARD_TOUCH_NAME', 'SetChildrenClippingEnabled', 'SetChildrenClippingType', 'SetNodeHoverImage', 'ShowNodeHoverImage', '_CreateScratchCardSplendorNode', '_SetWidgetSwallowTouches', '_scratch_card_node', '_show_node_hover', 'addChild', 'child', 'childex', 'color', 'opacity', 'rchild', 'rchildex', 'rseek', 'scale', 'seek', 'setZoomChildren', 'visible', 'widget', 'zoomChildren']
robot.toplogo_widget.childex.txt_level.AddChild: callable sig=<Signature (child, zorder=None)>
robot.toplogo_widget.childex.txt_level.AttachScratchCardNode: callable sig=<Signature (texture_width=None, texture_height=None, brush_radius=24, sample_step=None, mask_color=(178, 178, 174, 255), clear_color=(255, 255, 255, 0), flip_y=True, auto_clear_ratio=None, mask_texture=None, mask_texture_is_file=False, auto_clear_callback=None, remove_on_auto_clear=True, layer_zorder=99999, touch_layer_zorder=100000, mask_node_name=None, touch_node_name=None)>
robot.toplogo_widget.childex.txt_level.CloneWidget: callable sig=<Signature (widget, retain=False, ignore_leak_inspect=False)>
robot.toplogo_widget.childex.txt_level.DetachScratchCardNode: callable sig=<Signature ()>
robot.toplogo_widget.childex.txt_level.EnablePressScale: callable sig=<Signature (enable, scale=0.0, origin_scale=1.0)>
robot.toplogo_widget.childex.txt_level.GetScratchCardNode: callable sig=<Signature ()>
robot.toplogo_widget.childex.txt_level.GetTextureType: callable sig=<Signature (resource_name)>
robot.toplogo_widget.childex.txt_level.IsAncestorsVisible: callable sig=<Signature ()>
robot.toplogo_widget.childex.txt_level.IsWorldPosInNodeBound: callable sig=<Signature (x, y)>
robot.toplogo_widget.childex.txt_level.SCRATCH_CARD_IMAGE_NAME: '_scratch_card_image' type=<class 'str'>
robot.toplogo_widget.childex.txt_level.SCRATCH_CARD_TOUCH_NAME: '_scratch_card_touch' type=<class 'str'>
robot.toplogo_widget.childex.txt_level.SetChildrenClippingEnabled: callable sig=<Signature (enabled)>
robot.toplogo_widget.childex.txt_level.SetChildrenClippingType: callable sig=<Signature (clipping_type)>
robot.toplogo_widget.childex.txt_level.SetNodeHoverImage: callable sig=<Signature (image_id, is_scale9=False, scale9_params=None, anchor_point=None, pos=None, contentsize=None, size_offset=None)>
robot.toplogo_widget.childex.txt_level.ShowNodeHoverImage: callable sig=<Signature (visible)>
robot.toplogo_widget.childex.txt_level._CreateScratchCardSplendorNode: callable sig=<Signature (node_name, zorder)>
robot.toplogo_widget.childex.txt_level._SetWidgetSwallowTouches: callable sig=<Signature (widget, enable)>
robot.toplogo_widget.childex.txt_level._scratch_card_node: None type=<class 'NoneType'>
robot.toplogo_widget.childex.txt_level._show_node_hover: callable sig=<Signature (node, visible)>
robot.toplogo_widget.childex.txt_level.addChild: callable sig=<Signature (child, zorder=None)>
robot.toplogo_widget.childex.txt_level.child: callable sig=<Signature (name: str, wrapper: Type[~T_UINode_Inst] | Callable[[cc.Node | None], ~T_UINode_Inst] | None = None) -> ~T_UINode_Inst | ForwardRef('UINode')>
robot.toplogo_widget.childex.txt_level.childex: callable sig=<Signature (path: str, wrapper: Type[~T_UINode_Inst] | None = None) -> ~T_UINode_Inst | ForwardRef('UINode')>
robot.toplogo_widget.childex.txt_level.color: (<gshare.utils.Swallower object at 0x00000259F74D0E60>, <gshare.utils.Swallower object at 0x00000259F74D0E60>, <gshare.utils.Swallower object at 0x00000259F74D0E60>) type=<class 'tuple'>
robot.toplogo_widget.childex.txt_level.opacity: callable <gshare.utils.Swallower object at 0x00000259F74D0E60>
robot.toplogo_widget.childex.txt_level.rchild: callable sig=<Signature (name) -> cc.Node>
robot.toplogo_widget.childex.txt_level.rchildex: callable sig=<Signature (path) -> cc.Node>
robot.toplogo_widget.childex.txt_level.rseek: callable sig=<Signature (name) -> cc.Node>
robot.toplogo_widget.childex.txt_level.scale: callable <gshare.utils.Swallower object at 0x00000259F74D0E60>
robot.toplogo_widget.childex.txt_level.seek: callable sig=<Signature (name: str, wrapper: Type[~T_UINode_Inst] | Callable[[cc.Node | None], ~T_UINode_Inst] | None = None) -> ~T_UINode_Inst | ForwardRef('UINode')>
robot.toplogo_widget.childex.txt_level.setZoomChildren: callable sig=<Signature (children)>
robot.toplogo_widget.childex.txt_level.visible: callable <gshare.utils.Swallower object at 0x00000259F74D0E60>
robot.toplogo_widget.childex.txt_level.widget: callable <gshare.utils.Swallower object at 0x00000259F74D0E60>
robot.toplogo_widget.childex.txt_level.zoomChildren: callable sig=<Signature (bzoom)>
robot.toplogo_widget.childex('txt_title') -> <gclient.framework.ui.widgets.ui_node.UINode object(Swallower) at 0x25A1727F8C0> type=<class 'gclient.framework.ui.widgets.ui_node.UINode'>
robot.toplogo_widget.childex.txt_title: <gclient.framework.ui.widgets.ui_node.UINode object(Swallower) at 0x25A1727F8C0> type=<class 'gclient.framework.ui.widgets.ui_node.UINode'>
robot.toplogo_widget.childex.txt_title: interesting=['AddChild', 'AttachScratchCardNode', 'CloneWidget', 'DetachScratchCardNode', 'EnablePressScale', 'GetScratchCardNode', 'GetTextureType', 'IsAncestorsVisible', 'IsWorldPosInNodeBound', 'SCRATCH_CARD_IMAGE_NAME', 'SCRATCH_CARD_TOUCH_NAME', 'SetChildrenClippingEnabled', 'SetChildrenClippingType', 'SetNodeHoverImage', 'ShowNodeHoverImage', '_CreateScratchCardSplendorNode', '_SetWidgetSwallowTouches', '_scratch_card_node', '_show_node_hover', 'addChild', 'child', 'childex', 'color', 'opacity', 'rchild', 'rchildex', 'rseek', 'scale', 'seek', 'setZoomChildren', 'visible', 'widget', 'zoomChildren']
robot.toplogo_widget.childex.txt_title.AddChild: callable sig=<Signature (child, zorder=None)>
robot.toplogo_widget.childex.txt_title.AttachScratchCardNode: callable sig=<Signature (texture_width=None, texture_height=None, brush_radius=24, sample_step=None, mask_color=(178, 178, 174, 255), clear_color=(255, 255, 255, 0), flip_y=True, auto_clear_ratio=None, mask_texture=None, mask_texture_is_file=False, auto_clear_callback=None, remove_on_auto_clear=True, layer_zorder=99999, touch_layer_zorder=100000, mask_node_name=None, touch_node_name=None)>
robot.toplogo_widget.childex.txt_title.CloneWidget: callable sig=<Signature (widget, retain=False, ignore_leak_inspect=False)>
robot.toplogo_widget.childex.txt_title.DetachScratchCardNode: callable sig=<Signature ()>
robot.toplogo_widget.childex.txt_title.EnablePressScale: callable sig=<Signature (enable, scale=0.0, origin_scale=1.0)>
robot.toplogo_widget.childex.txt_title.GetScratchCardNode: callable sig=<Signature ()>
robot.toplogo_widget.childex.txt_title.GetTextureType: callable sig=<Signature (resource_name)>
robot.toplogo_widget.childex.txt_title.IsAncestorsVisible: callable sig=<Signature ()>
robot.toplogo_widget.childex.txt_title.IsWorldPosInNodeBound: callable sig=<Signature (x, y)>
robot.toplogo_widget.childex.txt_title.SCRATCH_CARD_IMAGE_NAME: '_scratch_card_image' type=<class 'str'>
robot.toplogo_widget.childex.txt_title.SCRATCH_CARD_TOUCH_NAME: '_scratch_card_touch' type=<class 'str'>
robot.toplogo_widget.childex.txt_title.SetChildrenClippingEnabled: callable sig=<Signature (enabled)>
robot.toplogo_widget.childex.txt_title.SetChildrenClippingType: callable sig=<Signature (clipping_type)>
robot.toplogo_widget.childex.txt_title.SetNodeHoverImage: callable sig=<Signature (image_id, is_scale9=False, scale9_params=None, anchor_point=None, pos=None, contentsize=None, size_offset=None)>
robot.toplogo_widget.childex.txt_title.ShowNodeHoverImage: callable sig=<Signature (visible)>
robot.toplogo_widget.childex.txt_title._CreateScratchCardSplendorNode: callable sig=<Signature (node_name, zorder)>
robot.toplogo_widget.childex.txt_title._SetWidgetSwallowTouches: callable sig=<Signature (widget, enable)>
robot.toplogo_widget.childex.txt_title._scratch_card_node: None type=<class 'NoneType'>
robot.toplogo_widget.childex.txt_title._show_node_hover: callable sig=<Signature (node, visible)>
robot.toplogo_widget.childex.txt_title.addChild: callable sig=<Signature (child, zorder=None)>
robot.toplogo_widget.childex.txt_title.child: callable sig=<Signature (name: str, wrapper: Type[~T_UINode_Inst] | Callable[[cc.Node | None], ~T_UINode_Inst] | None = None) -> ~T_UINode_Inst | ForwardRef('UINode')>
robot.toplogo_widget.childex.txt_title.childex: callable sig=<Signature (path: str, wrapper: Type[~T_UINode_Inst] | None = None) -> ~T_UINode_Inst | ForwardRef('UINode')>
robot.toplogo_widget.childex.txt_title.color: (<gshare.utils.Swallower object at 0x00000259D7E49180>, <gshare.utils.Swallower object at 0x00000259D7E49180>, <gshare.utils.Swallower object at 0x00000259D7E49180>) type=<class 'tuple'>
robot.toplogo_widget.childex.txt_title.opacity: callable <gshare.utils.Swallower object at 0x00000259D7E49180>
robot.toplogo_widget.childex.txt_title.rchild: callable sig=<Signature (name) -> cc.Node>
robot.toplogo_widget.childex.txt_title.rchildex: callable sig=<Signature (path) -> cc.Node>
robot.toplogo_widget.childex.txt_title.rseek: callable sig=<Signature (name) -> cc.Node>
robot.toplogo_widget.childex.txt_title.scale: callable <gshare.utils.Swallower object at 0x00000259D7E49180>
robot.toplogo_widget.childex.txt_title.seek: callable sig=<Signature (name: str, wrapper: Type[~T_UINode_Inst] | Callable[[cc.Node | None], ~T_UINode_Inst] | None = None) -> ~T_UINode_Inst | ForwardRef('UINode')>
robot.toplogo_widget.childex.txt_title.setZoomChildren: callable sig=<Signature (children)>
robot.toplogo_widget.childex.txt_title.visible: callable <gshare.utils.Swallower object at 0x00000259D7E49180>
robot.toplogo_widget.childex.txt_title.widget: callable <gshare.utils.Swallower object at 0x00000259D7E49180>
robot.toplogo_widget.childex.txt_title.zoomChildren: callable sig=<Signature (bzoom)>
robot.toplogo_border_widget: None
robot.toplogo: <gclient.gameplay.logic_base.comps.avatar_scene_node.AvatarSceneNode object at 0x0000025A03379A90> type=<class 'gclient.gameplay.logic_base.comps.avatar_scene_node.AvatarSceneNode'>
robot.toplogo: interesting=['AddTopLogoWidgetHiddenReason', 'AddToplogoDamageNumberAvailable', 'AddToplogoVisibleTick', 'CancelFriendDisTimer', 'CancelToplogoDamageNumberHideTimer', 'ClearExpiredToplogoDamageNumberState', 'DelayHideToplogoDamageNumber', 'DelayStopToplogo', 'EnemyTopLogoTimer', 'FriendDistanceTick', 'GetToplogoBias', 'GetToplogoDamageNumberAvailable', 'GetToplogoDamageNumberState', 'HideEnemyBar', 'HideEnemyHpBarTransition', 'HideFriendName', 'HideToplogoDamageNumber', 'HideToplogoDamageNumberImmediately', 'HideToplogoDamageNumberImmediatelyWithCallback', 'InitToplogo', 'InitToplogoData', 'InitToplogoUI', 'InitToplogoUIForReplayRoom', 'IsInShowToplogoByExposeTalentDuration', 'IsToplogoUIValid', 'OnPlayerAdsStateChangedForOpacity', 'OnSettingHideTeammateNameChanged', 'OnShowEnemyBar', 'OnToplogoDamageNumberArmorRecover', 'OnToplogoDamageNumberHpRecover', 'RefreshEnemyArmorBar', 'RefreshEnemyHpBar', 'RefreshEnemyHpBarTransition', 'RefreshFriendEnemyToplogoState', 'RefreshToplogo', 'RefreshToplogoAchievement', 'RefreshToplogoArmorBarForReplayRoom', 'RefreshToplogoCombatState', 'RefreshToplogoDyingHp', 'RefreshToplogoEquipWeaponForReplayRoom', 'RefreshToplogoForReplayRoom', 'RefreshToplogoHpBarForReplayRoom', 'RefreshToplogoInjuredStatus', 'RefreshToplogoTacticalLevelForReplayRoom', 'RefreshToplogoTeamTagForReplayRoom', 'RefreshToplogoTitles', 'RefreshToplogoVisibleForAircraft', 'RefreshToplogoVisibleForCalculation', 'RefreshToplogoVisibleForReplayRoom', 'RefreshToplogoVisibleForSelectHero', 'RemoveTopLogoWidgetHiddenReason', 'RemoveToplogoVisibleTick', 'SetEnemyTopLogoWidgetVisibleImm', 'SetFollowNodeRelativePosOffset', 'SetOpacity', 'SetSceneNodeInfo', 'SetToplogoVisible', 'SetVisible', 'ShowDoubleEmoteToplogo', 'ShowEnemyBar', 'ShowEnemyHpBarTransition', 'ShowEnemyToplogo', 'ShowFriendName', 'ShowToplogoByExposeTalent', 'ShowToplogoDamageNumber', 'TEAM_COLOR_MAP', 'TickTopologoVisible', 'ToplogoTickForReplayRoom', '_StopToplogoVisibleCb', 'continuous_damage_text_hide_timer', 'continuous_damage_text_state', 'enemy_hp_bar', 'enemy_hp_bar_bg', 'enemy_hp_transition_active', 'fsm_enemy_toplogo', 'img_enemy_hp_fade', 'img_enemy_hp_fade_1', 'img_enemy_hp_transition', 'img_hero_achievement_level', 'img_low_hp_emma', 'init_toplogo_ui', 'node_blood_num', 'node_name_hp', 'node_title', 'panel_enemy_bars', 'scenenode_entity', 'scenenode_name', 'scenenode_widget', 'teammate_txt_num', 'text_dis_friend', 'text_name_enemy', 'text_name_friend', 'toplogo', 'toplogo_border_widget', 'toplogo_curr_visible', 'toplogo_dead_hide_timer', 'toplogo_need_visible', 'toplogo_to_dying_timer', 'toplogo_widget', 'txt_blood_num']
robot.toplogo.AddTopLogoWidgetHiddenReason: callable sig=<Signature (reason, fade_out_time=1)>
robot.toplogo.AddToplogoDamageNumberAvailable: callable sig=<Signature (delta)>
robot.toplogo.AddToplogoVisibleTick: callable sig=<Signature ()>
robot.toplogo.CancelFriendDisTimer: callable sig=<Signature ()>
robot.toplogo.CancelToplogoDamageNumberHideTimer: callable sig=<Signature ()>
robot.toplogo.ClearExpiredToplogoDamageNumberState: callable sig=<Signature (now, duration, cur_source_key)>
robot.toplogo.DelayHideToplogoDamageNumber: callable sig=<Signature (delay, callback=None)>
robot.toplogo.DelayStopToplogo: callable sig=<Signature ()>
robot.toplogo.EnemyTopLogoTimer: callable sig=<Signature ()>
robot.toplogo.FriendDistanceTick: callable sig=<Signature ()>
robot.toplogo.GetToplogoBias: callable sig=<Signature ()>
robot.toplogo.GetToplogoDamageNumberAvailable: callable sig=<Signature ()>
robot.toplogo.GetToplogoDamageNumberState: callable sig=<Signature (source_key, damage, duration)>
robot.toplogo.HideEnemyBar: callable sig=<Signature (fade_cb)>
robot.toplogo.HideEnemyHpBarTransition: callable sig=<Signature ()>
robot.toplogo.HideFriendName: callable sig=<Signature ()>
robot.toplogo.HideToplogoDamageNumber: callable sig=<Signature (timer_id=None, callback=None)>
robot.toplogo.HideToplogoDamageNumberImmediately: callable sig=<Signature (*args)>
robot.toplogo.HideToplogoDamageNumberImmediatelyWithCallback: callable sig=<Signature (callback=None)>
robot.toplogo.InitToplogo: callable sig=<Signature (widget)>
robot.toplogo.InitToplogoData: callable sig=<Signature ()>
robot.toplogo.InitToplogoUI: callable sig=<Signature ()>
robot.toplogo.InitToplogoUIForReplayRoom: callable sig=<Signature ()>
robot.toplogo.IsInShowToplogoByExposeTalentDuration: callable sig=<Signature ()>
robot.toplogo.IsToplogoUIValid: callable sig=<Signature ()>
robot.toplogo.OnPlayerAdsStateChangedForOpacity: callable sig=<Signature (is_ads)>
robot.toplogo.OnSettingHideTeammateNameChanged: callable sig=<Signature (new)>
robot.toplogo.OnShowEnemyBar: callable sig=<Signature ()>
robot.toplogo.OnToplogoDamageNumberArmorRecover: callable sig=<Signature (old)>
robot.toplogo.OnToplogoDamageNumberHpRecover: callable sig=<Signature (old)>
robot.toplogo.RefreshEnemyArmorBar: callable sig=<Signature (old)>
robot.toplogo.RefreshEnemyHpBar: callable sig=<Signature (old)>
robot.toplogo.RefreshEnemyHpBarTransition: callable sig=<Signature (percent)>
robot.toplogo.RefreshFriendEnemyToplogoState: callable sig=<Signature ()>
robot.toplogo.RefreshToplogo: callable sig=<Signature ()>
robot.toplogo.RefreshToplogoAchievement: callable sig=<Signature ()>
robot.toplogo.RefreshToplogoArmorBarForReplayRoom: callable sig=<Signature ()>
robot.toplogo.RefreshToplogoCombatState: callable sig=<Signature ()>
robot.toplogo.RefreshToplogoDyingHp: callable sig=<Signature ()>
robot.toplogo.RefreshToplogoEquipWeaponForReplayRoom: callable sig=<Signature ()>
robot.toplogo.RefreshToplogoForReplayRoom: callable sig=<Signature ()>
robot.toplogo.RefreshToplogoHpBarForReplayRoom: callable sig=<Signature ()>
robot.toplogo.RefreshToplogoInjuredStatus: callable sig=<Signature ()>
robot.toplogo.RefreshToplogoTacticalLevelForReplayRoom: callable sig=<Signature ()>
robot.toplogo.RefreshToplogoTeamTagForReplayRoom: callable sig=<Signature ()>
robot.toplogo.RefreshToplogoTitles: callable sig=<Signature ()>
robot.toplogo.RefreshToplogoVisibleForAircraft: callable sig=<Signature ()>
robot.toplogo.RefreshToplogoVisibleForCalculation: callable sig=<Signature ()>
robot.toplogo.RefreshToplogoVisibleForReplayRoom: callable sig=<Signature ()>
robot.toplogo.RefreshToplogoVisibleForSelectHero: callable sig=<Signature ()>
robot.toplogo.RemoveTopLogoWidgetHiddenReason: callable sig=<Signature (reason, fade_in_time=0.05)>
robot.toplogo.RemoveToplogoVisibleTick: callable sig=<Signature ()>
robot.toplogo.SetEnemyTopLogoWidgetVisibleImm: callable sig=<Signature (visible)>
robot.toplogo.SetFollowNodeRelativePosOffset: callable sig=<Signature (pos)>
robot.toplogo.SetOpacity: callable sig=<Signature (opacity)>
robot.toplogo.SetSceneNodeInfo: callable sig=<Signature (node_type, trans_type, bias, bone='')>
robot.toplogo.SetToplogoVisible: callable sig=<Signature (fade_cb=None, fade_in=0.05, fade_out=1)>
robot.toplogo.SetVisible: callable sig=<Signature (visible)>
robot.toplogo.ShowDoubleEmoteToplogo: callable sig=<Signature (show)>
robot.toplogo.ShowEnemyBar: callable sig=<Signature ()>
robot.toplogo.ShowEnemyHpBarTransition: callable sig=<Signature ()>
robot.toplogo.ShowEnemyToplogo: callable sig=<Signature (value)>
robot.toplogo.ShowFriendName: callable sig=<Signature ()>
robot.toplogo.ShowToplogoByExposeTalent: callable sig=<Signature (duration)>
robot.toplogo.ShowToplogoDamageNumber: callable sig=<Signature (source_key, damage, color, duration)>
robot.toplogo.TEAM_COLOR_MAP: {1: 167, 2: 168, 3: 169, 4: 170} type=<class 'dict'>
robot.toplogo.TickTopologoVisible: callable sig=<Signature (dtime)>
robot.toplogo.ToplogoTickForReplayRoom: callable sig=<Signature ()>
robot.toplogo._StopToplogoVisibleCb: callable sig=<Signature ()>
robot.toplogo.continuous_damage_text_hide_timer: None type=<class 'NoneType'>
robot.toplogo.continuous_damage_text_state: {} type=<class 'dict'>
robot.toplogo.enemy_hp_bar: <gclient.framework.ui.widgets.ui_progress_bar.UIProgressBar object(LoadingBar) at 0x259F96374D0> type=<class 'gclient.framework.ui.widgets.ui_progress_bar.UIProgressBar'>
robot.toplogo.enemy_hp_bar_bg: <gclient.framework.ui.widgets.ui_node.UINode object(ImageView) at 0x25A0337A7B0> type=<class 'gclient.framework.ui.widgets.ui_node.UINode'>
robot.toplogo.enemy_hp_transition_active: False type=<class 'bool'>
robot.toplogo.fsm_enemy_toplogo: <gclient.gameplay.logic_base.comps.fsm_avatar_toplogo.FSMEnemyTopLogoWidget object at 0x0000025A032A18C0> type=<class 'gclient.gameplay.logic_base.comps.fsm_avatar_toplogo.FSMEnemyTopLogoWidget'>
robot.toplogo.img_enemy_hp_fade: <gclient.framework.ui.widgets.ui_node.UINode object(ImageView) at 0x25A0337ABA0> type=<class 'gclient.framework.ui.widgets.ui_node.UINode'>
robot.toplogo.img_enemy_hp_fade_1: <gclient.framework.ui.widgets.ui_node.UINode object(ImageView) at 0x25A0337ACF0> type=<class 'gclient.framework.ui.widgets.ui_node.UINode'>
robot.toplogo.img_enemy_hp_transition: <gclient.framework.ui.widgets.ui_node.UINode object(Swallower) at 0x25A0337A660> type=<class 'gclient.framework.ui.widgets.ui_node.UINode'>
robot.toplogo.img_hero_achievement_level: <gclient.framework.ui.widgets.ui_texture.UITexture object(ImageView) at 0x25A1741C550> type=<class 'gclient.framework.ui.widgets.ui_texture.UITexture'>
robot.toplogo.img_low_hp_emma: <gclient.framework.ui.widgets.ui_node.UINode object(Swallower) at 0x25A0337B380> type=<class 'gclient.framework.ui.widgets.ui_node.UINode'>
robot.toplogo.init_toplogo_ui: True type=<class 'bool'>
robot.toplogo.node_blood_num: <gclient.framework.ui.widgets.ui_node.UINode object(Node) at 0x25A0337A120> type=<class 'gclient.framework.ui.widgets.ui_node.UINode'>
robot.toplogo.node_name_hp: <gclient.framework.ui.widgets.ui_node.UINode object(Node) at 0x25A0337A900> type=<class 'gclient.framework.ui.widgets.ui_node.UINode'>
robot.toplogo.node_title: <gclient.framework.ui.commonnodes.ui_honor_title.UIHonorTitle object(Node) at 0x259F95C8F30> type=<class 'gclient.framework.ui.commonnodes.ui_honor_title.UIHonorTitle'>
robot.toplogo.panel_enemy_bars: <gclient.framework.ui.widgets.ui_node.UINode object(Layout) at 0x25A0337A510> type=<class 'gclient.framework.ui.widgets.ui_node.UINode'>
robot.toplogo.scenenode_entity: <SceneNodeComponent object at 0x00000259F9694980> type=<class 'SceneNodeComponent'>
robot.toplogo.scenenode_name: 'avatar_anFFTEsxNr+4vTgF' type=<class 'str'>
robot.toplogo.scenenode_widget: <cc.SceneNode object at 0x00000259D7E0E990> type=<class 'cc.SceneNode'>
robot.toplogo.teammate_txt_num: <gclient.framework.ui.widgets.ui_text.UIText object(Swallower) at 0x25A1741C2D0> type=<class 'gclient.framework.ui.widgets.ui_text.UIText'>
robot.toplogo.text_dis_friend: <gclient.framework.ui.widgets.ui_text.UIText object(Text) at 0x25A1741C050> type=<class 'gclient.framework.ui.widgets.ui_text.UIText'>
robot.toplogo.text_name_enemy: <gclient.framework.ui.widgets.ui_text.UIText object(Text) at 0x25A03333C50> type=<class 'gclient.framework.ui.widgets.ui_text.UIText'>
robot.toplogo.text_name_friend: <gclient.framework.ui.widgets.ui_text.UIText object(Text) at 0x25A03333ED0> type=<class 'gclient.framework.ui.widgets.ui_text.UIText'>
robot.toplogo.toplogo: <gclient.gameplay.logic_base.comps.avatar_scene_node.AvatarSceneNode object at 0x0000025A03379A90> type=<class 'gclient.gameplay.logic_base.comps.avatar_scene_node.AvatarSceneNode'>
robot.toplogo.toplogo_border_widget: None type=<class 'NoneType'>
robot.toplogo.toplogo_curr_visible: True type=<class 'bool'>
robot.toplogo.toplogo_dead_hide_timer: None type=<class 'NoneType'>
robot.toplogo.toplogo_need_visible: True type=<class 'bool'>
robot.toplogo.toplogo_to_dying_timer: None type=<class 'NoneType'>
robot.toplogo.toplogo_widget: <gclient.framework.commoncomps.toplogo_component.TopLogoUINode object(Node) at 0x25A032A17B0> type=<class 'gclient.framework.commoncomps.toplogo_component.TopLogoUINode'>
robot.toplogo.txt_blood_num: <gclient.framework.ui.widgets.ui_text.UIText object(Text) at 0x25A03333D90> type=<class 'gclient.framework.ui.widgets.ui_text.UIText'>
robot.recon_drone_frame_top_logo: <gclient.gameplay.logic_base.entities.val_drone.ReconDroneMarkFrameTopLogo object at 0x0000025A1742EF90> type=<class 'gclient.gameplay.logic_base.entities.val_drone.ReconDroneMarkFrameTopLogo'>
robot.recon_drone_frame_top_logo: interesting=['CSB_NAME', 'UI_NODE_CLS', 'scene_node', 'ui_node_top_logo']
robot.recon_drone_frame_top_logo.CSB_NAME: 'UIScript/node_ig_escape_hud_bottom_arms_range_redframe.csb' type=<class 'str'>
robot.recon_drone_frame_top_logo.UI_NODE_CLS: callable sig=<Signature (owner, ctrl, widget)>
robot.recon_drone_frame_top_logo.scene_node: <gclient.framework.commoncomps.toplogo_component.SceneNode object at 0x00000259F931F820> type=<class 'gclient.framework.commoncomps.toplogo_component.SceneNode'>
robot.recon_drone_frame_top_logo.ui_node_top_logo: <gclient.gameplay.logic_base.entities.val_drone.ReconDroneMarkFrameTopLogoUINode object(Node) at 0x25A17438440> type=<class 'gclient.gameplay.logic_base.entities.val_drone.ReconDroneMarkFrameTopLogoUINode'>
END
ROBOT key=anFFTEsxNr+4vTgF pos=(16.224382400512695, 0.08436138182878494, -1.4008004665374756) stats={'hp': 125.0, 'maxhp': 125.0, 'armor': 0.0, 'maxarmor': 0.0, 'dead': False} ready_before=True EnsureShootingRangeToplogo=True ShowEnemyToplogo=None SetToplogoVisible=None AddToplogoVisibleTick=None EnemyTopLogoTimer=None RefreshToplogo=None RefreshEnemyHpBar=None RefreshEnemyArmorBar=None ready_after=True
ROBOT key=anFFTEsxNr+4vTgO pos=(-28.0, 0.05000007152557373, -13.0) stats={'hp': 125.0, 'maxhp': 125.0, 'armor': 0.0, 'maxarmor': 0.0, 'dead': False} ready_before=True EnsureShootingRangeToplogo=True ShowEnemyToplogo=None SetToplogoVisible=None AddToplogoVisibleTick=None EnemyTopLogoTimer=None RefreshToplogo=None RefreshEnemyHpBar=None RefreshEnemyArmorBar=None ready_after=True
ROBOT key=anFFTEsxNr+4vTgJ pos=(26.3205623626709, 0.06777054071426392, 2.599637508392334) stats={'hp': 125.0, 'maxhp': 125.0, 'armor': 0.0, 'maxarmor': 0.0, 'dead': False} ready_before=True EnsureShootingRangeToplogo=True ShowEnemyToplogo=None SetToplogoVisible=None AddToplogoVisibleTick=None EnemyTopLogoTimer=None RefreshToplogo=None RefreshEnemyHpBar=None RefreshEnemyArmorBar=None ready_after=True
ROBOT key=anFFTEsxNr+4vTf9 pos=(-3.6795008182525635, 0.052389562129974365, -9.50024700164795) stats={'hp': 125.0, 'maxhp': 125.0, 'armor': 0.0, 'maxarmor': 0.0, 'dead': False} ready_before=True EnsureShootingRangeToplogo=True ShowEnemyToplogo=None SetToplogoVisible=None AddToplogoVisibleTick=None EnemyTopLogoTimer=None RefreshToplogo=None RefreshEnemyHpBar=None RefreshEnemyArmorBar=None ready_after=True
ROBOT key=anFFTEsxNr+4vTf4 pos=(-8.783376693725586, 0.09060776978731155, -13.467101097106934) stats={'hp': 41.0, 'maxhp': 125.0, 'armor': 0.0, 'maxarmor': 0.0, 'dead': False} ready_before=True EnsureShootingRangeToplogo=True ShowEnemyToplogo=None SetToplogoVisible=None AddToplogoVisibleTick=None EnemyTopLogoTimer=None RefreshToplogo=None RefreshEnemyHpBar=None RefreshEnemyArmorBar=None ready_after=True
ROBOT key=anFFTEsxNr+4vTgB pos=(6.3205156326293945, 0.0634201169013977, -5.500304698944092) stats={'hp': 125.0, 'maxhp': 125.0, 'armor': 0.0, 'maxarmor': 0.0, 'dead': False} ready_before=True EnsureShootingRangeToplogo=True ShowEnemyToplogo=None SetToplogoVisible=None AddToplogoVisibleTick=None EnemyTopLogoTimer=None RefreshToplogo=None RefreshEnemyHpBar=None RefreshEnemyArmorBar=None ready_after=True
TICK n=320 total=23 players=[('anFFZUsxNr+4vT0l', (-18.16688346862793, 0.05000002682209015, 0.3692135214805603))] robots=[('anFFTEsxNr+4vTgF', (16.224382400512695, 0.08436138182878494, -1.4008004665374756), 34.43680151091873, {'hp': 125.0, 'maxhp': 125.0, 'armor': 0.0, 'maxarmor': 0.0, 'dead': False}), ('anFFTEsxNr+4vTgO', (-28.0, 0.05000007152557373, -13.0), 16.595964898205867, {'hp': 125.0, 'maxhp': 125.0, 'armor': 0.0, 'maxarmor': 0.0, 'dead': False}), ('anFFTEsxNr+4vTgJ', (26.3205623626709, 0.06777054071426392, 2.599637508392334), 44.54332658822535, {'hp': 125.0, 'maxhp': 125.0, 'armor': 0.0, 'maxarmor': 0.0, 'dead': False}), ('anFFTEsxNr+4vTf9', (-3.6795008182525635, 0.052389562129974365, -9.50024700164795), 17.52970372784059, {'hp': 125.0, 'maxhp': 125.0, 'armor': 0.0, 'maxarmor': 0.0, 'dead': False}), ('anFFTEsxNr+4vTf4', (-8.783376693725586, 0.09060776978731155, -13.467101097106934), 16.718117436121954, {'hp': 41.0, 'maxhp': 125.0, 'armor': 0.0, 'maxarmor': 0.0, 'dead': False}), ('anFFTEsxNr+4vTgB', (6.3205156326293945, 0.0634201169013977, -5.500304698944092), 25.18102736154688, {'hp': 125.0, 'maxhp': 125.0, 'armor': 0.0, 'maxarmor': 0.0, 'dead': False})]
MARK_UPDATE key=anFFTEsxNr+4vTgF mark_id=ctf_esp_anFFTEsxNr_4vTgF pos=(16.224382400512695, 0.08436138182878494, -1.4008004665374756) label='125hp 34m'
MARK_UPDATE key=anFFTEsxNr+4vTgO mark_id=ctf_esp_anFFTEsxNr_4vTgO pos=(-28.0, 0.05000007152557373, -13.0) label='125hp 17m'
MARK_UPDATE key=anFFTEsxNr+4vTgJ mark_id=ctf_esp_anFFTEsxNr_4vTgJ pos=(26.3205623626709, 0.06777054071426392, 2.599637508392334) label='125hp 45m'
MARK_UPDATE key=anFFTEsxNr+4vTf9 mark_id=ctf_esp_anFFTEsxNr_4vTf9 pos=(-3.6795008182525635, 0.052389562129974365, -9.50024700164795) label='125hp 18m'
MARK_UPDATE key=anFFTEsxNr+4vTf4 mark_id=ctf_esp_anFFTEsxNr_4vTf4 pos=(-8.783376693725586, 0.09060776978731155, -13.467101097106934) label='41hp 17m'
MARK_UPDATE key=anFFTEsxNr+4vTgB mark_id=ctf_esp_anFFTEsxNr_4vTgB pos=(6.3205156326293945, 0.0634201169013977, -5.500304698944092) label='125hp 25m'
ROBOT key=anFFTEsxNr+4vTgF pos=(16.224382400512695, 0.08436138182878494, -1.4008004665374756) stats={'hp': 125.0, 'maxhp': 125.0, 'armor': 0.0, 'maxarmor': 0.0, 'dead': False} ready_before=True EnsureShootingRangeToplogo=True ShowEnemyToplogo=None SetToplogoVisible=None AddToplogoVisibleTick=None EnemyTopLogoTimer=None RefreshToplogo=None RefreshEnemyHpBar=None RefreshEnemyArmorBar=None ready_after=True
ROBOT key=anFFTEsxNr+4vTgO pos=(-28.0, 0.05000007152557373, -13.0) stats={'hp': 125.0, 'maxhp': 125.0, 'armor': 0.0, 'maxarmor': 0.0, 'dead': False} ready_before=True EnsureShootingRangeToplogo=True ShowEnemyToplogo=None SetToplogoVisible=None AddToplogoVisibleTick=None EnemyTopLogoTimer=None RefreshToplogo=None RefreshEnemyHpBar=None RefreshEnemyArmorBar=None ready_after=True
ROBOT key=anFFTEsxNr+4vTgJ pos=(26.3205623626709, 0.06777054071426392, 2.599637508392334) stats={'hp': 125.0, 'maxhp': 125.0, 'armor': 0.0, 'maxarmor': 0.0, 'dead': False} ready_before=True EnsureShootingRangeToplogo=True ShowEnemyToplogo=None SetToplogoVisible=None AddToplogoVisibleTick=None EnemyTopLogoTimer=None RefreshToplogo=None RefreshEnemyHpBar=None RefreshEnemyArmorBar=None ready_after=True
ROBOT key=anFFTEsxNr+4vTf9 pos=(-3.6795008182525635, 0.052389562129974365, -9.50024700164795) stats={'hp': 125.0, 'maxhp': 125.0, 'armor': 0.0, 'maxarmor': 0.0, 'dead': False} ready_before=True EnsureShootingRangeToplogo=True ShowEnemyToplogo=None SetToplogoVisible=None AddToplogoVisibleTick=None EnemyTopLogoTimer=None RefreshToplogo=None RefreshEnemyHpBar=None RefreshEnemyArmorBar=None ready_after=True
ROBOT key=anFFTEsxNr+4vTf4 pos=(-8.783376693725586, 0.09060776978731155, -13.467101097106934) stats={'hp': 41.0, 'maxhp': 125.0, 'armor': 0.0, 'maxarmor': 0.0, 'dead': False} ready_before=True EnsureShootingRangeToplogo=True ShowEnemyToplogo=None SetToplogoVisible=None AddToplogoVisibleTick=None EnemyTopLogoTimer=None RefreshToplogo=None RefreshEnemyHpBar=None RefreshEnemyArmorBar=None ready_after=True
ROBOT key=anFFTEsxNr+4vTgB pos=(6.3205156326293945, 0.0634201169013977, -5.500304698944092) stats={'hp': 125.0, 'maxhp': 125.0, 'armor': 0.0, 'maxarmor': 0.0, 'dead': False} ready_before=True EnsureShootingRangeToplogo=True ShowEnemyToplogo=None SetToplogoVisible=None AddToplogoVisibleTick=None EnemyTopLogoTimer=None RefreshToplogo=None RefreshEnemyHpBar=None RefreshEnemyArmorBar=None ready_after=True
ROBOT key=anFFTEsxNr+4vTgF pos=(16.224382400512695, 0.08436138182878494, -1.4008004665374756) stats={'hp': 125.0, 'maxhp': 125.0, 'armor': 0.0, 'maxarmor': 0.0, 'dead': False} ready_before=True EnsureShootingRangeToplogo=True ShowEnemyToplogo=None SetToplogoVisible=None AddToplogoVisibleTick=None EnemyTopLogoTimer=None RefreshToplogo=None RefreshEnemyHpBar=None RefreshEnemyArmorBar=None ready_after=True
ROBOT key=anFFTEsxNr+4vTgO pos=(-28.0, 0.05000007152557373, -13.0) stats={'hp': 125.0, 'maxhp': 125.0, 'armor': 0.0, 'maxarmor': 0.0, 'dead': False} ready_before=True EnsureShootingRangeToplogo=True ShowEnemyToplogo=None SetToplogoVisible=None AddToplogoVisibleTick=None EnemyTopLogoTimer=None RefreshToplogo=None RefreshEnemyHpBar=None RefreshEnemyArmorBar=None ready_after=True
ROBOT key=anFFTEsxNr+4vTgJ pos=(26.3205623626709, 0.06777054071426392, 2.599637508392334) stats={'hp': 125.0, 'maxhp': 125.0, 'armor': 0.0, 'maxarmor': 0.0, 'dead': False} ready_before=True EnsureShootingRangeToplogo=True ShowEnemyToplogo=None SetToplogoVisible=None AddToplogoVisibleTick=None EnemyTopLogoTimer=None RefreshToplogo=None RefreshEnemyHpBar=None RefreshEnemyArmorBar=None ready_after=True
ROBOT key=anFFTEsxNr+4vTf9 pos=(-3.6795008182525635, 0.052389562129974365, -9.50024700164795) stats={'hp': 125.0, 'maxhp': 125.0, 'armor': 0.0, 'maxarmor': 0.0, 'dead': False} ready_before=True EnsureShootingRangeToplogo=True ShowEnemyToplogo=None SetToplogoVisible=None AddToplogoVisibleTick=None EnemyTopLogoTimer=None RefreshToplogo=None RefreshEnemyHpBar=None RefreshEnemyArmorBar=None ready_after=True
ROBOT key=anFFTEsxNr+4vTf4 pos=(-8.783376693725586, 0.09060776978731155, -13.467101097106934) stats={'hp': 41.0, 'maxhp': 125.0, 'armor': 0.0, 'maxarmor': 0.0, 'dead': False} ready_before=True EnsureShootingRangeToplogo=True ShowEnemyToplogo=None SetToplogoVisible=None AddToplogoVisibleTick=None EnemyTopLogoTimer=None RefreshToplogo=None RefreshEnemyHpBar=None RefreshEnemyArmorBar=None ready_after=True
ROBOT key=anFFTEsxNr+4vTgB pos=(6.3205156326293945, 0.0634201169013977, -5.500304698944092) stats={'hp': 125.0, 'maxhp': 125.0, 'armor': 0.0, 'maxarmor': 0.0, 'dead': False} ready_before=True EnsureShootingRangeToplogo=True ShowEnemyToplogo=None SetToplogoVisible=None AddToplogoVisibleTick=None EnemyTopLogoTimer=None RefreshToplogo=None RefreshEnemyHpBar=None RefreshEnemyArmorBar=None ready_after=True
TICK n=360 total=23 players=[('anFFZUsxNr+4vT0l', (-18.16688346862793, 0.05000002682209015, 0.3692135214805603))] robots=[('anFFTEsxNr+4vTgF', (16.224382400512695, 0.08436138182878494, -1.4008004665374756), 34.43680151091873, {'hp': 125.0, 'maxhp': 125.0, 'armor': 0.0, 'maxarmor': 0.0, 'dead': False}), ('anFFTEsxNr+4vTgO', (-28.0, 0.05000007152557373, -13.0), 16.595964898205867, {'hp': 125.0, 'maxhp': 125.0, 'armor': 0.0, 'maxarmor': 0.0, 'dead': False}), ('anFFTEsxNr+4vTgJ', (26.3205623626709, 0.06777054071426392, 2.599637508392334), 44.54332658822535, {'hp': 125.0, 'maxhp': 125.0, 'armor': 0.0, 'maxarmor': 0.0, 'dead': False}), ('anFFTEsxNr+4vTf9', (-3.6795008182525635, 0.052389562129974365, -9.50024700164795), 17.52970372784059, {'hp': 125.0, 'maxhp': 125.0, 'armor': 0.0, 'maxarmor': 0.0, 'dead': False}), ('anFFTEsxNr+4vTf4', (-8.783376693725586, 0.09060776978731155, -13.467101097106934), 16.718117436121954, {'hp': 41.0, 'maxhp': 125.0, 'armor': 0.0, 'maxarmor': 0.0, 'dead': False}), ('anFFTEsxNr+4vTgB', (6.3205156326293945, 0.0634201169013977, -5.500304698944092), 25.18102736154688, {'hp': 125.0, 'maxhp': 125.0, 'armor': 0.0, 'maxarmor': 0.0, 'dead': False})]
BOX_LABEL mark_id=ctf_esp_anFFTEsxNr_4vTgF label='125hp 34m' tier=FAR color=(0.92, 0.92, 0.9)
BOX_LABEL mark_id=ctf_esp_anFFTEsxNr_4vTgO label='125hp 17m' tier=MID color=(0.92, 0.92, 0.9)
BOX_LABEL mark_id=ctf_esp_anFFTEsxNr_4vTgJ label='125hp 45m' tier=FAR color=(0.92, 0.92, 0.9)
BOX_LABEL mark_id=ctf_esp_anFFTEsxNr_4vTf9 label='125hp 18m' tier=MID color=(0.92, 0.92, 0.9)
BOX_LABEL mark_id=ctf_esp_anFFTEsxNr_4vTf4 label='41hp 17m' tier=MID color=(0.92, 0.92, 0.9)
BOX_LABEL mark_id=ctf_esp_anFFTEsxNr_4vTgB label='125hp 25m' tier=MID color=(0.92, 0.92, 0.9)
ROBOT key=anFFTEsxNr+4vTgF pos=(16.224382400512695, 0.08436138182878494, -1.4008004665374756) stats={'hp': 125.0, 'maxhp': 125.0, 'armor': 0.0, 'maxarmor': 0.0, 'dead': False} ready_before=True EnsureShootingRangeToplogo=True ShowEnemyToplogo=None SetToplogoVisible=None AddToplogoVisibleTick=None EnemyTopLogoTimer=None RefreshToplogo=None RefreshEnemyHpBar=None RefreshEnemyArmorBar=None ready_after=True
ROBOT key=anFFTEsxNr+4vTgO pos=(-28.0, 0.05000007152557373, -13.0) stats={'hp': 125.0, 'maxhp': 125.0, 'armor': 0.0, 'maxarmor': 0.0, 'dead': False} ready_before=True EnsureShootingRangeToplogo=True ShowEnemyToplogo=None SetToplogoVisible=None AddToplogoVisibleTick=None EnemyTopLogoTimer=None RefreshToplogo=None RefreshEnemyHpBar=None RefreshEnemyArmorBar=None ready_after=True
ROBOT key=anFFTEsxNr+4vTgJ pos=(26.3205623626709, 0.06777054071426392, 2.599637508392334) stats={'hp': 125.0, 'maxhp': 125.0, 'armor': 0.0, 'maxarmor': 0.0, 'dead': False} ready_before=True EnsureShootingRangeToplogo=True ShowEnemyToplogo=None SetToplogoVisible=None AddToplogoVisibleTick=None EnemyTopLogoTimer=None RefreshToplogo=None RefreshEnemyHpBar=None RefreshEnemyArmorBar=None ready_after=True
ROBOT key=anFFTEsxNr+4vTf9 pos=(-3.6795008182525635, 0.052389562129974365, -9.50024700164795) stats={'hp': 125.0, 'maxhp': 125.0, 'armor': 0.0, 'maxarmor': 0.0, 'dead': False} ready_before=True EnsureShootingRangeToplogo=True ShowEnemyToplogo=None SetToplogoVisible=None AddToplogoVisibleTick=None EnemyTopLogoTimer=None RefreshToplogo=None RefreshEnemyHpBar=None RefreshEnemyArmorBar=None ready_after=True
ROBOT key=anFFTEsxNr+4vTf4 pos=(-8.783376693725586, 0.09060776978731155, -13.467101097106934) stats={'hp': 41.0, 'maxhp': 125.0, 'armor': 0.0, 'maxarmor': 0.0, 'dead': False} ready_before=True EnsureShootingRangeToplogo=True ShowEnemyToplogo=None SetToplogoVisible=None AddToplogoVisibleTick=None EnemyTopLogoTimer=None RefreshToplogo=None RefreshEnemyHpBar=None RefreshEnemyArmorBar=None ready_after=True
ROBOT key=anFFTEsxNr+4vTgB pos=(6.3205156326293945, 0.0634201169013977, -5.500304698944092) stats={'hp': 125.0, 'maxhp': 125.0, 'armor': 0.0, 'maxarmor': 0.0, 'dead': False} ready_before=True EnsureShootingRangeToplogo=True ShowEnemyToplogo=None SetToplogoVisible=None AddToplogoVisibleTick=None EnemyTopLogoTimer=None RefreshToplogo=None RefreshEnemyHpBar=None RefreshEnemyArmorBar=None ready_after=True
ROBOT key=anFFTEsxNr+4vTgF pos=(16.224382400512695, 0.08436138182878494, -1.4008004665374756) stats={'hp': 125.0, 'maxhp': 125.0, 'armor': 0.0, 'maxarmor': 0.0, 'dead': False} ready_before=True EnsureShootingRangeToplogo=True ShowEnemyToplogo=None SetToplogoVisible=None AddToplogoVisibleTick=None EnemyTopLogoTimer=None RefreshToplogo=None RefreshEnemyHpBar=None RefreshEnemyArmorBar=None ready_after=True
ROBOT key=anFFTEsxNr+4vTgO pos=(-28.0, 0.05000007152557373, -13.0) stats={'hp': 125.0, 'maxhp': 125.0, 'armor': 0.0, 'maxarmor': 0.0, 'dead': False} ready_before=True EnsureShootingRangeToplogo=True ShowEnemyToplogo=None SetToplogoVisible=None AddToplogoVisibleTick=None EnemyTopLogoTimer=None RefreshToplogo=None RefreshEnemyHpBar=None RefreshEnemyArmorBar=None ready_after=True
ROBOT key=anFFTEsxNr+4vTgJ pos=(26.3205623626709, 0.06777054071426392, 2.599637508392334) stats={'hp': 125.0, 'maxhp': 125.0, 'armor': 0.0, 'maxarmor': 0.0, 'dead': False} ready_before=True EnsureShootingRangeToplogo=True ShowEnemyToplogo=None SetToplogoVisible=None AddToplogoVisibleTick=None EnemyTopLogoTimer=None RefreshToplogo=None RefreshEnemyHpBar=None RefreshEnemyArmorBar=None ready_after=True
ROBOT key=anFFTEsxNr+4vTf9 pos=(-3.6795008182525635, 0.052389562129974365, -9.50024700164795) stats={'hp': 125.0, 'maxhp': 125.0, 'armor': 0.0, 'maxarmor': 0.0, 'dead': False} ready_before=True EnsureShootingRangeToplogo=True ShowEnemyToplogo=None SetToplogoVisible=None AddToplogoVisibleTick=None EnemyTopLogoTimer=None RefreshToplogo=None RefreshEnemyHpBar=None RefreshEnemyArmorBar=None ready_after=True
ROBOT key=anFFTEsxNr+4vTf4 pos=(-8.783376693725586, 0.09060776978731155, -13.467101097106934) stats={'hp': 41.0, 'maxhp': 125.0, 'armor': 0.0, 'maxarmor': 0.0, 'dead': False} ready_before=True EnsureShootingRangeToplogo=True ShowEnemyToplogo=None SetToplogoVisible=None AddToplogoVisibleTick=None EnemyTopLogoTimer=None RefreshToplogo=None RefreshEnemyHpBar=None RefreshEnemyArmorBar=None ready_after=True
ROBOT key=anFFTEsxNr+4vTgB pos=(6.3205156326293945, 0.0634201169013977, -5.500304698944092) stats={'hp': 125.0, 'maxhp': 125.0, 'armor': 0.0, 'maxarmor': 0.0, 'dead': False} ready_before=True EnsureShootingRangeToplogo=True ShowEnemyToplogo=None SetToplogoVisible=None AddToplogoVisibleTick=None EnemyTopLogoTimer=None RefreshToplogo=None RefreshEnemyHpBar=None RefreshEnemyArmorBar=None ready_after=True
TICK n=400 total=23 players=[('anFFZUsxNr+4vT0l', (-18.16688346862793, 0.05000002682209015, 0.3692135214805603))] robots=[('anFFTEsxNr+4vTgF', (16.224382400512695, 0.08436138182878494, -1.4008004665374756), 34.43680151091873, {'hp': 125.0, 'maxhp': 125.0, 'armor': 0.0, 'maxarmor': 0.0, 'dead': False}), ('anFFTEsxNr+4vTgO', (-28.0, 0.05000007152557373, -13.0), 16.595964898205867, {'hp': 125.0, 'maxhp': 125.0, 'armor': 0.0, 'maxarmor': 0.0, 'dead': False}), ('anFFTEsxNr+4vTgJ', (26.3205623626709, 0.06777054071426392, 2.599637508392334), 44.54332658822535, {'hp': 125.0, 'maxhp': 125.0, 'armor': 0.0, 'maxarmor': 0.0, 'dead': False}), ('anFFTEsxNr+4vTf9', (-3.6795008182525635, 0.052389562129974365, -9.50024700164795), 17.52970372784059, {'hp': 125.0, 'maxhp': 125.0, 'armor': 0.0, 'maxarmor': 0.0, 'dead': False}), ('anFFTEsxNr+4vTf4', (-8.783376693725586, 0.09060776978731155, -13.467101097106934), 16.718117436121954, {'hp': 41.0, 'maxhp': 125.0, 'armor': 0.0, 'maxarmor': 0.0, 'dead': False}), ('anFFTEsxNr+4vTgB', (6.3205156326293945, 0.0634201169013977, -5.500304698944092), 25.18102736154688, {'hp': 125.0, 'maxhp': 125.0, 'armor': 0.0, 'maxarmor': 0.0, 'dead': False})]
MARK_UPDATE key=anFFTEsxNr+4vTgF mark_id=ctf_esp_anFFTEsxNr_4vTgF pos=(16.224382400512695, 0.08436138182878494, -1.4008004665374756) label='125hp 34m'
MARK_UPDATE key=anFFTEsxNr+4vTgO mark_id=ctf_esp_anFFTEsxNr_4vTgO pos=(-28.0, 0.05000007152557373, -13.0) label='125hp 17m'
MARK_UPDATE key=anFFTEsxNr+4vTgJ mark_id=ctf_esp_anFFTEsxNr_4vTgJ pos=(26.3205623626709, 0.06777054071426392, 2.599637508392334) label='125hp 45m'
MARK_UPDATE key=anFFTEsxNr+4vTf9 mark_id=ctf_esp_anFFTEsxNr_4vTf9 pos=(-3.6795008182525635, 0.052389562129974365, -9.50024700164795) label='125hp 18m'
MARK_UPDATE key=anFFTEsxNr+4vTf4 mark_id=ctf_esp_anFFTEsxNr_4vTf4 pos=(-8.783376693725586, 0.09060776978731155, -13.467101097106934) label='41hp 17m'
MARK_UPDATE key=anFFTEsxNr+4vTgB mark_id=ctf_esp_anFFTEsxNr_4vTgB pos=(6.3205156326293945, 0.0634201169013977, -5.500304698944092) label='125hp 25m'
ROBOT key=anFFTEsxNr+4vTgF pos=(16.224382400512695, 0.08436138182878494, -1.4008004665374756) stats={'hp': 125.0, 'maxhp': 125.0, 'armor': 0.0, 'maxarmor': 0.0, 'dead': False} ready_before=True EnsureShootingRangeToplogo=True ShowEnemyToplogo=None SetToplogoVisible=None AddToplogoVisibleTick=None EnemyTopLogoTimer=None RefreshToplogo=None RefreshEnemyHpBar=None RefreshEnemyArmorBar=None ready_after=True
ROBOT key=anFFTEsxNr+4vTgO pos=(-28.0, 0.05000007152557373, -13.0) stats={'hp': 125.0, 'maxhp': 125.0, 'armor': 0.0, 'maxarmor': 0.0, 'dead': False} ready_before=True EnsureShootingRangeToplogo=True ShowEnemyToplogo=None SetToplogoVisible=None AddToplogoVisibleTick=None EnemyTopLogoTimer=None RefreshToplogo=None RefreshEnemyHpBar=None RefreshEnemyArmorBar=None ready_after=True
ROBOT key=anFFTEsxNr+4vTgJ pos=(26.3205623626709, 0.06777054071426392, 2.599637508392334) stats={'hp': 125.0, 'maxhp': 125.0, 'armor': 0.0, 'maxarmor': 0.0, 'dead': False} ready_before=True EnsureShootingRangeToplogo=True ShowEnemyToplogo=None SetToplogoVisible=None AddToplogoVisibleTick=None EnemyTopLogoTimer=None RefreshToplogo=None RefreshEnemyHpBar=None RefreshEnemyArmorBar=None ready_after=True
ROBOT key=anFFTEsxNr+4vTf9 pos=(-3.6795008182525635, 0.052389562129974365, -9.50024700164795) stats={'hp': 125.0, 'maxhp': 125.0, 'armor': 0.0, 'maxarmor': 0.0, 'dead': False} ready_before=True EnsureShootingRangeToplogo=True ShowEnemyToplogo=None SetToplogoVisible=None AddToplogoVisibleTick=None EnemyTopLogoTimer=None RefreshToplogo=None RefreshEnemyHpBar=None RefreshEnemyArmorBar=None ready_after=True
ROBOT key=anFFTEsxNr+4vTf4 pos=(-8.783376693725586, 0.09060776978731155, -13.467101097106934) stats={'hp': 41.0, 'maxhp': 125.0, 'armor': 0.0, 'maxarmor': 0.0, 'dead': False} ready_before=True EnsureShootingRangeToplogo=True ShowEnemyToplogo=None SetToplogoVisible=None AddToplogoVisibleTick=None EnemyTopLogoTimer=None RefreshToplogo=None RefreshEnemyHpBar=None RefreshEnemyArmorBar=None ready_after=True
ROBOT key=anFFTEsxNr+4vTgB pos=(6.3205156326293945, 0.0634201169013977, -5.500304698944092) stats={'hp': 125.0, 'maxhp': 125.0, 'armor': 0.0, 'maxarmor': 0.0, 'dead': False} ready_before=True EnsureShootingRangeToplogo=True ShowEnemyToplogo=None SetToplogoVisible=None AddToplogoVisibleTick=None EnemyTopLogoTimer=None RefreshToplogo=None RefreshEnemyHpBar=None RefreshEnemyArmorBar=None ready_after=True
ROBOT key=anFFTEsxNr+4vTgF pos=(16.224382400512695, 0.08436138182878494, -1.4008004665374756) stats={'hp': 125.0, 'maxhp': 125.0, 'armor': 0.0, 'maxarmor': 0.0, 'dead': False} ready_before=True EnsureShootingRangeToplogo=True ShowEnemyToplogo=None SetToplogoVisible=None AddToplogoVisibleTick=None EnemyTopLogoTimer=None RefreshToplogo=None RefreshEnemyHpBar=None RefreshEnemyArmorBar=None ready_after=True
ROBOT key=anFFTEsxNr+4vTgO pos=(-28.0, 0.05000007152557373, -13.0) stats={'hp': 125.0, 'maxhp': 125.0, 'armor': 0.0, 'maxarmor': 0.0, 'dead': False} ready_before=True EnsureShootingRangeToplogo=True ShowEnemyToplogo=None SetToplogoVisible=None AddToplogoVisibleTick=None EnemyTopLogoTimer=None RefreshToplogo=None RefreshEnemyHpBar=None RefreshEnemyArmorBar=None ready_after=True
ROBOT key=anFFTEsxNr+4vTgJ pos=(26.3205623626709, 0.06777054071426392, 2.599637508392334) stats={'hp': 125.0, 'maxhp': 125.0, 'armor': 0.0, 'maxarmor': 0.0, 'dead': False} ready_before=True EnsureShootingRangeToplogo=True ShowEnemyToplogo=None SetToplogoVisible=None AddToplogoVisibleTick=None EnemyTopLogoTimer=None RefreshToplogo=None RefreshEnemyHpBar=None RefreshEnemyArmorBar=None ready_after=True
ROBOT key=anFFTEsxNr+4vTf9 pos=(-3.6795008182525635, 0.052389562129974365, -9.50024700164795) stats={'hp': 125.0, 'maxhp': 125.0, 'armor': 0.0, 'maxarmor': 0.0, 'dead': False} ready_before=True EnsureShootingRangeToplogo=True ShowEnemyToplogo=None SetToplogoVisible=None AddToplogoVisibleTick=None EnemyTopLogoTimer=None RefreshToplogo=None RefreshEnemyHpBar=None RefreshEnemyArmorBar=None ready_after=True
ROBOT key=anFFTEsxNr+4vTf4 pos=(-8.783376693725586, 0.09060776978731155, -13.467101097106934) stats={'hp': 41.0, 'maxhp': 125.0, 'armor': 0.0, 'maxarmor': 0.0, 'dead': False} ready_before=True EnsureShootingRangeToplogo=True ShowEnemyToplogo=None SetToplogoVisible=None AddToplogoVisibleTick=None EnemyTopLogoTimer=None RefreshToplogo=None RefreshEnemyHpBar=None RefreshEnemyArmorBar=None ready_after=True
ROBOT key=anFFTEsxNr+4vTgB pos=(6.3205156326293945, 0.0634201169013977, -5.500304698944092) stats={'hp': 125.0, 'maxhp': 125.0, 'armor': 0.0, 'maxarmor': 0.0, 'dead': False} ready_before=True EnsureShootingRangeToplogo=True ShowEnemyToplogo=None SetToplogoVisible=None AddToplogoVisibleTick=None EnemyTopLogoTimer=None RefreshToplogo=None RefreshEnemyHpBar=None RefreshEnemyArmorBar=None ready_after=True
TICK n=440 total=23 players=[('anFFZUsxNr+4vT0l', (-18.16688346862793, 0.05000002682209015, 0.3692135214805603))] robots=[('anFFTEsxNr+4vTgF', (16.224382400512695, 0.08436138182878494, -1.4008004665374756), 34.43680151091873, {'hp': 125.0, 'maxhp': 125.0, 'armor': 0.0, 'maxarmor': 0.0, 'dead': False}), ('anFFTEsxNr+4vTgO', (-28.0, 0.05000007152557373, -13.0), 16.595964898205867, {'hp': 125.0, 'maxhp': 125.0, 'armor': 0.0, 'maxarmor': 0.0, 'dead': False}), ('anFFTEsxNr+4vTgJ', (26.3205623626709, 0.06777054071426392, 2.599637508392334), 44.54332658822535, {'hp': 125.0, 'maxhp': 125.0, 'armor': 0.0, 'maxarmor': 0.0, 'dead': False}), ('anFFTEsxNr+4vTf9', (-3.6795008182525635, 0.052389562129974365, -9.50024700164795), 17.52970372784059, {'hp': 125.0, 'maxhp': 125.0, 'armor': 0.0, 'maxarmor': 0.0, 'dead': False}), ('anFFTEsxNr+4vTf4', (-8.783376693725586, 0.09060776978731155, -13.467101097106934), 16.718117436121954, {'hp': 41.0, 'maxhp': 125.0, 'armor': 0.0, 'maxarmor': 0.0, 'dead': False}), ('anFFTEsxNr+4vTgB', (6.3205156326293945, 0.0634201169013977, -5.500304698944092), 25.18102736154688, {'hp': 125.0, 'maxhp': 125.0, 'armor': 0.0, 'maxarmor': 0.0, 'dead': False})]
ROBOT key=anFFTEsxNr+4vTgF pos=(16.224382400512695, 0.08436138182878494, -1.4008004665374756) stats={'hp': 125.0, 'maxhp': 125.0, 'armor': 0.0, 'maxarmor': 0.0, 'dead': False} ready_before=True EnsureShootingRangeToplogo=True ShowEnemyToplogo=None SetToplogoVisible=None AddToplogoVisibleTick=None EnemyTopLogoTimer=None RefreshToplogo=None RefreshEnemyHpBar=None RefreshEnemyArmorBar=None ready_after=True
ROBOT key=anFFTEsxNr+4vTgO pos=(-28.0, 0.05000007152557373, -13.0) stats={'hp': 125.0, 'maxhp': 125.0, 'armor': 0.0, 'maxarmor': 0.0, 'dead': False} ready_before=True EnsureShootingRangeToplogo=True ShowEnemyToplogo=None SetToplogoVisible=None AddToplogoVisibleTick=None EnemyTopLogoTimer=None RefreshToplogo=None RefreshEnemyHpBar=None RefreshEnemyArmorBar=None ready_after=True
ROBOT key=anFFTEsxNr+4vTgJ pos=(26.3205623626709, 0.06777054071426392, 2.599637508392334) stats={'hp': 125.0, 'maxhp': 125.0, 'armor': 0.0, 'maxarmor': 0.0, 'dead': False} ready_before=True EnsureShootingRangeToplogo=True ShowEnemyToplogo=None SetToplogoVisible=None AddToplogoVisibleTick=None EnemyTopLogoTimer=None RefreshToplogo=None RefreshEnemyHpBar=None RefreshEnemyArmorBar=None ready_after=True
ROBOT key=anFFTEsxNr+4vTf9 pos=(-3.6795008182525635, 0.052389562129974365, -9.50024700164795) stats={'hp': 125.0, 'maxhp': 125.0, 'armor': 0.0, 'maxarmor': 0.0, 'dead': False} ready_before=True EnsureShootingRangeToplogo=True ShowEnemyToplogo=None SetToplogoVisible=None AddToplogoVisibleTick=None EnemyTopLogoTimer=None RefreshToplogo=None RefreshEnemyHpBar=None RefreshEnemyArmorBar=None ready_after=True
ROBOT key=anFFTEsxNr+4vTf4 pos=(-8.783376693725586, 0.09060776978731155, -13.467101097106934) stats={'hp': 41.0, 'maxhp': 125.0, 'armor': 0.0, 'maxarmor': 0.0, 'dead': False} ready_before=True EnsureShootingRangeToplogo=True ShowEnemyToplogo=None SetToplogoVisible=None AddToplogoVisibleTick=None EnemyTopLogoTimer=None RefreshToplogo=None RefreshEnemyHpBar=None RefreshEnemyArmorBar=None ready_after=True
ROBOT key=anFFTEsxNr+4vTgB pos=(6.3205156326293945, 0.0634201169013977, -5.500304698944092) stats={'hp': 125.0, 'maxhp': 125.0, 'armor': 0.0, 'maxarmor': 0.0, 'dead': False} ready_before=True EnsureShootingRangeToplogo=True ShowEnemyToplogo=None SetToplogoVisible=None AddToplogoVisibleTick=None EnemyTopLogoTimer=None RefreshToplogo=None RefreshEnemyHpBar=None RefreshEnemyArmorBar=None ready_after=True
ROBOT key=anFFTEsxNr+4vTgF pos=(16.224382400512695, 0.08436138182878494, -1.4008004665374756) stats={'hp': 125.0, 'maxhp': 125.0, 'armor': 0.0, 'maxarmor': 0.0, 'dead': False} ready_before=True EnsureShootingRangeToplogo=True ShowEnemyToplogo=None SetToplogoVisible=None AddToplogoVisibleTick=None EnemyTopLogoTimer=None RefreshToplogo=None RefreshEnemyHpBar=None RefreshEnemyArmorBar=None ready_after=True
ROBOT key=anFFTEsxNr+4vTgO pos=(-28.0, 0.05000007152557373, -13.0) stats={'hp': 125.0, 'maxhp': 125.0, 'armor': 0.0, 'maxarmor': 0.0, 'dead': False} ready_before=True EnsureShootingRangeToplogo=True ShowEnemyToplogo=None SetToplogoVisible=None AddToplogoVisibleTick=None EnemyTopLogoTimer=None RefreshToplogo=None RefreshEnemyHpBar=None RefreshEnemyArmorBar=None ready_after=True
ROBOT key=anFFTEsxNr+4vTgJ pos=(26.3205623626709, 0.06777054071426392, 2.599637508392334) stats={'hp': 125.0, 'maxhp': 125.0, 'armor': 0.0, 'maxarmor': 0.0, 'dead': False} ready_before=True EnsureShootingRangeToplogo=True ShowEnemyToplogo=None SetToplogoVisible=None AddToplogoVisibleTick=None EnemyTopLogoTimer=None RefreshToplogo=None RefreshEnemyHpBar=None RefreshEnemyArmorBar=None ready_after=True
ROBOT key=anFFTEsxNr+4vTf9 pos=(-3.6795008182525635, 0.052389562129974365, -9.50024700164795) stats={'hp': 125.0, 'maxhp': 125.0, 'armor': 0.0, 'maxarmor': 0.0, 'dead': False} ready_before=True EnsureShootingRangeToplogo=True ShowEnemyToplogo=None SetToplogoVisible=None AddToplogoVisibleTick=None EnemyTopLogoTimer=None RefreshToplogo=None RefreshEnemyHpBar=None RefreshEnemyArmorBar=None ready_after=True
ROBOT key=anFFTEsxNr+4vTf4 pos=(-8.783376693725586, 0.09060776978731155, -13.467101097106934) stats={'hp': 41.0, 'maxhp': 125.0, 'armor': 0.0, 'maxarmor': 0.0, 'dead': False} ready_before=True EnsureShootingRangeToplogo=True ShowEnemyToplogo=None SetToplogoVisible=None AddToplogoVisibleTick=None EnemyTopLogoTimer=None RefreshToplogo=None RefreshEnemyHpBar=None RefreshEnemyArmorBar=None ready_after=True
ROBOT key=anFFTEsxNr+4vTgB pos=(6.3205156326293945, 0.0634201169013977, -5.500304698944092) stats={'hp': 125.0, 'maxhp': 125.0, 'armor': 0.0, 'maxarmor': 0.0, 'dead': False} ready_before=True EnsureShootingRangeToplogo=True ShowEnemyToplogo=None SetToplogoVisible=None AddToplogoVisibleTick=None EnemyTopLogoTimer=None RefreshToplogo=None RefreshEnemyHpBar=None RefreshEnemyArmorBar=None ready_after=True
TICK n=480 total=23 players=[('anFFZUsxNr+4vT0l', (-18.16688346862793, 0.05000002682209015, 0.3692135214805603))] robots=[('anFFTEsxNr+4vTgF', (16.224382400512695, 0.08436138182878494, -1.4008004665374756), 34.43680151091873, {'hp': 125.0, 'maxhp': 125.0, 'armor': 0.0, 'maxarmor': 0.0, 'dead': False}), ('anFFTEsxNr+4vTgO', (-28.0, 0.05000007152557373, -13.0), 16.595964898205867, {'hp': 125.0, 'maxhp': 125.0, 'armor': 0.0, 'maxarmor': 0.0, 'dead': False}), ('anFFTEsxNr+4vTgJ', (26.3205623626709, 0.06777054071426392, 2.599637508392334), 44.54332658822535, {'hp': 125.0, 'maxhp': 125.0, 'armor': 0.0, 'maxarmor': 0.0, 'dead': False}), ('anFFTEsxNr+4vTf9', (-3.6795008182525635, 0.052389562129974365, -9.50024700164795), 17.52970372784059, {'hp': 125.0, 'maxhp': 125.0, 'armor': 0.0, 'maxarmor': 0.0, 'dead': False}), ('anFFTEsxNr+4vTf4', (-8.783376693725586, 0.09060776978731155, -13.467101097106934), 16.718117436121954, {'hp': 41.0, 'maxhp': 125.0, 'armor': 0.0, 'maxarmor': 0.0, 'dead': False}), ('anFFTEsxNr+4vTgB', (6.3205156326293945, 0.0634201169013977, -5.500304698944092), 25.18102736154688, {'hp': 125.0, 'maxhp': 125.0, 'armor': 0.0, 'maxarmor': 0.0, 'dead': False})]
BOX_LABEL mark_id=ctf_esp_anFFTEsxNr_4vTgF label='125hp 34m' tier=FAR color=(0.92, 0.92, 0.9)
MARK_UPDATE key=anFFTEsxNr+4vTgF mark_id=ctf_esp_anFFTEsxNr_4vTgF pos=(16.224382400512695, 0.08436138182878494, -1.4008004665374756) label='125hp 34m'
BOX_LABEL mark_id=ctf_esp_anFFTEsxNr_4vTgO label='125hp 17m' tier=MID color=(0.92, 0.92, 0.9)
MARK_UPDATE key=anFFTEsxNr+4vTgO mark_id=ctf_esp_anFFTEsxNr_4vTgO pos=(-28.0, 0.05000007152557373, -13.0) label='125hp 17m'
BOX_LABEL mark_id=ctf_esp_anFFTEsxNr_4vTgJ label='125hp 45m' tier=FAR color=(0.92, 0.92, 0.9)
MARK_UPDATE key=anFFTEsxNr+4vTgJ mark_id=ctf_esp_anFFTEsxNr_4vTgJ pos=(26.3205623626709, 0.06777054071426392, 2.599637508392334) label='125hp 45m'
BOX_LABEL mark_id=ctf_esp_anFFTEsxNr_4vTf9 label='125hp 18m' tier=MID color=(0.92, 0.92, 0.9)
MARK_UPDATE key=anFFTEsxNr+4vTf9 mark_id=ctf_esp_anFFTEsxNr_4vTf9 pos=(-3.6795008182525635, 0.052389562129974365, -9.50024700164795) label='125hp 18m'
BOX_LABEL mark_id=ctf_esp_anFFTEsxNr_4vTf4 label='41hp 17m' tier=MID color=(0.92, 0.92, 0.9)
MARK_UPDATE key=anFFTEsxNr+4vTf4 mark_id=ctf_esp_anFFTEsxNr_4vTf4 pos=(-8.783376693725586, 0.09060776978731155, -13.467101097106934) label='41hp 17m'
BOX_LABEL mark_id=ctf_esp_anFFTEsxNr_4vTgB label='125hp 25m' tier=MID color=(0.92, 0.92, 0.9)
MARK_UPDATE key=anFFTEsxNr+4vTgB mark_id=ctf_esp_anFFTEsxNr_4vTgB pos=(6.3205156326293945, 0.0634201169013977, -5.500304698944092) label='125hp 25m'
ROBOT key=anFFTEsxNr+4vTgF pos=(16.224382400512695, 0.08436138182878494, -1.4008004665374756) stats={'hp': 125.0, 'maxhp': 125.0, 'armor': 0.0, 'maxarmor': 0.0, 'dead': False} ready_before=True EnsureShootingRangeToplogo=True ShowEnemyToplogo=None SetToplogoVisible=None AddToplogoVisibleTick=None EnemyTopLogoTimer=None RefreshToplogo=None RefreshEnemyHpBar=None RefreshEnemyArmorBar=None ready_after=True
ROBOT key=anFFTEsxNr+4vTgO pos=(-28.0, 0.05000007152557373, -13.0) stats={'hp': 125.0, 'maxhp': 125.0, 'armor': 0.0, 'maxarmor': 0.0, 'dead': False} ready_before=True EnsureShootingRangeToplogo=True ShowEnemyToplogo=None SetToplogoVisible=None AddToplogoVisibleTick=None EnemyTopLogoTimer=None RefreshToplogo=None RefreshEnemyHpBar=None RefreshEnemyArmorBar=None ready_after=True
ROBOT key=anFFTEsxNr+4vTgJ pos=(26.3205623626709, 0.06777054071426392, 2.599637508392334) stats={'hp': 125.0, 'maxhp': 125.0, 'armor': 0.0, 'maxarmor': 0.0, 'dead': False} ready_before=True EnsureShootingRangeToplogo=True ShowEnemyToplogo=None SetToplogoVisible=None AddToplogoVisibleTick=None EnemyTopLogoTimer=None RefreshToplogo=None RefreshEnemyHpBar=None RefreshEnemyArmorBar=None ready_after=True
ROBOT key=anFFTEsxNr+4vTf9 pos=(-3.6795008182525635, 0.052389562129974365, -9.50024700164795) stats={'hp': 125.0, 'maxhp': 125.0, 'armor': 0.0, 'maxarmor': 0.0, 'dead': False} ready_before=True EnsureShootingRangeToplogo=True ShowEnemyToplogo=None SetToplogoVisible=None AddToplogoVisibleTick=None EnemyTopLogoTimer=None RefreshToplogo=None RefreshEnemyHpBar=None RefreshEnemyArmorBar=None ready_after=True
ROBOT key=anFFTEsxNr+4vTf4 pos=(-8.783376693725586, 0.09060776978731155, -13.467101097106934) stats={'hp': 41.0, 'maxhp': 125.0, 'armor': 0.0, 'maxarmor': 0.0, 'dead': False} ready_before=True EnsureShootingRangeToplogo=True ShowEnemyToplogo=None SetToplogoVisible=None AddToplogoVisibleTick=None EnemyTopLogoTimer=None RefreshToplogo=None RefreshEnemyHpBar=None RefreshEnemyArmorBar=None ready_after=True
ROBOT key=anFFTEsxNr+4vTgB pos=(6.3205156326293945, 0.0634201169013977, -5.500304698944092) stats={'hp': 125.0, 'maxhp': 125.0, 'armor': 0.0, 'maxarmor': 0.0, 'dead': False} ready_before=True EnsureShootingRangeToplogo=True ShowEnemyToplogo=None SetToplogoVisible=None AddToplogoVisibleTick=None EnemyTopLogoTimer=None RefreshToplogo=None RefreshEnemyHpBar=None RefreshEnemyArmorBar=None ready_after=True
ROBOT key=anFFTEsxNr+4vTgF pos=(16.224382400512695, 0.08436138182878494, -1.4008004665374756) stats={'hp': 125.0, 'maxhp': 125.0, 'armor': 0.0, 'maxarmor': 0.0, 'dead': False} ready_before=True EnsureShootingRangeToplogo=True ShowEnemyToplogo=None SetToplogoVisible=None AddToplogoVisibleTick=None EnemyTopLogoTimer=None RefreshToplogo=None RefreshEnemyHpBar=None RefreshEnemyArmorBar=None ready_after=True
ROBOT key=anFFTEsxNr+4vTgO pos=(-28.0, 0.05000007152557373, -13.0) stats={'hp': 125.0, 'maxhp': 125.0, 'armor': 0.0, 'maxarmor': 0.0, 'dead': False} ready_before=True EnsureShootingRangeToplogo=True ShowEnemyToplogo=None SetToplogoVisible=None AddToplogoVisibleTick=None EnemyTopLogoTimer=None RefreshToplogo=None RefreshEnemyHpBar=None RefreshEnemyArmorBar=None ready_after=True
ROBOT key=anFFTEsxNr+4vTgJ pos=(26.3205623626709, 0.06777054071426392, 2.599637508392334) stats={'hp': 125.0, 'maxhp': 125.0, 'armor': 0.0, 'maxarmor': 0.0, 'dead': False} ready_before=True EnsureShootingRangeToplogo=True ShowEnemyToplogo=None SetToplogoVisible=None AddToplogoVisibleTick=None EnemyTopLogoTimer=None RefreshToplogo=None RefreshEnemyHpBar=None RefreshEnemyArmorBar=None ready_after=True
ROBOT key=anFFTEsxNr+4vTf9 pos=(-3.6795008182525635, 0.052389562129974365, -9.50024700164795) stats={'hp': 125.0, 'maxhp': 125.0, 'armor': 0.0, 'maxarmor': 0.0, 'dead': False} ready_before=True EnsureShootingRangeToplogo=True ShowEnemyToplogo=None SetToplogoVisible=None AddToplogoVisibleTick=None EnemyTopLogoTimer=None RefreshToplogo=None RefreshEnemyHpBar=None RefreshEnemyArmorBar=None ready_after=True
ROBOT key=anFFTEsxNr+4vTf4 pos=(-8.783376693725586, 0.09060776978731155, -13.467101097106934) stats={'hp': 41.0, 'maxhp': 125.0, 'armor': 0.0, 'maxarmor': 0.0, 'dead': False} ready_before=True EnsureShootingRangeToplogo=True ShowEnemyToplogo=None SetToplogoVisible=None AddToplogoVisibleTick=None EnemyTopLogoTimer=None RefreshToplogo=None RefreshEnemyHpBar=None RefreshEnemyArmorBar=None ready_after=True
ROBOT key=anFFTEsxNr+4vTgB pos=(6.3205156326293945, 0.0634201169013977, -5.500304698944092) stats={'hp': 125.0, 'maxhp': 125.0, 'armor': 0.0, 'maxarmor': 0.0, 'dead': False} ready_before=True EnsureShootingRangeToplogo=True ShowEnemyToplogo=None SetToplogoVisible=None AddToplogoVisibleTick=None EnemyTopLogoTimer=None RefreshToplogo=None RefreshEnemyHpBar=None RefreshEnemyArmorBar=None ready_after=True
