BEGIN
entity_count=23
picked=[('AjDCIrilGhEBXtfh', '<PlayerAvatar(AjDCIrilGhEBXtfh)>', 'PlayerAvatar'), ('anE9NksxNr+4uzVs', '<PlayerCombatAvatarShootingRange(anE9NksxNr+4uzVs)>', 'PlayerCombatAvatarShootingRange'), ('anE8/EsxNr+4ux9Q', '<RobotCombatAvatarShootingRange(anE8/EsxNr+4ux9Q)>', 'RobotCombatAvatarShootingRange'), ('anE8/EsxNr+4ux+Q', '<RobotCombatAvatarShootingRange(anE8/EsxNr+4ux+Q)>', 'RobotCombatAvatarShootingRange'), ('anE8/EsxNr+4ux96', '<RobotCombatAvatarShootingRange(anE8/EsxNr+4ux96)>', 'RobotCombatAvatarShootingRange'), ('anE8/EsxNr+4ux9o', '<RobotCombatAvatarShootingRange(anE8/EsxNr+4ux9o)>', 'RobotCombatAvatarShootingRange'), ('anE8/EsxNr+4ux9M', '<RobotCombatAvatarShootingRange(anE8/EsxNr+4ux9M)>', 'RobotCombatAvatarShootingRange'), ('anE8/EsxNr+4ux9+', '<RobotCombatAvatarShootingRange(anE8/EsxNr+4ux9+)>', 'RobotCombatAvatarShootingRange')]
ENTITY AjDCIrilGhEBXtfh <PlayerAvatar(AjDCIrilGhEBXtfh)> class=<class 'gclient.framework.entities.avatar.PlayerAvatar'>
DIR AjDCIrilGhEBXtfh ['AvatarCheckBpBadge', 'AvatarQidslCkfl', 'BackpackModifyBlueprintName', 'BackpackModifyName', 'ChangeClanName', 'CheckCanSwapPlayerSlot', 'CheckNeedNoticeAutoBuyTeammate', 'CheckReplyInviteJoinRoomForTeam', 'CheckReplyInviteJoinRoomForTeamWatcher', 'ClearPlayerAchievementHallCardNew', 'ClearPlayerAchievementNewGroupIds', 'ClearPlayerAchievementToastBatches', 'ClearPlayerAchievementWallNewGroupId', 'ClearTeamNewMsgNumber', 'ClickWorldCupInviteLink', 'ComposeItemByCount', 'DebugShowTeamListOnQueryPlayers', 'DebugShowTeamListQueryPlayers', 'DelayGetSteamUserPhoto', 'DoFetchPlatformPhotoUrl_Steam', 'ForwardCombatAvatarMethod', 'ForwardRobotCombatAvatarMethod', 'GMQueryGroundPos', 'GMQueryNaviValidPosition', 'GenerateRandomName', 'GetActNewPlayerGachaIds', 'GetAvatarModelShowInfo', 'GetBackpackName', 'GetBoundAccountHeadUrl', 'GetFriendRemarkName', 'GetGunIsCanTuning', 'GetGunOrnamentUseIndex', 'GetInviteRecentPlayersWithSearch', 'GetOrnamentCanUseIndex', 'GetOwnedNameFrameItem', 'GetPlayerAchievementNewGroupIds', 'GetPlayerAchievementPanelData', 'GetPlayerAchievementWallNewGroupIds', 'GetPlayerInfoByIds', 'GetPlayerInfosByIds', 'GetPlayerLBSGunInfoWorker', 'GetRaceTeamInfo', 'GetRaceTeamMemberInfo', 'GetRecentPlayersNoFriend', 'GetRenameLeftTime', 'GetTeamNewMsgNumber', 'GetTeammateHallIndex', 'GetWorldChatLeftCDTime', 'GmPlaybackByFilename', 'HadGetPlayerInfoItemRedDotByData', 'HasPlayerAchievementHallCardNew', 'HasPlayerInfoItemRedDotByItemId', 'HasPlayerInfoSettingRedDot', 'IgnoreTryJoinTeam', 'InviteInRaceTeam', 'InviteJoinTeam', 'IsATM', 'IsATMGuardAI', 'IsAirDrop', 'IsAllowSendToAI', 'IsAlreadyClickInviteLink', 'IsAltar', 'IsAmmoBox', 'IsArmedPhoto', 'IsArrow', 'IsAttackDrone', 'IsAutoShowLimitYuanbaoTips', 'IsAvatar', 'IsBarrieCannon', 'IsBlackHole', 'IsBlastingC4', 'IsBleachGame', 'IsBleachSpirit', 'IsBomb', 'IsBombSite', 'IsBpBadgeChecked', 'IsBpBadgeSysOpen', 'IsBuilding', 'IsChaosUav', 'IsChatMsgVisibleForAvatar', 'IsClanApplyCdFinished', 'IsClanInviteCdFinished', 'IsClanLogLikedByGuid', 'IsClanLogLikedByMsg', 'IsCombatAvatar', 'IsCombatAvatarSniper', 'IsCombatAvatarZombieXray', 'IsCombatBillboard', 'IsCombatTeam', 'IsCombatUnit', 'IsContrabandPlane', 'IsContractDesk', 'IsCrack', 'IsCrow', 'IsCureUav', 'IsCureUavFix', 'IsCureUavShield', 'IsDestructible', 'IsDmzContainer', 'IsDmzMonster', 'IsDoubleDanceField', 'IsDummyCombatAvatar', 'IsEmoteTree', 'IsEnableAIChat', 'IsEnableAircraft', 'IsEnableBombSkin', 'IsEnableDeathBox', 'IsEnableEmote', 'IsEnableMusic', 'IsEnableSkydive', 'IsEnergyStronghold', 'IsEntityAttach', 'IsEntityMaster', 'IsEvaGame', 'IsEvaMonster', 'IsEvoPlatform', 'IsFinishCombatGuide', 'IsFinishInGameGuide', 'IsFinishNewerGuide', 'IsFinishNewerGuideNew', 'IsFlagSF', 'IsFootball', 'IsFormationRobot', 'IsFriendApplyListInTime', 'IsFriendChatLoaded', 'IsFriendsReachMaxLimit', 'IsGachaCollectionUnlock', 'IsGameLogic', 'IsGasStation', 'IsGetFirstPayYuanbao', 'IsGiantMonster', 'IsGlass', 'IsGroupDanceField', 'IsHelenAI', 'IsHiderClone', 'IsHistoryKillMomentsExist', 'IsHolographicRobot', 'IsIceWall', 'IsIgnoreCue', 'IsInRoom', 'IsItem', 'IsItemSpaceSnare', 'IsLegendMedalOpen', 'IsLinkageGacha', 'IsLinkageRollNoCycleId', 'IsMagicField', 'IsMatching', 'IsMineral', 'IsMonitorMissile', 'IsMonster', 'IsMovingPlatform', 'IsMsgLiked', 'IsMysteryActShowReddot', 'IsNavigateBarrieCannon', 'IsNewCrystalMonster', 'IsObserveAvatar', 'IsOccupyContractTarget', 'IsOccupyContractTargetNew', 'IsOilbox', 'IsOverloadGift', 'IsPanpan', 'IsPhotoProfileBanned', 'IsPhyBall', 'IsPixelBigEventOpened', 'IsPlayerCombatAvatar', 'IsPlayerObserveAvatar', 'IsPortableShop', 'IsPosterBoard', 'IsRPCLimit', 'IsRPGMissile', 'IsReplayPuppet', 'IsReplayRecorder', 'IsRichAmerican', 'IsRichPeople', 'IsRobotCombatAvatar', 'IsRobotCombatAvatarZombie', 'IsSafeBox', 'IsSaveDrone', 'IsSaveMachine', 'IsScoutArrow', 'IsSearchContractBox', 'IsSevenSinsGame', 'IsShield', 'IsShootingRange', 'IsShop', 'IsShowActivityPreSaleReddot', 'IsShowGachaReddot', 'IsShowLim...
ATTR AjDCIrilGhEBXtfh.IsATM type=<class 'bool'> val=False
ATTR AjDCIrilGhEBXtfh.IsATMGuardAI type=<class 'bool'> val=False
ATTR AjDCIrilGhEBXtfh.IsAirDrop type=<class 'bool'> val=False
ATTR AjDCIrilGhEBXtfh.IsAltar type=<class 'bool'> val=False
ATTR AjDCIrilGhEBXtfh.IsAmmoBox type=<class 'bool'> val=False
ATTR AjDCIrilGhEBXtfh.IsArrow type=<class 'bool'> val=False
ATTR AjDCIrilGhEBXtfh.IsAttackDrone type=<class 'bool'> val=False
ATTR AjDCIrilGhEBXtfh.IsAvatar type=<class 'bool'> val=True
ATTR AjDCIrilGhEBXtfh.IsBarrieCannon type=<class 'bool'> val=False
ATTR AjDCIrilGhEBXtfh.IsBlackHole type=<class 'bool'> val=False
ATTR AjDCIrilGhEBXtfh.IsBlastingC4 type=<class 'bool'> val=False
ATTR AjDCIrilGhEBXtfh.IsBleachGame type=<class 'bool'> val=False
ATTR AjDCIrilGhEBXtfh.IsBleachSpirit type=<class 'bool'> val=False
ATTR AjDCIrilGhEBXtfh.IsBomb type=<class 'bool'> val=False
ATTR AjDCIrilGhEBXtfh.IsBombSite type=<class 'bool'> val=False
ATTR AjDCIrilGhEBXtfh.IsBuilding type=<class 'bool'> val=False
ATTR AjDCIrilGhEBXtfh.IsChaosUav type=<class 'bool'> val=False
ATTR AjDCIrilGhEBXtfh.IsCombatAvatar type=<class 'bool'> val=False
ATTR AjDCIrilGhEBXtfh.IsCombatAvatarSniper type=<class 'bool'> val=False
ATTR AjDCIrilGhEBXtfh.IsCombatAvatarZombieXray type=<class 'bool'> val=False
ATTR AjDCIrilGhEBXtfh.IsCombatBillboard type=<class 'bool'> val=False
ATTR AjDCIrilGhEBXtfh.IsCombatTeam type=<class 'bool'> val=False
ATTR AjDCIrilGhEBXtfh.IsCombatUnit type=<class 'bool'> val=False
ATTR AjDCIrilGhEBXtfh.IsContrabandPlane type=<class 'bool'> val=False
ATTR AjDCIrilGhEBXtfh.IsContractDesk type=<class 'bool'> val=False
ATTR AjDCIrilGhEBXtfh.IsCrack type=<class 'bool'> val=False
ATTR AjDCIrilGhEBXtfh.IsCrow type=<class 'bool'> val=False
ATTR AjDCIrilGhEBXtfh.IsCureUav type=<class 'bool'> val=False
ATTR AjDCIrilGhEBXtfh.IsCureUavFix type=<class 'bool'> val=False
ATTR AjDCIrilGhEBXtfh.IsCureUavShield type=<class 'bool'> val=False
ATTR AjDCIrilGhEBXtfh.IsDestructible type=<class 'bool'> val=False
ATTR AjDCIrilGhEBXtfh.IsDmzContainer type=<class 'bool'> val=False
ATTR AjDCIrilGhEBXtfh.IsDmzMonster type=<class 'bool'> val=False
ATTR AjDCIrilGhEBXtfh.IsDoubleDanceField type=<class 'bool'> val=False
ATTR AjDCIrilGhEBXtfh.IsDummyCombatAvatar type=<class 'bool'> val=False
ATTR AjDCIrilGhEBXtfh.IsEmoteTree type=<class 'bool'> val=False
ATTR AjDCIrilGhEBXtfh.IsEnergyStronghold type=<class 'bool'> val=False
ATTR AjDCIrilGhEBXtfh.IsEntityAttach type=<class 'bool'> val=False
ATTR AjDCIrilGhEBXtfh.IsEntityMaster type=<class 'bool'> val=False
ATTR AjDCIrilGhEBXtfh.IsEvaGame type=<class 'bool'> val=False
ATTR AjDCIrilGhEBXtfh.IsEvaMonster type=<class 'bool'> val=False
ATTR AjDCIrilGhEBXtfh.IsEvoPlatform type=<class 'bool'> val=False
ATTR AjDCIrilGhEBXtfh.IsFlagSF type=<class 'bool'> val=False
ATTR AjDCIrilGhEBXtfh.IsFootball type=<class 'bool'> val=False
ATTR AjDCIrilGhEBXtfh.IsFormationRobot type=<class 'bool'> val=False
ATTR AjDCIrilGhEBXtfh.IsGameLogic type=<class 'bool'> val=False
ATTR AjDCIrilGhEBXtfh.IsGasStation type=<class 'bool'> val=False
ATTR AjDCIrilGhEBXtfh.IsGiantMonster type=<class 'bool'> val=False
ATTR AjDCIrilGhEBXtfh.IsGlass type=<class 'bool'> val=False
ATTR AjDCIrilGhEBXtfh.IsGroupDanceField type=<class 'bool'> val=False
ATTR AjDCIrilGhEBXtfh.IsHelenAI type=<class 'bool'> val=False
ATTR AjDCIrilGhEBXtfh.IsHiderClone type=<class 'bool'> val=False
ATTR AjDCIrilGhEBXtfh.IsHolographicRobot type=<class 'bool'> val=False
ATTR AjDCIrilGhEBXtfh.IsIceWall type=<class 'bool'> val=False
ATTR AjDCIrilGhEBXtfh.IsIgnoreCue type=<class 'bool'> val=False
ATTR AjDCIrilGhEBXtfh.IsItem type=<class 'bool'> val=False
ATTR AjDCIrilGhEBXtfh.IsItemSpaceSnare type=<class 'bool'> val=False
ATTR AjDCIrilGhEBXtfh.IsMagicField type=<class 'bool'> val=False
ATTR AjDCIrilGhEBXtfh.IsMineral type=<class 'bool'> val=False
ATTR AjDCIrilGhEBXtfh.IsMonitorMissile type=<class 'bool'> val=False
ATTR AjDCIrilGhEBXtfh.IsMonster type=<class 'bool'> val=False
ATTR AjDCIrilGhEBXtfh.IsMovingPlatform type=<class 'bool'> val=False
ATTR AjDCIrilGhEBXtfh.IsNavigateBarrieCannon type=<class 'bool'> val=False
ATTR AjDCIrilGhEBXtfh.IsNewCrystalMonster type=<class 'bool'> val=False
ATTR AjDCIrilGhEBXtfh.IsObserveAvatar type=<class 'bool'> val=False
ATTR AjDCIrilGhEBXtfh.IsOccupyContractTarget type=<class 'bool'> val=False
ATTR AjDCIrilGhEBXtfh.IsOccupyContractTargetNew type=<class 'bool'> val=False
ATTR AjDCIrilGhEBXtfh.IsOilbox type=<class 'bool'> val=False
ATTR AjDCIrilGhEBXtfh.IsOverloadGift type=<class 'bool'> val=False
ATTR AjDCIrilGhEBXtfh.IsPanpan type=<class 'bool'> val=False
ATTR AjDCIrilGhEBXtfh.IsPhyBall type=<class 'bool'> val=False
ATTR AjDCIrilGhEBXtfh.IsPlayerCombatAvatar type=<class 'bool'> val=False
ATTR AjDCIrilGhEBXtfh.IsPlayerObserveAvatar type=<class 'bool'> val=False
ATTR AjDCIrilGhEBXtfh.IsPortableShop type=<class 'bool'> val=False
ATTR AjDCIrilGhEBXtfh.IsPosterBoard type=<class 'bool'> val=False
ATTR AjDCIrilGhEBXtfh.IsRPGMissile type=<class 'bool'> val=False
ATTR AjDCIrilGhEBXtfh.IsReplayPuppet type=<class 'bool'> val=False
ATTR AjDCIrilGhEBXtfh.IsReplayRecorder type=<class 'bool'> val=False
ATTR AjDCIrilGhEBXtfh.IsRobotCombatAvatar type=<class 'bool'> val=False
ATTR AjDCIrilGhEBXtfh.IsRobotCombatAvatarZombie type=<class 'bool'> val=False
ATTR AjDCIrilGhEBXtfh.IsSafeBox type=<class 'bool'> val=False
ATTR AjDCIrilGhEBXtfh.IsSaveDrone type=<class 'bool'> val=False
ATTR AjDCIrilGhEBXtfh.IsSaveMachine type=<class 'bool'> val=False
ATTR AjDCIrilGhEBXtfh.IsScoutArrow type=<class 'bool'> val=False
ATTR AjDCIrilGhEBXtfh.IsSearchContractBox type=<class 'bool'> val=False
ATTR AjDCIrilGhEBXtfh.IsSevenSinsGame type=<class 'bool'> val=False
ATTR AjDCIrilGhEBXtfh.IsShield type=<class 'bool'> val=False
ATTR AjDCIrilGhEBXtfh.IsShootingRange type=<class 'bool'> val=False
ATTR AjDCIrilGhEBXtfh.IsShop type=<class 'bool'> val=False
ATTR AjDCIrilGhEBXtfh.IsSimpleCombatUnit type=<class 'bool'> val=False
ATTR AjDCIrilGhEBXtfh.IsSkullBomb type=<class 'bool'> val=False
ATTR AjDCIrilGhEBXtfh.IsSoulAvatar type=<class 'bool'> val=False
ATTR AjDCIrilGhEBXtfh.IsSpellDrone type=<class 'bool'> val=False
ATTR AjDCIrilGhEBXtfh.IsStickyMaster type=<class 'bool'> val=False
ATTR AjDCIrilGhEBXtfh.IsStonePilar type=<class 'bool'> val=False
ATTR AjDCIrilGhEBXtfh.IsStronghold type=<class 'bool'> val=False
ATTR AjDCIrilGhEBXtfh.IsStropUav type=<class 'bool'> val=False
ATTR AjDCIrilGhEBXtfh.IsSupply type=<class 'bool'> val=False
ATTR AjDCIrilGhEBXtfh.IsSwordSpirit type=<class 'bool'> val=False
ATTR AjDCIrilGhEBXtfh.IsSyncTransEntity type=<class 'bool'> val=False
ATTR AjDCIrilGhEBXtfh.IsSystemKiller type=<class 'bool'> val=False
ATTR AjDCIrilGhEBXtfh.IsTimeSpear type=<class 'bool'> val=False
ATTR AjDCIrilGhEBXtfh.IsTitan2Game type=<class 'bool'> val=False
ATTR AjDCIrilGhEBXtfh.IsTitan2Stronghold type=<class 'bool'> val=False
ATTR AjDCIrilGhEBXtfh.IsTitan2StrongholdChest type=<class 'bool'> val=False
ATTR AjDCIrilGhEBXtfh.IsTransferBomb type=<class 'bool'> val=False
ATTR AjDCIrilGhEBXtfh.IsUavShield type=<class 'bool'> val=False
ATTR AjDCIrilGhEBXtfh.IsUltraMegaEnergy type=<class 'bool'> val=False
ATTR AjDCIrilGhEBXtfh.IsUltraMegaGame type=<class 'bool'> val=False
ATTR AjDCIrilGhEBXtfh.IsVehicle type=<class 'bool'> val=False
ATTR AjDCIrilGhEBXtfh.IsVirtualInteractionEntity type=<class 'bool'> val=False
ATTR AjDCIrilGhEBXtfh._close_hall_team_cc_timer type=<class 'NoneType'> val=None
ATTR AjDCIrilGhEBXtfh._join_team_record_timer type=<class 'dict'> val={}
ATTR AjDCIrilGhEBXtfh._realtime_player_card_request_fields type=<class 'dict'> val={}
ATTR AjDCIrilGhEBXtfh._recruit_avatar_map type=<class 'dict'> val={}
ATTR AjDCIrilGhEBXtfh._team_chat_msg_num type=<class 'int'> val=0
ATTR AjDCIrilGhEBXtfh._team_new_msg_time_map type=<class 'dict'> val={}
ATTR AjDCIrilGhEBXtfh.auto_buy_teammate_inspect_record type=<class 'NoneType'> val=None
ATTR AjDCIrilGhEBXtfh.auto_buy_teammate_setting_log_flag type=<class 'bool'> val=False
ATTR AjDCIrilGhEBXtfh.bug_screen_shot_steam type=<class 'NoneType'> val=None
ATTR AjDCIrilGhEBXtfh.cache_player_infos type=<class 'gshare.utils.Cache'> val=Cache()
ATTR AjDCIrilGhEBXtfh.cache_recruit_team_info type=<class 'dict'> val={}
ATTR AjDCIrilGhEBXtfh.camera_init_pose type=<class 'tuple'> val=([-16.196739196777344, 0.05000006780028343, -7.852128028869629], 1.4679505825042725)
ATTR AjDCIrilGhEBXtfh.chat_player_info_cache type=<class 'gshare.utils.Cache'> val=Cache()
ATTR AjDCIrilGhEBXtfh.clan_player_info_cache type=<class 'gshare.utils.Cache'> val=Cache()
ATTR AjDCIrilGhEBXtfh.combat_avatar type=<class 'gclient.gameplay.logic_shootingrange.combat_avatar_shootingrange.PlayerCombatAvatarShootingRange'> val=<PlayerCombatAvatarShootingRange(anE9NksxNr+4uzVs)>
ATTR AjDCIrilGhEBXtfh.combat_avatar_id type=<class 'str'> val='anE9NksxNr+4uzVs'
ATTR AjDCIrilGhEBXtfh.compose_item_callback type=<class 'NoneType'> val=None
ATTR AjDCIrilGhEBXtfh.enable_hall_team_mike type=<class 'bool'> val=False
ATTR AjDCIrilGhEBXtfh.enable_hall_team_voice type=<class 'bool'> val=True
ATTR AjDCIrilGhEBXtfh.is_become_player type=<class 'bool'> val=True
ATTR AjDCIrilGhEBXtfh.is_fps_avatar type=<class 'bool'> val=False
ATTR AjDCIrilGhEBXtfh.is_in_race_team type=<class 'bool'> val=False
ATTR AjDCIrilGhEBXtfh.is_in_team type=<class 'bool'> val=False
ATTR AjDCIrilGhEBXtfh.is_race_team_leader type=<class 'bool'> val=True
ATTR AjDCIrilGhEBXtfh.is_replay_avatar type=<class 'bool'> val=False
ATTR AjDCIrilGhEBXtfh.is_team_leader type=<class 'bool'> val=False
ATTR AjDCIrilGhEBXtfh.player_achievement_hall_card_new type=<class 'bool'> val=False
ATTR AjDCIrilGhEBXtfh.player_achievement_new_group_ids type=<class 'set'> val=set()
ATTR AjDCIrilGhEBXtfh.player_achievement_notice_loaded type=<class 'bool'> val=False
ATTR AjDCIrilGhEBXtfh.player_achievement_panel_data type=<class 'dict'> val={}
ATTR AjDCIrilGhEBXtfh.player_achievement_pending_toast_batches type=<class 'list'> val=[]
ATTR AjDCIrilGhEBXtfh.player_achievement_toast_blocked type=<class 'bool'> val=False
ATTR AjDCIrilGhEBXtfh.player_achievement_wall_new_group_ids type=<class 'set'> val=set()
ATTR AjDCIrilGhEBXtfh.player_card_info_cache type=<class 'gshare.utils.Cache'> val=Cache()
ATTR AjDCIrilGhEBXtfh.pos type=<class 'tuple'> val=(-16.621000289916992, 0.041999999433755875, -6.783999919891357)
ATTR AjDCIrilGhEBXtfh.position type=<class 'list'> val=[-16.196739196777344, 0.05000006780028343, -7.852128028869629]
ATTR AjDCIrilGhEBXtfh.position_uploader type=<class 'Any'> val=<Any object at 0x00000259D8E2A3C0>
ATTR AjDCIrilGhEBXtfh.race_team_leader type=<class 'str'> val='AjDCIrilGhEBXtfh'
ATTR AjDCIrilGhEBXtfh.race_team_member_info_cache type=<class 'gshare.utils.Cache'> val=Cache()
ATTR AjDCIrilGhEBXtfh.recruit_invite_player type=<class 'dict'> val={}
ATTR AjDCIrilGhEBXtfh.replay_filenames type=<class 'list'> val=[]
ATTR AjDCIrilGhEBXtfh.steam_photo_fetch_timer type=<class 'NoneType'> val=None
ATTR AjDCIrilGhEBXtfh.team_code type=<class 'str'> val='6G4HTD6'
ATTR AjDCIrilGhEBXtfh.team_leader type=<class 'NoneType'> val=None
ENTITY anE9NksxNr+4uzVs <PlayerCombatAvatarShootingRange(anE9NksxNr+4uzVs)> class=<class 'gclient.gameplay.logic_shootingrange.combat_avatar_shootingrange.PlayerCombatAvatarShootingRange'>
DIR anE9NksxNr+4uzVs ['AddLowHpEffect', 'AddSceneCenterMark', 'AddWorldField', 'AdjustBombEffectPathStartPos', 'AfterPlayerWeaponListChange', 'AutoMarkItem', 'BroadcastDeadHiddenUI', 'BuyPersonalStoreTeammate', 'CanCreateMarkByGuid', 'CanCreateMarkToplogo', 'CanLimitFrameInvisible', 'CanMarkRequest', 'CanShowEnemyToplogo', 'CanShowEnemyToplogoBar', 'CanShowToplogoBarWhenGetHit', 'CanVisibleInLightAttackMode', 'CancelExposeKilledEnemyTimer', 'CancelFeelHpTimer', 'CancelHelpTeammate', 'CancelHelpedByTeammate', 'CancelKnockDownTeamTimer', 'CancelLowHpEffectTimer', 'ChangeMarkOpacityForAds', 'ChangeMarkOpacityForRealAds', 'ChangePoseType', 'ChangeRobotConfig', 'CheckIsDriving', 'CheckIsInHelicopter', 'CheckIsOutDoor', 'CheckIsStuckByWindow', 'CheckPlayerHitTargetEntity', 'CheckPlayerSprintDoor', 'CheckSuitableExecuteTargetPos', 'CheckThrusterPackOnPlayerJumpEnd', 'CheckThrusterPackOnPlayerJumpLand', 'CheckThrusterPackOnPlayerParaStageChange', 'CheckThrusterPackOnPlayerStateChanged', 'CheckThrusterPackOnPlayerTalentDataUnitChanged', 'CheckUavEnemyPosValid', 'CheckUpdatePosRecursively', 'ClearControlPlayerOnDead', 'ClearLowHpEffect', 'ClientAdjustPosition', 'CreateCommonMarkToplogo', 'CreateCommonMarkToplogoMapOnly', 'CreateCommonMarkToplogoSceneOnly', 'CreateMarkToplogo', 'CreateMarkWorldEffect', 'CreateWorldFieldFollow', 'DealForAdsMarkPos', 'DebugDisableDumpPlayerPos', 'DebugDumpPlayerPosOnTick', 'DebugEnableDumpPlayerPos', 'DelAutoMarkItem', 'DelSceneCenterMark', 'DestroyAllMark', 'DestroyAllMarkToplogo', 'DestroyAllMarkWorldEffect', 'DestroyCommonMarkToplogo', 'DestroyCommonMarkToplogoMapOnly', 'DestroyCommonMarkToplogoSceneOnly', 'DestroyMarkToplogo', 'DestroyMarkWorldEffect', 'DestroyReconDroneMarkFrame', 'DestroySelfPosMarkTopLogo', 'DetectVisibleTargetInEmote', 'DisEnableSpecifyWorldField', 'DisableInvisibleFrameLimit', 'DoAutoMarkItem', 'DoGrapplingHookAvatarFly', 'DrawEnemyReconMarkFrames', 'DrawReconDroneMarkFrame', 'EnableSpecifyWorldField', 'EnterTeammateDancingField', 'EntityEnterPlayerTrigger', 'ExposeKilledTeamEnemyPos', 'ExposeKilledTeamEnemyPosTick', 'ExposeKnockDownTeamPos', 'ExposeKnockDownTeamPosTick', 'FeelLowHpEnemyTick', 'FixPositionForCharctrlOverlap', 'FollowAvatarEmote', 'ForceDropAllWeaponForAvatar', 'GMRobotEmote', 'GetBirthIslandFeature', 'GetBombPathEffectLocalStartPos', 'GetCalculationLevelName', 'GetCombatTeamMarkPosition', 'GetCombatTeammateVolume', 'GetCommonMarkInfo', 'GetCommonMarkToplogo', 'GetDamageTextOffPos', 'GetDroneInitPos', 'GetExecuteUpdatePosType', 'GetFireWallPlacePosition', 'GetFireWallPlacePositionH', 'GetFireWallPlacePositionV', 'GetInHouseName', 'GetMarkPosAndType', 'GetParanoiaPlacePosition', 'GetPlacePosition', 'GetPrePlaceEntityPosition', 'GetPrePlaceEntityPosition225', 'GetPrePlaceEntityPosition234', 'GetPrePlaceEntityPosition510', 'GetPrePlaceEntityPosition588', 'GetSmartFPos_InteractiveUIAction', 'GetSmartFPos_PickUp', 'GetTargetDamageTextWorldPosition', 'GetTeammateColorIndex', 'GetTeammateIndex', 'GetTeammateInfo', 'GetTeammateMarkToplogo', 'HasCommonMarkTopLogo', 'HasTeammateMarkToplogo', 'HelpTeammateLoadingFinishCb', 'HideAirdropMarkToplogo', 'HideAllCommonMarkToplogoSceneOnly', 'HideAllEnemyToplogo', 'HideAttachModelForDead', 'HideCommonMarkToplogoMapOnly', 'HideEnemyTopLogo', 'HideTeammateToplogoWithReason', 'IgnoreCombatTeamVoiceForNearby', 'InitAvatarModel', 'InitTeammateMark', 'IsATM', 'IsATMGuardAI', 'IsAccumulateWithClassicDamageTextMode', 'IsAirDrop', 'IsAltar', 'IsAmmoBox', 'IsArrow', 'IsAssistAimBlockedByMoveInput', 'IsAssistAimControllingAdsRotate', 'IsAssistAimMoveInputGateEnabled', 'IsAssistAimMoveInputSourceEnabled', 'IsAssistAimSettingOpen', 'IsAttackDrone', 'IsAvatar', 'IsBarrieCannon', 'IsBirthIslandFeature', 'IsBlackHole', 'IsBlastingC4', 'IsBleachGame', 'IsBleachSpirit', 'IsBomb', 'IsBombSite', 'IsBuilding', 'IsChaosUav', 'IsCombatAvatar', 'IsCombatAvatarSniper', 'IsCombatAvatarZombieXray', 'IsCombatBillboard', 'IsCombatTeam', 'IsCombatUnit', 'IsConductorNavigatorCannon',...
ATTR anE9NksxNr+4uzVs.IsATM type=<class 'bool'> val=False
ATTR anE9NksxNr+4uzVs.IsATMGuardAI type=<class 'bool'> val=False
ATTR anE9NksxNr+4uzVs.IsAirDrop type=<class 'bool'> val=False
ATTR anE9NksxNr+4uzVs.IsAltar type=<class 'bool'> val=False
ATTR anE9NksxNr+4uzVs.IsAmmoBox type=<class 'bool'> val=False
ATTR anE9NksxNr+4uzVs.IsArrow type=<class 'bool'> val=False
ATTR anE9NksxNr+4uzVs.IsAttackDrone type=<class 'bool'> val=False
ATTR anE9NksxNr+4uzVs.IsAvatar type=<class 'bool'> val=False
ATTR anE9NksxNr+4uzVs.IsBarrieCannon type=<class 'bool'> val=False
ATTR anE9NksxNr+4uzVs.IsBlackHole type=<class 'bool'> val=False
ATTR anE9NksxNr+4uzVs.IsBlastingC4 type=<class 'bool'> val=False
ATTR anE9NksxNr+4uzVs.IsBleachGame type=<class 'bool'> val=False
ATTR anE9NksxNr+4uzVs.IsBleachSpirit type=<class 'bool'> val=False
ATTR anE9NksxNr+4uzVs.IsBomb type=<class 'bool'> val=False
ATTR anE9NksxNr+4uzVs.IsBombSite type=<class 'bool'> val=False
ATTR anE9NksxNr+4uzVs.IsBuilding type=<class 'bool'> val=False
ATTR anE9NksxNr+4uzVs.IsChaosUav type=<class 'bool'> val=False
ATTR anE9NksxNr+4uzVs.IsCombatAvatar type=<class 'bool'> val=True
ATTR anE9NksxNr+4uzVs.IsCombatAvatarSniper type=<class 'bool'> val=False
ATTR anE9NksxNr+4uzVs.IsCombatAvatarZombieXray type=<class 'bool'> val=False
ATTR anE9NksxNr+4uzVs.IsCombatBillboard type=<class 'bool'> val=False
ATTR anE9NksxNr+4uzVs.IsCombatTeam type=<class 'bool'> val=False
ATTR anE9NksxNr+4uzVs.IsCombatUnit type=<class 'bool'> val=True
ATTR anE9NksxNr+4uzVs.IsContrabandPlane type=<class 'bool'> val=False
ATTR anE9NksxNr+4uzVs.IsContractDesk type=<class 'bool'> val=False
ATTR anE9NksxNr+4uzVs.IsCrack type=<class 'bool'> val=False
ATTR anE9NksxNr+4uzVs.IsCrow type=<class 'bool'> val=False
ATTR anE9NksxNr+4uzVs.IsCureUav type=<class 'bool'> val=False
ATTR anE9NksxNr+4uzVs.IsCureUavFix type=<class 'bool'> val=False
ATTR anE9NksxNr+4uzVs.IsCureUavShield type=<class 'bool'> val=False
ATTR anE9NksxNr+4uzVs.IsDestructible type=<class 'bool'> val=False
ATTR anE9NksxNr+4uzVs.IsDmzContainer type=<class 'bool'> val=False
ATTR anE9NksxNr+4uzVs.IsDmzMonster type=<class 'bool'> val=False
ATTR anE9NksxNr+4uzVs.IsDoubleDanceField type=<class 'bool'> val=False
ATTR anE9NksxNr+4uzVs.IsDummyCombatAvatar type=<class 'bool'> val=False
ATTR anE9NksxNr+4uzVs.IsEmoteTree type=<class 'bool'> val=False
ATTR anE9NksxNr+4uzVs.IsEnergyStronghold type=<class 'bool'> val=False
ATTR anE9NksxNr+4uzVs.IsEntityAttach type=<class 'bool'> val=False
ATTR anE9NksxNr+4uzVs.IsEntityMaster type=<class 'bool'> val=False
ATTR anE9NksxNr+4uzVs.IsEvaGame type=<class 'bool'> val=False
ATTR anE9NksxNr+4uzVs.IsEvaMonster type=<class 'bool'> val=False
ATTR anE9NksxNr+4uzVs.IsEvoPlatform type=<class 'bool'> val=False
ATTR anE9NksxNr+4uzVs.IsFlagSF type=<class 'bool'> val=False
ATTR anE9NksxNr+4uzVs.IsFootball type=<class 'bool'> val=False
ATTR anE9NksxNr+4uzVs.IsFormationRobot type=<class 'bool'> val=False
ATTR anE9NksxNr+4uzVs.IsGameLogic type=<class 'bool'> val=False
ATTR anE9NksxNr+4uzVs.IsGasStation type=<class 'bool'> val=False
ATTR anE9NksxNr+4uzVs.IsGiantMonster type=<class 'bool'> val=False
ATTR anE9NksxNr+4uzVs.IsGlass type=<class 'bool'> val=False
ATTR anE9NksxNr+4uzVs.IsGroupDanceField type=<class 'bool'> val=False
ATTR anE9NksxNr+4uzVs.IsHelenAI type=<class 'bool'> val=False
ATTR anE9NksxNr+4uzVs.IsHiderClone type=<class 'bool'> val=False
ATTR anE9NksxNr+4uzVs.IsHolographicRobot type=<class 'bool'> val=False
ATTR anE9NksxNr+4uzVs.IsIceWall type=<class 'bool'> val=False
ATTR anE9NksxNr+4uzVs.IsIgnoreCue type=<class 'bool'> val=False
ATTR anE9NksxNr+4uzVs.IsItem type=<class 'bool'> val=False
ATTR anE9NksxNr+4uzVs.IsItemSpaceSnare type=<class 'bool'> val=False
ATTR anE9NksxNr+4uzVs.IsMagicField type=<class 'bool'> val=False
ATTR anE9NksxNr+4uzVs.IsMineral type=<class 'bool'> val=False
ATTR anE9NksxNr+4uzVs.IsMonitorMissile type=<class 'bool'> val=False
ATTR anE9NksxNr+4uzVs.IsMonster type=<class 'bool'> val=False
ATTR anE9NksxNr+4uzVs.IsMovingPlatform type=<class 'bool'> val=False
ATTR anE9NksxNr+4uzVs.IsNavigateBarrieCannon type=<class 'bool'> val=False
ATTR anE9NksxNr+4uzVs.IsNewCrystalMonster type=<class 'bool'> val=False
ATTR anE9NksxNr+4uzVs.IsObserveAvatar type=<class 'bool'> val=False
ATTR anE9NksxNr+4uzVs.IsOccupyContractTarget type=<class 'bool'> val=False
ATTR anE9NksxNr+4uzVs.IsOccupyContractTargetNew type=<class 'bool'> val=False
ATTR anE9NksxNr+4uzVs.IsOilbox type=<class 'bool'> val=False
ATTR anE9NksxNr+4uzVs.IsOverloadGift type=<class 'bool'> val=False
ATTR anE9NksxNr+4uzVs.IsPanpan type=<class 'bool'> val=False
ATTR anE9NksxNr+4uzVs.IsPhyBall type=<class 'bool'> val=False
ATTR anE9NksxNr+4uzVs.IsPlayerCombatAvatar type=<class 'bool'> val=True
ATTR anE9NksxNr+4uzVs.IsPlayerObserveAvatar type=<class 'bool'> val=False
ATTR anE9NksxNr+4uzVs.IsPortableShop type=<class 'bool'> val=False
ATTR anE9NksxNr+4uzVs.IsPosterBoard type=<class 'bool'> val=False
ATTR anE9NksxNr+4uzVs.IsRPGMissile type=<class 'bool'> val=False
ATTR anE9NksxNr+4uzVs.IsReplayPuppet type=<class 'bool'> val=False
ATTR anE9NksxNr+4uzVs.IsReplayRecorder type=<class 'bool'> val=False
ATTR anE9NksxNr+4uzVs.IsRobotCombatAvatar type=<class 'bool'> val=False
ATTR anE9NksxNr+4uzVs.IsRobotCombatAvatarZombie type=<class 'bool'> val=False
ATTR anE9NksxNr+4uzVs.IsSafeBox type=<class 'bool'> val=False
ATTR anE9NksxNr+4uzVs.IsSaveDrone type=<class 'bool'> val=False
ATTR anE9NksxNr+4uzVs.IsSaveMachine type=<class 'bool'> val=False
ATTR anE9NksxNr+4uzVs.IsScoutArrow type=<class 'bool'> val=False
ATTR anE9NksxNr+4uzVs.IsSearchContractBox type=<class 'bool'> val=False
ATTR anE9NksxNr+4uzVs.IsSevenSinsGame type=<class 'bool'> val=False
ATTR anE9NksxNr+4uzVs.IsShield type=<class 'bool'> val=False
ATTR anE9NksxNr+4uzVs.IsShootingRange type=<class 'bool'> val=False
ATTR anE9NksxNr+4uzVs.IsShop type=<class 'bool'> val=False
ATTR anE9NksxNr+4uzVs.IsSimpleCombatUnit type=<class 'bool'> val=True
ATTR anE9NksxNr+4uzVs.IsSkullBomb type=<class 'bool'> val=False
ATTR anE9NksxNr+4uzVs.IsSoulAvatar type=<class 'bool'> val=False
ATTR anE9NksxNr+4uzVs.IsSpellDrone type=<class 'bool'> val=False
ATTR anE9NksxNr+4uzVs.IsStickyMaster type=<class 'bool'> val=False
ATTR anE9NksxNr+4uzVs.IsStonePilar type=<class 'bool'> val=False
ATTR anE9NksxNr+4uzVs.IsStronghold type=<class 'bool'> val=False
ATTR anE9NksxNr+4uzVs.IsStropUav type=<class 'bool'> val=False
ATTR anE9NksxNr+4uzVs.IsSupply type=<class 'bool'> val=False
ATTR anE9NksxNr+4uzVs.IsSwordSpirit type=<class 'bool'> val=False
ATTR anE9NksxNr+4uzVs.IsSyncTransEntity type=<class 'bool'> val=False
ATTR anE9NksxNr+4uzVs.IsSystemKiller type=<class 'bool'> val=False
ATTR anE9NksxNr+4uzVs.IsTimeSpear type=<class 'bool'> val=False
ATTR anE9NksxNr+4uzVs.IsTitan2Game type=<class 'bool'> val=False
ATTR anE9NksxNr+4uzVs.IsTitan2Stronghold type=<class 'bool'> val=False
ATTR anE9NksxNr+4uzVs.IsTitan2StrongholdChest type=<class 'bool'> val=False
ATTR anE9NksxNr+4uzVs.IsTransferBomb type=<class 'bool'> val=False
ATTR anE9NksxNr+4uzVs.IsUavShield type=<class 'bool'> val=False
ATTR anE9NksxNr+4uzVs.IsUltraMegaEnergy type=<class 'bool'> val=False
ATTR anE9NksxNr+4uzVs.IsUltraMegaGame type=<class 'bool'> val=False
ATTR anE9NksxNr+4uzVs.IsVehicle type=<class 'bool'> val=False
ATTR anE9NksxNr+4uzVs.IsVirtualInteractionEntity type=<class 'bool'> val=False
ATTR anE9NksxNr+4uzVs.IsVisible type=<class 'bool'> val=True
ATTR anE9NksxNr+4uzVs._auto_mark_item_guid type=<class 'NoneType'> val=None
ATTR anE9NksxNr+4uzVs._auto_mark_item_timer type=<class 'dict'> val={}
ATTR anE9NksxNr+4uzVs._combat_team type=<class 'gclient.gameplay.logic_base.entities.combat_team.CombatTeamEntity_ShootingRange'> val=<CombatTeamEntity_ShootingRange(anE9NksxNr+4uzV/)>
ATTR anE9NksxNr+4uzVs._enter_house_name type=<class 'NoneType'> val=None
ATTR anE9NksxNr+4uzVs._enter_house_range_name type=<class 'str'> val=''
ATTR anE9NksxNr+4uzVs._hall_team_shield_ids type=<class 'dict'> val={}
ATTR anE9NksxNr+4uzVs._holographic_mark_entities type=<class 'dict'> val={}
ATTR anE9NksxNr+4uzVs._last_house_enter_trigger_name type=<class 'NoneType'> val=None
ATTR anE9NksxNr+4uzVs._para_check_stuck_pre_pos type=<class 'NoneType'> val=None
ATTR anE9NksxNr+4uzVs._pose_type type=<class 'int'> val=0
ATTR anE9NksxNr+4uzVs._prone_check_name type=<class 'NoneType'> val=None
ATTR anE9NksxNr+4uzVs._server_update_pos_timestamp_list type=<class 'list'> val=[]
ATTR anE9NksxNr+4uzVs.ads_mark_mgr type=<class 'gclient.gameplay.util.ads_mark_manager.AdsMarkManager'> val=<gclient.gameplay.util.ads_mark_manager.AdsMarkManager object at 0x00000259E1DF57F0>
ATTR anE9NksxNr+4uzVs.ads_mark_pos_avatars type=<class 'list'> val=[]
ATTR anE9NksxNr+4uzVs.assist_mark type=<class 'gclient.framework.util.assist_aim_util.AssistMark'> val=<gclient.framework.util.assist_aim_util.AssistMark object at 0x00000259E1DF6900>
ATTR anE9NksxNr+4uzVs.auto_send_interval_last_pos type=<class 'tuple'> val=(0, 0, 0)
ATTR anE9NksxNr+4uzVs.avatar_guide_logic type=<class 'gclient.gameplay.logic_base.entities.combatavatarmembers.cimp_guide.AvatarGuideLogic'> val=<gclient.gameplay.logic_base.entities.combatavatarmembers.cimp_guide.AvatarGuideLogic object at 0x00000259E1DF6660>
ATTR anE9NksxNr+4uzVs.bomb_path_effect_start_pos type=<class 'NoneType'> val=None
ATTR anE9NksxNr+4uzVs.can_mark_dying_killer type=<class 'bool'> val=False
ATTR anE9NksxNr+4uzVs.can_shoot_player_for_sound type=<class 'bool'> val=False
ATTR anE9NksxNr+4uzVs.can_show_mark_dying_killer type=<class 'bool'> val=False
ATTR anE9NksxNr+4uzVs.combat_team type=<class 'gclient.gameplay.logic_base.entities.combat_team.CombatTeamEntity_ShootingRange'> val=<CombatTeamEntity_ShootingRange(anE9NksxNr+4uzV/)>
ATTR anE9NksxNr+4uzVs.common_center_mark_dict type=<class 'dict'> val={}
ATTR anE9NksxNr+4uzVs.common_mark_dict type=<class 'dict'> val={'anFBRnpyqyRkPhTU': <gclient.gameplay.util.common_toplogo.ToplogoGunRefit object at 0x00000259D7E1AF90>}
ATTR anE9NksxNr+4uzVs.common_mark_info type=<class 'dict'> val={'anFBRnpyqyRkPhTU': {'camera_hit_min_opacity': 70, 'min_opacity': 1.0, 'camera_hit': False, 'camera_hit_max_opacity': 255, 'offset': (1, 2.5, 0), 'visible_distance': 50.0, 'camera_hit_max_dis': 165, 'icon': 733, 'cls': 'ToplogoGunRefit', 'fov_distance': 10.0, 'id': 10, 'max_opacity': 1.0, 'camera_hit_min_dis': 50, 'pos': (-23.85, 0, -6.73), 'scene_on': True}}
ATTR anE9NksxNr+4uzVs.cur_active_world_field_id type=<class 'int'> val=6
ATTR anE9NksxNr+4uzVs.cur_focus_item_pos type=<class 'NoneType'> val=None
ATTR anE9NksxNr+4uzVs.cur_mark_avt_id type=<class 'NoneType'> val=None
ATTR anE9NksxNr+4uzVs.cur_mark_mission_guid type=<class 'str'> val=''
ATTR anE9NksxNr+4uzVs.double_emote_pre_pos type=<class 'NoneType'> val=None
ATTR anE9NksxNr+4uzVs.drone_init_pos type=<class 'NoneType'> val=None
ATTR anE9NksxNr+4uzVs.emote_follow_avatar type=<class 'NoneType'> val=None
ATTR anE9NksxNr+4uzVs.execute_player_pre_pos type=<class 'NoneType'> val=None
ATTR anE9NksxNr+4uzVs.execute_player_yaw type=<class 'NoneType'> val=None
ATTR anE9NksxNr+4uzVs.expose_killed_enemy_pos_timer type=<class 'NoneType'> val=None
ATTR anE9NksxNr+4uzVs.force_use_client_pos type=<class 'bool'> val=False
ATTR anE9NksxNr+4uzVs.fsm_ads_mark_pos type=<class 'NoneType'> val=None
ATTR anE9NksxNr+4uzVs.grappling_hook_target_pos type=<class 'NoneType'> val=None
ATTR anE9NksxNr+4uzVs.gun_spell_last_mark_enemy type=<class 'NoneType'> val=None
ATTR anE9NksxNr+4uzVs.gun_spell_mark_enemy_stamp type=<class 'NoneType'> val=None
ATTR anE9NksxNr+4uzVs.heartbeat_avatar_cache_info type=<class 'dict'> val={}
ATTR anE9NksxNr+4uzVs.in_same_house_with_player type=<class 'bool'> val=True
ATTR anE9NksxNr+4uzVs.is_dead_state type=<class 'bool'> val=False
ATTR anE9NksxNr+4uzVs.is_fps_avatar type=<class 'bool'> val=True
ATTR anE9NksxNr+4uzVs.is_player_set_camera type=<class 'bool'> val=False
ATTR anE9NksxNr+4uzVs.is_refuse_team_mark type=<class 'bool'> val=False
ATTR anE9NksxNr+4uzVs.is_replay_avatar type=<class 'bool'> val=False
ATTR anE9NksxNr+4uzVs.juren_fly_slash_hit_positions type=<class 'dict'> val={}
ATTR anE9NksxNr+4uzVs.juren_fly_slash_nape_execute_hit_pos type=<class 'NoneType'> val=None
ATTR anE9NksxNr+4uzVs.juren_hook_pos_left type=<class 'NoneType'> val=None
ATTR anE9NksxNr+4uzVs.juren_hook_pos_right type=<class 'NoneType'> val=None
ATTR anE9NksxNr+4uzVs.knock_down_team_enemy_pos_timer type=<class 'NoneType'> val=None
ATTR anE9NksxNr+4uzVs.last_check_stuck_poss type=<class 'list'> val=[]
ATTR anE9NksxNr+4uzVs.last_crouch2_position type=<class 'NoneType'> val=None
ATTR anE9NksxNr+4uzVs.last_position type=<class 'tuple'> val=(-16.196739196777344, 0.05000006780028343, -7.852128028869629)
ATTR anE9NksxNr+4uzVs.last_server_pos_stamp type=<class 'int'> val=0
ATTR anE9NksxNr+4uzVs.last_server_pos_time type=<class 'int'> val=0
ATTR anE9NksxNr+4uzVs.last_server_position type=<class 'NoneType'> val=None
ATTR anE9NksxNr+4uzVs.light_attack_pos type=<class 'NoneType'> val=None
ATTR anE9NksxNr+4uzVs.mark_effect_dict type=<class 'dict'> val={}
ATTR anE9NksxNr+4uzVs.mark_toplogo_dict type=<class 'dict'> val={}
ATTR anE9NksxNr+4uzVs.mark_toplogo_hit_guid type=<class 'str'> val=''
ATTR anE9NksxNr+4uzVs.mark_toplogo_hit_type type=<class 'int'> val=1
ATTR anE9NksxNr+4uzVs.mark_toplogo_op_mode type=<class 'int'> val=0
ATTR anE9NksxNr+4uzVs.missile_indicate_pos type=<class 'NoneType'> val=None
ATTR anE9NksxNr+4uzVs.pos type=<class 'tuple'> val=(-16.196739196777344, 0.05000006780028343, -7.852128028869629)
ATTR anE9NksxNr+4uzVs.pose_type type=<class 'int'> val=0
ATTR anE9NksxNr+4uzVs.position type=<class 'tuple'> val=(-16.196739196777344, 0.05000006780028343, -7.852128028869629)
ATTR anE9NksxNr+4uzVs.recon_drone_frame_top_logo type=<class 'NoneType'> val=None
ATTR anE9NksxNr+4uzVs.recon_drone_mark_ent_ids type=<class 'set'> val=set()
ATTR anE9NksxNr+4uzVs.replay_last_valid_pos type=<class 'tuple'> val=(-16.196739196777344, 0.05000006780028343, -7.852128028869629)
ATTR anE9NksxNr+4uzVs.robot_active_engagements type=<class 'dict'> val={}
ATTR anE9NksxNr+4uzVs.robot_completed_engagements type=<class 'list'> val=[]
ATTR anE9NksxNr+4uzVs.robot_engagement_intervals type=<class 'list'> val=[]
ATTR anE9NksxNr+4uzVs.robot_last_all_end_time type=<class 'float'> val=0.0
ATTR anE9NksxNr+4uzVs.samurai_sprint_pos type=<class 'NoneType'> val=None
ATTR anE9NksxNr+4uzVs.show_gothic_avatar_ids type=<class 'list'> val=[]
ATTR anE9NksxNr+4uzVs.team_val_recon_drone_id type=<class 'NoneType'> val=None
ATTR anE9NksxNr+4uzVs.teammate_backpack_usages type=<class 'collections.defaultdict'> val=defaultdict(<class 'dict'>, {})
ATTR anE9NksxNr+4uzVs.teammate_info type=<class 'gclient.gameplay.logic_base.entities.combat_team.CCombatTeamMembers_ShootingRange'> val=CCombatTeamMembers_ShootingRange({'anE9NksxNr+4uzVs': CCombatTeamMember_ShootingRange({'arm_clothes': CustomMapType({300: 3000000120}), 'show_medal': ShowMedal({}), 'head_url': '', 'para_stage': 0, 'name_frame': 0, 'is_alive': 1, 'v7_share_backpack': IHallBackpackNoDB({'name': '', 'no': 0, 'slots': CustomMapType({})}), 'yaw': 1.5670937299728394, 'para_reason': 0, 'is_foil_man': 0, 'c_eid': 0, 'name': 'SexMaster_18', 'level': 37, 'p': b'\xf0\xff\x00\x00\xf9\xff', 'settle_be_liked_map': SettleBeLi...
ATTR anE9NksxNr+4uzVs.teammate_xray_hidden_reason type=<class 'int'> val=0
ATTR anE9NksxNr+4uzVs.toplogo_not_in_hide_state_enemy type=<class 'set'> val=set()
ATTR anE9NksxNr+4uzVs.world_fields type=<class 'list'> val=[(6, 'anE9NksxNr+4uzVs')]
CALL anE9NksxNr+4uzVs.CanShowEnemyToplogo() => True
CALL anE9NksxNr+4uzVs.CanShowEnemyToplogoBar() => True
ENTITY anE8/EsxNr+4ux9Q <RobotCombatAvatarShootingRange(anE8/EsxNr+4ux9Q)> class=<class 'gclient.gameplay.logic_shootingrange.combat_avatar_shootingrange.RobotCombatAvatarShootingRange'>
DIR anE8/EsxNr+4ux9Q ['AIOnQueryRandomPos', 'AIQueryRandomPos', 'AIQueryTeamMembers', 'AddLowHpEffect', 'AddTopLogoHiddenReason', 'AddTopLogoWidgetHiddenReason', 'AddToplogoVisibleTick', 'AddWorldField', 'CanLimitFrameInvisible', 'CanShowEnemyToplogo', 'CanShowEnemyToplogoBar', 'CanShowToplogoBarWhenGetHit', 'CancelExposeKilledEnemyTimer', 'CancelFeelHpTimer', 'CancelKnockDownTeamTimer', 'CancelLowHpEffectTimer', 'ChangePoseType', 'CheckIsOutDoor', 'CheckUavEnemyPosValid', 'ClearLowHpEffect', 'CreateToplogo', 'CreateWorldFieldFollow', 'DestroyReconDroneMarkFrame', 'DetectVisibleTargetInEmote', 'DisEnableSpecifyWorldField', 'DisableInvisibleFrameLimit', 'DoGrapplingHookAvatarFly', 'DrawReconDroneMarkFrame', 'EnableReplayTickForServerRobot', 'EnableSpecifyWorldField', 'EnemyTopLogoTimer', 'EnsureShootingRangeToplogo', 'ExposeKilledTeamEnemyPos', 'ExposeKilledTeamEnemyPosTick', 'ExposeKnockDownTeamPos', 'ExposeKnockDownTeamPosTick', 'FeelLowHpEnemyTick', 'ForceDropAllWeaponForAvatar', 'GetExecuteUpdatePosType', 'GetFireWallPlacePosition', 'GetFireWallPlacePositionH', 'GetFireWallPlacePositionV', 'GetInHouseName', 'GetParanoiaPlacePosition', 'GetPlacePosition', 'GetPrePlaceEntityPosition', 'GetPrePlaceEntityPosition225', 'GetPrePlaceEntityPosition234', 'GetPrePlaceEntityPosition510', 'GetPrePlaceEntityPosition588', 'GetTeammateColorIndex', 'GetTeammateIndex', 'GetTeammateInfo', 'HideAttachModelForDead', 'HideEnemyTopLogo', 'InitAvatarModel', 'IsATM', 'IsATMGuardAI', 'IsAirDrop', 'IsAltar', 'IsAmmoBox', 'IsArrow', 'IsAttackDrone', 'IsAvatar', 'IsBarrieCannon', 'IsBirthIslandFeature', 'IsBlackHole', 'IsBlastingC4', 'IsBleachGame', 'IsBleachSpirit', 'IsBomb', 'IsBombSite', 'IsBuilding', 'IsCameraHitMe', 'IsChaosUav', 'IsCombatAvatar', 'IsCombatAvatarSniper', 'IsCombatAvatarZombieXray', 'IsCombatBillboard', 'IsCombatTeam', 'IsCombatUnit', 'IsContrabandPlane', 'IsContractDesk', 'IsCrack', 'IsCrow', 'IsCurTakeCompoundBowWeapon', 'IsCurTakeDualGunWeapon', 'IsCurTakeGunMeleeWeapon', 'IsCurTakeGunWeapon', 'IsCurTakeLeftHandSpecialWeapon', 'IsCurTakeLeftHandThrowableWeapon', 'IsCurTakeLeftHandWeapon', 'IsCurTakeMainWeapon', 'IsCurTakeMeleeWeapon', 'IsCurTakeMissileWeapon', 'IsCurTakeRightHandThrowableWeapon', 'IsCurTakeSpWeapon', 'IsCurTakeSubWeapon', 'IsCureUav', 'IsCureUavFix', 'IsCureUavShield', 'IsDestructible', 'IsDmzContainer', 'IsDmzMonster', 'IsDoubleDanceField', 'IsDummyCombatAvatar', 'IsEmoteTree', 'IsEnergyStronghold', 'IsEntityAttach', 'IsEntityMaster', 'IsEvaGame', 'IsEvaMonster', 'IsEvoPlatform', 'IsExecuteFps', 'IsFlagSF', 'IsFootball', 'IsFormationRobot', 'IsGameLogic', 'IsGasStation', 'IsGiantMonster', 'IsGlass', 'IsGroupDanceField', 'IsHelenAI', 'IsHiderClone', 'IsHolographicRobot', 'IsIceWall', 'IsIgnoreCue', 'IsInDoubleEmote', 'IsInExecute', 'IsInShowToplogoByExposeTalentDuration', 'IsItem', 'IsItemSpaceSnare', 'IsJurenFlyAirSlashActive', 'IsJurenFlyFuelDisplayWeapon', 'IsJurenFlyFuelDisplayWeaponActive', 'IsMagicField', 'IsMeowDanceActive', 'IsMineral', 'IsMonitorMissile', 'IsMonster', 'IsMoveRecoverHpArmorActive', 'IsMovingPlatform', 'IsNavigateBarrieCannon', 'IsNewCrystalMonster', 'IsObserveAvatar', 'IsOccupyContractTarget', 'IsOccupyContractTargetNew', 'IsOilbox', 'IsOverloadGift', 'IsPanpan', 'IsPhyBall', 'IsPlayerCombatAvatar', 'IsPlayerObserveAvatar', 'IsPortableShop', 'IsPosterBoard', 'IsRPGMissile', 'IsReplayPuppet', 'IsReplayRecorder', 'IsRobotCombatAvatar', 'IsRobotCombatAvatarZombie', 'IsSafeBox', 'IsSaveDrone', 'IsSaveMachine', 'IsScoutArrow', 'IsSearchContractBox', 'IsSevenSinsGame', 'IsShield', 'IsShootingRange', 'IsShootingRangeToplogoReady', 'IsShop', 'IsSimpleCombatUnit', 'IsSkillTalentFull', 'IsSkullBomb', 'IsSkywingParaPresentationActive', 'IsSoulAvatar', 'IsSpellDrone', 'IsStickyMaster', 'IsStonePilar', 'IsStronghold', 'IsStropUav', 'IsSupply', 'IsSwordSpirit', 'IsSyncTransEntity', 'IsSystemKiller', 'IsTimeSpear', 'IsTitan2ArmorCameraEffectDisabled', 'IsTitan2Game', 'IsTitan2Stronghold', 'IsTitan2StrongholdChest', 'IsTra...
ATTR anE8/EsxNr+4ux9Q.IsATM type=<class 'bool'> val=False
ATTR anE8/EsxNr+4ux9Q.IsATMGuardAI type=<class 'bool'> val=False
ATTR anE8/EsxNr+4ux9Q.IsAirDrop type=<class 'bool'> val=False
ATTR anE8/EsxNr+4ux9Q.IsAltar type=<class 'bool'> val=False
ATTR anE8/EsxNr+4ux9Q.IsAmmoBox type=<class 'bool'> val=False
ATTR anE8/EsxNr+4ux9Q.IsArrow type=<class 'bool'> val=False
ATTR anE8/EsxNr+4ux9Q.IsAttackDrone type=<class 'bool'> val=False
ATTR anE8/EsxNr+4ux9Q.IsAvatar type=<class 'bool'> val=False
ATTR anE8/EsxNr+4ux9Q.IsBarrieCannon type=<class 'bool'> val=False
ATTR anE8/EsxNr+4ux9Q.IsBlackHole type=<class 'bool'> val=False
ATTR anE8/EsxNr+4ux9Q.IsBlastingC4 type=<class 'bool'> val=False
ATTR anE8/EsxNr+4ux9Q.IsBleachGame type=<class 'bool'> val=False
ATTR anE8/EsxNr+4ux9Q.IsBleachSpirit type=<class 'bool'> val=False
ATTR anE8/EsxNr+4ux9Q.IsBomb type=<class 'bool'> val=False
ATTR anE8/EsxNr+4ux9Q.IsBombSite type=<class 'bool'> val=False
ATTR anE8/EsxNr+4ux9Q.IsBuilding type=<class 'bool'> val=False
ATTR anE8/EsxNr+4ux9Q.IsChaosUav type=<class 'bool'> val=False
ATTR anE8/EsxNr+4ux9Q.IsCombatAvatar type=<class 'bool'> val=True
ATTR anE8/EsxNr+4ux9Q.IsCombatAvatarSniper type=<class 'bool'> val=False
ATTR anE8/EsxNr+4ux9Q.IsCombatAvatarZombieXray type=<class 'bool'> val=False
ATTR anE8/EsxNr+4ux9Q.IsCombatBillboard type=<class 'bool'> val=False
ATTR anE8/EsxNr+4ux9Q.IsCombatTeam type=<class 'bool'> val=False
ATTR anE8/EsxNr+4ux9Q.IsCombatUnit type=<class 'bool'> val=True
ATTR anE8/EsxNr+4ux9Q.IsContrabandPlane type=<class 'bool'> val=False
ATTR anE8/EsxNr+4ux9Q.IsContractDesk type=<class 'bool'> val=False
ATTR anE8/EsxNr+4ux9Q.IsCrack type=<class 'bool'> val=False
ATTR anE8/EsxNr+4ux9Q.IsCrow type=<class 'bool'> val=False
ATTR anE8/EsxNr+4ux9Q.IsCureUav type=<class 'bool'> val=False
ATTR anE8/EsxNr+4ux9Q.IsCureUavFix type=<class 'bool'> val=False
ATTR anE8/EsxNr+4ux9Q.IsCureUavShield type=<class 'bool'> val=False
ATTR anE8/EsxNr+4ux9Q.IsDestructible type=<class 'bool'> val=False
ATTR anE8/EsxNr+4ux9Q.IsDmzContainer type=<class 'bool'> val=False
ATTR anE8/EsxNr+4ux9Q.IsDmzMonster type=<class 'bool'> val=False
ATTR anE8/EsxNr+4ux9Q.IsDoubleDanceField type=<class 'bool'> val=False
ATTR anE8/EsxNr+4ux9Q.IsDummyCombatAvatar type=<class 'bool'> val=False
ATTR anE8/EsxNr+4ux9Q.IsEmoteTree type=<class 'bool'> val=False
ATTR anE8/EsxNr+4ux9Q.IsEnergyStronghold type=<class 'bool'> val=False
ATTR anE8/EsxNr+4ux9Q.IsEntityAttach type=<class 'bool'> val=False
ATTR anE8/EsxNr+4ux9Q.IsEntityMaster type=<class 'bool'> val=False
ATTR anE8/EsxNr+4ux9Q.IsEvaGame type=<class 'bool'> val=False
ATTR anE8/EsxNr+4ux9Q.IsEvaMonster type=<class 'bool'> val=False
ATTR anE8/EsxNr+4ux9Q.IsEvoPlatform type=<class 'bool'> val=False
ATTR anE8/EsxNr+4ux9Q.IsFlagSF type=<class 'bool'> val=False
ATTR anE8/EsxNr+4ux9Q.IsFootball type=<class 'bool'> val=False
ATTR anE8/EsxNr+4ux9Q.IsFormationRobot type=<class 'bool'> val=False
ATTR anE8/EsxNr+4ux9Q.IsGameLogic type=<class 'bool'> val=False
ATTR anE8/EsxNr+4ux9Q.IsGasStation type=<class 'bool'> val=False
ATTR anE8/EsxNr+4ux9Q.IsGiantMonster type=<class 'bool'> val=False
ATTR anE8/EsxNr+4ux9Q.IsGlass type=<class 'bool'> val=False
ATTR anE8/EsxNr+4ux9Q.IsGroupDanceField type=<class 'bool'> val=False
ATTR anE8/EsxNr+4ux9Q.IsHelenAI type=<class 'bool'> val=False
ATTR anE8/EsxNr+4ux9Q.IsHiderClone type=<class 'bool'> val=False
ATTR anE8/EsxNr+4ux9Q.IsHolographicRobot type=<class 'bool'> val=False
ATTR anE8/EsxNr+4ux9Q.IsIceWall type=<class 'bool'> val=False
ATTR anE8/EsxNr+4ux9Q.IsIgnoreCue type=<class 'bool'> val=False
ATTR anE8/EsxNr+4ux9Q.IsItem type=<class 'bool'> val=False
ATTR anE8/EsxNr+4ux9Q.IsItemSpaceSnare type=<class 'bool'> val=False
ATTR anE8/EsxNr+4ux9Q.IsMagicField type=<class 'bool'> val=False
ATTR anE8/EsxNr+4ux9Q.IsMineral type=<class 'bool'> val=False
ATTR anE8/EsxNr+4ux9Q.IsMonitorMissile type=<class 'bool'> val=False
ATTR anE8/EsxNr+4ux9Q.IsMonster type=<class 'bool'> val=False
ATTR anE8/EsxNr+4ux9Q.IsMovingPlatform type=<class 'bool'> val=False
ATTR anE8/EsxNr+4ux9Q.IsNavigateBarrieCannon type=<class 'bool'> val=False
ATTR anE8/EsxNr+4ux9Q.IsNewCrystalMonster type=<class 'bool'> val=False
ATTR anE8/EsxNr+4ux9Q.IsObserveAvatar type=<class 'bool'> val=False
ATTR anE8/EsxNr+4ux9Q.IsOccupyContractTarget type=<class 'bool'> val=False
ATTR anE8/EsxNr+4ux9Q.IsOccupyContractTargetNew type=<class 'bool'> val=False
ATTR anE8/EsxNr+4ux9Q.IsOilbox type=<class 'bool'> val=False
ATTR anE8/EsxNr+4ux9Q.IsOverloadGift type=<class 'bool'> val=False
ATTR anE8/EsxNr+4ux9Q.IsPanpan type=<class 'bool'> val=False
ATTR anE8/EsxNr+4ux9Q.IsPhyBall type=<class 'bool'> val=False
ATTR anE8/EsxNr+4ux9Q.IsPlayerCombatAvatar type=<class 'bool'> val=False
ATTR anE8/EsxNr+4ux9Q.IsPlayerObserveAvatar type=<class 'bool'> val=False
ATTR anE8/EsxNr+4ux9Q.IsPortableShop type=<class 'bool'> val=False
ATTR anE8/EsxNr+4ux9Q.IsPosterBoard type=<class 'bool'> val=False
ATTR anE8/EsxNr+4ux9Q.IsRPGMissile type=<class 'bool'> val=False
ATTR anE8/EsxNr+4ux9Q.IsReplayPuppet type=<class 'bool'> val=False
ATTR anE8/EsxNr+4ux9Q.IsReplayRecorder type=<class 'bool'> val=False
ATTR anE8/EsxNr+4ux9Q.IsRobotCombatAvatar type=<class 'bool'> val=True
ATTR anE8/EsxNr+4ux9Q.IsRobotCombatAvatarZombie type=<class 'bool'> val=False
ATTR anE8/EsxNr+4ux9Q.IsSafeBox type=<class 'bool'> val=False
ATTR anE8/EsxNr+4ux9Q.IsSaveDrone type=<class 'bool'> val=False
ATTR anE8/EsxNr+4ux9Q.IsSaveMachine type=<class 'bool'> val=False
ATTR anE8/EsxNr+4ux9Q.IsScoutArrow type=<class 'bool'> val=False
ATTR anE8/EsxNr+4ux9Q.IsSearchContractBox type=<class 'bool'> val=False
ATTR anE8/EsxNr+4ux9Q.IsSevenSinsGame type=<class 'bool'> val=False
ATTR anE8/EsxNr+4ux9Q.IsShield type=<class 'bool'> val=False
ATTR anE8/EsxNr+4ux9Q.IsShootingRange type=<class 'bool'> val=False
ATTR anE8/EsxNr+4ux9Q.IsShop type=<class 'bool'> val=False
ATTR anE8/EsxNr+4ux9Q.IsSimpleCombatUnit type=<class 'bool'> val=True
ATTR anE8/EsxNr+4ux9Q.IsSkullBomb type=<class 'bool'> val=False
ATTR anE8/EsxNr+4ux9Q.IsSoulAvatar type=<class 'bool'> val=False
ATTR anE8/EsxNr+4ux9Q.IsSpellDrone type=<class 'bool'> val=False
ATTR anE8/EsxNr+4ux9Q.IsStickyMaster type=<class 'bool'> val=False
ATTR anE8/EsxNr+4ux9Q.IsStonePilar type=<class 'bool'> val=False
ATTR anE8/EsxNr+4ux9Q.IsStronghold type=<class 'bool'> val=False
ATTR anE8/EsxNr+4ux9Q.IsStropUav type=<class 'bool'> val=False
ATTR anE8/EsxNr+4ux9Q.IsSupply type=<class 'bool'> val=False
ATTR anE8/EsxNr+4ux9Q.IsSwordSpirit type=<class 'bool'> val=False
ATTR anE8/EsxNr+4ux9Q.IsSyncTransEntity type=<class 'bool'> val=False
ATTR anE8/EsxNr+4ux9Q.IsSystemKiller type=<class 'bool'> val=False
ATTR anE8/EsxNr+4ux9Q.IsTimeSpear type=<class 'bool'> val=False
ATTR anE8/EsxNr+4ux9Q.IsTitan2Game type=<class 'bool'> val=False
ATTR anE8/EsxNr+4ux9Q.IsTitan2Stronghold type=<class 'bool'> val=False
ATTR anE8/EsxNr+4ux9Q.IsTitan2StrongholdChest type=<class 'bool'> val=False
ATTR anE8/EsxNr+4ux9Q.IsTransferBomb type=<class 'bool'> val=False
ATTR anE8/EsxNr+4ux9Q.IsUavShield type=<class 'bool'> val=False
ATTR anE8/EsxNr+4ux9Q.IsUltraMegaEnergy type=<class 'bool'> val=False
ATTR anE8/EsxNr+4ux9Q.IsUltraMegaGame type=<class 'bool'> val=False
ATTR anE8/EsxNr+4ux9Q.IsVehicle type=<class 'bool'> val=False
ATTR anE8/EsxNr+4ux9Q.IsVirtualInteractionEntity type=<class 'bool'> val=False
ATTR anE8/EsxNr+4ux9Q.IsVisible type=<class 'bool'> val=True
ATTR anE8/EsxNr+4ux9Q._combat_team type=<class 'NoneType'> val=None
ATTR anE8/EsxNr+4ux9Q._enter_house_name type=<class 'NoneType'> val=None
ATTR anE8/EsxNr+4ux9Q._enter_house_range_name type=<class 'str'> val=''
ATTR anE8/EsxNr+4ux9Q._jersey_resource_updated_bound type=<class 'bool'> val=True
ATTR anE8/EsxNr+4ux9Q.ads_mark_pos_avatars type=<class 'list'> val=[]
ATTR anE8/EsxNr+4ux9Q.ai_bind_target_pos FAIL error('unpack requires a buffer of 6 bytes')
ATTR anE8/EsxNr+4ux9Q.born_pos type=<class 'tuple'> val=(-3.700000047683716, 0.0, -9.5)
ATTR anE8/EsxNr+4ux9Q.can_shoot_player_for_sound type=<class 'bool'> val=True
ATTR anE8/EsxNr+4ux9Q.combat_team type=<class 'NoneType'> val=None
ATTR anE8/EsxNr+4ux9Q.cur_active_world_field_id type=<class 'NoneType'> val=None
ATTR anE8/EsxNr+4ux9Q.execute_player_pre_pos type=<class 'NoneType'> val=None
ATTR anE8/EsxNr+4ux9Q.execute_player_yaw type=<class 'NoneType'> val=None
ATTR anE8/EsxNr+4ux9Q.expose_killed_enemy_pos_timer type=<class 'NoneType'> val=None
ATTR anE8/EsxNr+4ux9Q.expose_talent_end_stamp type=<class 'NoneType'> val=None
ATTR anE8/EsxNr+4ux9Q.fsm_ads_mark_pos type=<class 'NoneType'> val=None
ATTR anE8/EsxNr+4ux9Q.fsm_enemy_toplogo type=<class 'NoneType'> val=None
ATTR anE8/EsxNr+4ux9Q.grappling_hook_target_pos type=<class 'NoneType'> val=None
ATTR anE8/EsxNr+4ux9Q.heartbeat_avatar_cache_info type=<class 'dict'> val={}
ATTR anE8/EsxNr+4ux9Q.in_same_house_with_player type=<class 'bool'> val=True
ATTR anE8/EsxNr+4ux9Q.init_toplogo_ui type=<class 'bool'> val=True
ATTR anE8/EsxNr+4ux9Q.is_dead_state type=<class 'bool'> val=False
ATTR anE8/EsxNr+4ux9Q.is_fps_avatar type=<class 'bool'> val=False
ATTR anE8/EsxNr+4ux9Q.is_hit_robot type=<class 'bool'> val=False
ATTR anE8/EsxNr+4ux9Q.is_pose_sender_enabled type=<class 'bool'> val=False
ATTR anE8/EsxNr+4ux9Q.is_replay_avatar type=<class 'bool'> val=False
ATTR anE8/EsxNr+4ux9Q.is_robot_idle type=<class 'bool'> val=True
ATTR anE8/EsxNr+4ux9Q.juren_hook_pos_left type=<class 'NoneType'> val=None
ATTR anE8/EsxNr+4ux9Q.juren_hook_pos_right type=<class 'NoneType'> val=None
ATTR anE8/EsxNr+4ux9Q.knock_down_team_enemy_pos_timer type=<class 'NoneType'> val=None
ATTR anE8/EsxNr+4ux9Q.missile_indicate_pos type=<class 'NoneType'> val=None
ATTR anE8/EsxNr+4ux9Q.pos type=<class 'tuple'> val=(-3.700000047683716, 0.0, -9.5)
ATTR anE8/EsxNr+4ux9Q.pose_type type=<class 'int'> val=0
ATTR anE8/EsxNr+4ux9Q.position type=<class 'tuple'> val=(-3.6765191555023193, 0.05925852805376053, -9.500686645507812)
ATTR anE8/EsxNr+4ux9Q.recon_drone_frame_top_logo type=<class 'NoneType'> val=None
ATTR anE8/EsxNr+4ux9Q.samurai_sprint_pos type=<class 'NoneType'> val=None
ATTR anE8/EsxNr+4ux9Q.show_gothic_avatar_ids type=<class 'list'> val=[]
ATTR anE8/EsxNr+4ux9Q.teammate_info type=<class 'dict'> val={}
ATTR anE8/EsxNr+4ux9Q.toplogo type=<class 'gclient.gameplay.logic_base.comps.avatar_scene_node.AvatarSceneNode'> val=<gclient.gameplay.logic_base.comps.avatar_scene_node.AvatarSceneNode object at 0x00000259D7E42BA0>
ATTR anE8/EsxNr+4ux9Q.toplogo_border_widget type=<class 'NoneType'> val=None
ATTR anE8/EsxNr+4ux9Q.toplogo_widget type=<class 'gclient.framework.commoncomps.toplogo_component.TopLogoUINode'> val=<gclient.framework.commoncomps.toplogo_component.TopLogoUINode object(Node) at 0x259D7E42A50>
ATTR anE8/EsxNr+4ux9Q.toplogo_widget_hidden_reason type=<class 'int'> val=0
ATTR anE8/EsxNr+4ux9Q.world_fields type=<class 'list'> val=[]
CALL anE8/EsxNr+4ux9Q.CanShowEnemyToplogo() => True
CALL anE8/EsxNr+4ux9Q.CanShowEnemyToplogoBar() => True
ENTITY anE8/EsxNr+4ux+Q <RobotCombatAvatarShootingRange(anE8/EsxNr+4ux+Q)> class=<class 'gclient.gameplay.logic_shootingrange.combat_avatar_shootingrange.RobotCombatAvatarShootingRange'>
DIR anE8/EsxNr+4ux+Q ['AIOnQueryRandomPos', 'AIQueryRandomPos', 'AIQueryTeamMembers', 'AddLowHpEffect', 'AddTopLogoHiddenReason', 'AddTopLogoWidgetHiddenReason', 'AddToplogoVisibleTick', 'AddWorldField', 'CanLimitFrameInvisible', 'CanShowEnemyToplogo', 'CanShowEnemyToplogoBar', 'CanShowToplogoBarWhenGetHit', 'CancelExposeKilledEnemyTimer', 'CancelFeelHpTimer', 'CancelKnockDownTeamTimer', 'CancelLowHpEffectTimer', 'ChangePoseType', 'CheckIsOutDoor', 'CheckUavEnemyPosValid', 'ClearLowHpEffect', 'CreateToplogo', 'CreateWorldFieldFollow', 'DestroyReconDroneMarkFrame', 'DetectVisibleTargetInEmote', 'DisEnableSpecifyWorldField', 'DisableInvisibleFrameLimit', 'DoGrapplingHookAvatarFly', 'DrawReconDroneMarkFrame', 'EnableReplayTickForServerRobot', 'EnableSpecifyWorldField', 'EnemyTopLogoTimer', 'EnsureShootingRangeToplogo', 'ExposeKilledTeamEnemyPos', 'ExposeKilledTeamEnemyPosTick', 'ExposeKnockDownTeamPos', 'ExposeKnockDownTeamPosTick', 'FeelLowHpEnemyTick', 'ForceDropAllWeaponForAvatar', 'GetExecuteUpdatePosType', 'GetFireWallPlacePosition', 'GetFireWallPlacePositionH', 'GetFireWallPlacePositionV', 'GetInHouseName', 'GetParanoiaPlacePosition', 'GetPlacePosition', 'GetPrePlaceEntityPosition', 'GetPrePlaceEntityPosition225', 'GetPrePlaceEntityPosition234', 'GetPrePlaceEntityPosition510', 'GetPrePlaceEntityPosition588', 'GetTeammateColorIndex', 'GetTeammateIndex', 'GetTeammateInfo', 'HideAttachModelForDead', 'HideEnemyTopLogo', 'InitAvatarModel', 'IsATM', 'IsATMGuardAI', 'IsAirDrop', 'IsAltar', 'IsAmmoBox', 'IsArrow', 'IsAttackDrone', 'IsAvatar', 'IsBarrieCannon', 'IsBirthIslandFeature', 'IsBlackHole', 'IsBlastingC4', 'IsBleachGame', 'IsBleachSpirit', 'IsBomb', 'IsBombSite', 'IsBuilding', 'IsCameraHitMe', 'IsChaosUav', 'IsCombatAvatar', 'IsCombatAvatarSniper', 'IsCombatAvatarZombieXray', 'IsCombatBillboard', 'IsCombatTeam', 'IsCombatUnit', 'IsContrabandPlane', 'IsContractDesk', 'IsCrack', 'IsCrow', 'IsCurTakeCompoundBowWeapon', 'IsCurTakeDualGunWeapon', 'IsCurTakeGunMeleeWeapon', 'IsCurTakeGunWeapon', 'IsCurTakeLeftHandSpecialWeapon', 'IsCurTakeLeftHandThrowableWeapon', 'IsCurTakeLeftHandWeapon', 'IsCurTakeMainWeapon', 'IsCurTakeMeleeWeapon', 'IsCurTakeMissileWeapon', 'IsCurTakeRightHandThrowableWeapon', 'IsCurTakeSpWeapon', 'IsCurTakeSubWeapon', 'IsCureUav', 'IsCureUavFix', 'IsCureUavShield', 'IsDestructible', 'IsDmzContainer', 'IsDmzMonster', 'IsDoubleDanceField', 'IsDummyCombatAvatar', 'IsEmoteTree', 'IsEnergyStronghold', 'IsEntityAttach', 'IsEntityMaster', 'IsEvaGame', 'IsEvaMonster', 'IsEvoPlatform', 'IsExecuteFps', 'IsFlagSF', 'IsFootball', 'IsFormationRobot', 'IsGameLogic', 'IsGasStation', 'IsGiantMonster', 'IsGlass', 'IsGroupDanceField', 'IsHelenAI', 'IsHiderClone', 'IsHolographicRobot', 'IsIceWall', 'IsIgnoreCue', 'IsInDoubleEmote', 'IsInExecute', 'IsInShowToplogoByExposeTalentDuration', 'IsItem', 'IsItemSpaceSnare', 'IsJurenFlyAirSlashActive', 'IsJurenFlyFuelDisplayWeapon', 'IsJurenFlyFuelDisplayWeaponActive', 'IsMagicField', 'IsMeowDanceActive', 'IsMineral', 'IsMonitorMissile', 'IsMonster', 'IsMoveRecoverHpArmorActive', 'IsMovingPlatform', 'IsNavigateBarrieCannon', 'IsNewCrystalMonster', 'IsObserveAvatar', 'IsOccupyContractTarget', 'IsOccupyContractTargetNew', 'IsOilbox', 'IsOverloadGift', 'IsPanpan', 'IsPhyBall', 'IsPlayerCombatAvatar', 'IsPlayerObserveAvatar', 'IsPortableShop', 'IsPosterBoard', 'IsRPGMissile', 'IsReplayPuppet', 'IsReplayRecorder', 'IsRobotCombatAvatar', 'IsRobotCombatAvatarZombie', 'IsSafeBox', 'IsSaveDrone', 'IsSaveMachine', 'IsScoutArrow', 'IsSearchContractBox', 'IsSevenSinsGame', 'IsShield', 'IsShootingRange', 'IsShootingRangeToplogoReady', 'IsShop', 'IsSimpleCombatUnit', 'IsSkillTalentFull', 'IsSkullBomb', 'IsSkywingParaPresentationActive', 'IsSoulAvatar', 'IsSpellDrone', 'IsStickyMaster', 'IsStonePilar', 'IsStronghold', 'IsStropUav', 'IsSupply', 'IsSwordSpirit', 'IsSyncTransEntity', 'IsSystemKiller', 'IsTimeSpear', 'IsTitan2ArmorCameraEffectDisabled', 'IsTitan2Game', 'IsTitan2Stronghold', 'IsTitan2StrongholdChest', 'IsTra...
ATTR anE8/EsxNr+4ux+Q.IsATM type=<class 'bool'> val=False
ATTR anE8/EsxNr+4ux+Q.IsATMGuardAI type=<class 'bool'> val=False
ATTR anE8/EsxNr+4ux+Q.IsAirDrop type=<class 'bool'> val=False
ATTR anE8/EsxNr+4ux+Q.IsAltar type=<class 'bool'> val=False
ATTR anE8/EsxNr+4ux+Q.IsAmmoBox type=<class 'bool'> val=False
ATTR anE8/EsxNr+4ux+Q.IsArrow type=<class 'bool'> val=False
ATTR anE8/EsxNr+4ux+Q.IsAttackDrone type=<class 'bool'> val=False
ATTR anE8/EsxNr+4ux+Q.IsAvatar type=<class 'bool'> val=False
ATTR anE8/EsxNr+4ux+Q.IsBarrieCannon type=<class 'bool'> val=False
ATTR anE8/EsxNr+4ux+Q.IsBlackHole type=<class 'bool'> val=False
ATTR anE8/EsxNr+4ux+Q.IsBlastingC4 type=<class 'bool'> val=False
ATTR anE8/EsxNr+4ux+Q.IsBleachGame type=<class 'bool'> val=False
ATTR anE8/EsxNr+4ux+Q.IsBleachSpirit type=<class 'bool'> val=False
ATTR anE8/EsxNr+4ux+Q.IsBomb type=<class 'bool'> val=False
ATTR anE8/EsxNr+4ux+Q.IsBombSite type=<class 'bool'> val=False
ATTR anE8/EsxNr+4ux+Q.IsBuilding type=<class 'bool'> val=False
ATTR anE8/EsxNr+4ux+Q.IsChaosUav type=<class 'bool'> val=False
ATTR anE8/EsxNr+4ux+Q.IsCombatAvatar type=<class 'bool'> val=True
ATTR anE8/EsxNr+4ux+Q.IsCombatAvatarSniper type=<class 'bool'> val=False
ATTR anE8/EsxNr+4ux+Q.IsCombatAvatarZombieXray type=<class 'bool'> val=False
ATTR anE8/EsxNr+4ux+Q.IsCombatBillboard type=<class 'bool'> val=False
ATTR anE8/EsxNr+4ux+Q.IsCombatTeam type=<class 'bool'> val=False
ATTR anE8/EsxNr+4ux+Q.IsCombatUnit type=<class 'bool'> val=True
ATTR anE8/EsxNr+4ux+Q.IsContrabandPlane type=<class 'bool'> val=False
ATTR anE8/EsxNr+4ux+Q.IsContractDesk type=<class 'bool'> val=False
ATTR anE8/EsxNr+4ux+Q.IsCrack type=<class 'bool'> val=False
ATTR anE8/EsxNr+4ux+Q.IsCrow type=<class 'bool'> val=False
ATTR anE8/EsxNr+4ux+Q.IsCureUav type=<class 'bool'> val=False
ATTR anE8/EsxNr+4ux+Q.IsCureUavFix type=<class 'bool'> val=False
ATTR anE8/EsxNr+4ux+Q.IsCureUavShield type=<class 'bool'> val=False
ATTR anE8/EsxNr+4ux+Q.IsDestructible type=<class 'bool'> val=False
ATTR anE8/EsxNr+4ux+Q.IsDmzContainer type=<class 'bool'> val=False
ATTR anE8/EsxNr+4ux+Q.IsDmzMonster type=<class 'bool'> val=False
ATTR anE8/EsxNr+4ux+Q.IsDoubleDanceField type=<class 'bool'> val=False
ATTR anE8/EsxNr+4ux+Q.IsDummyCombatAvatar type=<class 'bool'> val=False
ATTR anE8/EsxNr+4ux+Q.IsEmoteTree type=<class 'bool'> val=False
ATTR anE8/EsxNr+4ux+Q.IsEnergyStronghold type=<class 'bool'> val=False
ATTR anE8/EsxNr+4ux+Q.IsEntityAttach type=<class 'bool'> val=False
ATTR anE8/EsxNr+4ux+Q.IsEntityMaster type=<class 'bool'> val=False
ATTR anE8/EsxNr+4ux+Q.IsEvaGame type=<class 'bool'> val=False
ATTR anE8/EsxNr+4ux+Q.IsEvaMonster type=<class 'bool'> val=False
ATTR anE8/EsxNr+4ux+Q.IsEvoPlatform type=<class 'bool'> val=False
ATTR anE8/EsxNr+4ux+Q.IsFlagSF type=<class 'bool'> val=False
ATTR anE8/EsxNr+4ux+Q.IsFootball type=<class 'bool'> val=False
ATTR anE8/EsxNr+4ux+Q.IsFormationRobot type=<class 'bool'> val=False
ATTR anE8/EsxNr+4ux+Q.IsGameLogic type=<class 'bool'> val=False
ATTR anE8/EsxNr+4ux+Q.IsGasStation type=<class 'bool'> val=False
ATTR anE8/EsxNr+4ux+Q.IsGiantMonster type=<class 'bool'> val=False
ATTR anE8/EsxNr+4ux+Q.IsGlass type=<class 'bool'> val=False
ATTR anE8/EsxNr+4ux+Q.IsGroupDanceField type=<class 'bool'> val=False
ATTR anE8/EsxNr+4ux+Q.IsHelenAI type=<class 'bool'> val=False
ATTR anE8/EsxNr+4ux+Q.IsHiderClone type=<class 'bool'> val=False
ATTR anE8/EsxNr+4ux+Q.IsHolographicRobot type=<class 'bool'> val=False
ATTR anE8/EsxNr+4ux+Q.IsIceWall type=<class 'bool'> val=False
ATTR anE8/EsxNr+4ux+Q.IsIgnoreCue type=<class 'bool'> val=False
ATTR anE8/EsxNr+4ux+Q.IsItem type=<class 'bool'> val=False
ATTR anE8/EsxNr+4ux+Q.IsItemSpaceSnare type=<class 'bool'> val=False
ATTR anE8/EsxNr+4ux+Q.IsMagicField type=<class 'bool'> val=False
ATTR anE8/EsxNr+4ux+Q.IsMineral type=<class 'bool'> val=False
ATTR anE8/EsxNr+4ux+Q.IsMonitorMissile type=<class 'bool'> val=False
ATTR anE8/EsxNr+4ux+Q.IsMonster type=<class 'bool'> val=False
ATTR anE8/EsxNr+4ux+Q.IsMovingPlatform type=<class 'bool'> val=False
ATTR anE8/EsxNr+4ux+Q.IsNavigateBarrieCannon type=<class 'bool'> val=False
ATTR anE8/EsxNr+4ux+Q.IsNewCrystalMonster type=<class 'bool'> val=False
ATTR anE8/EsxNr+4ux+Q.IsObserveAvatar type=<class 'bool'> val=False
ATTR anE8/EsxNr+4ux+Q.IsOccupyContractTarget type=<class 'bool'> val=False
ATTR anE8/EsxNr+4ux+Q.IsOccupyContractTargetNew type=<class 'bool'> val=False
ATTR anE8/EsxNr+4ux+Q.IsOilbox type=<class 'bool'> val=False
ATTR anE8/EsxNr+4ux+Q.IsOverloadGift type=<class 'bool'> val=False
ATTR anE8/EsxNr+4ux+Q.IsPanpan type=<class 'bool'> val=False
ATTR anE8/EsxNr+4ux+Q.IsPhyBall type=<class 'bool'> val=False
ATTR anE8/EsxNr+4ux+Q.IsPlayerCombatAvatar type=<class 'bool'> val=False
ATTR anE8/EsxNr+4ux+Q.IsPlayerObserveAvatar type=<class 'bool'> val=False
ATTR anE8/EsxNr+4ux+Q.IsPortableShop type=<class 'bool'> val=False
ATTR anE8/EsxNr+4ux+Q.IsPosterBoard type=<class 'bool'> val=False
ATTR anE8/EsxNr+4ux+Q.IsRPGMissile type=<class 'bool'> val=False
ATTR anE8/EsxNr+4ux+Q.IsReplayPuppet type=<class 'bool'> val=False
ATTR anE8/EsxNr+4ux+Q.IsReplayRecorder type=<class 'bool'> val=False
ATTR anE8/EsxNr+4ux+Q.IsRobotCombatAvatar type=<class 'bool'> val=True
ATTR anE8/EsxNr+4ux+Q.IsRobotCombatAvatarZombie type=<class 'bool'> val=False
ATTR anE8/EsxNr+4ux+Q.IsSafeBox type=<class 'bool'> val=False
ATTR anE8/EsxNr+4ux+Q.IsSaveDrone type=<class 'bool'> val=False
ATTR anE8/EsxNr+4ux+Q.IsSaveMachine type=<class 'bool'> val=False
ATTR anE8/EsxNr+4ux+Q.IsScoutArrow type=<class 'bool'> val=False
ATTR anE8/EsxNr+4ux+Q.IsSearchContractBox type=<class 'bool'> val=False
ATTR anE8/EsxNr+4ux+Q.IsSevenSinsGame type=<class 'bool'> val=False
ATTR anE8/EsxNr+4ux+Q.IsShield type=<class 'bool'> val=False
ATTR anE8/EsxNr+4ux+Q.IsShootingRange type=<class 'bool'> val=False
ATTR anE8/EsxNr+4ux+Q.IsShop type=<class 'bool'> val=False
ATTR anE8/EsxNr+4ux+Q.IsSimpleCombatUnit type=<class 'bool'> val=True
ATTR anE8/EsxNr+4ux+Q.IsSkullBomb type=<class 'bool'> val=False
ATTR anE8/EsxNr+4ux+Q.IsSoulAvatar type=<class 'bool'> val=False
ATTR anE8/EsxNr+4ux+Q.IsSpellDrone type=<class 'bool'> val=False
ATTR anE8/EsxNr+4ux+Q.IsStickyMaster type=<class 'bool'> val=False
ATTR anE8/EsxNr+4ux+Q.IsStonePilar type=<class 'bool'> val=False
ATTR anE8/EsxNr+4ux+Q.IsStronghold type=<class 'bool'> val=False
ATTR anE8/EsxNr+4ux+Q.IsStropUav type=<class 'bool'> val=False
ATTR anE8/EsxNr+4ux+Q.IsSupply type=<class 'bool'> val=False
ATTR anE8/EsxNr+4ux+Q.IsSwordSpirit type=<class 'bool'> val=False
ATTR anE8/EsxNr+4ux+Q.IsSyncTransEntity type=<class 'bool'> val=False
ATTR anE8/EsxNr+4ux+Q.IsSystemKiller type=<class 'bool'> val=False
ATTR anE8/EsxNr+4ux+Q.IsTimeSpear type=<class 'bool'> val=False
ATTR anE8/EsxNr+4ux+Q.IsTitan2Game type=<class 'bool'> val=False
ATTR anE8/EsxNr+4ux+Q.IsTitan2Stronghold type=<class 'bool'> val=False
ATTR anE8/EsxNr+4ux+Q.IsTitan2StrongholdChest type=<class 'bool'> val=False
ATTR anE8/EsxNr+4ux+Q.IsTransferBomb type=<class 'bool'> val=False
ATTR anE8/EsxNr+4ux+Q.IsUavShield type=<class 'bool'> val=False
ATTR anE8/EsxNr+4ux+Q.IsUltraMegaEnergy type=<class 'bool'> val=False
ATTR anE8/EsxNr+4ux+Q.IsUltraMegaGame type=<class 'bool'> val=False
ATTR anE8/EsxNr+4ux+Q.IsVehicle type=<class 'bool'> val=False
ATTR anE8/EsxNr+4ux+Q.IsVirtualInteractionEntity type=<class 'bool'> val=False
ATTR anE8/EsxNr+4ux+Q.IsVisible type=<class 'bool'> val=True
ATTR anE8/EsxNr+4ux+Q._combat_team type=<class 'NoneType'> val=None
ATTR anE8/EsxNr+4ux+Q._enter_house_name type=<class 'NoneType'> val=None
ATTR anE8/EsxNr+4ux+Q._enter_house_range_name type=<class 'str'> val=''
ATTR anE8/EsxNr+4ux+Q._jersey_resource_updated_bound type=<class 'bool'> val=True
ATTR anE8/EsxNr+4ux+Q.ads_mark_pos_avatars type=<class 'list'> val=[]
ATTR anE8/EsxNr+4ux+Q.ai_bind_target_pos FAIL error('unpack requires a buffer of 6 bytes')
ATTR anE8/EsxNr+4ux+Q.born_pos type=<class 'tuple'> val=(-28.0, 0.0, -13.0)
ATTR anE8/EsxNr+4ux+Q.can_shoot_player_for_sound type=<class 'bool'> val=False
ATTR anE8/EsxNr+4ux+Q.combat_team type=<class 'NoneType'> val=None
ATTR anE8/EsxNr+4ux+Q.cur_active_world_field_id type=<class 'NoneType'> val=None
ATTR anE8/EsxNr+4ux+Q.execute_player_pre_pos type=<class 'NoneType'> val=None
ATTR anE8/EsxNr+4ux+Q.execute_player_yaw type=<class 'NoneType'> val=None
ATTR anE8/EsxNr+4ux+Q.expose_killed_enemy_pos_timer type=<class 'NoneType'> val=None
ATTR anE8/EsxNr+4ux+Q.expose_talent_end_stamp type=<class 'NoneType'> val=None
ATTR anE8/EsxNr+4ux+Q.fsm_ads_mark_pos type=<class 'NoneType'> val=None
ATTR anE8/EsxNr+4ux+Q.fsm_enemy_toplogo type=<class 'NoneType'> val=None
ATTR anE8/EsxNr+4ux+Q.grappling_hook_target_pos type=<class 'NoneType'> val=None
ATTR anE8/EsxNr+4ux+Q.heartbeat_avatar_cache_info type=<class 'dict'> val={}
ATTR anE8/EsxNr+4ux+Q.in_same_house_with_player type=<class 'bool'> val=True
ATTR anE8/EsxNr+4ux+Q.init_toplogo_ui type=<class 'bool'> val=True
ATTR anE8/EsxNr+4ux+Q.is_dead_state type=<class 'bool'> val=False
ATTR anE8/EsxNr+4ux+Q.is_fps_avatar type=<class 'bool'> val=False
ATTR anE8/EsxNr+4ux+Q.is_hit_robot type=<class 'bool'> val=False
ATTR anE8/EsxNr+4ux+Q.is_pose_sender_enabled type=<class 'bool'> val=False
ATTR anE8/EsxNr+4ux+Q.is_replay_avatar type=<class 'bool'> val=False
ATTR anE8/EsxNr+4ux+Q.is_robot_idle type=<class 'bool'> val=True
ATTR anE8/EsxNr+4ux+Q.juren_hook_pos_left type=<class 'NoneType'> val=None
ATTR anE8/EsxNr+4ux+Q.juren_hook_pos_right type=<class 'NoneType'> val=None
ATTR anE8/EsxNr+4ux+Q.knock_down_team_enemy_pos_timer type=<class 'NoneType'> val=None
ATTR anE8/EsxNr+4ux+Q.missile_indicate_pos type=<class 'NoneType'> val=None
ATTR anE8/EsxNr+4ux+Q.pos type=<class 'tuple'> val=(-28.0, 0.0, -13.0)
ATTR anE8/EsxNr+4ux+Q.pose_type type=<class 'int'> val=0
ATTR anE8/EsxNr+4ux+Q.position type=<class 'tuple'> val=(-28.0, 0.05000007152557373, -13.0)
ATTR anE8/EsxNr+4ux+Q.recon_drone_frame_top_logo type=<class 'NoneType'> val=None
ATTR anE8/EsxNr+4ux+Q.samurai_sprint_pos type=<class 'NoneType'> val=None
ATTR anE8/EsxNr+4ux+Q.show_gothic_avatar_ids type=<class 'list'> val=[]
ATTR anE8/EsxNr+4ux+Q.teammate_info type=<class 'dict'> val={}
ATTR anE8/EsxNr+4ux+Q.toplogo type=<class 'gclient.gameplay.logic_base.comps.avatar_scene_node.AvatarSceneNode'> val=<gclient.gameplay.logic_base.comps.avatar_scene_node.AvatarSceneNode object at 0x00000259D7E43380>
ATTR anE8/EsxNr+4ux+Q.toplogo_border_widget type=<class 'NoneType'> val=None
ATTR anE8/EsxNr+4ux+Q.toplogo_widget type=<class 'gclient.framework.commoncomps.toplogo_component.TopLogoUINode'> val=<gclient.framework.commoncomps.toplogo_component.TopLogoUINode object(Node) at 0x259D7E39950>
ATTR anE8/EsxNr+4ux+Q.toplogo_widget_hidden_reason type=<class 'int'> val=0
ATTR anE8/EsxNr+4ux+Q.world_fields type=<class 'list'> val=[]
CALL anE8/EsxNr+4ux+Q.CanShowEnemyToplogo() => True
CALL anE8/EsxNr+4ux+Q.CanShowEnemyToplogoBar() => True
ENTITY anE8/EsxNr+4ux96 <RobotCombatAvatarShootingRange(anE8/EsxNr+4ux96)> class=<class 'gclient.gameplay.logic_shootingrange.combat_avatar_shootingrange.RobotCombatAvatarShootingRange'>
DIR anE8/EsxNr+4ux96 ['AIOnQueryRandomPos', 'AIQueryRandomPos', 'AIQueryTeamMembers', 'AddLowHpEffect', 'AddTopLogoHiddenReason', 'AddTopLogoWidgetHiddenReason', 'AddToplogoVisibleTick', 'AddWorldField', 'CanLimitFrameInvisible', 'CanShowEnemyToplogo', 'CanShowEnemyToplogoBar', 'CanShowToplogoBarWhenGetHit', 'CancelExposeKilledEnemyTimer', 'CancelFeelHpTimer', 'CancelKnockDownTeamTimer', 'CancelLowHpEffectTimer', 'ChangePoseType', 'CheckIsOutDoor', 'CheckUavEnemyPosValid', 'ClearLowHpEffect', 'CreateToplogo', 'CreateWorldFieldFollow', 'DestroyReconDroneMarkFrame', 'DetectVisibleTargetInEmote', 'DisEnableSpecifyWorldField', 'DisableInvisibleFrameLimit', 'DoGrapplingHookAvatarFly', 'DrawReconDroneMarkFrame', 'EnableReplayTickForServerRobot', 'EnableSpecifyWorldField', 'EnemyTopLogoTimer', 'EnsureShootingRangeToplogo', 'ExposeKilledTeamEnemyPos', 'ExposeKilledTeamEnemyPosTick', 'ExposeKnockDownTeamPos', 'ExposeKnockDownTeamPosTick', 'FeelLowHpEnemyTick', 'ForceDropAllWeaponForAvatar', 'GetExecuteUpdatePosType', 'GetFireWallPlacePosition', 'GetFireWallPlacePositionH', 'GetFireWallPlacePositionV', 'GetInHouseName', 'GetParanoiaPlacePosition', 'GetPlacePosition', 'GetPrePlaceEntityPosition', 'GetPrePlaceEntityPosition225', 'GetPrePlaceEntityPosition234', 'GetPrePlaceEntityPosition510', 'GetPrePlaceEntityPosition588', 'GetTeammateColorIndex', 'GetTeammateIndex', 'GetTeammateInfo', 'HideAttachModelForDead', 'HideEnemyTopLogo', 'InitAvatarModel', 'IsATM', 'IsATMGuardAI', 'IsAirDrop', 'IsAltar', 'IsAmmoBox', 'IsArrow', 'IsAttackDrone', 'IsAvatar', 'IsBarrieCannon', 'IsBirthIslandFeature', 'IsBlackHole', 'IsBlastingC4', 'IsBleachGame', 'IsBleachSpirit', 'IsBomb', 'IsBombSite', 'IsBuilding', 'IsCameraHitMe', 'IsChaosUav', 'IsCombatAvatar', 'IsCombatAvatarSniper', 'IsCombatAvatarZombieXray', 'IsCombatBillboard', 'IsCombatTeam', 'IsCombatUnit', 'IsContrabandPlane', 'IsContractDesk', 'IsCrack', 'IsCrow', 'IsCurTakeCompoundBowWeapon', 'IsCurTakeDualGunWeapon', 'IsCurTakeGunMeleeWeapon', 'IsCurTakeGunWeapon', 'IsCurTakeLeftHandSpecialWeapon', 'IsCurTakeLeftHandThrowableWeapon', 'IsCurTakeLeftHandWeapon', 'IsCurTakeMainWeapon', 'IsCurTakeMeleeWeapon', 'IsCurTakeMissileWeapon', 'IsCurTakeRightHandThrowableWeapon', 'IsCurTakeSpWeapon', 'IsCurTakeSubWeapon', 'IsCureUav', 'IsCureUavFix', 'IsCureUavShield', 'IsDestructible', 'IsDmzContainer', 'IsDmzMonster', 'IsDoubleDanceField', 'IsDummyCombatAvatar', 'IsEmoteTree', 'IsEnergyStronghold', 'IsEntityAttach', 'IsEntityMaster', 'IsEvaGame', 'IsEvaMonster', 'IsEvoPlatform', 'IsExecuteFps', 'IsFlagSF', 'IsFootball', 'IsFormationRobot', 'IsGameLogic', 'IsGasStation', 'IsGiantMonster', 'IsGlass', 'IsGroupDanceField', 'IsHelenAI', 'IsHiderClone', 'IsHolographicRobot', 'IsIceWall', 'IsIgnoreCue', 'IsInDoubleEmote', 'IsInExecute', 'IsInShowToplogoByExposeTalentDuration', 'IsItem', 'IsItemSpaceSnare', 'IsJurenFlyAirSlashActive', 'IsJurenFlyFuelDisplayWeapon', 'IsJurenFlyFuelDisplayWeaponActive', 'IsMagicField', 'IsMeowDanceActive', 'IsMineral', 'IsMonitorMissile', 'IsMonster', 'IsMoveRecoverHpArmorActive', 'IsMovingPlatform', 'IsNavigateBarrieCannon', 'IsNewCrystalMonster', 'IsObserveAvatar', 'IsOccupyContractTarget', 'IsOccupyContractTargetNew', 'IsOilbox', 'IsOverloadGift', 'IsPanpan', 'IsPhyBall', 'IsPlayerCombatAvatar', 'IsPlayerObserveAvatar', 'IsPortableShop', 'IsPosterBoard', 'IsRPGMissile', 'IsReplayPuppet', 'IsReplayRecorder', 'IsRobotCombatAvatar', 'IsRobotCombatAvatarZombie', 'IsSafeBox', 'IsSaveDrone', 'IsSaveMachine', 'IsScoutArrow', 'IsSearchContractBox', 'IsSevenSinsGame', 'IsShield', 'IsShootingRange', 'IsShootingRangeToplogoReady', 'IsShop', 'IsSimpleCombatUnit', 'IsSkillTalentFull', 'IsSkullBomb', 'IsSkywingParaPresentationActive', 'IsSoulAvatar', 'IsSpellDrone', 'IsStickyMaster', 'IsStonePilar', 'IsStronghold', 'IsStropUav', 'IsSupply', 'IsSwordSpirit', 'IsSyncTransEntity', 'IsSystemKiller', 'IsTimeSpear', 'IsTitan2ArmorCameraEffectDisabled', 'IsTitan2Game', 'IsTitan2Stronghold', 'IsTitan2StrongholdChest', 'IsTra...
ATTR anE8/EsxNr+4ux96.IsATM type=<class 'bool'> val=False
ATTR anE8/EsxNr+4ux96.IsATMGuardAI type=<class 'bool'> val=False
ATTR anE8/EsxNr+4ux96.IsAirDrop type=<class 'bool'> val=False
ATTR anE8/EsxNr+4ux96.IsAltar type=<class 'bool'> val=False
ATTR anE8/EsxNr+4ux96.IsAmmoBox type=<class 'bool'> val=False
ATTR anE8/EsxNr+4ux96.IsArrow type=<class 'bool'> val=False
ATTR anE8/EsxNr+4ux96.IsAttackDrone type=<class 'bool'> val=False
ATTR anE8/EsxNr+4ux96.IsAvatar type=<class 'bool'> val=False
ATTR anE8/EsxNr+4ux96.IsBarrieCannon type=<class 'bool'> val=False
ATTR anE8/EsxNr+4ux96.IsBlackHole type=<class 'bool'> val=False
ATTR anE8/EsxNr+4ux96.IsBlastingC4 type=<class 'bool'> val=False
ATTR anE8/EsxNr+4ux96.IsBleachGame type=<class 'bool'> val=False
ATTR anE8/EsxNr+4ux96.IsBleachSpirit type=<class 'bool'> val=False
ATTR anE8/EsxNr+4ux96.IsBomb type=<class 'bool'> val=False
ATTR anE8/EsxNr+4ux96.IsBombSite type=<class 'bool'> val=False
ATTR anE8/EsxNr+4ux96.IsBuilding type=<class 'bool'> val=False
ATTR anE8/EsxNr+4ux96.IsChaosUav type=<class 'bool'> val=False
ATTR anE8/EsxNr+4ux96.IsCombatAvatar type=<class 'bool'> val=True
ATTR anE8/EsxNr+4ux96.IsCombatAvatarSniper type=<class 'bool'> val=False
ATTR anE8/EsxNr+4ux96.IsCombatAvatarZombieXray type=<class 'bool'> val=False
ATTR anE8/EsxNr+4ux96.IsCombatBillboard type=<class 'bool'> val=False
ATTR anE8/EsxNr+4ux96.IsCombatTeam type=<class 'bool'> val=False
ATTR anE8/EsxNr+4ux96.IsCombatUnit type=<class 'bool'> val=True
ATTR anE8/EsxNr+4ux96.IsContrabandPlane type=<class 'bool'> val=False
ATTR anE8/EsxNr+4ux96.IsContractDesk type=<class 'bool'> val=False
ATTR anE8/EsxNr+4ux96.IsCrack type=<class 'bool'> val=False
ATTR anE8/EsxNr+4ux96.IsCrow type=<class 'bool'> val=False
ATTR anE8/EsxNr+4ux96.IsCureUav type=<class 'bool'> val=False
ATTR anE8/EsxNr+4ux96.IsCureUavFix type=<class 'bool'> val=False
ATTR anE8/EsxNr+4ux96.IsCureUavShield type=<class 'bool'> val=False
ATTR anE8/EsxNr+4ux96.IsDestructible type=<class 'bool'> val=False
ATTR anE8/EsxNr+4ux96.IsDmzContainer type=<class 'bool'> val=False
ATTR anE8/EsxNr+4ux96.IsDmzMonster type=<class 'bool'> val=False
ATTR anE8/EsxNr+4ux96.IsDoubleDanceField type=<class 'bool'> val=False
ATTR anE8/EsxNr+4ux96.IsDummyCombatAvatar type=<class 'bool'> val=False
ATTR anE8/EsxNr+4ux96.IsEmoteTree type=<class 'bool'> val=False
ATTR anE8/EsxNr+4ux96.IsEnergyStronghold type=<class 'bool'> val=False
ATTR anE8/EsxNr+4ux96.IsEntityAttach type=<class 'bool'> val=False
ATTR anE8/EsxNr+4ux96.IsEntityMaster type=<class 'bool'> val=False
ATTR anE8/EsxNr+4ux96.IsEvaGame type=<class 'bool'> val=False
ATTR anE8/EsxNr+4ux96.IsEvaMonster type=<class 'bool'> val=False
ATTR anE8/EsxNr+4ux96.IsEvoPlatform type=<class 'bool'> val=False
ATTR anE8/EsxNr+4ux96.IsFlagSF type=<class 'bool'> val=False
ATTR anE8/EsxNr+4ux96.IsFootball type=<class 'bool'> val=False
ATTR anE8/EsxNr+4ux96.IsFormationRobot type=<class 'bool'> val=False
ATTR anE8/EsxNr+4ux96.IsGameLogic type=<class 'bool'> val=False
ATTR anE8/EsxNr+4ux96.IsGasStation type=<class 'bool'> val=False
ATTR anE8/EsxNr+4ux96.IsGiantMonster type=<class 'bool'> val=False
ATTR anE8/EsxNr+4ux96.IsGlass type=<class 'bool'> val=False
ATTR anE8/EsxNr+4ux96.IsGroupDanceField type=<class 'bool'> val=False
ATTR anE8/EsxNr+4ux96.IsHelenAI type=<class 'bool'> val=False
ATTR anE8/EsxNr+4ux96.IsHiderClone type=<class 'bool'> val=False
ATTR anE8/EsxNr+4ux96.IsHolographicRobot type=<class 'bool'> val=False
ATTR anE8/EsxNr+4ux96.IsIceWall type=<class 'bool'> val=False
ATTR anE8/EsxNr+4ux96.IsIgnoreCue type=<class 'bool'> val=False
ATTR anE8/EsxNr+4ux96.IsItem type=<class 'bool'> val=False
ATTR anE8/EsxNr+4ux96.IsItemSpaceSnare type=<class 'bool'> val=False
ATTR anE8/EsxNr+4ux96.IsMagicField type=<class 'bool'> val=False
ATTR anE8/EsxNr+4ux96.IsMineral type=<class 'bool'> val=False
ATTR anE8/EsxNr+4ux96.IsMonitorMissile type=<class 'bool'> val=False
ATTR anE8/EsxNr+4ux96.IsMonster type=<class 'bool'> val=False
ATTR anE8/EsxNr+4ux96.IsMovingPlatform type=<class 'bool'> val=False
ATTR anE8/EsxNr+4ux96.IsNavigateBarrieCannon type=<class 'bool'> val=False
ATTR anE8/EsxNr+4ux96.IsNewCrystalMonster type=<class 'bool'> val=False
ATTR anE8/EsxNr+4ux96.IsObserveAvatar type=<class 'bool'> val=False
ATTR anE8/EsxNr+4ux96.IsOccupyContractTarget type=<class 'bool'> val=False
ATTR anE8/EsxNr+4ux96.IsOccupyContractTargetNew type=<class 'bool'> val=False
ATTR anE8/EsxNr+4ux96.IsOilbox type=<class 'bool'> val=False
ATTR anE8/EsxNr+4ux96.IsOverloadGift type=<class 'bool'> val=False
ATTR anE8/EsxNr+4ux96.IsPanpan type=<class 'bool'> val=False
ATTR anE8/EsxNr+4ux96.IsPhyBall type=<class 'bool'> val=False
ATTR anE8/EsxNr+4ux96.IsPlayerCombatAvatar type=<class 'bool'> val=False
ATTR anE8/EsxNr+4ux96.IsPlayerObserveAvatar type=<class 'bool'> val=False
ATTR anE8/EsxNr+4ux96.IsPortableShop type=<class 'bool'> val=False
ATTR anE8/EsxNr+4ux96.IsPosterBoard type=<class 'bool'> val=False
ATTR anE8/EsxNr+4ux96.IsRPGMissile type=<class 'bool'> val=False
ATTR anE8/EsxNr+4ux96.IsReplayPuppet type=<class 'bool'> val=False
ATTR anE8/EsxNr+4ux96.IsReplayRecorder type=<class 'bool'> val=False
ATTR anE8/EsxNr+4ux96.IsRobotCombatAvatar type=<class 'bool'> val=True
ATTR anE8/EsxNr+4ux96.IsRobotCombatAvatarZombie type=<class 'bool'> val=False
ATTR anE8/EsxNr+4ux96.IsSafeBox type=<class 'bool'> val=False
ATTR anE8/EsxNr+4ux96.IsSaveDrone type=<class 'bool'> val=False
ATTR anE8/EsxNr+4ux96.IsSaveMachine type=<class 'bool'> val=False
ATTR anE8/EsxNr+4ux96.IsScoutArrow type=<class 'bool'> val=False
ATTR anE8/EsxNr+4ux96.IsSearchContractBox type=<class 'bool'> val=False
ATTR anE8/EsxNr+4ux96.IsSevenSinsGame type=<class 'bool'> val=False
ATTR anE8/EsxNr+4ux96.IsShield type=<class 'bool'> val=False
ATTR anE8/EsxNr+4ux96.IsShootingRange type=<class 'bool'> val=False
ATTR anE8/EsxNr+4ux96.IsShop type=<class 'bool'> val=False
ATTR anE8/EsxNr+4ux96.IsSimpleCombatUnit type=<class 'bool'> val=True
ATTR anE8/EsxNr+4ux96.IsSkullBomb type=<class 'bool'> val=False
ATTR anE8/EsxNr+4ux96.IsSoulAvatar type=<class 'bool'> val=False
ATTR anE8/EsxNr+4ux96.IsSpellDrone type=<class 'bool'> val=False
ATTR anE8/EsxNr+4ux96.IsStickyMaster type=<class 'bool'> val=False
ATTR anE8/EsxNr+4ux96.IsStonePilar type=<class 'bool'> val=False
ATTR anE8/EsxNr+4ux96.IsStronghold type=<class 'bool'> val=False
ATTR anE8/EsxNr+4ux96.IsStropUav type=<class 'bool'> val=False
ATTR anE8/EsxNr+4ux96.IsSupply type=<class 'bool'> val=False
ATTR anE8/EsxNr+4ux96.IsSwordSpirit type=<class 'bool'> val=False
ATTR anE8/EsxNr+4ux96.IsSyncTransEntity type=<class 'bool'> val=False
ATTR anE8/EsxNr+4ux96.IsSystemKiller type=<class 'bool'> val=False
ATTR anE8/EsxNr+4ux96.IsTimeSpear type=<class 'bool'> val=False
ATTR anE8/EsxNr+4ux96.IsTitan2Game type=<class 'bool'> val=False
ATTR anE8/EsxNr+4ux96.IsTitan2Stronghold type=<class 'bool'> val=False
ATTR anE8/EsxNr+4ux96.IsTitan2StrongholdChest type=<class 'bool'> val=False
ATTR anE8/EsxNr+4ux96.IsTransferBomb type=<class 'bool'> val=False
ATTR anE8/EsxNr+4ux96.IsUavShield type=<class 'bool'> val=False
ATTR anE8/EsxNr+4ux96.IsUltraMegaEnergy type=<class 'bool'> val=False
ATTR anE8/EsxNr+4ux96.IsUltraMegaGame type=<class 'bool'> val=False
ATTR anE8/EsxNr+4ux96.IsVehicle type=<class 'bool'> val=False
ATTR anE8/EsxNr+4ux96.IsVirtualInteractionEntity type=<class 'bool'> val=False
ATTR anE8/EsxNr+4ux96.IsVisible type=<class 'bool'> val=True
ATTR anE8/EsxNr+4ux96._combat_team type=<class 'NoneType'> val=None
ATTR anE8/EsxNr+4ux96._enter_house_name type=<class 'NoneType'> val=None
ATTR anE8/EsxNr+4ux96._enter_house_range_name type=<class 'str'> val=''
ATTR anE8/EsxNr+4ux96._jersey_resource_updated_bound type=<class 'bool'> val=True
ATTR anE8/EsxNr+4ux96.ads_mark_pos_avatars type=<class 'list'> val=[]
ATTR anE8/EsxNr+4ux96.ai_bind_target_pos FAIL error('unpack requires a buffer of 6 bytes')
ATTR anE8/EsxNr+4ux96.born_pos type=<class 'tuple'> val=(16.200000762939453, 0.0, -1.399999976158142)
ATTR anE8/EsxNr+4ux96.can_shoot_player_for_sound type=<class 'bool'> val=True
ATTR anE8/EsxNr+4ux96.combat_team type=<class 'NoneType'> val=None
ATTR anE8/EsxNr+4ux96.cur_active_world_field_id type=<class 'NoneType'> val=None
ATTR anE8/EsxNr+4ux96.execute_player_pre_pos type=<class 'NoneType'> val=None
ATTR anE8/EsxNr+4ux96.execute_player_yaw type=<class 'NoneType'> val=None
ATTR anE8/EsxNr+4ux96.expose_killed_enemy_pos_timer type=<class 'NoneType'> val=None
ATTR anE8/EsxNr+4ux96.expose_talent_end_stamp type=<class 'NoneType'> val=None
ATTR anE8/EsxNr+4ux96.fsm_ads_mark_pos type=<class 'NoneType'> val=None
ATTR anE8/EsxNr+4ux96.fsm_enemy_toplogo type=<class 'NoneType'> val=None
ATTR anE8/EsxNr+4ux96.grappling_hook_target_pos type=<class 'NoneType'> val=None
ATTR anE8/EsxNr+4ux96.heartbeat_avatar_cache_info type=<class 'dict'> val={}
ATTR anE8/EsxNr+4ux96.in_same_house_with_player type=<class 'bool'> val=True
ATTR anE8/EsxNr+4ux96.init_toplogo_ui type=<class 'bool'> val=True
ATTR anE8/EsxNr+4ux96.is_dead_state type=<class 'bool'> val=False
ATTR anE8/EsxNr+4ux96.is_fps_avatar type=<class 'bool'> val=False
ATTR anE8/EsxNr+4ux96.is_hit_robot type=<class 'bool'> val=False
ATTR anE8/EsxNr+4ux96.is_pose_sender_enabled type=<class 'bool'> val=False
ATTR anE8/EsxNr+4ux96.is_replay_avatar type=<class 'bool'> val=False
ATTR anE8/EsxNr+4ux96.is_robot_idle type=<class 'bool'> val=True
ATTR anE8/EsxNr+4ux96.juren_hook_pos_left type=<class 'NoneType'> val=None
ATTR anE8/EsxNr+4ux96.juren_hook_pos_right type=<class 'NoneType'> val=None
ATTR anE8/EsxNr+4ux96.knock_down_team_enemy_pos_timer type=<class 'NoneType'> val=None
ATTR anE8/EsxNr+4ux96.missile_indicate_pos type=<class 'NoneType'> val=None
ATTR anE8/EsxNr+4ux96.pos type=<class 'tuple'> val=(16.200000762939453, 0.0, -1.399999976158142)
ATTR anE8/EsxNr+4ux96.pose_type type=<class 'int'> val=0
ATTR anE8/EsxNr+4ux96.position type=<class 'tuple'> val=(16.224382400512695, 0.08436138182878494, -1.4008004665374756)
ATTR anE8/EsxNr+4ux96.recon_drone_frame_top_logo type=<class 'NoneType'> val=None
ATTR anE8/EsxNr+4ux96.samurai_sprint_pos type=<class 'NoneType'> val=None
ATTR anE8/EsxNr+4ux96.show_gothic_avatar_ids type=<class 'list'> val=[]
ATTR anE8/EsxNr+4ux96.teammate_info type=<class 'dict'> val={}
ATTR anE8/EsxNr+4ux96.toplogo type=<class 'gclient.gameplay.logic_base.comps.avatar_scene_node.AvatarSceneNode'> val=<gclient.gameplay.logic_base.comps.avatar_scene_node.AvatarSceneNode object at 0x00000259D8E312B0>
ATTR anE8/EsxNr+4ux96.toplogo_border_widget type=<class 'NoneType'> val=None
ATTR anE8/EsxNr+4ux96.toplogo_widget type=<class 'gclient.framework.commoncomps.toplogo_component.TopLogoUINode'> val=<gclient.framework.commoncomps.toplogo_component.TopLogoUINode object(Node) at 0x259D7E3A710>
ATTR anE8/EsxNr+4ux96.toplogo_widget_hidden_reason type=<class 'int'> val=0
ATTR anE8/EsxNr+4ux96.world_fields type=<class 'list'> val=[]
CALL anE8/EsxNr+4ux96.CanShowEnemyToplogo() => True
CALL anE8/EsxNr+4ux96.CanShowEnemyToplogoBar() => True
ENTITY anE8/EsxNr+4ux9o <RobotCombatAvatarShootingRange(anE8/EsxNr+4ux9o)> class=<class 'gclient.gameplay.logic_shootingrange.combat_avatar_shootingrange.RobotCombatAvatarShootingRange'>
DIR anE8/EsxNr+4ux9o ['AIOnQueryRandomPos', 'AIQueryRandomPos', 'AIQueryTeamMembers', 'AddLowHpEffect', 'AddTopLogoHiddenReason', 'AddTopLogoWidgetHiddenReason', 'AddToplogoVisibleTick', 'AddWorldField', 'CanLimitFrameInvisible', 'CanShowEnemyToplogo', 'CanShowEnemyToplogoBar', 'CanShowToplogoBarWhenGetHit', 'CancelExposeKilledEnemyTimer', 'CancelFeelHpTimer', 'CancelKnockDownTeamTimer', 'CancelLowHpEffectTimer', 'ChangePoseType', 'CheckIsOutDoor', 'CheckUavEnemyPosValid', 'ClearLowHpEffect', 'CreateToplogo', 'CreateWorldFieldFollow', 'DestroyReconDroneMarkFrame', 'DetectVisibleTargetInEmote', 'DisEnableSpecifyWorldField', 'DisableInvisibleFrameLimit', 'DoGrapplingHookAvatarFly', 'DrawReconDroneMarkFrame', 'EnableReplayTickForServerRobot', 'EnableSpecifyWorldField', 'EnemyTopLogoTimer', 'EnsureShootingRangeToplogo', 'ExposeKilledTeamEnemyPos', 'ExposeKilledTeamEnemyPosTick', 'ExposeKnockDownTeamPos', 'ExposeKnockDownTeamPosTick', 'FeelLowHpEnemyTick', 'ForceDropAllWeaponForAvatar', 'GetExecuteUpdatePosType', 'GetFireWallPlacePosition', 'GetFireWallPlacePositionH', 'GetFireWallPlacePositionV', 'GetInHouseName', 'GetParanoiaPlacePosition', 'GetPlacePosition', 'GetPrePlaceEntityPosition', 'GetPrePlaceEntityPosition225', 'GetPrePlaceEntityPosition234', 'GetPrePlaceEntityPosition510', 'GetPrePlaceEntityPosition588', 'GetTeammateColorIndex', 'GetTeammateIndex', 'GetTeammateInfo', 'HideAttachModelForDead', 'HideEnemyTopLogo', 'InitAvatarModel', 'IsATM', 'IsATMGuardAI', 'IsAirDrop', 'IsAltar', 'IsAmmoBox', 'IsArrow', 'IsAttackDrone', 'IsAvatar', 'IsBarrieCannon', 'IsBirthIslandFeature', 'IsBlackHole', 'IsBlastingC4', 'IsBleachGame', 'IsBleachSpirit', 'IsBomb', 'IsBombSite', 'IsBuilding', 'IsCameraHitMe', 'IsChaosUav', 'IsCombatAvatar', 'IsCombatAvatarSniper', 'IsCombatAvatarZombieXray', 'IsCombatBillboard', 'IsCombatTeam', 'IsCombatUnit', 'IsContrabandPlane', 'IsContractDesk', 'IsCrack', 'IsCrow', 'IsCurTakeCompoundBowWeapon', 'IsCurTakeDualGunWeapon', 'IsCurTakeGunMeleeWeapon', 'IsCurTakeGunWeapon', 'IsCurTakeLeftHandSpecialWeapon', 'IsCurTakeLeftHandThrowableWeapon', 'IsCurTakeLeftHandWeapon', 'IsCurTakeMainWeapon', 'IsCurTakeMeleeWeapon', 'IsCurTakeMissileWeapon', 'IsCurTakeRightHandThrowableWeapon', 'IsCurTakeSpWeapon', 'IsCurTakeSubWeapon', 'IsCureUav', 'IsCureUavFix', 'IsCureUavShield', 'IsDestructible', 'IsDmzContainer', 'IsDmzMonster', 'IsDoubleDanceField', 'IsDummyCombatAvatar', 'IsEmoteTree', 'IsEnergyStronghold', 'IsEntityAttach', 'IsEntityMaster', 'IsEvaGame', 'IsEvaMonster', 'IsEvoPlatform', 'IsExecuteFps', 'IsFlagSF', 'IsFootball', 'IsFormationRobot', 'IsGameLogic', 'IsGasStation', 'IsGiantMonster', 'IsGlass', 'IsGroupDanceField', 'IsHelenAI', 'IsHiderClone', 'IsHolographicRobot', 'IsIceWall', 'IsIgnoreCue', 'IsInDoubleEmote', 'IsInExecute', 'IsInShowToplogoByExposeTalentDuration', 'IsItem', 'IsItemSpaceSnare', 'IsJurenFlyAirSlashActive', 'IsJurenFlyFuelDisplayWeapon', 'IsJurenFlyFuelDisplayWeaponActive', 'IsMagicField', 'IsMeowDanceActive', 'IsMineral', 'IsMonitorMissile', 'IsMonster', 'IsMoveRecoverHpArmorActive', 'IsMovingPlatform', 'IsNavigateBarrieCannon', 'IsNewCrystalMonster', 'IsObserveAvatar', 'IsOccupyContractTarget', 'IsOccupyContractTargetNew', 'IsOilbox', 'IsOverloadGift', 'IsPanpan', 'IsPhyBall', 'IsPlayerCombatAvatar', 'IsPlayerObserveAvatar', 'IsPortableShop', 'IsPosterBoard', 'IsRPGMissile', 'IsReplayPuppet', 'IsReplayRecorder', 'IsRobotCombatAvatar', 'IsRobotCombatAvatarZombie', 'IsSafeBox', 'IsSaveDrone', 'IsSaveMachine', 'IsScoutArrow', 'IsSearchContractBox', 'IsSevenSinsGame', 'IsShield', 'IsShootingRange', 'IsShootingRangeToplogoReady', 'IsShop', 'IsSimpleCombatUnit', 'IsSkillTalentFull', 'IsSkullBomb', 'IsSkywingParaPresentationActive', 'IsSoulAvatar', 'IsSpellDrone', 'IsStickyMaster', 'IsStonePilar', 'IsStronghold', 'IsStropUav', 'IsSupply', 'IsSwordSpirit', 'IsSyncTransEntity', 'IsSystemKiller', 'IsTimeSpear', 'IsTitan2ArmorCameraEffectDisabled', 'IsTitan2Game', 'IsTitan2Stronghold', 'IsTitan2StrongholdChest', 'IsTra...
ATTR anE8/EsxNr+4ux9o.IsATM type=<class 'bool'> val=False
ATTR anE8/EsxNr+4ux9o.IsATMGuardAI type=<class 'bool'> val=False
ATTR anE8/EsxNr+4ux9o.IsAirDrop type=<class 'bool'> val=False
ATTR anE8/EsxNr+4ux9o.IsAltar type=<class 'bool'> val=False
ATTR anE8/EsxNr+4ux9o.IsAmmoBox type=<class 'bool'> val=False
ATTR anE8/EsxNr+4ux9o.IsArrow type=<class 'bool'> val=False
ATTR anE8/EsxNr+4ux9o.IsAttackDrone type=<class 'bool'> val=False
ATTR anE8/EsxNr+4ux9o.IsAvatar type=<class 'bool'> val=False
ATTR anE8/EsxNr+4ux9o.IsBarrieCannon type=<class 'bool'> val=False
ATTR anE8/EsxNr+4ux9o.IsBlackHole type=<class 'bool'> val=False
ATTR anE8/EsxNr+4ux9o.IsBlastingC4 type=<class 'bool'> val=False
ATTR anE8/EsxNr+4ux9o.IsBleachGame type=<class 'bool'> val=False
ATTR anE8/EsxNr+4ux9o.IsBleachSpirit type=<class 'bool'> val=False
ATTR anE8/EsxNr+4ux9o.IsBomb type=<class 'bool'> val=False
ATTR anE8/EsxNr+4ux9o.IsBombSite type=<class 'bool'> val=False
ATTR anE8/EsxNr+4ux9o.IsBuilding type=<class 'bool'> val=False
ATTR anE8/EsxNr+4ux9o.IsChaosUav type=<class 'bool'> val=False
ATTR anE8/EsxNr+4ux9o.IsCombatAvatar type=<class 'bool'> val=True
ATTR anE8/EsxNr+4ux9o.IsCombatAvatarSniper type=<class 'bool'> val=False
ATTR anE8/EsxNr+4ux9o.IsCombatAvatarZombieXray type=<class 'bool'> val=False
ATTR anE8/EsxNr+4ux9o.IsCombatBillboard type=<class 'bool'> val=False
ATTR anE8/EsxNr+4ux9o.IsCombatTeam type=<class 'bool'> val=False
ATTR anE8/EsxNr+4ux9o.IsCombatUnit type=<class 'bool'> val=True
ATTR anE8/EsxNr+4ux9o.IsContrabandPlane type=<class 'bool'> val=False
ATTR anE8/EsxNr+4ux9o.IsContractDesk type=<class 'bool'> val=False
ATTR anE8/EsxNr+4ux9o.IsCrack type=<class 'bool'> val=False
ATTR anE8/EsxNr+4ux9o.IsCrow type=<class 'bool'> val=False
ATTR anE8/EsxNr+4ux9o.IsCureUav type=<class 'bool'> val=False
ATTR anE8/EsxNr+4ux9o.IsCureUavFix type=<class 'bool'> val=False
ATTR anE8/EsxNr+4ux9o.IsCureUavShield type=<class 'bool'> val=False
ATTR anE8/EsxNr+4ux9o.IsDestructible type=<class 'bool'> val=False
ATTR anE8/EsxNr+4ux9o.IsDmzContainer type=<class 'bool'> val=False
ATTR anE8/EsxNr+4ux9o.IsDmzMonster type=<class 'bool'> val=False
ATTR anE8/EsxNr+4ux9o.IsDoubleDanceField type=<class 'bool'> val=False
ATTR anE8/EsxNr+4ux9o.IsDummyCombatAvatar type=<class 'bool'> val=False
ATTR anE8/EsxNr+4ux9o.IsEmoteTree type=<class 'bool'> val=False
ATTR anE8/EsxNr+4ux9o.IsEnergyStronghold type=<class 'bool'> val=False
ATTR anE8/EsxNr+4ux9o.IsEntityAttach type=<class 'bool'> val=False
ATTR anE8/EsxNr+4ux9o.IsEntityMaster type=<class 'bool'> val=False
ATTR anE8/EsxNr+4ux9o.IsEvaGame type=<class 'bool'> val=False
ATTR anE8/EsxNr+4ux9o.IsEvaMonster type=<class 'bool'> val=False
ATTR anE8/EsxNr+4ux9o.IsEvoPlatform type=<class 'bool'> val=False
ATTR anE8/EsxNr+4ux9o.IsFlagSF type=<class 'bool'> val=False
ATTR anE8/EsxNr+4ux9o.IsFootball type=<class 'bool'> val=False
ATTR anE8/EsxNr+4ux9o.IsFormationRobot type=<class 'bool'> val=False
ATTR anE8/EsxNr+4ux9o.IsGameLogic type=<class 'bool'> val=False
ATTR anE8/EsxNr+4ux9o.IsGasStation type=<class 'bool'> val=False
ATTR anE8/EsxNr+4ux9o.IsGiantMonster type=<class 'bool'> val=False
ATTR anE8/EsxNr+4ux9o.IsGlass type=<class 'bool'> val=False
ATTR anE8/EsxNr+4ux9o.IsGroupDanceField type=<class 'bool'> val=False
ATTR anE8/EsxNr+4ux9o.IsHelenAI type=<class 'bool'> val=False
ATTR anE8/EsxNr+4ux9o.IsHiderClone type=<class 'bool'> val=False
ATTR anE8/EsxNr+4ux9o.IsHolographicRobot type=<class 'bool'> val=False
ATTR anE8/EsxNr+4ux9o.IsIceWall type=<class 'bool'> val=False
ATTR anE8/EsxNr+4ux9o.IsIgnoreCue type=<class 'bool'> val=False
ATTR anE8/EsxNr+4ux9o.IsItem type=<class 'bool'> val=False
ATTR anE8/EsxNr+4ux9o.IsItemSpaceSnare type=<class 'bool'> val=False
ATTR anE8/EsxNr+4ux9o.IsMagicField type=<class 'bool'> val=False
ATTR anE8/EsxNr+4ux9o.IsMineral type=<class 'bool'> val=False
ATTR anE8/EsxNr+4ux9o.IsMonitorMissile type=<class 'bool'> val=False
ATTR anE8/EsxNr+4ux9o.IsMonster type=<class 'bool'> val=False
ATTR anE8/EsxNr+4ux9o.IsMovingPlatform type=<class 'bool'> val=False
ATTR anE8/EsxNr+4ux9o.IsNavigateBarrieCannon type=<class 'bool'> val=False
ATTR anE8/EsxNr+4ux9o.IsNewCrystalMonster type=<class 'bool'> val=False
ATTR anE8/EsxNr+4ux9o.IsObserveAvatar type=<class 'bool'> val=False
ATTR anE8/EsxNr+4ux9o.IsOccupyContractTarget type=<class 'bool'> val=False
ATTR anE8/EsxNr+4ux9o.IsOccupyContractTargetNew type=<class 'bool'> val=False
ATTR anE8/EsxNr+4ux9o.IsOilbox type=<class 'bool'> val=False
ATTR anE8/EsxNr+4ux9o.IsOverloadGift type=<class 'bool'> val=False
ATTR anE8/EsxNr+4ux9o.IsPanpan type=<class 'bool'> val=False
ATTR anE8/EsxNr+4ux9o.IsPhyBall type=<class 'bool'> val=False
ATTR anE8/EsxNr+4ux9o.IsPlayerCombatAvatar type=<class 'bool'> val=False
ATTR anE8/EsxNr+4ux9o.IsPlayerObserveAvatar type=<class 'bool'> val=False
ATTR anE8/EsxNr+4ux9o.IsPortableShop type=<class 'bool'> val=False
ATTR anE8/EsxNr+4ux9o.IsPosterBoard type=<class 'bool'> val=False
ATTR anE8/EsxNr+4ux9o.IsRPGMissile type=<class 'bool'> val=False
ATTR anE8/EsxNr+4ux9o.IsReplayPuppet type=<class 'bool'> val=False
ATTR anE8/EsxNr+4ux9o.IsReplayRecorder type=<class 'bool'> val=False
ATTR anE8/EsxNr+4ux9o.IsRobotCombatAvatar type=<class 'bool'> val=True
ATTR anE8/EsxNr+4ux9o.IsRobotCombatAvatarZombie type=<class 'bool'> val=False
ATTR anE8/EsxNr+4ux9o.IsSafeBox type=<class 'bool'> val=False
ATTR anE8/EsxNr+4ux9o.IsSaveDrone type=<class 'bool'> val=False
ATTR anE8/EsxNr+4ux9o.IsSaveMachine type=<class 'bool'> val=False
ATTR anE8/EsxNr+4ux9o.IsScoutArrow type=<class 'bool'> val=False
ATTR anE8/EsxNr+4ux9o.IsSearchContractBox type=<class 'bool'> val=False
ATTR anE8/EsxNr+4ux9o.IsSevenSinsGame type=<class 'bool'> val=False
ATTR anE8/EsxNr+4ux9o.IsShield type=<class 'bool'> val=False
ATTR anE8/EsxNr+4ux9o.IsShootingRange type=<class 'bool'> val=False
ATTR anE8/EsxNr+4ux9o.IsShop type=<class 'bool'> val=False
ATTR anE8/EsxNr+4ux9o.IsSimpleCombatUnit type=<class 'bool'> val=True
ATTR anE8/EsxNr+4ux9o.IsSkullBomb type=<class 'bool'> val=False
ATTR anE8/EsxNr+4ux9o.IsSoulAvatar type=<class 'bool'> val=False
ATTR anE8/EsxNr+4ux9o.IsSpellDrone type=<class 'bool'> val=False
ATTR anE8/EsxNr+4ux9o.IsStickyMaster type=<class 'bool'> val=False
ATTR anE8/EsxNr+4ux9o.IsStonePilar type=<class 'bool'> val=False
ATTR anE8/EsxNr+4ux9o.IsStronghold type=<class 'bool'> val=False
ATTR anE8/EsxNr+4ux9o.IsStropUav type=<class 'bool'> val=False
ATTR anE8/EsxNr+4ux9o.IsSupply type=<class 'bool'> val=False
ATTR anE8/EsxNr+4ux9o.IsSwordSpirit type=<class 'bool'> val=False
ATTR anE8/EsxNr+4ux9o.IsSyncTransEntity type=<class 'bool'> val=False
ATTR anE8/EsxNr+4ux9o.IsSystemKiller type=<class 'bool'> val=False
ATTR anE8/EsxNr+4ux9o.IsTimeSpear type=<class 'bool'> val=False
ATTR anE8/EsxNr+4ux9o.IsTitan2Game type=<class 'bool'> val=False
ATTR anE8/EsxNr+4ux9o.IsTitan2Stronghold type=<class 'bool'> val=False
ATTR anE8/EsxNr+4ux9o.IsTitan2StrongholdChest type=<class 'bool'> val=False
ATTR anE8/EsxNr+4ux9o.IsTransferBomb type=<class 'bool'> val=False
ATTR anE8/EsxNr+4ux9o.IsUavShield type=<class 'bool'> val=False
ATTR anE8/EsxNr+4ux9o.IsUltraMegaEnergy type=<class 'bool'> val=False
ATTR anE8/EsxNr+4ux9o.IsUltraMegaGame type=<class 'bool'> val=False
ATTR anE8/EsxNr+4ux9o.IsVehicle type=<class 'bool'> val=False
ATTR anE8/EsxNr+4ux9o.IsVirtualInteractionEntity type=<class 'bool'> val=False
ATTR anE8/EsxNr+4ux9o.IsVisible type=<class 'bool'> val=True
ATTR anE8/EsxNr+4ux9o._combat_team type=<class 'NoneType'> val=None
ATTR anE8/EsxNr+4ux9o._enter_house_name type=<class 'NoneType'> val=None
ATTR anE8/EsxNr+4ux9o._enter_house_range_name type=<class 'str'> val=''
ATTR anE8/EsxNr+4ux9o._jersey_resource_updated_bound type=<class 'bool'> val=True
ATTR anE8/EsxNr+4ux9o.ads_mark_pos_avatars type=<class 'list'> val=[]
ATTR anE8/EsxNr+4ux9o.ai_bind_target_pos FAIL error('unpack requires a buffer of 6 bytes')
ATTR anE8/EsxNr+4ux9o.born_pos type=<class 'tuple'> val=(6.300000190734863, 0.0, -5.5)
ATTR anE8/EsxNr+4ux9o.can_shoot_player_for_sound type=<class 'bool'> val=True
ATTR anE8/EsxNr+4ux9o.combat_team type=<class 'NoneType'> val=None
ATTR anE8/EsxNr+4ux9o.cur_active_world_field_id type=<class 'NoneType'> val=None
ATTR anE8/EsxNr+4ux9o.execute_player_pre_pos type=<class 'NoneType'> val=None
ATTR anE8/EsxNr+4ux9o.execute_player_yaw type=<class 'NoneType'> val=None
ATTR anE8/EsxNr+4ux9o.expose_killed_enemy_pos_timer type=<class 'NoneType'> val=None
ATTR anE8/EsxNr+4ux9o.expose_talent_end_stamp type=<class 'NoneType'> val=None
ATTR anE8/EsxNr+4ux9o.fsm_ads_mark_pos type=<class 'NoneType'> val=None
ATTR anE8/EsxNr+4ux9o.fsm_enemy_toplogo type=<class 'NoneType'> val=None
ATTR anE8/EsxNr+4ux9o.grappling_hook_target_pos type=<class 'NoneType'> val=None
ATTR anE8/EsxNr+4ux9o.heartbeat_avatar_cache_info type=<class 'dict'> val={}
ATTR anE8/EsxNr+4ux9o.in_same_house_with_player type=<class 'bool'> val=True
ATTR anE8/EsxNr+4ux9o.init_toplogo_ui type=<class 'bool'> val=True
ATTR anE8/EsxNr+4ux9o.is_dead_state type=<class 'bool'> val=False
ATTR anE8/EsxNr+4ux9o.is_fps_avatar type=<class 'bool'> val=False
ATTR anE8/EsxNr+4ux9o.is_hit_robot type=<class 'bool'> val=False
ATTR anE8/EsxNr+4ux9o.is_pose_sender_enabled type=<class 'bool'> val=False
ATTR anE8/EsxNr+4ux9o.is_replay_avatar type=<class 'bool'> val=False
ATTR anE8/EsxNr+4ux9o.is_robot_idle type=<class 'bool'> val=True
ATTR anE8/EsxNr+4ux9o.juren_hook_pos_left type=<class 'NoneType'> val=None
ATTR anE8/EsxNr+4ux9o.juren_hook_pos_right type=<class 'NoneType'> val=None
ATTR anE8/EsxNr+4ux9o.knock_down_team_enemy_pos_timer type=<class 'NoneType'> val=None
ATTR anE8/EsxNr+4ux9o.missile_indicate_pos type=<class 'NoneType'> val=None
ATTR anE8/EsxNr+4ux9o.pos type=<class 'tuple'> val=(6.300000190734863, 0.0, -5.5)
ATTR anE8/EsxNr+4ux9o.pose_type type=<class 'int'> val=0
ATTR anE8/EsxNr+4ux9o.position type=<class 'tuple'> val=(6.3227458000183105, 0.06980297714471817, -5.500764846801758)
ATTR anE8/EsxNr+4ux9o.recon_drone_frame_top_logo type=<class 'NoneType'> val=None
ATTR anE8/EsxNr+4ux9o.samurai_sprint_pos type=<class 'NoneType'> val=None
ATTR anE8/EsxNr+4ux9o.show_gothic_avatar_ids type=<class 'list'> val=[]
ATTR anE8/EsxNr+4ux9o.teammate_info type=<class 'dict'> val={}
ATTR anE8/EsxNr+4ux9o.toplogo type=<class 'gclient.gameplay.logic_base.comps.avatar_scene_node.AvatarSceneNode'> val=<gclient.gameplay.logic_base.comps.avatar_scene_node.AvatarSceneNode object at 0x00000259D8E32E40>
ATTR anE8/EsxNr+4ux9o.toplogo_border_widget type=<class 'NoneType'> val=None
ATTR anE8/EsxNr+4ux9o.toplogo_widget type=<class 'gclient.framework.commoncomps.toplogo_component.TopLogoUINode'> val=<gclient.framework.commoncomps.toplogo_component.TopLogoUINode object(Node) at 0x259CFF5B950>
ATTR anE8/EsxNr+4ux9o.toplogo_widget_hidden_reason type=<class 'int'> val=0
ATTR anE8/EsxNr+4ux9o.world_fields type=<class 'list'> val=[]
CALL anE8/EsxNr+4ux9o.CanShowEnemyToplogo() => True
CALL anE8/EsxNr+4ux9o.CanShowEnemyToplogoBar() => True
ENTITY anE8/EsxNr+4ux9M <RobotCombatAvatarShootingRange(anE8/EsxNr+4ux9M)> class=<class 'gclient.gameplay.logic_shootingrange.combat_avatar_shootingrange.RobotCombatAvatarShootingRange'>
DIR anE8/EsxNr+4ux9M ['AIOnQueryRandomPos', 'AIQueryRandomPos', 'AIQueryTeamMembers', 'AddLowHpEffect', 'AddTopLogoHiddenReason', 'AddTopLogoWidgetHiddenReason', 'AddToplogoVisibleTick', 'AddWorldField', 'CanLimitFrameInvisible', 'CanShowEnemyToplogo', 'CanShowEnemyToplogoBar', 'CanShowToplogoBarWhenGetHit', 'CancelExposeKilledEnemyTimer', 'CancelFeelHpTimer', 'CancelKnockDownTeamTimer', 'CancelLowHpEffectTimer', 'ChangePoseType', 'CheckIsOutDoor', 'CheckUavEnemyPosValid', 'ClearLowHpEffect', 'CreateToplogo', 'CreateWorldFieldFollow', 'DestroyReconDroneMarkFrame', 'DetectVisibleTargetInEmote', 'DisEnableSpecifyWorldField', 'DisableInvisibleFrameLimit', 'DoGrapplingHookAvatarFly', 'DrawReconDroneMarkFrame', 'EnableReplayTickForServerRobot', 'EnableSpecifyWorldField', 'EnemyTopLogoTimer', 'EnsureShootingRangeToplogo', 'ExposeKilledTeamEnemyPos', 'ExposeKilledTeamEnemyPosTick', 'ExposeKnockDownTeamPos', 'ExposeKnockDownTeamPosTick', 'FeelLowHpEnemyTick', 'ForceDropAllWeaponForAvatar', 'GetExecuteUpdatePosType', 'GetFireWallPlacePosition', 'GetFireWallPlacePositionH', 'GetFireWallPlacePositionV', 'GetInHouseName', 'GetParanoiaPlacePosition', 'GetPlacePosition', 'GetPrePlaceEntityPosition', 'GetPrePlaceEntityPosition225', 'GetPrePlaceEntityPosition234', 'GetPrePlaceEntityPosition510', 'GetPrePlaceEntityPosition588', 'GetTeammateColorIndex', 'GetTeammateIndex', 'GetTeammateInfo', 'HideAttachModelForDead', 'HideEnemyTopLogo', 'InitAvatarModel', 'IsATM', 'IsATMGuardAI', 'IsAirDrop', 'IsAltar', 'IsAmmoBox', 'IsArrow', 'IsAttackDrone', 'IsAvatar', 'IsBarrieCannon', 'IsBirthIslandFeature', 'IsBlackHole', 'IsBlastingC4', 'IsBleachGame', 'IsBleachSpirit', 'IsBomb', 'IsBombSite', 'IsBuilding', 'IsCameraHitMe', 'IsChaosUav', 'IsCombatAvatar', 'IsCombatAvatarSniper', 'IsCombatAvatarZombieXray', 'IsCombatBillboard', 'IsCombatTeam', 'IsCombatUnit', 'IsContrabandPlane', 'IsContractDesk', 'IsCrack', 'IsCrow', 'IsCurTakeCompoundBowWeapon', 'IsCurTakeDualGunWeapon', 'IsCurTakeGunMeleeWeapon', 'IsCurTakeGunWeapon', 'IsCurTakeLeftHandSpecialWeapon', 'IsCurTakeLeftHandThrowableWeapon', 'IsCurTakeLeftHandWeapon', 'IsCurTakeMainWeapon', 'IsCurTakeMeleeWeapon', 'IsCurTakeMissileWeapon', 'IsCurTakeRightHandThrowableWeapon', 'IsCurTakeSpWeapon', 'IsCurTakeSubWeapon', 'IsCureUav', 'IsCureUavFix', 'IsCureUavShield', 'IsDestructible', 'IsDmzContainer', 'IsDmzMonster', 'IsDoubleDanceField', 'IsDummyCombatAvatar', 'IsEmoteTree', 'IsEnergyStronghold', 'IsEntityAttach', 'IsEntityMaster', 'IsEvaGame', 'IsEvaMonster', 'IsEvoPlatform', 'IsExecuteFps', 'IsFlagSF', 'IsFootball', 'IsFormationRobot', 'IsGameLogic', 'IsGasStation', 'IsGiantMonster', 'IsGlass', 'IsGroupDanceField', 'IsHelenAI', 'IsHiderClone', 'IsHolographicRobot', 'IsIceWall', 'IsIgnoreCue', 'IsInDoubleEmote', 'IsInExecute', 'IsInShowToplogoByExposeTalentDuration', 'IsItem', 'IsItemSpaceSnare', 'IsJurenFlyAirSlashActive', 'IsJurenFlyFuelDisplayWeapon', 'IsJurenFlyFuelDisplayWeaponActive', 'IsMagicField', 'IsMeowDanceActive', 'IsMineral', 'IsMonitorMissile', 'IsMonster', 'IsMoveRecoverHpArmorActive', 'IsMovingPlatform', 'IsNavigateBarrieCannon', 'IsNewCrystalMonster', 'IsObserveAvatar', 'IsOccupyContractTarget', 'IsOccupyContractTargetNew', 'IsOilbox', 'IsOverloadGift', 'IsPanpan', 'IsPhyBall', 'IsPlayerCombatAvatar', 'IsPlayerObserveAvatar', 'IsPortableShop', 'IsPosterBoard', 'IsRPGMissile', 'IsReplayPuppet', 'IsReplayRecorder', 'IsRobotCombatAvatar', 'IsRobotCombatAvatarZombie', 'IsSafeBox', 'IsSaveDrone', 'IsSaveMachine', 'IsScoutArrow', 'IsSearchContractBox', 'IsSevenSinsGame', 'IsShield', 'IsShootingRange', 'IsShootingRangeToplogoReady', 'IsShop', 'IsSimpleCombatUnit', 'IsSkillTalentFull', 'IsSkullBomb', 'IsSkywingParaPresentationActive', 'IsSoulAvatar', 'IsSpellDrone', 'IsStickyMaster', 'IsStonePilar', 'IsStronghold', 'IsStropUav', 'IsSupply', 'IsSwordSpirit', 'IsSyncTransEntity', 'IsSystemKiller', 'IsTimeSpear', 'IsTitan2ArmorCameraEffectDisabled', 'IsTitan2Game', 'IsTitan2Stronghold', 'IsTitan2StrongholdChest', 'IsTra...
ATTR anE8/EsxNr+4ux9M.IsATM type=<class 'bool'> val=False
ATTR anE8/EsxNr+4ux9M.IsATMGuardAI type=<class 'bool'> val=False
ATTR anE8/EsxNr+4ux9M.IsAirDrop type=<class 'bool'> val=False
ATTR anE8/EsxNr+4ux9M.IsAltar type=<class 'bool'> val=False
ATTR anE8/EsxNr+4ux9M.IsAmmoBox type=<class 'bool'> val=False
ATTR anE8/EsxNr+4ux9M.IsArrow type=<class 'bool'> val=False
ATTR anE8/EsxNr+4ux9M.IsAttackDrone type=<class 'bool'> val=False
ATTR anE8/EsxNr+4ux9M.IsAvatar type=<class 'bool'> val=False
ATTR anE8/EsxNr+4ux9M.IsBarrieCannon type=<class 'bool'> val=False
ATTR anE8/EsxNr+4ux9M.IsBlackHole type=<class 'bool'> val=False
ATTR anE8/EsxNr+4ux9M.IsBlastingC4 type=<class 'bool'> val=False
ATTR anE8/EsxNr+4ux9M.IsBleachGame type=<class 'bool'> val=False
ATTR anE8/EsxNr+4ux9M.IsBleachSpirit type=<class 'bool'> val=False
ATTR anE8/EsxNr+4ux9M.IsBomb type=<class 'bool'> val=False
ATTR anE8/EsxNr+4ux9M.IsBombSite type=<class 'bool'> val=False
ATTR anE8/EsxNr+4ux9M.IsBuilding type=<class 'bool'> val=False
ATTR anE8/EsxNr+4ux9M.IsChaosUav type=<class 'bool'> val=False
ATTR anE8/EsxNr+4ux9M.IsCombatAvatar type=<class 'bool'> val=True
ATTR anE8/EsxNr+4ux9M.IsCombatAvatarSniper type=<class 'bool'> val=False
ATTR anE8/EsxNr+4ux9M.IsCombatAvatarZombieXray type=<class 'bool'> val=False
ATTR anE8/EsxNr+4ux9M.IsCombatBillboard type=<class 'bool'> val=False
ATTR anE8/EsxNr+4ux9M.IsCombatTeam type=<class 'bool'> val=False
ATTR anE8/EsxNr+4ux9M.IsCombatUnit type=<class 'bool'> val=True
ATTR anE8/EsxNr+4ux9M.IsContrabandPlane type=<class 'bool'> val=False
ATTR anE8/EsxNr+4ux9M.IsContractDesk type=<class 'bool'> val=False
ATTR anE8/EsxNr+4ux9M.IsCrack type=<class 'bool'> val=False
ATTR anE8/EsxNr+4ux9M.IsCrow type=<class 'bool'> val=False
ATTR anE8/EsxNr+4ux9M.IsCureUav type=<class 'bool'> val=False
ATTR anE8/EsxNr+4ux9M.IsCureUavFix type=<class 'bool'> val=False
ATTR anE8/EsxNr+4ux9M.IsCureUavShield type=<class 'bool'> val=False
ATTR anE8/EsxNr+4ux9M.IsDestructible type=<class 'bool'> val=False
ATTR anE8/EsxNr+4ux9M.IsDmzContainer type=<class 'bool'> val=False
ATTR anE8/EsxNr+4ux9M.IsDmzMonster type=<class 'bool'> val=False
ATTR anE8/EsxNr+4ux9M.IsDoubleDanceField type=<class 'bool'> val=False
ATTR anE8/EsxNr+4ux9M.IsDummyCombatAvatar type=<class 'bool'> val=False
ATTR anE8/EsxNr+4ux9M.IsEmoteTree type=<class 'bool'> val=False
ATTR anE8/EsxNr+4ux9M.IsEnergyStronghold type=<class 'bool'> val=False
ATTR anE8/EsxNr+4ux9M.IsEntityAttach type=<class 'bool'> val=False
ATTR anE8/EsxNr+4ux9M.IsEntityMaster type=<class 'bool'> val=False
ATTR anE8/EsxNr+4ux9M.IsEvaGame type=<class 'bool'> val=False
ATTR anE8/EsxNr+4ux9M.IsEvaMonster type=<class 'bool'> val=False
ATTR anE8/EsxNr+4ux9M.IsEvoPlatform type=<class 'bool'> val=False
ATTR anE8/EsxNr+4ux9M.IsFlagSF type=<class 'bool'> val=False
ATTR anE8/EsxNr+4ux9M.IsFootball type=<class 'bool'> val=False
ATTR anE8/EsxNr+4ux9M.IsFormationRobot type=<class 'bool'> val=False
ATTR anE8/EsxNr+4ux9M.IsGameLogic type=<class 'bool'> val=False
ATTR anE8/EsxNr+4ux9M.IsGasStation type=<class 'bool'> val=False
ATTR anE8/EsxNr+4ux9M.IsGiantMonster type=<class 'bool'> val=False
ATTR anE8/EsxNr+4ux9M.IsGlass type=<class 'bool'> val=False
ATTR anE8/EsxNr+4ux9M.IsGroupDanceField type=<class 'bool'> val=False
ATTR anE8/EsxNr+4ux9M.IsHelenAI type=<class 'bool'> val=False
ATTR anE8/EsxNr+4ux9M.IsHiderClone type=<class 'bool'> val=False
ATTR anE8/EsxNr+4ux9M.IsHolographicRobot type=<class 'bool'> val=False
ATTR anE8/EsxNr+4ux9M.IsIceWall type=<class 'bool'> val=False
ATTR anE8/EsxNr+4ux9M.IsIgnoreCue type=<class 'bool'> val=False
ATTR anE8/EsxNr+4ux9M.IsItem type=<class 'bool'> val=False
ATTR anE8/EsxNr+4ux9M.IsItemSpaceSnare type=<class 'bool'> val=False
ATTR anE8/EsxNr+4ux9M.IsMagicField type=<class 'bool'> val=False
ATTR anE8/EsxNr+4ux9M.IsMineral type=<class 'bool'> val=False
ATTR anE8/EsxNr+4ux9M.IsMonitorMissile type=<class 'bool'> val=False
ATTR anE8/EsxNr+4ux9M.IsMonster type=<class 'bool'> val=False
ATTR anE8/EsxNr+4ux9M.IsMovingPlatform type=<class 'bool'> val=False
ATTR anE8/EsxNr+4ux9M.IsNavigateBarrieCannon type=<class 'bool'> val=False
ATTR anE8/EsxNr+4ux9M.IsNewCrystalMonster type=<class 'bool'> val=False
ATTR anE8/EsxNr+4ux9M.IsObserveAvatar type=<class 'bool'> val=False
ATTR anE8/EsxNr+4ux9M.IsOccupyContractTarget type=<class 'bool'> val=False
ATTR anE8/EsxNr+4ux9M.IsOccupyContractTargetNew type=<class 'bool'> val=False
ATTR anE8/EsxNr+4ux9M.IsOilbox type=<class 'bool'> val=False
ATTR anE8/EsxNr+4ux9M.IsOverloadGift type=<class 'bool'> val=False
ATTR anE8/EsxNr+4ux9M.IsPanpan type=<class 'bool'> val=False
ATTR anE8/EsxNr+4ux9M.IsPhyBall type=<class 'bool'> val=False
ATTR anE8/EsxNr+4ux9M.IsPlayerCombatAvatar type=<class 'bool'> val=False
ATTR anE8/EsxNr+4ux9M.IsPlayerObserveAvatar type=<class 'bool'> val=False
ATTR anE8/EsxNr+4ux9M.IsPortableShop type=<class 'bool'> val=False
ATTR anE8/EsxNr+4ux9M.IsPosterBoard type=<class 'bool'> val=False
ATTR anE8/EsxNr+4ux9M.IsRPGMissile type=<class 'bool'> val=False
ATTR anE8/EsxNr+4ux9M.IsReplayPuppet type=<class 'bool'> val=False
ATTR anE8/EsxNr+4ux9M.IsReplayRecorder type=<class 'bool'> val=False
ATTR anE8/EsxNr+4ux9M.IsRobotCombatAvatar type=<class 'bool'> val=True
ATTR anE8/EsxNr+4ux9M.IsRobotCombatAvatarZombie type=<class 'bool'> val=False
ATTR anE8/EsxNr+4ux9M.IsSafeBox type=<class 'bool'> val=False
ATTR anE8/EsxNr+4ux9M.IsSaveDrone type=<class 'bool'> val=False
ATTR anE8/EsxNr+4ux9M.IsSaveMachine type=<class 'bool'> val=False
ATTR anE8/EsxNr+4ux9M.IsScoutArrow type=<class 'bool'> val=False
ATTR anE8/EsxNr+4ux9M.IsSearchContractBox type=<class 'bool'> val=False
ATTR anE8/EsxNr+4ux9M.IsSevenSinsGame type=<class 'bool'> val=False
ATTR anE8/EsxNr+4ux9M.IsShield type=<class 'bool'> val=False
ATTR anE8/EsxNr+4ux9M.IsShootingRange type=<class 'bool'> val=False
ATTR anE8/EsxNr+4ux9M.IsShop type=<class 'bool'> val=False
ATTR anE8/EsxNr+4ux9M.IsSimpleCombatUnit type=<class 'bool'> val=True
ATTR anE8/EsxNr+4ux9M.IsSkullBomb type=<class 'bool'> val=False
ATTR anE8/EsxNr+4ux9M.IsSoulAvatar type=<class 'bool'> val=False
ATTR anE8/EsxNr+4ux9M.IsSpellDrone type=<class 'bool'> val=False
ATTR anE8/EsxNr+4ux9M.IsStickyMaster type=<class 'bool'> val=False
ATTR anE8/EsxNr+4ux9M.IsStonePilar type=<class 'bool'> val=False
ATTR anE8/EsxNr+4ux9M.IsStronghold type=<class 'bool'> val=False
ATTR anE8/EsxNr+4ux9M.IsStropUav type=<class 'bool'> val=False
ATTR anE8/EsxNr+4ux9M.IsSupply type=<class 'bool'> val=False
ATTR anE8/EsxNr+4ux9M.IsSwordSpirit type=<class 'bool'> val=False
ATTR anE8/EsxNr+4ux9M.IsSyncTransEntity type=<class 'bool'> val=False
ATTR anE8/EsxNr+4ux9M.IsSystemKiller type=<class 'bool'> val=False
ATTR anE8/EsxNr+4ux9M.IsTimeSpear type=<class 'bool'> val=False
ATTR anE8/EsxNr+4ux9M.IsTitan2Game type=<class 'bool'> val=False
ATTR anE8/EsxNr+4ux9M.IsTitan2Stronghold type=<class 'bool'> val=False
ATTR anE8/EsxNr+4ux9M.IsTitan2StrongholdChest type=<class 'bool'> val=False
ATTR anE8/EsxNr+4ux9M.IsTransferBomb type=<class 'bool'> val=False
ATTR anE8/EsxNr+4ux9M.IsUavShield type=<class 'bool'> val=False
ATTR anE8/EsxNr+4ux9M.IsUltraMegaEnergy type=<class 'bool'> val=False
ATTR anE8/EsxNr+4ux9M.IsUltraMegaGame type=<class 'bool'> val=False
ATTR anE8/EsxNr+4ux9M.IsVehicle type=<class 'bool'> val=False
ATTR anE8/EsxNr+4ux9M.IsVirtualInteractionEntity type=<class 'bool'> val=False
ATTR anE8/EsxNr+4ux9M.IsVisible type=<class 'bool'> val=True
ATTR anE8/EsxNr+4ux9M._combat_team type=<class 'NoneType'> val=None
ATTR anE8/EsxNr+4ux9M._enter_house_name type=<class 'NoneType'> val=None
ATTR anE8/EsxNr+4ux9M._enter_house_range_name type=<class 'str'> val=''
ATTR anE8/EsxNr+4ux9M._jersey_resource_updated_bound type=<class 'bool'> val=True
ATTR anE8/EsxNr+4ux9M.ads_mark_pos_avatars type=<class 'list'> val=[]
ATTR anE8/EsxNr+4ux9M.ai_bind_target_pos FAIL error('unpack requires a buffer of 6 bytes')
ATTR anE8/EsxNr+4ux9M.born_pos type=<class 'tuple'> val=(-8.800000190734863, 0.0, -13.5)
ATTR anE8/EsxNr+4ux9M.can_shoot_player_for_sound type=<class 'bool'> val=True
ATTR anE8/EsxNr+4ux9M.combat_team type=<class 'NoneType'> val=None
ATTR anE8/EsxNr+4ux9M.cur_active_world_field_id type=<class 'NoneType'> val=None
ATTR anE8/EsxNr+4ux9M.execute_player_pre_pos type=<class 'NoneType'> val=None
ATTR anE8/EsxNr+4ux9M.execute_player_yaw type=<class 'NoneType'> val=None
ATTR anE8/EsxNr+4ux9M.expose_killed_enemy_pos_timer type=<class 'NoneType'> val=None
ATTR anE8/EsxNr+4ux9M.expose_talent_end_stamp type=<class 'NoneType'> val=None
ATTR anE8/EsxNr+4ux9M.fsm_ads_mark_pos type=<class 'NoneType'> val=None
ATTR anE8/EsxNr+4ux9M.fsm_enemy_toplogo type=<class 'NoneType'> val=None
ATTR anE8/EsxNr+4ux9M.grappling_hook_target_pos type=<class 'NoneType'> val=None
ATTR anE8/EsxNr+4ux9M.heartbeat_avatar_cache_info type=<class 'dict'> val={}
ATTR anE8/EsxNr+4ux9M.in_same_house_with_player type=<class 'bool'> val=True
ATTR anE8/EsxNr+4ux9M.init_toplogo_ui type=<class 'bool'> val=True
ATTR anE8/EsxNr+4ux9M.is_dead_state type=<class 'bool'> val=False
ATTR anE8/EsxNr+4ux9M.is_fps_avatar type=<class 'bool'> val=False
ATTR anE8/EsxNr+4ux9M.is_hit_robot type=<class 'bool'> val=False
ATTR anE8/EsxNr+4ux9M.is_pose_sender_enabled type=<class 'bool'> val=False
ATTR anE8/EsxNr+4ux9M.is_replay_avatar type=<class 'bool'> val=False
ATTR anE8/EsxNr+4ux9M.is_robot_idle type=<class 'bool'> val=True
ATTR anE8/EsxNr+4ux9M.juren_hook_pos_left type=<class 'NoneType'> val=None
ATTR anE8/EsxNr+4ux9M.juren_hook_pos_right type=<class 'NoneType'> val=None
ATTR anE8/EsxNr+4ux9M.knock_down_team_enemy_pos_timer type=<class 'NoneType'> val=None
ATTR anE8/EsxNr+4ux9M.missile_indicate_pos type=<class 'NoneType'> val=None
ATTR anE8/EsxNr+4ux9M.pos type=<class 'tuple'> val=(-8.800000190734863, 0.0, -13.5)
ATTR anE8/EsxNr+4ux9M.pose_type type=<class 'int'> val=0
ATTR anE8/EsxNr+4ux9M.position type=<class 'tuple'> val=(-8.783376693725586, 0.09060776978731155, -13.467101097106934)
ATTR anE8/EsxNr+4ux9M.recon_drone_frame_top_logo type=<class 'NoneType'> val=None
ATTR anE8/EsxNr+4ux9M.samurai_sprint_pos type=<class 'NoneType'> val=None
ATTR anE8/EsxNr+4ux9M.show_gothic_avatar_ids type=<class 'list'> val=[]
ATTR anE8/EsxNr+4ux9M.teammate_info type=<class 'dict'> val={}
ATTR anE8/EsxNr+4ux9M.toplogo type=<class 'gclient.gameplay.logic_base.comps.avatar_scene_node.AvatarSceneNode'> val=<gclient.gameplay.logic_base.comps.avatar_scene_node.AvatarSceneNode object at 0x00000259D8E3CAD0>
ATTR anE8/EsxNr+4ux9M.toplogo_border_widget type=<class 'NoneType'> val=None
ATTR anE8/EsxNr+4ux9M.toplogo_widget type=<class 'gclient.framework.commoncomps.toplogo_component.TopLogoUINode'> val=<gclient.framework.commoncomps.toplogo_component.TopLogoUINode object(Node) at 0x259D310D5B0>
ATTR anE8/EsxNr+4ux9M.toplogo_widget_hidden_reason type=<class 'int'> val=0
ATTR anE8/EsxNr+4ux9M.world_fields type=<class 'list'> val=[]
CALL anE8/EsxNr+4ux9M.CanShowEnemyToplogo() => True
CALL anE8/EsxNr+4ux9M.CanShowEnemyToplogoBar() => True
ENTITY anE8/EsxNr+4ux9+ <RobotCombatAvatarShootingRange(anE8/EsxNr+4ux9+)> class=<class 'gclient.gameplay.logic_shootingrange.combat_avatar_shootingrange.RobotCombatAvatarShootingRange'>
DIR anE8/EsxNr+4ux9+ ['AIOnQueryRandomPos', 'AIQueryRandomPos', 'AIQueryTeamMembers', 'AddLowHpEffect', 'AddTopLogoHiddenReason', 'AddTopLogoWidgetHiddenReason', 'AddToplogoVisibleTick', 'AddWorldField', 'CanLimitFrameInvisible', 'CanShowEnemyToplogo', 'CanShowEnemyToplogoBar', 'CanShowToplogoBarWhenGetHit', 'CancelExposeKilledEnemyTimer', 'CancelFeelHpTimer', 'CancelKnockDownTeamTimer', 'CancelLowHpEffectTimer', 'ChangePoseType', 'CheckIsOutDoor', 'CheckUavEnemyPosValid', 'ClearLowHpEffect', 'CreateToplogo', 'CreateWorldFieldFollow', 'DestroyReconDroneMarkFrame', 'DetectVisibleTargetInEmote', 'DisEnableSpecifyWorldField', 'DisableInvisibleFrameLimit', 'DoGrapplingHookAvatarFly', 'DrawReconDroneMarkFrame', 'EnableReplayTickForServerRobot', 'EnableSpecifyWorldField', 'EnemyTopLogoTimer', 'EnsureShootingRangeToplogo', 'ExposeKilledTeamEnemyPos', 'ExposeKilledTeamEnemyPosTick', 'ExposeKnockDownTeamPos', 'ExposeKnockDownTeamPosTick', 'FeelLowHpEnemyTick', 'ForceDropAllWeaponForAvatar', 'GetExecuteUpdatePosType', 'GetFireWallPlacePosition', 'GetFireWallPlacePositionH', 'GetFireWallPlacePositionV', 'GetInHouseName', 'GetParanoiaPlacePosition', 'GetPlacePosition', 'GetPrePlaceEntityPosition', 'GetPrePlaceEntityPosition225', 'GetPrePlaceEntityPosition234', 'GetPrePlaceEntityPosition510', 'GetPrePlaceEntityPosition588', 'GetTeammateColorIndex', 'GetTeammateIndex', 'GetTeammateInfo', 'HideAttachModelForDead', 'HideEnemyTopLogo', 'InitAvatarModel', 'IsATM', 'IsATMGuardAI', 'IsAirDrop', 'IsAltar', 'IsAmmoBox', 'IsArrow', 'IsAttackDrone', 'IsAvatar', 'IsBarrieCannon', 'IsBirthIslandFeature', 'IsBlackHole', 'IsBlastingC4', 'IsBleachGame', 'IsBleachSpirit', 'IsBomb', 'IsBombSite', 'IsBuilding', 'IsCameraHitMe', 'IsChaosUav', 'IsCombatAvatar', 'IsCombatAvatarSniper', 'IsCombatAvatarZombieXray', 'IsCombatBillboard', 'IsCombatTeam', 'IsCombatUnit', 'IsContrabandPlane', 'IsContractDesk', 'IsCrack', 'IsCrow', 'IsCurTakeCompoundBowWeapon', 'IsCurTakeDualGunWeapon', 'IsCurTakeGunMeleeWeapon', 'IsCurTakeGunWeapon', 'IsCurTakeLeftHandSpecialWeapon', 'IsCurTakeLeftHandThrowableWeapon', 'IsCurTakeLeftHandWeapon', 'IsCurTakeMainWeapon', 'IsCurTakeMeleeWeapon', 'IsCurTakeMissileWeapon', 'IsCurTakeRightHandThrowableWeapon', 'IsCurTakeSpWeapon', 'IsCurTakeSubWeapon', 'IsCureUav', 'IsCureUavFix', 'IsCureUavShield', 'IsDestructible', 'IsDmzContainer', 'IsDmzMonster', 'IsDoubleDanceField', 'IsDummyCombatAvatar', 'IsEmoteTree', 'IsEnergyStronghold', 'IsEntityAttach', 'IsEntityMaster', 'IsEvaGame', 'IsEvaMonster', 'IsEvoPlatform', 'IsExecuteFps', 'IsFlagSF', 'IsFootball', 'IsFormationRobot', 'IsGameLogic', 'IsGasStation', 'IsGiantMonster', 'IsGlass', 'IsGroupDanceField', 'IsHelenAI', 'IsHiderClone', 'IsHolographicRobot', 'IsIceWall', 'IsIgnoreCue', 'IsInDoubleEmote', 'IsInExecute', 'IsInShowToplogoByExposeTalentDuration', 'IsItem', 'IsItemSpaceSnare', 'IsJurenFlyAirSlashActive', 'IsJurenFlyFuelDisplayWeapon', 'IsJurenFlyFuelDisplayWeaponActive', 'IsMagicField', 'IsMeowDanceActive', 'IsMineral', 'IsMonitorMissile', 'IsMonster', 'IsMoveRecoverHpArmorActive', 'IsMovingPlatform', 'IsNavigateBarrieCannon', 'IsNewCrystalMonster', 'IsObserveAvatar', 'IsOccupyContractTarget', 'IsOccupyContractTargetNew', 'IsOilbox', 'IsOverloadGift', 'IsPanpan', 'IsPhyBall', 'IsPlayerCombatAvatar', 'IsPlayerObserveAvatar', 'IsPortableShop', 'IsPosterBoard', 'IsRPGMissile', 'IsReplayPuppet', 'IsReplayRecorder', 'IsRobotCombatAvatar', 'IsRobotCombatAvatarZombie', 'IsSafeBox', 'IsSaveDrone', 'IsSaveMachine', 'IsScoutArrow', 'IsSearchContractBox', 'IsSevenSinsGame', 'IsShield', 'IsShootingRange', 'IsShootingRangeToplogoReady', 'IsShop', 'IsSimpleCombatUnit', 'IsSkillTalentFull', 'IsSkullBomb', 'IsSkywingParaPresentationActive', 'IsSoulAvatar', 'IsSpellDrone', 'IsStickyMaster', 'IsStonePilar', 'IsStronghold', 'IsStropUav', 'IsSupply', 'IsSwordSpirit', 'IsSyncTransEntity', 'IsSystemKiller', 'IsTimeSpear', 'IsTitan2ArmorCameraEffectDisabled', 'IsTitan2Game', 'IsTitan2Stronghold', 'IsTitan2StrongholdChest', 'IsTra...
ATTR anE8/EsxNr+4ux9+.IsATM type=<class 'bool'> val=False
ATTR anE8/EsxNr+4ux9+.IsATMGuardAI type=<class 'bool'> val=False
ATTR anE8/EsxNr+4ux9+.IsAirDrop type=<class 'bool'> val=False
ATTR anE8/EsxNr+4ux9+.IsAltar type=<class 'bool'> val=False
ATTR anE8/EsxNr+4ux9+.IsAmmoBox type=<class 'bool'> val=False
ATTR anE8/EsxNr+4ux9+.IsArrow type=<class 'bool'> val=False
ATTR anE8/EsxNr+4ux9+.IsAttackDrone type=<class 'bool'> val=False
ATTR anE8/EsxNr+4ux9+.IsAvatar type=<class 'bool'> val=False
ATTR anE8/EsxNr+4ux9+.IsBarrieCannon type=<class 'bool'> val=False
ATTR anE8/EsxNr+4ux9+.IsBlackHole type=<class 'bool'> val=False
ATTR anE8/EsxNr+4ux9+.IsBlastingC4 type=<class 'bool'> val=False
ATTR anE8/EsxNr+4ux9+.IsBleachGame type=<class 'bool'> val=False
ATTR anE8/EsxNr+4ux9+.IsBleachSpirit type=<class 'bool'> val=False
ATTR anE8/EsxNr+4ux9+.IsBomb type=<class 'bool'> val=False
ATTR anE8/EsxNr+4ux9+.IsBombSite type=<class 'bool'> val=False
ATTR anE8/EsxNr+4ux9+.IsBuilding type=<class 'bool'> val=False
ATTR anE8/EsxNr+4ux9+.IsChaosUav type=<class 'bool'> val=False
ATTR anE8/EsxNr+4ux9+.IsCombatAvatar type=<class 'bool'> val=True
ATTR anE8/EsxNr+4ux9+.IsCombatAvatarSniper type=<class 'bool'> val=False
ATTR anE8/EsxNr+4ux9+.IsCombatAvatarZombieXray type=<class 'bool'> val=False
ATTR anE8/EsxNr+4ux9+.IsCombatBillboard type=<class 'bool'> val=False
ATTR anE8/EsxNr+4ux9+.IsCombatTeam type=<class 'bool'> val=False
ATTR anE8/EsxNr+4ux9+.IsCombatUnit type=<class 'bool'> val=True
ATTR anE8/EsxNr+4ux9+.IsContrabandPlane type=<class 'bool'> val=False
ATTR anE8/EsxNr+4ux9+.IsContractDesk type=<class 'bool'> val=False
ATTR anE8/EsxNr+4ux9+.IsCrack type=<class 'bool'> val=False
ATTR anE8/EsxNr+4ux9+.IsCrow type=<class 'bool'> val=False
ATTR anE8/EsxNr+4ux9+.IsCureUav type=<class 'bool'> val=False
ATTR anE8/EsxNr+4ux9+.IsCureUavFix type=<class 'bool'> val=False
ATTR anE8/EsxNr+4ux9+.IsCureUavShield type=<class 'bool'> val=False
ATTR anE8/EsxNr+4ux9+.IsDestructible type=<class 'bool'> val=False
ATTR anE8/EsxNr+4ux9+.IsDmzContainer type=<class 'bool'> val=False
ATTR anE8/EsxNr+4ux9+.IsDmzMonster type=<class 'bool'> val=False
ATTR anE8/EsxNr+4ux9+.IsDoubleDanceField type=<class 'bool'> val=False
ATTR anE8/EsxNr+4ux9+.IsDummyCombatAvatar type=<class 'bool'> val=False
ATTR anE8/EsxNr+4ux9+.IsEmoteTree type=<class 'bool'> val=False
ATTR anE8/EsxNr+4ux9+.IsEnergyStronghold type=<class 'bool'> val=False
ATTR anE8/EsxNr+4ux9+.IsEntityAttach type=<class 'bool'> val=False
ATTR anE8/EsxNr+4ux9+.IsEntityMaster type=<class 'bool'> val=False
ATTR anE8/EsxNr+4ux9+.IsEvaGame type=<class 'bool'> val=False
ATTR anE8/EsxNr+4ux9+.IsEvaMonster type=<class 'bool'> val=False
ATTR anE8/EsxNr+4ux9+.IsEvoPlatform type=<class 'bool'> val=False
ATTR anE8/EsxNr+4ux9+.IsFlagSF type=<class 'bool'> val=False
ATTR anE8/EsxNr+4ux9+.IsFootball type=<class 'bool'> val=False
ATTR anE8/EsxNr+4ux9+.IsFormationRobot type=<class 'bool'> val=False
ATTR anE8/EsxNr+4ux9+.IsGameLogic type=<class 'bool'> val=False
ATTR anE8/EsxNr+4ux9+.IsGasStation type=<class 'bool'> val=False
ATTR anE8/EsxNr+4ux9+.IsGiantMonster type=<class 'bool'> val=False
ATTR anE8/EsxNr+4ux9+.IsGlass type=<class 'bool'> val=False
ATTR anE8/EsxNr+4ux9+.IsGroupDanceField type=<class 'bool'> val=False
ATTR anE8/EsxNr+4ux9+.IsHelenAI type=<class 'bool'> val=False
ATTR anE8/EsxNr+4ux9+.IsHiderClone type=<class 'bool'> val=False
ATTR anE8/EsxNr+4ux9+.IsHolographicRobot type=<class 'bool'> val=False
ATTR anE8/EsxNr+4ux9+.IsIceWall type=<class 'bool'> val=False
ATTR anE8/EsxNr+4ux9+.IsIgnoreCue type=<class 'bool'> val=False
ATTR anE8/EsxNr+4ux9+.IsItem type=<class 'bool'> val=False
ATTR anE8/EsxNr+4ux9+.IsItemSpaceSnare type=<class 'bool'> val=False
ATTR anE8/EsxNr+4ux9+.IsMagicField type=<class 'bool'> val=False
ATTR anE8/EsxNr+4ux9+.IsMineral type=<class 'bool'> val=False
ATTR anE8/EsxNr+4ux9+.IsMonitorMissile type=<class 'bool'> val=False
ATTR anE8/EsxNr+4ux9+.IsMonster type=<class 'bool'> val=False
ATTR anE8/EsxNr+4ux9+.IsMovingPlatform type=<class 'bool'> val=False
ATTR anE8/EsxNr+4ux9+.IsNavigateBarrieCannon type=<class 'bool'> val=False
ATTR anE8/EsxNr+4ux9+.IsNewCrystalMonster type=<class 'bool'> val=False
ATTR anE8/EsxNr+4ux9+.IsObserveAvatar type=<class 'bool'> val=False
ATTR anE8/EsxNr+4ux9+.IsOccupyContractTarget type=<class 'bool'> val=False
ATTR anE8/EsxNr+4ux9+.IsOccupyContractTargetNew type=<class 'bool'> val=False
ATTR anE8/EsxNr+4ux9+.IsOilbox type=<class 'bool'> val=False
ATTR anE8/EsxNr+4ux9+.IsOverloadGift type=<class 'bool'> val=False
ATTR anE8/EsxNr+4ux9+.IsPanpan type=<class 'bool'> val=False
ATTR anE8/EsxNr+4ux9+.IsPhyBall type=<class 'bool'> val=False
ATTR anE8/EsxNr+4ux9+.IsPlayerCombatAvatar type=<class 'bool'> val=False
ATTR anE8/EsxNr+4ux9+.IsPlayerObserveAvatar type=<class 'bool'> val=False
ATTR anE8/EsxNr+4ux9+.IsPortableShop type=<class 'bool'> val=False
ATTR anE8/EsxNr+4ux9+.IsPosterBoard type=<class 'bool'> val=False
ATTR anE8/EsxNr+4ux9+.IsRPGMissile type=<class 'bool'> val=False
ATTR anE8/EsxNr+4ux9+.IsReplayPuppet type=<class 'bool'> val=False
ATTR anE8/EsxNr+4ux9+.IsReplayRecorder type=<class 'bool'> val=False
ATTR anE8/EsxNr+4ux9+.IsRobotCombatAvatar type=<class 'bool'> val=True
ATTR anE8/EsxNr+4ux9+.IsRobotCombatAvatarZombie type=<class 'bool'> val=False
ATTR anE8/EsxNr+4ux9+.IsSafeBox type=<class 'bool'> val=False
ATTR anE8/EsxNr+4ux9+.IsSaveDrone type=<class 'bool'> val=False
ATTR anE8/EsxNr+4ux9+.IsSaveMachine type=<class 'bool'> val=False
ATTR anE8/EsxNr+4ux9+.IsScoutArrow type=<class 'bool'> val=False
ATTR anE8/EsxNr+4ux9+.IsSearchContractBox type=<class 'bool'> val=False
ATTR anE8/EsxNr+4ux9+.IsSevenSinsGame type=<class 'bool'> val=False
ATTR anE8/EsxNr+4ux9+.IsShield type=<class 'bool'> val=False
ATTR anE8/EsxNr+4ux9+.IsShootingRange type=<class 'bool'> val=False
ATTR anE8/EsxNr+4ux9+.IsShop type=<class 'bool'> val=False
ATTR anE8/EsxNr+4ux9+.IsSimpleCombatUnit type=<class 'bool'> val=True
ATTR anE8/EsxNr+4ux9+.IsSkullBomb type=<class 'bool'> val=False
ATTR anE8/EsxNr+4ux9+.IsSoulAvatar type=<class 'bool'> val=False
ATTR anE8/EsxNr+4ux9+.IsSpellDrone type=<class 'bool'> val=False
ATTR anE8/EsxNr+4ux9+.IsStickyMaster type=<class 'bool'> val=False
ATTR anE8/EsxNr+4ux9+.IsStonePilar type=<class 'bool'> val=False
ATTR anE8/EsxNr+4ux9+.IsStronghold type=<class 'bool'> val=False
ATTR anE8/EsxNr+4ux9+.IsStropUav type=<class 'bool'> val=False
ATTR anE8/EsxNr+4ux9+.IsSupply type=<class 'bool'> val=False
ATTR anE8/EsxNr+4ux9+.IsSwordSpirit type=<class 'bool'> val=False
ATTR anE8/EsxNr+4ux9+.IsSyncTransEntity type=<class 'bool'> val=False
ATTR anE8/EsxNr+4ux9+.IsSystemKiller type=<class 'bool'> val=False
ATTR anE8/EsxNr+4ux9+.IsTimeSpear type=<class 'bool'> val=False
ATTR anE8/EsxNr+4ux9+.IsTitan2Game type=<class 'bool'> val=False
ATTR anE8/EsxNr+4ux9+.IsTitan2Stronghold type=<class 'bool'> val=False
ATTR anE8/EsxNr+4ux9+.IsTitan2StrongholdChest type=<class 'bool'> val=False
ATTR anE8/EsxNr+4ux9+.IsTransferBomb type=<class 'bool'> val=False
ATTR anE8/EsxNr+4ux9+.IsUavShield type=<class 'bool'> val=False
ATTR anE8/EsxNr+4ux9+.IsUltraMegaEnergy type=<class 'bool'> val=False
ATTR anE8/EsxNr+4ux9+.IsUltraMegaGame type=<class 'bool'> val=False
ATTR anE8/EsxNr+4ux9+.IsVehicle type=<class 'bool'> val=False
ATTR anE8/EsxNr+4ux9+.IsVirtualInteractionEntity type=<class 'bool'> val=False
ATTR anE8/EsxNr+4ux9+.IsVisible type=<class 'bool'> val=True
ATTR anE8/EsxNr+4ux9+._combat_team type=<class 'NoneType'> val=None
ATTR anE8/EsxNr+4ux9+._enter_house_name type=<class 'NoneType'> val=None
ATTR anE8/EsxNr+4ux9+._enter_house_range_name type=<class 'str'> val=''
ATTR anE8/EsxNr+4ux9+._jersey_resource_updated_bound type=<class 'bool'> val=True
ATTR anE8/EsxNr+4ux9+.ads_mark_pos_avatars type=<class 'list'> val=[]
ATTR anE8/EsxNr+4ux9+.ai_bind_target_pos FAIL error('unpack requires a buffer of 6 bytes')
ATTR anE8/EsxNr+4ux9+.born_pos type=<class 'tuple'> val=(26.299999237060547, 0.0, 2.5999999046325684)
ATTR anE8/EsxNr+4ux9+.can_shoot_player_for_sound type=<class 'bool'> val=True
ATTR anE8/EsxNr+4ux9+.combat_team type=<class 'NoneType'> val=None
ATTR anE8/EsxNr+4ux9+.cur_active_world_field_id type=<class 'NoneType'> val=None
ATTR anE8/EsxNr+4ux9+.execute_player_pre_pos type=<class 'NoneType'> val=None
ATTR anE8/EsxNr+4ux9+.execute_player_yaw type=<class 'NoneType'> val=None
ATTR anE8/EsxNr+4ux9+.expose_killed_enemy_pos_timer type=<class 'NoneType'> val=None
ATTR anE8/EsxNr+4ux9+.expose_talent_end_stamp type=<class 'NoneType'> val=None
ATTR anE8/EsxNr+4ux9+.fsm_ads_mark_pos type=<class 'NoneType'> val=None
ATTR anE8/EsxNr+4ux9+.fsm_enemy_toplogo type=<class 'NoneType'> val=None
ATTR anE8/EsxNr+4ux9+.grappling_hook_target_pos type=<class 'NoneType'> val=None
ATTR anE8/EsxNr+4ux9+.heartbeat_avatar_cache_info type=<class 'dict'> val={}
ATTR anE8/EsxNr+4ux9+.in_same_house_with_player type=<class 'bool'> val=True
ATTR anE8/EsxNr+4ux9+.init_toplogo_ui type=<class 'bool'> val=True
ATTR anE8/EsxNr+4ux9+.is_dead_state type=<class 'bool'> val=False
ATTR anE8/EsxNr+4ux9+.is_fps_avatar type=<class 'bool'> val=False
ATTR anE8/EsxNr+4ux9+.is_hit_robot type=<class 'bool'> val=False
ATTR anE8/EsxNr+4ux9+.is_pose_sender_enabled type=<class 'bool'> val=False
ATTR anE8/EsxNr+4ux9+.is_replay_avatar type=<class 'bool'> val=False
ATTR anE8/EsxNr+4ux9+.is_robot_idle type=<class 'bool'> val=True
ATTR anE8/EsxNr+4ux9+.juren_hook_pos_left type=<class 'NoneType'> val=None
ATTR anE8/EsxNr+4ux9+.juren_hook_pos_right type=<class 'NoneType'> val=None
ATTR anE8/EsxNr+4ux9+.knock_down_team_enemy_pos_timer type=<class 'NoneType'> val=None
ATTR anE8/EsxNr+4ux9+.missile_indicate_pos type=<class 'NoneType'> val=None
ATTR anE8/EsxNr+4ux9+.pos type=<class 'tuple'> val=(26.299999237060547, 0.0, 2.5999999046325684)
ATTR anE8/EsxNr+4ux9+.pose_type type=<class 'int'> val=0
ATTR anE8/EsxNr+4ux9+.position type=<class 'tuple'> val=(26.323650360107422, 0.07277331501245499, 2.5989699363708496)
ATTR anE8/EsxNr+4ux9+.recon_drone_frame_top_logo type=<class 'NoneType'> val=None
ATTR anE8/EsxNr+4ux9+.samurai_sprint_pos type=<class 'NoneType'> val=None
ATTR anE8/EsxNr+4ux9+.show_gothic_avatar_ids type=<class 'list'> val=[]
ATTR anE8/EsxNr+4ux9+.teammate_info type=<class 'dict'> val={}
ATTR anE8/EsxNr+4ux9+.toplogo type=<class 'gclient.gameplay.logic_base.comps.avatar_scene_node.AvatarSceneNode'> val=<gclient.gameplay.logic_base.comps.avatar_scene_node.AvatarSceneNode object at 0x00000259D8E3E660>
ATTR anE8/EsxNr+4ux9+.toplogo_border_widget type=<class 'NoneType'> val=None
ATTR anE8/EsxNr+4ux9+.toplogo_widget type=<class 'gclient.framework.commoncomps.toplogo_component.TopLogoUINode'> val=<gclient.framework.commoncomps.toplogo_component.TopLogoUINode object(Node) at 0x259D7DD7650>
ATTR anE8/EsxNr+4ux9+.toplogo_widget_hidden_reason type=<class 'int'> val=0
ATTR anE8/EsxNr+4ux9+.world_fields type=<class 'list'> val=[]
CALL anE8/EsxNr+4ux9+.CanShowEnemyToplogo() => True
CALL anE8/EsxNr+4ux9+.CanShowEnemyToplogoBar() => True
END
BEGIN
entity_count=22
picked=[('AjDCIrilGhEBXtfh', '<PlayerAvatar(AjDCIrilGhEBXtfh)>', 'PlayerAvatar'), ('anHdbwdJAQSVJzJa', '<PlayerCombatAvatarShootingRange(anHdbwdJAQSVJzJa)>', 'PlayerCombatAvatarShootingRange'), ('anHc8gdJAQSVJxLw', '<RobotCombatAvatarShootingRange(anHc8gdJAQSVJxLw)>', 'RobotCombatAvatarShootingRange'), ('anHc8gdJAQSVJxLs', '<RobotCombatAvatarShootingRange(anHc8gdJAQSVJxLs)>', 'RobotCombatAvatarShootingRange'), ('anHc8gdJAQSVJxL0', '<RobotCombatAvatarShootingRange(anHc8gdJAQSVJxL0)>', 'RobotCombatAvatarShootingRange'), ('anHc8gdJAQSVJxLk', '<RobotCombatAvatarShootingRange(anHc8gdJAQSVJxLk)>', 'RobotCombatAvatarShootingRange'), ('anHc8gdJAQSVJxLa', '<RobotCombatAvatarShootingRange(anHc8gdJAQSVJxLa)>', 'RobotCombatAvatarShootingRange'), ('anHc8gdJAQSVJxLo', '<RobotCombatAvatarShootingRange(anHc8gdJAQSVJxLo)>', 'RobotCombatAvatarShootingRange')]
ENTITY AjDCIrilGhEBXtfh <PlayerAvatar(AjDCIrilGhEBXtfh)> class=<class 'gclient.framework.entities.avatar.PlayerAvatar'>
DIR AjDCIrilGhEBXtfh ['AvatarCheckBpBadge', 'AvatarQidslCkfl', 'BackpackModifyBlueprintName', 'BackpackModifyName', 'ChangeClanName', 'CheckCanSwapPlayerSlot', 'CheckNeedNoticeAutoBuyTeammate', 'CheckReplyInviteJoinRoomForTeam', 'CheckReplyInviteJoinRoomForTeamWatcher', 'ClearPlayerAchievementHallCardNew', 'ClearPlayerAchievementNewGroupIds', 'ClearPlayerAchievementToastBatches', 'ClearPlayerAchievementWallNewGroupId', 'ClearTeamNewMsgNumber', 'ClickWorldCupInviteLink', 'ComposeItemByCount', 'DebugShowTeamListOnQueryPlayers', 'DebugShowTeamListQueryPlayers', 'DelayGetSteamUserPhoto', 'DoFetchPlatformPhotoUrl_Steam', 'ForwardCombatAvatarMethod', 'ForwardRobotCombatAvatarMethod', 'GMQueryGroundPos', 'GMQueryNaviValidPosition', 'GenerateRandomName', 'GetActNewPlayerGachaIds', 'GetAvatarModelShowInfo', 'GetBackpackName', 'GetBoundAccountHeadUrl', 'GetFriendRemarkName', 'GetGunIsCanTuning', 'GetGunOrnamentUseIndex', 'GetInviteRecentPlayersWithSearch', 'GetOrnamentCanUseIndex', 'GetOwnedNameFrameItem', 'GetPlayerAchievementNewGroupIds', 'GetPlayerAchievementPanelData', 'GetPlayerAchievementWallNewGroupIds', 'GetPlayerInfoByIds', 'GetPlayerInfosByIds', 'GetPlayerLBSGunInfoWorker', 'GetRaceTeamInfo', 'GetRaceTeamMemberInfo', 'GetRecentPlayersNoFriend', 'GetRenameLeftTime', 'GetTeamNewMsgNumber', 'GetTeammateHallIndex', 'GetWorldChatLeftCDTime', 'GmPlaybackByFilename', 'HadGetPlayerInfoItemRedDotByData', 'HasPlayerAchievementHallCardNew', 'HasPlayerInfoItemRedDotByItemId', 'HasPlayerInfoSettingRedDot', 'IgnoreTryJoinTeam', 'InviteInRaceTeam', 'InviteJoinTeam', 'IsATM', 'IsATMGuardAI', 'IsAirDrop', 'IsAllowSendToAI', 'IsAlreadyClickInviteLink', 'IsAltar', 'IsAmmoBox', 'IsArmedPhoto', 'IsArrow', 'IsAttackDrone', 'IsAutoShowLimitYuanbaoTips', 'IsAvatar', 'IsBarrieCannon', 'IsBlackHole', 'IsBlastingC4', 'IsBleachGame', 'IsBleachSpirit', 'IsBomb', 'IsBombSite', 'IsBpBadgeChecked', 'IsBpBadgeSysOpen', 'IsBuilding', 'IsChaosUav', 'IsChatMsgVisibleForAvatar', 'IsClanApplyCdFinished', 'IsClanInviteCdFinished', 'IsClanLogLikedByGuid', 'IsClanLogLikedByMsg', 'IsCombatAvatar', 'IsCombatAvatarSniper', 'IsCombatAvatarZombieXray', 'IsCombatBillboard', 'IsCombatTeam', 'IsCombatUnit', 'IsContrabandPlane', 'IsContractDesk', 'IsCrack', 'IsCrow', 'IsCureUav', 'IsCureUavFix', 'IsCureUavShield', 'IsDestructible', 'IsDmzContainer', 'IsDmzMonster', 'IsDoubleDanceField', 'IsDummyCombatAvatar', 'IsEmoteTree', 'IsEnableAIChat', 'IsEnableAircraft', 'IsEnableBombSkin', 'IsEnableDeathBox', 'IsEnableEmote', 'IsEnableMusic', 'IsEnableSkydive', 'IsEnergyStronghold', 'IsEntityAttach', 'IsEntityMaster', 'IsEvaGame', 'IsEvaMonster', 'IsEvoPlatform', 'IsFinishCombatGuide', 'IsFinishInGameGuide', 'IsFinishNewerGuide', 'IsFinishNewerGuideNew', 'IsFlagSF', 'IsFootball', 'IsFormationRobot', 'IsFriendApplyListInTime', 'IsFriendChatLoaded', 'IsFriendsReachMaxLimit', 'IsGachaCollectionUnlock', 'IsGameLogic', 'IsGasStation', 'IsGetFirstPayYuanbao', 'IsGiantMonster', 'IsGlass', 'IsGroupDanceField', 'IsHelenAI', 'IsHiderClone', 'IsHistoryKillMomentsExist', 'IsHolographicRobot', 'IsIceWall', 'IsIgnoreCue', 'IsInRoom', 'IsItem', 'IsItemSpaceSnare', 'IsLegendMedalOpen', 'IsLinkageGacha', 'IsLinkageRollNoCycleId', 'IsMagicField', 'IsMatching', 'IsMineral', 'IsMonitorMissile', 'IsMonster', 'IsMovingPlatform', 'IsMsgLiked', 'IsMysteryActShowReddot', 'IsNavigateBarrieCannon', 'IsNewCrystalMonster', 'IsObserveAvatar', 'IsOccupyContractTarget', 'IsOccupyContractTargetNew', 'IsOilbox', 'IsOverloadGift', 'IsPanpan', 'IsPhotoProfileBanned', 'IsPhyBall', 'IsPixelBigEventOpened', 'IsPlayerCombatAvatar', 'IsPlayerObserveAvatar', 'IsPortableShop', 'IsPosterBoard', 'IsRPCLimit', 'IsRPGMissile', 'IsReplayPuppet', 'IsReplayRecorder', 'IsRichAmerican', 'IsRichPeople', 'IsRobotCombatAvatar', 'IsRobotCombatAvatarZombie', 'IsSafeBox', 'IsSaveDrone', 'IsSaveMachine', 'IsScoutArrow', 'IsSearchContractBox', 'IsSevenSinsGame', 'IsShield', 'IsShootingRange', 'IsShop', 'IsShowActivityPreSaleReddot', 'IsShowGachaReddot', 'IsShowLim...
ATTR AjDCIrilGhEBXtfh.IsATM type=<class 'bool'> val=False
ATTR AjDCIrilGhEBXtfh.IsATMGuardAI type=<class 'bool'> val=False
ATTR AjDCIrilGhEBXtfh.IsAirDrop type=<class 'bool'> val=False
ATTR AjDCIrilGhEBXtfh.IsAltar type=<class 'bool'> val=False
ATTR AjDCIrilGhEBXtfh.IsAmmoBox type=<class 'bool'> val=False
ATTR AjDCIrilGhEBXtfh.IsArrow type=<class 'bool'> val=False
ATTR AjDCIrilGhEBXtfh.IsAttackDrone type=<class 'bool'> val=False
ATTR AjDCIrilGhEBXtfh.IsAvatar type=<class 'bool'> val=True
ATTR AjDCIrilGhEBXtfh.IsBarrieCannon type=<class 'bool'> val=False
ATTR AjDCIrilGhEBXtfh.IsBlackHole type=<class 'bool'> val=False
ATTR AjDCIrilGhEBXtfh.IsBlastingC4 type=<class 'bool'> val=False
ATTR AjDCIrilGhEBXtfh.IsBleachGame type=<class 'bool'> val=False
ATTR AjDCIrilGhEBXtfh.IsBleachSpirit type=<class 'bool'> val=False
ATTR AjDCIrilGhEBXtfh.IsBomb type=<class 'bool'> val=False
ATTR AjDCIrilGhEBXtfh.IsBombSite type=<class 'bool'> val=False
ATTR AjDCIrilGhEBXtfh.IsBuilding type=<class 'bool'> val=False
ATTR AjDCIrilGhEBXtfh.IsChaosUav type=<class 'bool'> val=False
ATTR AjDCIrilGhEBXtfh.IsCombatAvatar type=<class 'bool'> val=False
ATTR AjDCIrilGhEBXtfh.IsCombatAvatarSniper type=<class 'bool'> val=False
ATTR AjDCIrilGhEBXtfh.IsCombatAvatarZombieXray type=<class 'bool'> val=False
ATTR AjDCIrilGhEBXtfh.IsCombatBillboard type=<class 'bool'> val=False
ATTR AjDCIrilGhEBXtfh.IsCombatTeam type=<class 'bool'> val=False
ATTR AjDCIrilGhEBXtfh.IsCombatUnit type=<class 'bool'> val=False
ATTR AjDCIrilGhEBXtfh.IsContrabandPlane type=<class 'bool'> val=False
ATTR AjDCIrilGhEBXtfh.IsContractDesk type=<class 'bool'> val=False
ATTR AjDCIrilGhEBXtfh.IsCrack type=<class 'bool'> val=False
ATTR AjDCIrilGhEBXtfh.IsCrow type=<class 'bool'> val=False
ATTR AjDCIrilGhEBXtfh.IsCureUav type=<class 'bool'> val=False
ATTR AjDCIrilGhEBXtfh.IsCureUavFix type=<class 'bool'> val=False
ATTR AjDCIrilGhEBXtfh.IsCureUavShield type=<class 'bool'> val=False
ATTR AjDCIrilGhEBXtfh.IsDestructible type=<class 'bool'> val=False
ATTR AjDCIrilGhEBXtfh.IsDmzContainer type=<class 'bool'> val=False
ATTR AjDCIrilGhEBXtfh.IsDmzMonster type=<class 'bool'> val=False
ATTR AjDCIrilGhEBXtfh.IsDoubleDanceField type=<class 'bool'> val=False
ATTR AjDCIrilGhEBXtfh.IsDummyCombatAvatar type=<class 'bool'> val=False
ATTR AjDCIrilGhEBXtfh.IsEmoteTree type=<class 'bool'> val=False
ATTR AjDCIrilGhEBXtfh.IsEnergyStronghold type=<class 'bool'> val=False
ATTR AjDCIrilGhEBXtfh.IsEntityAttach type=<class 'bool'> val=False
ATTR AjDCIrilGhEBXtfh.IsEntityMaster type=<class 'bool'> val=False
ATTR AjDCIrilGhEBXtfh.IsEvaGame type=<class 'bool'> val=False
ATTR AjDCIrilGhEBXtfh.IsEvaMonster type=<class 'bool'> val=False
ATTR AjDCIrilGhEBXtfh.IsEvoPlatform type=<class 'bool'> val=False
ATTR AjDCIrilGhEBXtfh.IsFlagSF type=<class 'bool'> val=False
ATTR AjDCIrilGhEBXtfh.IsFootball type=<class 'bool'> val=False
ATTR AjDCIrilGhEBXtfh.IsFormationRobot type=<class 'bool'> val=False
ATTR AjDCIrilGhEBXtfh.IsGameLogic type=<class 'bool'> val=False
ATTR AjDCIrilGhEBXtfh.IsGasStation type=<class 'bool'> val=False
ATTR AjDCIrilGhEBXtfh.IsGiantMonster type=<class 'bool'> val=False
ATTR AjDCIrilGhEBXtfh.IsGlass type=<class 'bool'> val=False
ATTR AjDCIrilGhEBXtfh.IsGroupDanceField type=<class 'bool'> val=False
ATTR AjDCIrilGhEBXtfh.IsHelenAI type=<class 'bool'> val=False
ATTR AjDCIrilGhEBXtfh.IsHiderClone type=<class 'bool'> val=False
ATTR AjDCIrilGhEBXtfh.IsHolographicRobot type=<class 'bool'> val=False
ATTR AjDCIrilGhEBXtfh.IsIceWall type=<class 'bool'> val=False
ATTR AjDCIrilGhEBXtfh.IsIgnoreCue type=<class 'bool'> val=False
ATTR AjDCIrilGhEBXtfh.IsItem type=<class 'bool'> val=False
ATTR AjDCIrilGhEBXtfh.IsItemSpaceSnare type=<class 'bool'> val=False
ATTR AjDCIrilGhEBXtfh.IsMagicField type=<class 'bool'> val=False
ATTR AjDCIrilGhEBXtfh.IsMineral type=<class 'bool'> val=False
ATTR AjDCIrilGhEBXtfh.IsMonitorMissile type=<class 'bool'> val=False
ATTR AjDCIrilGhEBXtfh.IsMonster type=<class 'bool'> val=False
ATTR AjDCIrilGhEBXtfh.IsMovingPlatform type=<class 'bool'> val=False
ATTR AjDCIrilGhEBXtfh.IsNavigateBarrieCannon type=<class 'bool'> val=False
ATTR AjDCIrilGhEBXtfh.IsNewCrystalMonster type=<class 'bool'> val=False
ATTR AjDCIrilGhEBXtfh.IsObserveAvatar type=<class 'bool'> val=False
ATTR AjDCIrilGhEBXtfh.IsOccupyContractTarget type=<class 'bool'> val=False
ATTR AjDCIrilGhEBXtfh.IsOccupyContractTargetNew type=<class 'bool'> val=False
ATTR AjDCIrilGhEBXtfh.IsOilbox type=<class 'bool'> val=False
ATTR AjDCIrilGhEBXtfh.IsOverloadGift type=<class 'bool'> val=False
ATTR AjDCIrilGhEBXtfh.IsPanpan type=<class 'bool'> val=False
ATTR AjDCIrilGhEBXtfh.IsPhyBall type=<class 'bool'> val=False
ATTR AjDCIrilGhEBXtfh.IsPlayerCombatAvatar type=<class 'bool'> val=False
ATTR AjDCIrilGhEBXtfh.IsPlayerObserveAvatar type=<class 'bool'> val=False
ATTR AjDCIrilGhEBXtfh.IsPortableShop type=<class 'bool'> val=False
ATTR AjDCIrilGhEBXtfh.IsPosterBoard type=<class 'bool'> val=False
ATTR AjDCIrilGhEBXtfh.IsRPGMissile type=<class 'bool'> val=False
ATTR AjDCIrilGhEBXtfh.IsReplayPuppet type=<class 'bool'> val=False
ATTR AjDCIrilGhEBXtfh.IsReplayRecorder type=<class 'bool'> val=False
ATTR AjDCIrilGhEBXtfh.IsRobotCombatAvatar type=<class 'bool'> val=False
ATTR AjDCIrilGhEBXtfh.IsRobotCombatAvatarZombie type=<class 'bool'> val=False
ATTR AjDCIrilGhEBXtfh.IsSafeBox type=<class 'bool'> val=False
ATTR AjDCIrilGhEBXtfh.IsSaveDrone type=<class 'bool'> val=False
ATTR AjDCIrilGhEBXtfh.IsSaveMachine type=<class 'bool'> val=False
ATTR AjDCIrilGhEBXtfh.IsScoutArrow type=<class 'bool'> val=False
ATTR AjDCIrilGhEBXtfh.IsSearchContractBox type=<class 'bool'> val=False
ATTR AjDCIrilGhEBXtfh.IsSevenSinsGame type=<class 'bool'> val=False
ATTR AjDCIrilGhEBXtfh.IsShield type=<class 'bool'> val=False
ATTR AjDCIrilGhEBXtfh.IsShootingRange type=<class 'bool'> val=False
ATTR AjDCIrilGhEBXtfh.IsShop type=<class 'bool'> val=False
ATTR AjDCIrilGhEBXtfh.IsSimpleCombatUnit type=<class 'bool'> val=False
ATTR AjDCIrilGhEBXtfh.IsSkullBomb type=<class 'bool'> val=False
ATTR AjDCIrilGhEBXtfh.IsSoulAvatar type=<class 'bool'> val=False
ATTR AjDCIrilGhEBXtfh.IsSpellDrone type=<class 'bool'> val=False
ATTR AjDCIrilGhEBXtfh.IsStickyMaster type=<class 'bool'> val=False
ATTR AjDCIrilGhEBXtfh.IsStonePilar type=<class 'bool'> val=False
ATTR AjDCIrilGhEBXtfh.IsStronghold type=<class 'bool'> val=False
ATTR AjDCIrilGhEBXtfh.IsStropUav type=<class 'bool'> val=False
ATTR AjDCIrilGhEBXtfh.IsSupply type=<class 'bool'> val=False
ATTR AjDCIrilGhEBXtfh.IsSwordSpirit type=<class 'bool'> val=False
ATTR AjDCIrilGhEBXtfh.IsSyncTransEntity type=<class 'bool'> val=False
ATTR AjDCIrilGhEBXtfh.IsSystemKiller type=<class 'bool'> val=False
ATTR AjDCIrilGhEBXtfh.IsTimeSpear type=<class 'bool'> val=False
ATTR AjDCIrilGhEBXtfh.IsTitan2Game type=<class 'bool'> val=False
ATTR AjDCIrilGhEBXtfh.IsTitan2Stronghold type=<class 'bool'> val=False
ATTR AjDCIrilGhEBXtfh.IsTitan2StrongholdChest type=<class 'bool'> val=False
ATTR AjDCIrilGhEBXtfh.IsTransferBomb type=<class 'bool'> val=False
ATTR AjDCIrilGhEBXtfh.IsUavShield type=<class 'bool'> val=False
ATTR AjDCIrilGhEBXtfh.IsUltraMegaEnergy type=<class 'bool'> val=False
ATTR AjDCIrilGhEBXtfh.IsUltraMegaGame type=<class 'bool'> val=False
ATTR AjDCIrilGhEBXtfh.IsVehicle type=<class 'bool'> val=False
ATTR AjDCIrilGhEBXtfh.IsVirtualInteractionEntity type=<class 'bool'> val=False
ATTR AjDCIrilGhEBXtfh._close_hall_team_cc_timer type=<class 'NoneType'> val=None
ATTR AjDCIrilGhEBXtfh._join_team_record_timer type=<class 'dict'> val={}
ATTR AjDCIrilGhEBXtfh._realtime_player_card_request_fields type=<class 'dict'> val={}
ATTR AjDCIrilGhEBXtfh._recruit_avatar_map type=<class 'dict'> val={}
ATTR AjDCIrilGhEBXtfh._team_chat_msg_num type=<class 'int'> val=0
ATTR AjDCIrilGhEBXtfh._team_new_msg_time_map type=<class 'dict'> val={}
ATTR AjDCIrilGhEBXtfh.auto_buy_teammate_inspect_record type=<class 'NoneType'> val=None
ATTR AjDCIrilGhEBXtfh.auto_buy_teammate_setting_log_flag type=<class 'bool'> val=False
ATTR AjDCIrilGhEBXtfh.bug_screen_shot_steam type=<class 'NoneType'> val=None
ATTR AjDCIrilGhEBXtfh.cache_player_infos type=<class 'gshare.utils.Cache'> val=Cache()
ATTR AjDCIrilGhEBXtfh.cache_recruit_team_info type=<class 'dict'> val={}
ATTR AjDCIrilGhEBXtfh.camera_init_pose type=<class 'tuple'> val=([-16.621000289916992, 0.041999999433755875, -6.783999919891357], 1.5690510272979736)
ATTR AjDCIrilGhEBXtfh.chat_player_info_cache type=<class 'gshare.utils.Cache'> val=Cache()
ATTR AjDCIrilGhEBXtfh.clan_player_info_cache type=<class 'gshare.utils.Cache'> val=Cache()
ATTR AjDCIrilGhEBXtfh.combat_avatar type=<class 'gclient.gameplay.logic_shootingrange.combat_avatar_shootingrange.PlayerCombatAvatarShootingRange'> val=<PlayerCombatAvatarShootingRange(anHdbwdJAQSVJzJa)>
ATTR AjDCIrilGhEBXtfh.combat_avatar_id type=<class 'str'> val='anHdbwdJAQSVJzJa'
ATTR AjDCIrilGhEBXtfh.compose_item_callback type=<class 'NoneType'> val=None
ATTR AjDCIrilGhEBXtfh.enable_hall_team_mike type=<class 'bool'> val=False
ATTR AjDCIrilGhEBXtfh.enable_hall_team_voice type=<class 'bool'> val=True
ATTR AjDCIrilGhEBXtfh.is_become_player type=<class 'bool'> val=True
ATTR AjDCIrilGhEBXtfh.is_fps_avatar type=<class 'bool'> val=False
ATTR AjDCIrilGhEBXtfh.is_in_race_team type=<class 'bool'> val=False
ATTR AjDCIrilGhEBXtfh.is_in_team type=<class 'bool'> val=False
ATTR AjDCIrilGhEBXtfh.is_race_team_leader type=<class 'bool'> val=True
ATTR AjDCIrilGhEBXtfh.is_replay_avatar type=<class 'bool'> val=False
ATTR AjDCIrilGhEBXtfh.is_team_leader type=<class 'bool'> val=False
ATTR AjDCIrilGhEBXtfh.player_achievement_hall_card_new type=<class 'bool'> val=False
ATTR AjDCIrilGhEBXtfh.player_achievement_new_group_ids type=<class 'set'> val=set()
ATTR AjDCIrilGhEBXtfh.player_achievement_notice_loaded type=<class 'bool'> val=False
ATTR AjDCIrilGhEBXtfh.player_achievement_panel_data type=<class 'dict'> val={}
ATTR AjDCIrilGhEBXtfh.player_achievement_pending_toast_batches type=<class 'list'> val=[]
ATTR AjDCIrilGhEBXtfh.player_achievement_toast_blocked type=<class 'bool'> val=False
ATTR AjDCIrilGhEBXtfh.player_achievement_wall_new_group_ids type=<class 'set'> val=set()
ATTR AjDCIrilGhEBXtfh.player_card_info_cache type=<class 'gshare.utils.Cache'> val=Cache()
ATTR AjDCIrilGhEBXtfh.pos type=<class 'tuple'> val=(-16.621000289916992, 0.041999999433755875, -6.783999919891357)
ATTR AjDCIrilGhEBXtfh.position type=<class 'list'> val=[-16.621000289916992, 0.041999999433755875, -6.783999919891357]
ATTR AjDCIrilGhEBXtfh.position_uploader type=<class 'Any'> val=<Any object at 0x000001709933BE80>
ATTR AjDCIrilGhEBXtfh.race_team_leader type=<class 'str'> val='AjDCIrilGhEBXtfh'
ATTR AjDCIrilGhEBXtfh.race_team_member_info_cache type=<class 'gshare.utils.Cache'> val=Cache()
ATTR AjDCIrilGhEBXtfh.recruit_invite_player type=<class 'dict'> val={}
ATTR AjDCIrilGhEBXtfh.replay_filenames type=<class 'list'> val=[]
ATTR AjDCIrilGhEBXtfh.steam_photo_fetch_timer type=<class 'NoneType'> val=None
ATTR AjDCIrilGhEBXtfh.team_code type=<class 'str'> val='6G4HTD6'
ATTR AjDCIrilGhEBXtfh.team_leader type=<class 'NoneType'> val=None
ENTITY anHdbwdJAQSVJzJa <PlayerCombatAvatarShootingRange(anHdbwdJAQSVJzJa)> class=<class 'gclient.gameplay.logic_shootingrange.combat_avatar_shootingrange.PlayerCombatAvatarShootingRange'>
DIR anHdbwdJAQSVJzJa ['AddLowHpEffect', 'AddSceneCenterMark', 'AddWorldField', 'AdjustBombEffectPathStartPos', 'AfterPlayerWeaponListChange', 'AutoMarkItem', 'BroadcastDeadHiddenUI', 'BuyPersonalStoreTeammate', 'CanCreateMarkByGuid', 'CanCreateMarkToplogo', 'CanLimitFrameInvisible', 'CanMarkRequest', 'CanShowEnemyToplogo', 'CanShowEnemyToplogoBar', 'CanShowToplogoBarWhenGetHit', 'CanVisibleInLightAttackMode', 'CancelExposeKilledEnemyTimer', 'CancelFeelHpTimer', 'CancelHelpTeammate', 'CancelHelpedByTeammate', 'CancelKnockDownTeamTimer', 'CancelLowHpEffectTimer', 'ChangeMarkOpacityForAds', 'ChangeMarkOpacityForRealAds', 'ChangePoseType', 'ChangeRobotConfig', 'CheckIsDriving', 'CheckIsInHelicopter', 'CheckIsOutDoor', 'CheckIsStuckByWindow', 'CheckPlayerHitTargetEntity', 'CheckPlayerSprintDoor', 'CheckSuitableExecuteTargetPos', 'CheckThrusterPackOnPlayerJumpEnd', 'CheckThrusterPackOnPlayerJumpLand', 'CheckThrusterPackOnPlayerParaStageChange', 'CheckThrusterPackOnPlayerStateChanged', 'CheckThrusterPackOnPlayerTalentDataUnitChanged', 'CheckUavEnemyPosValid', 'CheckUpdatePosRecursively', 'ClearControlPlayerOnDead', 'ClearLowHpEffect', 'ClientAdjustPosition', 'CreateCommonMarkToplogo', 'CreateCommonMarkToplogoMapOnly', 'CreateCommonMarkToplogoSceneOnly', 'CreateMarkToplogo', 'CreateMarkWorldEffect', 'CreateWorldFieldFollow', 'DealForAdsMarkPos', 'DebugDisableDumpPlayerPos', 'DebugDumpPlayerPosOnTick', 'DebugEnableDumpPlayerPos', 'DelAutoMarkItem', 'DelSceneCenterMark', 'DestroyAllMark', 'DestroyAllMarkToplogo', 'DestroyAllMarkWorldEffect', 'DestroyCommonMarkToplogo', 'DestroyCommonMarkToplogoMapOnly', 'DestroyCommonMarkToplogoSceneOnly', 'DestroyMarkToplogo', 'DestroyMarkWorldEffect', 'DestroyReconDroneMarkFrame', 'DestroySelfPosMarkTopLogo', 'DetectVisibleTargetInEmote', 'DisEnableSpecifyWorldField', 'DisableInvisibleFrameLimit', 'DoAutoMarkItem', 'DoGrapplingHookAvatarFly', 'DrawEnemyReconMarkFrames', 'DrawReconDroneMarkFrame', 'EnableSpecifyWorldField', 'EnterTeammateDancingField', 'EntityEnterPlayerTrigger', 'ExposeKilledTeamEnemyPos', 'ExposeKilledTeamEnemyPosTick', 'ExposeKnockDownTeamPos', 'ExposeKnockDownTeamPosTick', 'FeelLowHpEnemyTick', 'FixPositionForCharctrlOverlap', 'FollowAvatarEmote', 'ForceDropAllWeaponForAvatar', 'GMRobotEmote', 'GetBirthIslandFeature', 'GetBombPathEffectLocalStartPos', 'GetCalculationLevelName', 'GetCombatTeamMarkPosition', 'GetCombatTeammateVolume', 'GetCommonMarkInfo', 'GetCommonMarkToplogo', 'GetDamageTextOffPos', 'GetDroneInitPos', 'GetExecuteUpdatePosType', 'GetFireWallPlacePosition', 'GetFireWallPlacePositionH', 'GetFireWallPlacePositionV', 'GetInHouseName', 'GetMarkPosAndType', 'GetParanoiaPlacePosition', 'GetPlacePosition', 'GetPrePlaceEntityPosition', 'GetPrePlaceEntityPosition225', 'GetPrePlaceEntityPosition234', 'GetPrePlaceEntityPosition510', 'GetPrePlaceEntityPosition588', 'GetSmartFPos_InteractiveUIAction', 'GetSmartFPos_PickUp', 'GetTargetDamageTextWorldPosition', 'GetTeammateColorIndex', 'GetTeammateIndex', 'GetTeammateInfo', 'GetTeammateMarkToplogo', 'HasCommonMarkTopLogo', 'HasTeammateMarkToplogo', 'HelpTeammateLoadingFinishCb', 'HideAirdropMarkToplogo', 'HideAllCommonMarkToplogoSceneOnly', 'HideAllEnemyToplogo', 'HideAttachModelForDead', 'HideCommonMarkToplogoMapOnly', 'HideEnemyTopLogo', 'HideTeammateToplogoWithReason', 'IgnoreCombatTeamVoiceForNearby', 'InitAvatarModel', 'InitTeammateMark', 'IsATM', 'IsATMGuardAI', 'IsAccumulateWithClassicDamageTextMode', 'IsAirDrop', 'IsAltar', 'IsAmmoBox', 'IsArrow', 'IsAssistAimBlockedByMoveInput', 'IsAssistAimControllingAdsRotate', 'IsAssistAimMoveInputGateEnabled', 'IsAssistAimMoveInputSourceEnabled', 'IsAssistAimSettingOpen', 'IsAttackDrone', 'IsAvatar', 'IsBarrieCannon', 'IsBirthIslandFeature', 'IsBlackHole', 'IsBlastingC4', 'IsBleachGame', 'IsBleachSpirit', 'IsBomb', 'IsBombSite', 'IsBuilding', 'IsChaosUav', 'IsCombatAvatar', 'IsCombatAvatarSniper', 'IsCombatAvatarZombieXray', 'IsCombatBillboard', 'IsCombatTeam', 'IsCombatUnit', 'IsConductorNavigatorCannon',...
ATTR anHdbwdJAQSVJzJa.IsATM type=<class 'bool'> val=False
ATTR anHdbwdJAQSVJzJa.IsATMGuardAI type=<class 'bool'> val=False
ATTR anHdbwdJAQSVJzJa.IsAirDrop type=<class 'bool'> val=False
ATTR anHdbwdJAQSVJzJa.IsAltar type=<class 'bool'> val=False
ATTR anHdbwdJAQSVJzJa.IsAmmoBox type=<class 'bool'> val=False
ATTR anHdbwdJAQSVJzJa.IsArrow type=<class 'bool'> val=False
ATTR anHdbwdJAQSVJzJa.IsAttackDrone type=<class 'bool'> val=False
ATTR anHdbwdJAQSVJzJa.IsAvatar type=<class 'bool'> val=False
ATTR anHdbwdJAQSVJzJa.IsBarrieCannon type=<class 'bool'> val=False
ATTR anHdbwdJAQSVJzJa.IsBlackHole type=<class 'bool'> val=False
ATTR anHdbwdJAQSVJzJa.IsBlastingC4 type=<class 'bool'> val=False
ATTR anHdbwdJAQSVJzJa.IsBleachGame type=<class 'bool'> val=False
ATTR anHdbwdJAQSVJzJa.IsBleachSpirit type=<class 'bool'> val=False
ATTR anHdbwdJAQSVJzJa.IsBomb type=<class 'bool'> val=False
ATTR anHdbwdJAQSVJzJa.IsBombSite type=<class 'bool'> val=False
ATTR anHdbwdJAQSVJzJa.IsBuilding type=<class 'bool'> val=False
ATTR anHdbwdJAQSVJzJa.IsChaosUav type=<class 'bool'> val=False
ATTR anHdbwdJAQSVJzJa.IsCombatAvatar type=<class 'bool'> val=True
ATTR anHdbwdJAQSVJzJa.IsCombatAvatarSniper type=<class 'bool'> val=False
ATTR anHdbwdJAQSVJzJa.IsCombatAvatarZombieXray type=<class 'bool'> val=False
ATTR anHdbwdJAQSVJzJa.IsCombatBillboard type=<class 'bool'> val=False
ATTR anHdbwdJAQSVJzJa.IsCombatTeam type=<class 'bool'> val=False
ATTR anHdbwdJAQSVJzJa.IsCombatUnit type=<class 'bool'> val=True
ATTR anHdbwdJAQSVJzJa.IsContrabandPlane type=<class 'bool'> val=False
ATTR anHdbwdJAQSVJzJa.IsContractDesk type=<class 'bool'> val=False
ATTR anHdbwdJAQSVJzJa.IsCrack type=<class 'bool'> val=False
ATTR anHdbwdJAQSVJzJa.IsCrow type=<class 'bool'> val=False
ATTR anHdbwdJAQSVJzJa.IsCureUav type=<class 'bool'> val=False
ATTR anHdbwdJAQSVJzJa.IsCureUavFix type=<class 'bool'> val=False
ATTR anHdbwdJAQSVJzJa.IsCureUavShield type=<class 'bool'> val=False
ATTR anHdbwdJAQSVJzJa.IsDestructible type=<class 'bool'> val=False
ATTR anHdbwdJAQSVJzJa.IsDmzContainer type=<class 'bool'> val=False
ATTR anHdbwdJAQSVJzJa.IsDmzMonster type=<class 'bool'> val=False
ATTR anHdbwdJAQSVJzJa.IsDoubleDanceField type=<class 'bool'> val=False
ATTR anHdbwdJAQSVJzJa.IsDummyCombatAvatar type=<class 'bool'> val=False
ATTR anHdbwdJAQSVJzJa.IsEmoteTree type=<class 'bool'> val=False
ATTR anHdbwdJAQSVJzJa.IsEnergyStronghold type=<class 'bool'> val=False
ATTR anHdbwdJAQSVJzJa.IsEntityAttach type=<class 'bool'> val=False
ATTR anHdbwdJAQSVJzJa.IsEntityMaster type=<class 'bool'> val=False
ATTR anHdbwdJAQSVJzJa.IsEvaGame type=<class 'bool'> val=False
ATTR anHdbwdJAQSVJzJa.IsEvaMonster type=<class 'bool'> val=False
ATTR anHdbwdJAQSVJzJa.IsEvoPlatform type=<class 'bool'> val=False
ATTR anHdbwdJAQSVJzJa.IsFlagSF type=<class 'bool'> val=False
ATTR anHdbwdJAQSVJzJa.IsFootball type=<class 'bool'> val=False
ATTR anHdbwdJAQSVJzJa.IsFormationRobot type=<class 'bool'> val=False
ATTR anHdbwdJAQSVJzJa.IsGameLogic type=<class 'bool'> val=False
ATTR anHdbwdJAQSVJzJa.IsGasStation type=<class 'bool'> val=False
ATTR anHdbwdJAQSVJzJa.IsGiantMonster type=<class 'bool'> val=False
ATTR anHdbwdJAQSVJzJa.IsGlass type=<class 'bool'> val=False
ATTR anHdbwdJAQSVJzJa.IsGroupDanceField type=<class 'bool'> val=False
ATTR anHdbwdJAQSVJzJa.IsHelenAI type=<class 'bool'> val=False
ATTR anHdbwdJAQSVJzJa.IsHiderClone type=<class 'bool'> val=False
ATTR anHdbwdJAQSVJzJa.IsHolographicRobot type=<class 'bool'> val=False
ATTR anHdbwdJAQSVJzJa.IsIceWall type=<class 'bool'> val=False
ATTR anHdbwdJAQSVJzJa.IsIgnoreCue type=<class 'bool'> val=False
ATTR anHdbwdJAQSVJzJa.IsItem type=<class 'bool'> val=False
ATTR anHdbwdJAQSVJzJa.IsItemSpaceSnare type=<class 'bool'> val=False
ATTR anHdbwdJAQSVJzJa.IsMagicField type=<class 'bool'> val=False
ATTR anHdbwdJAQSVJzJa.IsMineral type=<class 'bool'> val=False
ATTR anHdbwdJAQSVJzJa.IsMonitorMissile type=<class 'bool'> val=False
ATTR anHdbwdJAQSVJzJa.IsMonster type=<class 'bool'> val=False
ATTR anHdbwdJAQSVJzJa.IsMovingPlatform type=<class 'bool'> val=False
ATTR anHdbwdJAQSVJzJa.IsNavigateBarrieCannon type=<class 'bool'> val=False
ATTR anHdbwdJAQSVJzJa.IsNewCrystalMonster type=<class 'bool'> val=False
ATTR anHdbwdJAQSVJzJa.IsObserveAvatar type=<class 'bool'> val=False
ATTR anHdbwdJAQSVJzJa.IsOccupyContractTarget type=<class 'bool'> val=False
ATTR anHdbwdJAQSVJzJa.IsOccupyContractTargetNew type=<class 'bool'> val=False
ATTR anHdbwdJAQSVJzJa.IsOilbox type=<class 'bool'> val=False
ATTR anHdbwdJAQSVJzJa.IsOverloadGift type=<class 'bool'> val=False
ATTR anHdbwdJAQSVJzJa.IsPanpan type=<class 'bool'> val=False
ATTR anHdbwdJAQSVJzJa.IsPhyBall type=<class 'bool'> val=False
ATTR anHdbwdJAQSVJzJa.IsPlayerCombatAvatar type=<class 'bool'> val=True
ATTR anHdbwdJAQSVJzJa.IsPlayerObserveAvatar type=<class 'bool'> val=False
ATTR anHdbwdJAQSVJzJa.IsPortableShop type=<class 'bool'> val=False
ATTR anHdbwdJAQSVJzJa.IsPosterBoard type=<class 'bool'> val=False
ATTR anHdbwdJAQSVJzJa.IsRPGMissile type=<class 'bool'> val=False
ATTR anHdbwdJAQSVJzJa.IsReplayPuppet type=<class 'bool'> val=False
ATTR anHdbwdJAQSVJzJa.IsReplayRecorder type=<class 'bool'> val=False
ATTR anHdbwdJAQSVJzJa.IsRobotCombatAvatar type=<class 'bool'> val=False
ATTR anHdbwdJAQSVJzJa.IsRobotCombatAvatarZombie type=<class 'bool'> val=False
ATTR anHdbwdJAQSVJzJa.IsSafeBox type=<class 'bool'> val=False
ATTR anHdbwdJAQSVJzJa.IsSaveDrone type=<class 'bool'> val=False
ATTR anHdbwdJAQSVJzJa.IsSaveMachine type=<class 'bool'> val=False
ATTR anHdbwdJAQSVJzJa.IsScoutArrow type=<class 'bool'> val=False
ATTR anHdbwdJAQSVJzJa.IsSearchContractBox type=<class 'bool'> val=False
ATTR anHdbwdJAQSVJzJa.IsSevenSinsGame type=<class 'bool'> val=False
ATTR anHdbwdJAQSVJzJa.IsShield type=<class 'bool'> val=False
ATTR anHdbwdJAQSVJzJa.IsShootingRange type=<class 'bool'> val=False
ATTR anHdbwdJAQSVJzJa.IsShop type=<class 'bool'> val=False
ATTR anHdbwdJAQSVJzJa.IsSimpleCombatUnit type=<class 'bool'> val=True
ATTR anHdbwdJAQSVJzJa.IsSkullBomb type=<class 'bool'> val=False
ATTR anHdbwdJAQSVJzJa.IsSoulAvatar type=<class 'bool'> val=False
ATTR anHdbwdJAQSVJzJa.IsSpellDrone type=<class 'bool'> val=False
ATTR anHdbwdJAQSVJzJa.IsStickyMaster type=<class 'bool'> val=False
ATTR anHdbwdJAQSVJzJa.IsStonePilar type=<class 'bool'> val=False
ATTR anHdbwdJAQSVJzJa.IsStronghold type=<class 'bool'> val=False
ATTR anHdbwdJAQSVJzJa.IsStropUav type=<class 'bool'> val=False
ATTR anHdbwdJAQSVJzJa.IsSupply type=<class 'bool'> val=False
ATTR anHdbwdJAQSVJzJa.IsSwordSpirit type=<class 'bool'> val=False
ATTR anHdbwdJAQSVJzJa.IsSyncTransEntity type=<class 'bool'> val=False
ATTR anHdbwdJAQSVJzJa.IsSystemKiller type=<class 'bool'> val=False
ATTR anHdbwdJAQSVJzJa.IsTimeSpear type=<class 'bool'> val=False
ATTR anHdbwdJAQSVJzJa.IsTitan2Game type=<class 'bool'> val=False
ATTR anHdbwdJAQSVJzJa.IsTitan2Stronghold type=<class 'bool'> val=False
ATTR anHdbwdJAQSVJzJa.IsTitan2StrongholdChest type=<class 'bool'> val=False
ATTR anHdbwdJAQSVJzJa.IsTransferBomb type=<class 'bool'> val=False
ATTR anHdbwdJAQSVJzJa.IsUavShield type=<class 'bool'> val=False
ATTR anHdbwdJAQSVJzJa.IsUltraMegaEnergy type=<class 'bool'> val=False
ATTR anHdbwdJAQSVJzJa.IsUltraMegaGame type=<class 'bool'> val=False
ATTR anHdbwdJAQSVJzJa.IsVehicle type=<class 'bool'> val=False
ATTR anHdbwdJAQSVJzJa.IsVirtualInteractionEntity type=<class 'bool'> val=False
ATTR anHdbwdJAQSVJzJa.IsVisible type=<class 'bool'> val=True
ATTR anHdbwdJAQSVJzJa._auto_mark_item_guid type=<class 'NoneType'> val=None
ATTR anHdbwdJAQSVJzJa._auto_mark_item_timer type=<class 'dict'> val={}
ATTR anHdbwdJAQSVJzJa._combat_team type=<class 'gclient.gameplay.logic_base.entities.combat_team.CombatTeamEntity_ShootingRange'> val=<CombatTeamEntity_ShootingRange(anHdbwdJAQSVJzJt)>
ATTR anHdbwdJAQSVJzJa._enter_house_name type=<class 'NoneType'> val=None
ATTR anHdbwdJAQSVJzJa._enter_house_range_name type=<class 'str'> val=''
ATTR anHdbwdJAQSVJzJa._hall_team_shield_ids type=<class 'dict'> val={}
ATTR anHdbwdJAQSVJzJa._holographic_mark_entities type=<class 'dict'> val={}
ATTR anHdbwdJAQSVJzJa._jersey_resource_updated_bound type=<class 'bool'> val=True
ATTR anHdbwdJAQSVJzJa._last_house_enter_trigger_name type=<class 'NoneType'> val=None
ATTR anHdbwdJAQSVJzJa._para_check_stuck_pre_pos type=<class 'NoneType'> val=None
ATTR anHdbwdJAQSVJzJa._pose_type type=<class 'int'> val=0
ATTR anHdbwdJAQSVJzJa._prone_check_name type=<class 'NoneType'> val=None
ATTR anHdbwdJAQSVJzJa._server_update_pos_timestamp_list type=<class 'list'> val=[]
ATTR anHdbwdJAQSVJzJa.ads_mark_mgr type=<class 'gclient.gameplay.util.ads_mark_manager.AdsMarkManager'> val=<gclient.gameplay.util.ads_mark_manager.AdsMarkManager object at 0x0000017095D75C70>
ATTR anHdbwdJAQSVJzJa.ads_mark_pos_avatars type=<class 'list'> val=[]
ATTR anHdbwdJAQSVJzJa.assist_mark type=<class 'gclient.framework.util.assist_aim_util.AssistMark'> val=<gclient.framework.util.assist_aim_util.AssistMark object at 0x0000017099A24C90>
ATTR anHdbwdJAQSVJzJa.auto_send_interval_last_pos type=<class 'tuple'> val=(395.97589111328125, 191.3094482421875, 479.6004943847656)
ATTR anHdbwdJAQSVJzJa.avatar_guide_logic type=<class 'gclient.gameplay.logic_base.entities.combatavatarmembers.cimp_guide.AvatarGuideLogic'> val=<gclient.gameplay.logic_base.entities.combatavatarmembers.cimp_guide.AvatarGuideLogic object at 0x0000017099A9B1D0>
ATTR anHdbwdJAQSVJzJa.bomb_path_effect_start_pos type=<class 'NoneType'> val=None
ATTR anHdbwdJAQSVJzJa.can_mark_dying_killer type=<class 'bool'> val=False
ATTR anHdbwdJAQSVJzJa.can_shoot_player_for_sound type=<class 'bool'> val=False
ATTR anHdbwdJAQSVJzJa.can_show_mark_dying_killer type=<class 'bool'> val=False
ATTR anHdbwdJAQSVJzJa.combat_team type=<class 'gclient.gameplay.logic_base.entities.combat_team.CombatTeamEntity_ShootingRange'> val=<CombatTeamEntity_ShootingRange(anHdbwdJAQSVJzJt)>
ATTR anHdbwdJAQSVJzJa.common_center_mark_dict type=<class 'dict'> val={}
ATTR anHdbwdJAQSVJzJa.common_mark_dict type=<class 'dict'> val={'anHdcHpyq4Y0WTWl': <gclient.gameplay.util.common_toplogo.ToplogoGunRefit object at 0x0000017086EDF250>}
ATTR anHdbwdJAQSVJzJa.common_mark_info type=<class 'dict'> val={'anHdcHpyq4Y0WTWl': {'camera_hit_min_opacity': 70, 'max_opacity': 1.0, 'fov_distance': 10.0, 'offset': (1, 2.5, 0), 'camera_hit_max_dis': 165, 'camera_hit_min_dis': 50, 'cls': 'ToplogoGunRefit', 'min_opacity': 1.0, 'visible_distance': 50.0, 'icon': 733, 'id': 10, 'camera_hit_max_opacity': 255, 'camera_hit': False, 'pos': (-23.85, 0, -6.73), 'scene_on': True}}
ATTR anHdbwdJAQSVJzJa.cur_active_world_field_id type=<class 'int'> val=6
ATTR anHdbwdJAQSVJzJa.cur_focus_item_pos type=<class 'NoneType'> val=None
ATTR anHdbwdJAQSVJzJa.cur_mark_avt_id type=<class 'NoneType'> val=None
ATTR anHdbwdJAQSVJzJa.cur_mark_mission_guid type=<class 'str'> val=''
ATTR anHdbwdJAQSVJzJa.double_emote_pre_pos type=<class 'NoneType'> val=None
ATTR anHdbwdJAQSVJzJa.drone_init_pos type=<class 'NoneType'> val=None
ATTR anHdbwdJAQSVJzJa.emote_follow_avatar type=<class 'NoneType'> val=None
ATTR anHdbwdJAQSVJzJa.execute_player_pre_pos type=<class 'NoneType'> val=None
ATTR anHdbwdJAQSVJzJa.execute_player_yaw type=<class 'NoneType'> val=None
ATTR anHdbwdJAQSVJzJa.expose_killed_enemy_pos_timer type=<class 'NoneType'> val=None
ATTR anHdbwdJAQSVJzJa.force_use_client_pos type=<class 'bool'> val=False
ATTR anHdbwdJAQSVJzJa.fsm_ads_mark_pos type=<class 'NoneType'> val=None
ATTR anHdbwdJAQSVJzJa.grappling_hook_target_pos type=<class 'NoneType'> val=None
ATTR anHdbwdJAQSVJzJa.gun_spell_last_mark_enemy type=<class 'NoneType'> val=None
ATTR anHdbwdJAQSVJzJa.gun_spell_mark_enemy_stamp type=<class 'NoneType'> val=None
ATTR anHdbwdJAQSVJzJa.heartbeat_avatar_cache_info type=<class 'dict'> val={}
ATTR anHdbwdJAQSVJzJa.in_same_house_with_player type=<class 'bool'> val=True
ATTR anHdbwdJAQSVJzJa.is_dead_state type=<class 'bool'> val=False
ATTR anHdbwdJAQSVJzJa.is_fps_avatar type=<class 'bool'> val=True
ATTR anHdbwdJAQSVJzJa.is_player_set_camera type=<class 'bool'> val=False
ATTR anHdbwdJAQSVJzJa.is_refuse_team_mark type=<class 'bool'> val=False
ATTR anHdbwdJAQSVJzJa.is_replay_avatar type=<class 'bool'> val=False
ATTR anHdbwdJAQSVJzJa.juren_fly_slash_hit_positions type=<class 'dict'> val={}
ATTR anHdbwdJAQSVJzJa.juren_fly_slash_nape_execute_hit_pos type=<class 'NoneType'> val=None
ATTR anHdbwdJAQSVJzJa.juren_hook_pos_left type=<class 'NoneType'> val=None
ATTR anHdbwdJAQSVJzJa.juren_hook_pos_right type=<class 'NoneType'> val=None
ATTR anHdbwdJAQSVJzJa.knock_down_team_enemy_pos_timer type=<class 'NoneType'> val=None
ATTR anHdbwdJAQSVJzJa.last_check_stuck_poss type=<class 'list'> val=[]
ATTR anHdbwdJAQSVJzJa.last_crouch2_position type=<class 'NoneType'> val=None
ATTR anHdbwdJAQSVJzJa.last_position type=<class 'tuple'> val=(-16.621000289916992, 0.04200005531311035, -6.783999919891357)
ATTR anHdbwdJAQSVJzJa.last_server_pos_stamp type=<class 'int'> val=0
ATTR anHdbwdJAQSVJzJa.last_server_pos_time type=<class 'int'> val=0
ATTR anHdbwdJAQSVJzJa.last_server_position type=<class 'NoneType'> val=None
ATTR anHdbwdJAQSVJzJa.light_attack_pos type=<class 'NoneType'> val=None
ATTR anHdbwdJAQSVJzJa.mark_effect_dict type=<class 'dict'> val={}
ATTR anHdbwdJAQSVJzJa.mark_toplogo_dict type=<class 'dict'> val={}
ATTR anHdbwdJAQSVJzJa.mark_toplogo_hit_guid type=<class 'str'> val=''
ATTR anHdbwdJAQSVJzJa.mark_toplogo_hit_type type=<class 'int'> val=1
ATTR anHdbwdJAQSVJzJa.mark_toplogo_op_mode type=<class 'int'> val=0
ATTR anHdbwdJAQSVJzJa.missile_indicate_pos type=<class 'NoneType'> val=None
ATTR anHdbwdJAQSVJzJa.pos type=<class 'tuple'> val=(-18.723276138305664, 0.05000004544854164, -7.886244297027588)
ATTR anHdbwdJAQSVJzJa.pose_type type=<class 'int'> val=0
ATTR anHdbwdJAQSVJzJa.position type=<class 'tuple'> val=(-18.75952911376953, 0.05000004544854164, -7.8412699699401855)
ATTR anHdbwdJAQSVJzJa.recon_drone_frame_top_logo type=<class 'NoneType'> val=None
ATTR anHdbwdJAQSVJzJa.recon_drone_mark_ent_ids type=<class 'set'> val=set()
ATTR anHdbwdJAQSVJzJa.replay_last_valid_pos type=<class 'tuple'> val=(-18.031959533691406, 0.05000004544854164, -8.09374713897705)
ATTR anHdbwdJAQSVJzJa.robot_active_engagements type=<class 'dict'> val={}
ATTR anHdbwdJAQSVJzJa.robot_completed_engagements type=<class 'list'> val=[]
ATTR anHdbwdJAQSVJzJa.robot_engagement_intervals type=<class 'list'> val=[]
ATTR anHdbwdJAQSVJzJa.robot_last_all_end_time type=<class 'float'> val=0.0
ATTR anHdbwdJAQSVJzJa.samurai_sprint_pos type=<class 'NoneType'> val=None
ATTR anHdbwdJAQSVJzJa.show_gothic_avatar_ids type=<class 'list'> val=[]
ATTR anHdbwdJAQSVJzJa.team_val_recon_drone_id type=<class 'NoneType'> val=None
ATTR anHdbwdJAQSVJzJa.teammate_backpack_usages type=<class 'collections.defaultdict'> val=defaultdict(<class 'dict'>, {})
ATTR anHdbwdJAQSVJzJa.teammate_info type=<class 'gclient.gameplay.logic_base.entities.combat_team.CCombatTeamMembers_ShootingRange'> val=CCombatTeamMembers_ShootingRange({'anHdbwdJAQSVJzJa': CCombatTeamMember_ShootingRange({'c_eid': 0, 'show_medal': ShowMedal({}), 'cc_mtf': 0, 'para_stage': 0, 'level': 37, 'name': 'SexMaster_18', 'para_reason': 0, 'gender': 0, 'yaw': 1.6572660207748413, 'armor': 50.0, 'p': b'\xee\xff\x00\x00\xf8\xff', 'name_frame': 0, 'mark': Mark_Moba({}), 'mark_responds': CTeamMarkResponds({}), 'masterid': 'AjDCIrilGhEBXtfh', 'select_hero_id': 110, 'pre_select_hero_id': 0, 'bottom_plate': 0, 'arm_clothes': Cust...
ATTR anHdbwdJAQSVJzJa.teammate_xray_hidden_reason type=<class 'int'> val=0
ATTR anHdbwdJAQSVJzJa.toplogo_not_in_hide_state_enemy type=<class 'set'> val=set()
ATTR anHdbwdJAQSVJzJa.world_fields type=<class 'list'> val=[(6, 'anHdbwdJAQSVJzJa')]
CALL anHdbwdJAQSVJzJa.CanShowEnemyToplogo() => True
CALL anHdbwdJAQSVJzJa.CanShowEnemyToplogoBar() => True
ENTITY anHc8gdJAQSVJxLw <RobotCombatAvatarShootingRange(anHc8gdJAQSVJxLw)> class=<class 'gclient.gameplay.logic_shootingrange.combat_avatar_shootingrange.RobotCombatAvatarShootingRange'>
DIR anHc8gdJAQSVJxLw ['AIOnQueryRandomPos', 'AIQueryRandomPos', 'AIQueryTeamMembers', 'AddLowHpEffect', 'AddTopLogoHiddenReason', 'AddTopLogoWidgetHiddenReason', 'AddToplogoVisibleTick', 'AddWorldField', 'CanLimitFrameInvisible', 'CanShowEnemyToplogo', 'CanShowEnemyToplogoBar', 'CanShowToplogoBarWhenGetHit', 'CancelExposeKilledEnemyTimer', 'CancelFeelHpTimer', 'CancelKnockDownTeamTimer', 'CancelLowHpEffectTimer', 'ChangePoseType', 'CheckIsOutDoor', 'CheckUavEnemyPosValid', 'ClearLowHpEffect', 'CreateToplogo', 'CreateWorldFieldFollow', 'DestroyReconDroneMarkFrame', 'DetectVisibleTargetInEmote', 'DisEnableSpecifyWorldField', 'DisableInvisibleFrameLimit', 'DoGrapplingHookAvatarFly', 'DrawReconDroneMarkFrame', 'EnableReplayTickForServerRobot', 'EnableSpecifyWorldField', 'EnemyTopLogoTimer', 'EnsureShootingRangeToplogo', 'ExposeKilledTeamEnemyPos', 'ExposeKilledTeamEnemyPosTick', 'ExposeKnockDownTeamPos', 'ExposeKnockDownTeamPosTick', 'FeelLowHpEnemyTick', 'ForceDropAllWeaponForAvatar', 'GetExecuteUpdatePosType', 'GetFireWallPlacePosition', 'GetFireWallPlacePositionH', 'GetFireWallPlacePositionV', 'GetInHouseName', 'GetParanoiaPlacePosition', 'GetPlacePosition', 'GetPrePlaceEntityPosition', 'GetPrePlaceEntityPosition225', 'GetPrePlaceEntityPosition234', 'GetPrePlaceEntityPosition510', 'GetPrePlaceEntityPosition588', 'GetTeammateColorIndex', 'GetTeammateIndex', 'GetTeammateInfo', 'HideAttachModelForDead', 'HideEnemyTopLogo', 'InitAvatarModel', 'IsATM', 'IsATMGuardAI', 'IsAirDrop', 'IsAltar', 'IsAmmoBox', 'IsArrow', 'IsAttackDrone', 'IsAvatar', 'IsBarrieCannon', 'IsBirthIslandFeature', 'IsBlackHole', 'IsBlastingC4', 'IsBleachGame', 'IsBleachSpirit', 'IsBomb', 'IsBombSite', 'IsBuilding', 'IsCameraHitMe', 'IsChaosUav', 'IsCombatAvatar', 'IsCombatAvatarSniper', 'IsCombatAvatarZombieXray', 'IsCombatBillboard', 'IsCombatTeam', 'IsCombatUnit', 'IsContrabandPlane', 'IsContractDesk', 'IsCrack', 'IsCrow', 'IsCurTakeCompoundBowWeapon', 'IsCurTakeDualGunWeapon', 'IsCurTakeGunMeleeWeapon', 'IsCurTakeGunWeapon', 'IsCurTakeLeftHandSpecialWeapon', 'IsCurTakeLeftHandThrowableWeapon', 'IsCurTakeLeftHandWeapon', 'IsCurTakeMainWeapon', 'IsCurTakeMeleeWeapon', 'IsCurTakeMissileWeapon', 'IsCurTakeRightHandThrowableWeapon', 'IsCurTakeSpWeapon', 'IsCurTakeSubWeapon', 'IsCureUav', 'IsCureUavFix', 'IsCureUavShield', 'IsDestructible', 'IsDmzContainer', 'IsDmzMonster', 'IsDoubleDanceField', 'IsDummyCombatAvatar', 'IsEmoteTree', 'IsEnergyStronghold', 'IsEntityAttach', 'IsEntityMaster', 'IsEvaGame', 'IsEvaMonster', 'IsEvoPlatform', 'IsExecuteFps', 'IsFlagSF', 'IsFootball', 'IsFormationRobot', 'IsGameLogic', 'IsGasStation', 'IsGiantMonster', 'IsGlass', 'IsGroupDanceField', 'IsHelenAI', 'IsHiderClone', 'IsHolographicRobot', 'IsIceWall', 'IsIgnoreCue', 'IsInDoubleEmote', 'IsInExecute', 'IsInShowToplogoByExposeTalentDuration', 'IsItem', 'IsItemSpaceSnare', 'IsJurenFlyAirSlashActive', 'IsJurenFlyFuelDisplayWeapon', 'IsJurenFlyFuelDisplayWeaponActive', 'IsMagicField', 'IsMeowDanceActive', 'IsMineral', 'IsMonitorMissile', 'IsMonster', 'IsMoveRecoverHpArmorActive', 'IsMovingPlatform', 'IsNavigateBarrieCannon', 'IsNewCrystalMonster', 'IsObserveAvatar', 'IsOccupyContractTarget', 'IsOccupyContractTargetNew', 'IsOilbox', 'IsOverloadGift', 'IsPanpan', 'IsPhyBall', 'IsPlayerCombatAvatar', 'IsPlayerObserveAvatar', 'IsPortableShop', 'IsPosterBoard', 'IsRPGMissile', 'IsReplayPuppet', 'IsReplayRecorder', 'IsRobotCombatAvatar', 'IsRobotCombatAvatarZombie', 'IsSafeBox', 'IsSaveDrone', 'IsSaveMachine', 'IsScoutArrow', 'IsSearchContractBox', 'IsSevenSinsGame', 'IsShield', 'IsShootingRange', 'IsShootingRangeToplogoReady', 'IsShop', 'IsSimpleCombatUnit', 'IsSkillTalentFull', 'IsSkullBomb', 'IsSkywingParaPresentationActive', 'IsSoulAvatar', 'IsSpellDrone', 'IsStickyMaster', 'IsStonePilar', 'IsStronghold', 'IsStropUav', 'IsSupply', 'IsSwordSpirit', 'IsSyncTransEntity', 'IsSystemKiller', 'IsTimeSpear', 'IsTitan2ArmorCameraEffectDisabled', 'IsTitan2Game', 'IsTitan2Stronghold', 'IsTitan2StrongholdChest', 'IsTra...
ATTR anHc8gdJAQSVJxLw.IsATM type=<class 'bool'> val=False
ATTR anHc8gdJAQSVJxLw.IsATMGuardAI type=<class 'bool'> val=False
ATTR anHc8gdJAQSVJxLw.IsAirDrop type=<class 'bool'> val=False
ATTR anHc8gdJAQSVJxLw.IsAltar type=<class 'bool'> val=False
ATTR anHc8gdJAQSVJxLw.IsAmmoBox type=<class 'bool'> val=False
ATTR anHc8gdJAQSVJxLw.IsArrow type=<class 'bool'> val=False
ATTR anHc8gdJAQSVJxLw.IsAttackDrone type=<class 'bool'> val=False
ATTR anHc8gdJAQSVJxLw.IsAvatar type=<class 'bool'> val=False
ATTR anHc8gdJAQSVJxLw.IsBarrieCannon type=<class 'bool'> val=False
ATTR anHc8gdJAQSVJxLw.IsBlackHole type=<class 'bool'> val=False
ATTR anHc8gdJAQSVJxLw.IsBlastingC4 type=<class 'bool'> val=False
ATTR anHc8gdJAQSVJxLw.IsBleachGame type=<class 'bool'> val=False
ATTR anHc8gdJAQSVJxLw.IsBleachSpirit type=<class 'bool'> val=False
ATTR anHc8gdJAQSVJxLw.IsBomb type=<class 'bool'> val=False
ATTR anHc8gdJAQSVJxLw.IsBombSite type=<class 'bool'> val=False
ATTR anHc8gdJAQSVJxLw.IsBuilding type=<class 'bool'> val=False
ATTR anHc8gdJAQSVJxLw.IsChaosUav type=<class 'bool'> val=False
ATTR anHc8gdJAQSVJxLw.IsCombatAvatar type=<class 'bool'> val=True
ATTR anHc8gdJAQSVJxLw.IsCombatAvatarSniper type=<class 'bool'> val=False
ATTR anHc8gdJAQSVJxLw.IsCombatAvatarZombieXray type=<class 'bool'> val=False
ATTR anHc8gdJAQSVJxLw.IsCombatBillboard type=<class 'bool'> val=False
ATTR anHc8gdJAQSVJxLw.IsCombatTeam type=<class 'bool'> val=False
ATTR anHc8gdJAQSVJxLw.IsCombatUnit type=<class 'bool'> val=True
ATTR anHc8gdJAQSVJxLw.IsContrabandPlane type=<class 'bool'> val=False
ATTR anHc8gdJAQSVJxLw.IsContractDesk type=<class 'bool'> val=False
ATTR anHc8gdJAQSVJxLw.IsCrack type=<class 'bool'> val=False
ATTR anHc8gdJAQSVJxLw.IsCrow type=<class 'bool'> val=False
ATTR anHc8gdJAQSVJxLw.IsCureUav type=<class 'bool'> val=False
ATTR anHc8gdJAQSVJxLw.IsCureUavFix type=<class 'bool'> val=False
ATTR anHc8gdJAQSVJxLw.IsCureUavShield type=<class 'bool'> val=False
ATTR anHc8gdJAQSVJxLw.IsDestructible type=<class 'bool'> val=False
ATTR anHc8gdJAQSVJxLw.IsDmzContainer type=<class 'bool'> val=False
ATTR anHc8gdJAQSVJxLw.IsDmzMonster type=<class 'bool'> val=False
ATTR anHc8gdJAQSVJxLw.IsDoubleDanceField type=<class 'bool'> val=False
ATTR anHc8gdJAQSVJxLw.IsDummyCombatAvatar type=<class 'bool'> val=False
ATTR anHc8gdJAQSVJxLw.IsEmoteTree type=<class 'bool'> val=False
ATTR anHc8gdJAQSVJxLw.IsEnergyStronghold type=<class 'bool'> val=False
ATTR anHc8gdJAQSVJxLw.IsEntityAttach type=<class 'bool'> val=False
ATTR anHc8gdJAQSVJxLw.IsEntityMaster type=<class 'bool'> val=False
ATTR anHc8gdJAQSVJxLw.IsEvaGame type=<class 'bool'> val=False
ATTR anHc8gdJAQSVJxLw.IsEvaMonster type=<class 'bool'> val=False
ATTR anHc8gdJAQSVJxLw.IsEvoPlatform type=<class 'bool'> val=False
ATTR anHc8gdJAQSVJxLw.IsFlagSF type=<class 'bool'> val=False
ATTR anHc8gdJAQSVJxLw.IsFootball type=<class 'bool'> val=False
ATTR anHc8gdJAQSVJxLw.IsFormationRobot type=<class 'bool'> val=False
ATTR anHc8gdJAQSVJxLw.IsGameLogic type=<class 'bool'> val=False
ATTR anHc8gdJAQSVJxLw.IsGasStation type=<class 'bool'> val=False
ATTR anHc8gdJAQSVJxLw.IsGiantMonster type=<class 'bool'> val=False
ATTR anHc8gdJAQSVJxLw.IsGlass type=<class 'bool'> val=False
ATTR anHc8gdJAQSVJxLw.IsGroupDanceField type=<class 'bool'> val=False
ATTR anHc8gdJAQSVJxLw.IsHelenAI type=<class 'bool'> val=False
ATTR anHc8gdJAQSVJxLw.IsHiderClone type=<class 'bool'> val=False
ATTR anHc8gdJAQSVJxLw.IsHolographicRobot type=<class 'bool'> val=False
ATTR anHc8gdJAQSVJxLw.IsIceWall type=<class 'bool'> val=False
ATTR anHc8gdJAQSVJxLw.IsIgnoreCue type=<class 'bool'> val=False
ATTR anHc8gdJAQSVJxLw.IsItem type=<class 'bool'> val=False
ATTR anHc8gdJAQSVJxLw.IsItemSpaceSnare type=<class 'bool'> val=False
ATTR anHc8gdJAQSVJxLw.IsMagicField type=<class 'bool'> val=False
ATTR anHc8gdJAQSVJxLw.IsMineral type=<class 'bool'> val=False
ATTR anHc8gdJAQSVJxLw.IsMonitorMissile type=<class 'bool'> val=False
ATTR anHc8gdJAQSVJxLw.IsMonster type=<class 'bool'> val=False
ATTR anHc8gdJAQSVJxLw.IsMovingPlatform type=<class 'bool'> val=False
ATTR anHc8gdJAQSVJxLw.IsNavigateBarrieCannon type=<class 'bool'> val=False
ATTR anHc8gdJAQSVJxLw.IsNewCrystalMonster type=<class 'bool'> val=False
ATTR anHc8gdJAQSVJxLw.IsObserveAvatar type=<class 'bool'> val=False
ATTR anHc8gdJAQSVJxLw.IsOccupyContractTarget type=<class 'bool'> val=False
ATTR anHc8gdJAQSVJxLw.IsOccupyContractTargetNew type=<class 'bool'> val=False
ATTR anHc8gdJAQSVJxLw.IsOilbox type=<class 'bool'> val=False
ATTR anHc8gdJAQSVJxLw.IsOverloadGift type=<class 'bool'> val=False
ATTR anHc8gdJAQSVJxLw.IsPanpan type=<class 'bool'> val=False
ATTR anHc8gdJAQSVJxLw.IsPhyBall type=<class 'bool'> val=False
ATTR anHc8gdJAQSVJxLw.IsPlayerCombatAvatar type=<class 'bool'> val=False
ATTR anHc8gdJAQSVJxLw.IsPlayerObserveAvatar type=<class 'bool'> val=False
ATTR anHc8gdJAQSVJxLw.IsPortableShop type=<class 'bool'> val=False
ATTR anHc8gdJAQSVJxLw.IsPosterBoard type=<class 'bool'> val=False
ATTR anHc8gdJAQSVJxLw.IsRPGMissile type=<class 'bool'> val=False
ATTR anHc8gdJAQSVJxLw.IsReplayPuppet type=<class 'bool'> val=False
ATTR anHc8gdJAQSVJxLw.IsReplayRecorder type=<class 'bool'> val=False
ATTR anHc8gdJAQSVJxLw.IsRobotCombatAvatar type=<class 'bool'> val=True
ATTR anHc8gdJAQSVJxLw.IsRobotCombatAvatarZombie type=<class 'bool'> val=False
ATTR anHc8gdJAQSVJxLw.IsSafeBox type=<class 'bool'> val=False
ATTR anHc8gdJAQSVJxLw.IsSaveDrone type=<class 'bool'> val=False
ATTR anHc8gdJAQSVJxLw.IsSaveMachine type=<class 'bool'> val=False
ATTR anHc8gdJAQSVJxLw.IsScoutArrow type=<class 'bool'> val=False
ATTR anHc8gdJAQSVJxLw.IsSearchContractBox type=<class 'bool'> val=False
ATTR anHc8gdJAQSVJxLw.IsSevenSinsGame type=<class 'bool'> val=False
ATTR anHc8gdJAQSVJxLw.IsShield type=<class 'bool'> val=False
ATTR anHc8gdJAQSVJxLw.IsShootingRange type=<class 'bool'> val=False
ATTR anHc8gdJAQSVJxLw.IsShop type=<class 'bool'> val=False
ATTR anHc8gdJAQSVJxLw.IsSimpleCombatUnit type=<class 'bool'> val=True
ATTR anHc8gdJAQSVJxLw.IsSkullBomb type=<class 'bool'> val=False
ATTR anHc8gdJAQSVJxLw.IsSoulAvatar type=<class 'bool'> val=False
ATTR anHc8gdJAQSVJxLw.IsSpellDrone type=<class 'bool'> val=False
ATTR anHc8gdJAQSVJxLw.IsStickyMaster type=<class 'bool'> val=False
ATTR anHc8gdJAQSVJxLw.IsStonePilar type=<class 'bool'> val=False
ATTR anHc8gdJAQSVJxLw.IsStronghold type=<class 'bool'> val=False
ATTR anHc8gdJAQSVJxLw.IsStropUav type=<class 'bool'> val=False
ATTR anHc8gdJAQSVJxLw.IsSupply type=<class 'bool'> val=False
ATTR anHc8gdJAQSVJxLw.IsSwordSpirit type=<class 'bool'> val=False
ATTR anHc8gdJAQSVJxLw.IsSyncTransEntity type=<class 'bool'> val=False
ATTR anHc8gdJAQSVJxLw.IsSystemKiller type=<class 'bool'> val=False
ATTR anHc8gdJAQSVJxLw.IsTimeSpear type=<class 'bool'> val=False
ATTR anHc8gdJAQSVJxLw.IsTitan2Game type=<class 'bool'> val=False
ATTR anHc8gdJAQSVJxLw.IsTitan2Stronghold type=<class 'bool'> val=False
ATTR anHc8gdJAQSVJxLw.IsTitan2StrongholdChest type=<class 'bool'> val=False
ATTR anHc8gdJAQSVJxLw.IsTransferBomb type=<class 'bool'> val=False
ATTR anHc8gdJAQSVJxLw.IsUavShield type=<class 'bool'> val=False
ATTR anHc8gdJAQSVJxLw.IsUltraMegaEnergy type=<class 'bool'> val=False
ATTR anHc8gdJAQSVJxLw.IsUltraMegaGame type=<class 'bool'> val=False
ATTR anHc8gdJAQSVJxLw.IsVehicle type=<class 'bool'> val=False
ATTR anHc8gdJAQSVJxLw.IsVirtualInteractionEntity type=<class 'bool'> val=False
ATTR anHc8gdJAQSVJxLw.IsVisible type=<class 'bool'> val=True
ATTR anHc8gdJAQSVJxLw._combat_team type=<class 'NoneType'> val=None
ATTR anHc8gdJAQSVJxLw._enter_house_name type=<class 'NoneType'> val=None
ATTR anHc8gdJAQSVJxLw._enter_house_range_name type=<class 'str'> val=''
ATTR anHc8gdJAQSVJxLw._jersey_resource_updated_bound type=<class 'bool'> val=True
ATTR anHc8gdJAQSVJxLw.ads_mark_pos_avatars type=<class 'list'> val=[]
ATTR anHc8gdJAQSVJxLw.ai_bind_target_pos FAIL error('unpack requires a buffer of 6 bytes')
ATTR anHc8gdJAQSVJxLw.born_pos type=<class 'tuple'> val=(26.299999237060547, 0.0, 2.5999999046325684)
ATTR anHc8gdJAQSVJxLw.can_shoot_player_for_sound type=<class 'bool'> val=True
ATTR anHc8gdJAQSVJxLw.combat_team type=<class 'NoneType'> val=None
ATTR anHc8gdJAQSVJxLw.cur_active_world_field_id type=<class 'NoneType'> val=None
ATTR anHc8gdJAQSVJxLw.execute_player_pre_pos type=<class 'NoneType'> val=None
ATTR anHc8gdJAQSVJxLw.execute_player_yaw type=<class 'NoneType'> val=None
ATTR anHc8gdJAQSVJxLw.expose_killed_enemy_pos_timer type=<class 'NoneType'> val=None
ATTR anHc8gdJAQSVJxLw.expose_talent_end_stamp type=<class 'NoneType'> val=None
ATTR anHc8gdJAQSVJxLw.fsm_ads_mark_pos type=<class 'NoneType'> val=None
ATTR anHc8gdJAQSVJxLw.fsm_enemy_toplogo type=<class 'NoneType'> val=None
ATTR anHc8gdJAQSVJxLw.grappling_hook_target_pos type=<class 'NoneType'> val=None
ATTR anHc8gdJAQSVJxLw.heartbeat_avatar_cache_info type=<class 'dict'> val={}
ATTR anHc8gdJAQSVJxLw.in_same_house_with_player type=<class 'bool'> val=True
ATTR anHc8gdJAQSVJxLw.init_toplogo_ui type=<class 'bool'> val=True
ATTR anHc8gdJAQSVJxLw.is_dead_state type=<class 'bool'> val=False
ATTR anHc8gdJAQSVJxLw.is_fps_avatar type=<class 'bool'> val=False
ATTR anHc8gdJAQSVJxLw.is_hit_robot type=<class 'bool'> val=False
ATTR anHc8gdJAQSVJxLw.is_pose_sender_enabled type=<class 'bool'> val=False
ATTR anHc8gdJAQSVJxLw.is_replay_avatar type=<class 'bool'> val=False
ATTR anHc8gdJAQSVJxLw.is_robot_idle type=<class 'bool'> val=True
ATTR anHc8gdJAQSVJxLw.juren_hook_pos_left type=<class 'NoneType'> val=None
ATTR anHc8gdJAQSVJxLw.juren_hook_pos_right type=<class 'NoneType'> val=None
ATTR anHc8gdJAQSVJxLw.knock_down_team_enemy_pos_timer type=<class 'NoneType'> val=None
ATTR anHc8gdJAQSVJxLw.missile_indicate_pos type=<class 'NoneType'> val=None
ATTR anHc8gdJAQSVJxLw.pos type=<class 'tuple'> val=(26.299999237060547, 0.0, 2.5999999046325684)
ATTR anHc8gdJAQSVJxLw.pose_type type=<class 'int'> val=0
ATTR anHc8gdJAQSVJxLw.position type=<class 'tuple'> val=(26.323650360107422, 0.07277331501245499, 2.5989699363708496)
ATTR anHc8gdJAQSVJxLw.recon_drone_frame_top_logo type=<class 'NoneType'> val=None
ATTR anHc8gdJAQSVJxLw.samurai_sprint_pos type=<class 'NoneType'> val=None
ATTR anHc8gdJAQSVJxLw.show_gothic_avatar_ids type=<class 'list'> val=[]
ATTR anHc8gdJAQSVJxLw.teammate_info type=<class 'dict'> val={}
ATTR anHc8gdJAQSVJxLw.toplogo type=<class 'gclient.gameplay.logic_base.comps.avatar_scene_node.AvatarSceneNode'> val=<gclient.gameplay.logic_base.comps.avatar_scene_node.AvatarSceneNode object at 0x00000170A2B02270>
ATTR anHc8gdJAQSVJxLw.toplogo_border_widget type=<class 'NoneType'> val=None
ATTR anHc8gdJAQSVJxLw.toplogo_widget type=<class 'gclient.framework.commoncomps.toplogo_component.TopLogoUINode'> val=<gclient.framework.commoncomps.toplogo_component.TopLogoUINode object(Node) at 0x170998E7330>
ATTR anHc8gdJAQSVJxLw.toplogo_widget_hidden_reason type=<class 'int'> val=0
ATTR anHc8gdJAQSVJxLw.world_fields type=<class 'list'> val=[]
CALL anHc8gdJAQSVJxLw.CanShowEnemyToplogo() => True
CALL anHc8gdJAQSVJxLw.CanShowEnemyToplogoBar() => True
ENTITY anHc8gdJAQSVJxLs <RobotCombatAvatarShootingRange(anHc8gdJAQSVJxLs)> class=<class 'gclient.gameplay.logic_shootingrange.combat_avatar_shootingrange.RobotCombatAvatarShootingRange'>
DIR anHc8gdJAQSVJxLs ['AIOnQueryRandomPos', 'AIQueryRandomPos', 'AIQueryTeamMembers', 'AddLowHpEffect', 'AddTopLogoHiddenReason', 'AddTopLogoWidgetHiddenReason', 'AddToplogoVisibleTick', 'AddWorldField', 'CanLimitFrameInvisible', 'CanShowEnemyToplogo', 'CanShowEnemyToplogoBar', 'CanShowToplogoBarWhenGetHit', 'CancelExposeKilledEnemyTimer', 'CancelFeelHpTimer', 'CancelKnockDownTeamTimer', 'CancelLowHpEffectTimer', 'ChangePoseType', 'CheckIsOutDoor', 'CheckUavEnemyPosValid', 'ClearLowHpEffect', 'CreateToplogo', 'CreateWorldFieldFollow', 'DestroyReconDroneMarkFrame', 'DetectVisibleTargetInEmote', 'DisEnableSpecifyWorldField', 'DisableInvisibleFrameLimit', 'DoGrapplingHookAvatarFly', 'DrawReconDroneMarkFrame', 'EnableReplayTickForServerRobot', 'EnableSpecifyWorldField', 'EnemyTopLogoTimer', 'EnsureShootingRangeToplogo', 'ExposeKilledTeamEnemyPos', 'ExposeKilledTeamEnemyPosTick', 'ExposeKnockDownTeamPos', 'ExposeKnockDownTeamPosTick', 'FeelLowHpEnemyTick', 'ForceDropAllWeaponForAvatar', 'GetExecuteUpdatePosType', 'GetFireWallPlacePosition', 'GetFireWallPlacePositionH', 'GetFireWallPlacePositionV', 'GetInHouseName', 'GetParanoiaPlacePosition', 'GetPlacePosition', 'GetPrePlaceEntityPosition', 'GetPrePlaceEntityPosition225', 'GetPrePlaceEntityPosition234', 'GetPrePlaceEntityPosition510', 'GetPrePlaceEntityPosition588', 'GetTeammateColorIndex', 'GetTeammateIndex', 'GetTeammateInfo', 'HideAttachModelForDead', 'HideEnemyTopLogo', 'InitAvatarModel', 'IsATM', 'IsATMGuardAI', 'IsAirDrop', 'IsAltar', 'IsAmmoBox', 'IsArrow', 'IsAttackDrone', 'IsAvatar', 'IsBarrieCannon', 'IsBirthIslandFeature', 'IsBlackHole', 'IsBlastingC4', 'IsBleachGame', 'IsBleachSpirit', 'IsBomb', 'IsBombSite', 'IsBuilding', 'IsCameraHitMe', 'IsChaosUav', 'IsCombatAvatar', 'IsCombatAvatarSniper', 'IsCombatAvatarZombieXray', 'IsCombatBillboard', 'IsCombatTeam', 'IsCombatUnit', 'IsContrabandPlane', 'IsContractDesk', 'IsCrack', 'IsCrow', 'IsCurTakeCompoundBowWeapon', 'IsCurTakeDualGunWeapon', 'IsCurTakeGunMeleeWeapon', 'IsCurTakeGunWeapon', 'IsCurTakeLeftHandSpecialWeapon', 'IsCurTakeLeftHandThrowableWeapon', 'IsCurTakeLeftHandWeapon', 'IsCurTakeMainWeapon', 'IsCurTakeMeleeWeapon', 'IsCurTakeMissileWeapon', 'IsCurTakeRightHandThrowableWeapon', 'IsCurTakeSpWeapon', 'IsCurTakeSubWeapon', 'IsCureUav', 'IsCureUavFix', 'IsCureUavShield', 'IsDestructible', 'IsDmzContainer', 'IsDmzMonster', 'IsDoubleDanceField', 'IsDummyCombatAvatar', 'IsEmoteTree', 'IsEnergyStronghold', 'IsEntityAttach', 'IsEntityMaster', 'IsEvaGame', 'IsEvaMonster', 'IsEvoPlatform', 'IsExecuteFps', 'IsFlagSF', 'IsFootball', 'IsFormationRobot', 'IsGameLogic', 'IsGasStation', 'IsGiantMonster', 'IsGlass', 'IsGroupDanceField', 'IsHelenAI', 'IsHiderClone', 'IsHolographicRobot', 'IsIceWall', 'IsIgnoreCue', 'IsInDoubleEmote', 'IsInExecute', 'IsInShowToplogoByExposeTalentDuration', 'IsItem', 'IsItemSpaceSnare', 'IsJurenFlyAirSlashActive', 'IsJurenFlyFuelDisplayWeapon', 'IsJurenFlyFuelDisplayWeaponActive', 'IsMagicField', 'IsMeowDanceActive', 'IsMineral', 'IsMonitorMissile', 'IsMonster', 'IsMoveRecoverHpArmorActive', 'IsMovingPlatform', 'IsNavigateBarrieCannon', 'IsNewCrystalMonster', 'IsObserveAvatar', 'IsOccupyContractTarget', 'IsOccupyContractTargetNew', 'IsOilbox', 'IsOverloadGift', 'IsPanpan', 'IsPhyBall', 'IsPlayerCombatAvatar', 'IsPlayerObserveAvatar', 'IsPortableShop', 'IsPosterBoard', 'IsRPGMissile', 'IsReplayPuppet', 'IsReplayRecorder', 'IsRobotCombatAvatar', 'IsRobotCombatAvatarZombie', 'IsSafeBox', 'IsSaveDrone', 'IsSaveMachine', 'IsScoutArrow', 'IsSearchContractBox', 'IsSevenSinsGame', 'IsShield', 'IsShootingRange', 'IsShootingRangeToplogoReady', 'IsShop', 'IsSimpleCombatUnit', 'IsSkillTalentFull', 'IsSkullBomb', 'IsSkywingParaPresentationActive', 'IsSoulAvatar', 'IsSpellDrone', 'IsStickyMaster', 'IsStonePilar', 'IsStronghold', 'IsStropUav', 'IsSupply', 'IsSwordSpirit', 'IsSyncTransEntity', 'IsSystemKiller', 'IsTimeSpear', 'IsTitan2ArmorCameraEffectDisabled', 'IsTitan2Game', 'IsTitan2Stronghold', 'IsTitan2StrongholdChest', 'IsTra...
ATTR anHc8gdJAQSVJxLs.IsATM type=<class 'bool'> val=False
ATTR anHc8gdJAQSVJxLs.IsATMGuardAI type=<class 'bool'> val=False
ATTR anHc8gdJAQSVJxLs.IsAirDrop type=<class 'bool'> val=False
ATTR anHc8gdJAQSVJxLs.IsAltar type=<class 'bool'> val=False
ATTR anHc8gdJAQSVJxLs.IsAmmoBox type=<class 'bool'> val=False
ATTR anHc8gdJAQSVJxLs.IsArrow type=<class 'bool'> val=False
ATTR anHc8gdJAQSVJxLs.IsAttackDrone type=<class 'bool'> val=False
ATTR anHc8gdJAQSVJxLs.IsAvatar type=<class 'bool'> val=False
ATTR anHc8gdJAQSVJxLs.IsBarrieCannon type=<class 'bool'> val=False
ATTR anHc8gdJAQSVJxLs.IsBlackHole type=<class 'bool'> val=False
ATTR anHc8gdJAQSVJxLs.IsBlastingC4 type=<class 'bool'> val=False
ATTR anHc8gdJAQSVJxLs.IsBleachGame type=<class 'bool'> val=False
ATTR anHc8gdJAQSVJxLs.IsBleachSpirit type=<class 'bool'> val=False
ATTR anHc8gdJAQSVJxLs.IsBomb type=<class 'bool'> val=False
ATTR anHc8gdJAQSVJxLs.IsBombSite type=<class 'bool'> val=False
ATTR anHc8gdJAQSVJxLs.IsBuilding type=<class 'bool'> val=False
ATTR anHc8gdJAQSVJxLs.IsChaosUav type=<class 'bool'> val=False
ATTR anHc8gdJAQSVJxLs.IsCombatAvatar type=<class 'bool'> val=True
ATTR anHc8gdJAQSVJxLs.IsCombatAvatarSniper type=<class 'bool'> val=False
ATTR anHc8gdJAQSVJxLs.IsCombatAvatarZombieXray type=<class 'bool'> val=False
ATTR anHc8gdJAQSVJxLs.IsCombatBillboard type=<class 'bool'> val=False
ATTR anHc8gdJAQSVJxLs.IsCombatTeam type=<class 'bool'> val=False
ATTR anHc8gdJAQSVJxLs.IsCombatUnit type=<class 'bool'> val=True
ATTR anHc8gdJAQSVJxLs.IsContrabandPlane type=<class 'bool'> val=False
ATTR anHc8gdJAQSVJxLs.IsContractDesk type=<class 'bool'> val=False
ATTR anHc8gdJAQSVJxLs.IsCrack type=<class 'bool'> val=False
ATTR anHc8gdJAQSVJxLs.IsCrow type=<class 'bool'> val=False
ATTR anHc8gdJAQSVJxLs.IsCureUav type=<class 'bool'> val=False
ATTR anHc8gdJAQSVJxLs.IsCureUavFix type=<class 'bool'> val=False
ATTR anHc8gdJAQSVJxLs.IsCureUavShield type=<class 'bool'> val=False
ATTR anHc8gdJAQSVJxLs.IsDestructible type=<class 'bool'> val=False
ATTR anHc8gdJAQSVJxLs.IsDmzContainer type=<class 'bool'> val=False
ATTR anHc8gdJAQSVJxLs.IsDmzMonster type=<class 'bool'> val=False
ATTR anHc8gdJAQSVJxLs.IsDoubleDanceField type=<class 'bool'> val=False
ATTR anHc8gdJAQSVJxLs.IsDummyCombatAvatar type=<class 'bool'> val=False
ATTR anHc8gdJAQSVJxLs.IsEmoteTree type=<class 'bool'> val=False
ATTR anHc8gdJAQSVJxLs.IsEnergyStronghold type=<class 'bool'> val=False
ATTR anHc8gdJAQSVJxLs.IsEntityAttach type=<class 'bool'> val=False
ATTR anHc8gdJAQSVJxLs.IsEntityMaster type=<class 'bool'> val=False
ATTR anHc8gdJAQSVJxLs.IsEvaGame type=<class 'bool'> val=False
ATTR anHc8gdJAQSVJxLs.IsEvaMonster type=<class 'bool'> val=False
ATTR anHc8gdJAQSVJxLs.IsEvoPlatform type=<class 'bool'> val=False
ATTR anHc8gdJAQSVJxLs.IsFlagSF type=<class 'bool'> val=False
ATTR anHc8gdJAQSVJxLs.IsFootball type=<class 'bool'> val=False
ATTR anHc8gdJAQSVJxLs.IsFormationRobot type=<class 'bool'> val=False
ATTR anHc8gdJAQSVJxLs.IsGameLogic type=<class 'bool'> val=False
ATTR anHc8gdJAQSVJxLs.IsGasStation type=<class 'bool'> val=False
ATTR anHc8gdJAQSVJxLs.IsGiantMonster type=<class 'bool'> val=False
ATTR anHc8gdJAQSVJxLs.IsGlass type=<class 'bool'> val=False
ATTR anHc8gdJAQSVJxLs.IsGroupDanceField type=<class 'bool'> val=False
ATTR anHc8gdJAQSVJxLs.IsHelenAI type=<class 'bool'> val=False
ATTR anHc8gdJAQSVJxLs.IsHiderClone type=<class 'bool'> val=False
ATTR anHc8gdJAQSVJxLs.IsHolographicRobot type=<class 'bool'> val=False
ATTR anHc8gdJAQSVJxLs.IsIceWall type=<class 'bool'> val=False
ATTR anHc8gdJAQSVJxLs.IsIgnoreCue type=<class 'bool'> val=False
ATTR anHc8gdJAQSVJxLs.IsItem type=<class 'bool'> val=False
ATTR anHc8gdJAQSVJxLs.IsItemSpaceSnare type=<class 'bool'> val=False
ATTR anHc8gdJAQSVJxLs.IsMagicField type=<class 'bool'> val=False
ATTR anHc8gdJAQSVJxLs.IsMineral type=<class 'bool'> val=False
ATTR anHc8gdJAQSVJxLs.IsMonitorMissile type=<class 'bool'> val=False
ATTR anHc8gdJAQSVJxLs.IsMonster type=<class 'bool'> val=False
ATTR anHc8gdJAQSVJxLs.IsMovingPlatform type=<class 'bool'> val=False
ATTR anHc8gdJAQSVJxLs.IsNavigateBarrieCannon type=<class 'bool'> val=False
ATTR anHc8gdJAQSVJxLs.IsNewCrystalMonster type=<class 'bool'> val=False
ATTR anHc8gdJAQSVJxLs.IsObserveAvatar type=<class 'bool'> val=False
ATTR anHc8gdJAQSVJxLs.IsOccupyContractTarget type=<class 'bool'> val=False
ATTR anHc8gdJAQSVJxLs.IsOccupyContractTargetNew type=<class 'bool'> val=False
ATTR anHc8gdJAQSVJxLs.IsOilbox type=<class 'bool'> val=False
ATTR anHc8gdJAQSVJxLs.IsOverloadGift type=<class 'bool'> val=False
ATTR anHc8gdJAQSVJxLs.IsPanpan type=<class 'bool'> val=False
ATTR anHc8gdJAQSVJxLs.IsPhyBall type=<class 'bool'> val=False
ATTR anHc8gdJAQSVJxLs.IsPlayerCombatAvatar type=<class 'bool'> val=False
ATTR anHc8gdJAQSVJxLs.IsPlayerObserveAvatar type=<class 'bool'> val=False
ATTR anHc8gdJAQSVJxLs.IsPortableShop type=<class 'bool'> val=False
ATTR anHc8gdJAQSVJxLs.IsPosterBoard type=<class 'bool'> val=False
ATTR anHc8gdJAQSVJxLs.IsRPGMissile type=<class 'bool'> val=False
ATTR anHc8gdJAQSVJxLs.IsReplayPuppet type=<class 'bool'> val=False
ATTR anHc8gdJAQSVJxLs.IsReplayRecorder type=<class 'bool'> val=False
ATTR anHc8gdJAQSVJxLs.IsRobotCombatAvatar type=<class 'bool'> val=True
ATTR anHc8gdJAQSVJxLs.IsRobotCombatAvatarZombie type=<class 'bool'> val=False
ATTR anHc8gdJAQSVJxLs.IsSafeBox type=<class 'bool'> val=False
ATTR anHc8gdJAQSVJxLs.IsSaveDrone type=<class 'bool'> val=False
ATTR anHc8gdJAQSVJxLs.IsSaveMachine type=<class 'bool'> val=False
ATTR anHc8gdJAQSVJxLs.IsScoutArrow type=<class 'bool'> val=False
ATTR anHc8gdJAQSVJxLs.IsSearchContractBox type=<class 'bool'> val=False
ATTR anHc8gdJAQSVJxLs.IsSevenSinsGame type=<class 'bool'> val=False
ATTR anHc8gdJAQSVJxLs.IsShield type=<class 'bool'> val=False
ATTR anHc8gdJAQSVJxLs.IsShootingRange type=<class 'bool'> val=False
ATTR anHc8gdJAQSVJxLs.IsShop type=<class 'bool'> val=False
ATTR anHc8gdJAQSVJxLs.IsSimpleCombatUnit type=<class 'bool'> val=True
ATTR anHc8gdJAQSVJxLs.IsSkullBomb type=<class 'bool'> val=False
ATTR anHc8gdJAQSVJxLs.IsSoulAvatar type=<class 'bool'> val=False
ATTR anHc8gdJAQSVJxLs.IsSpellDrone type=<class 'bool'> val=False
ATTR anHc8gdJAQSVJxLs.IsStickyMaster type=<class 'bool'> val=False
ATTR anHc8gdJAQSVJxLs.IsStonePilar type=<class 'bool'> val=False
ATTR anHc8gdJAQSVJxLs.IsStronghold type=<class 'bool'> val=False
ATTR anHc8gdJAQSVJxLs.IsStropUav type=<class 'bool'> val=False
ATTR anHc8gdJAQSVJxLs.IsSupply type=<class 'bool'> val=False
ATTR anHc8gdJAQSVJxLs.IsSwordSpirit type=<class 'bool'> val=False
ATTR anHc8gdJAQSVJxLs.IsSyncTransEntity type=<class 'bool'> val=False
ATTR anHc8gdJAQSVJxLs.IsSystemKiller type=<class 'bool'> val=False
ATTR anHc8gdJAQSVJxLs.IsTimeSpear type=<class 'bool'> val=False
ATTR anHc8gdJAQSVJxLs.IsTitan2Game type=<class 'bool'> val=False
ATTR anHc8gdJAQSVJxLs.IsTitan2Stronghold type=<class 'bool'> val=False
ATTR anHc8gdJAQSVJxLs.IsTitan2StrongholdChest type=<class 'bool'> val=False
ATTR anHc8gdJAQSVJxLs.IsTransferBomb type=<class 'bool'> val=False
ATTR anHc8gdJAQSVJxLs.IsUavShield type=<class 'bool'> val=False
ATTR anHc8gdJAQSVJxLs.IsUltraMegaEnergy type=<class 'bool'> val=False
ATTR anHc8gdJAQSVJxLs.IsUltraMegaGame type=<class 'bool'> val=False
ATTR anHc8gdJAQSVJxLs.IsVehicle type=<class 'bool'> val=False
ATTR anHc8gdJAQSVJxLs.IsVirtualInteractionEntity type=<class 'bool'> val=False
ATTR anHc8gdJAQSVJxLs.IsVisible type=<class 'bool'> val=True
ATTR anHc8gdJAQSVJxLs._combat_team type=<class 'NoneType'> val=None
ATTR anHc8gdJAQSVJxLs._enter_house_name type=<class 'NoneType'> val=None
ATTR anHc8gdJAQSVJxLs._enter_house_range_name type=<class 'str'> val=''
ATTR anHc8gdJAQSVJxLs._jersey_resource_updated_bound type=<class 'bool'> val=True
ATTR anHc8gdJAQSVJxLs.ads_mark_pos_avatars type=<class 'list'> val=[]
ATTR anHc8gdJAQSVJxLs.ai_bind_target_pos FAIL error('unpack requires a buffer of 6 bytes')
ATTR anHc8gdJAQSVJxLs.born_pos type=<class 'tuple'> val=(16.200000762939453, 0.0, -1.399999976158142)
ATTR anHc8gdJAQSVJxLs.can_shoot_player_for_sound type=<class 'bool'> val=True
ATTR anHc8gdJAQSVJxLs.combat_team type=<class 'NoneType'> val=None
ATTR anHc8gdJAQSVJxLs.cur_active_world_field_id type=<class 'NoneType'> val=None
ATTR anHc8gdJAQSVJxLs.execute_player_pre_pos type=<class 'NoneType'> val=None
ATTR anHc8gdJAQSVJxLs.execute_player_yaw type=<class 'NoneType'> val=None
ATTR anHc8gdJAQSVJxLs.expose_killed_enemy_pos_timer type=<class 'NoneType'> val=None
ATTR anHc8gdJAQSVJxLs.expose_talent_end_stamp type=<class 'NoneType'> val=None
ATTR anHc8gdJAQSVJxLs.fsm_ads_mark_pos type=<class 'NoneType'> val=None
ATTR anHc8gdJAQSVJxLs.fsm_enemy_toplogo type=<class 'NoneType'> val=None
ATTR anHc8gdJAQSVJxLs.grappling_hook_target_pos type=<class 'NoneType'> val=None
ATTR anHc8gdJAQSVJxLs.heartbeat_avatar_cache_info type=<class 'dict'> val={}
ATTR anHc8gdJAQSVJxLs.in_same_house_with_player type=<class 'bool'> val=True
ATTR anHc8gdJAQSVJxLs.init_toplogo_ui type=<class 'bool'> val=True
ATTR anHc8gdJAQSVJxLs.is_dead_state type=<class 'bool'> val=False
ATTR anHc8gdJAQSVJxLs.is_fps_avatar type=<class 'bool'> val=False
ATTR anHc8gdJAQSVJxLs.is_hit_robot type=<class 'bool'> val=False
ATTR anHc8gdJAQSVJxLs.is_pose_sender_enabled type=<class 'bool'> val=False
ATTR anHc8gdJAQSVJxLs.is_replay_avatar type=<class 'bool'> val=False
ATTR anHc8gdJAQSVJxLs.is_robot_idle type=<class 'bool'> val=True
ATTR anHc8gdJAQSVJxLs.juren_hook_pos_left type=<class 'NoneType'> val=None
ATTR anHc8gdJAQSVJxLs.juren_hook_pos_right type=<class 'NoneType'> val=None
ATTR anHc8gdJAQSVJxLs.knock_down_team_enemy_pos_timer type=<class 'NoneType'> val=None
ATTR anHc8gdJAQSVJxLs.missile_indicate_pos type=<class 'NoneType'> val=None
ATTR anHc8gdJAQSVJxLs.pos type=<class 'tuple'> val=(16.200000762939453, 0.0, -1.399999976158142)
ATTR anHc8gdJAQSVJxLs.pose_type type=<class 'int'> val=0
ATTR anHc8gdJAQSVJxLs.position type=<class 'tuple'> val=(16.224382400512695, 0.08436132222414017, -1.4008004665374756)
ATTR anHc8gdJAQSVJxLs.recon_drone_frame_top_logo type=<class 'NoneType'> val=None
ATTR anHc8gdJAQSVJxLs.samurai_sprint_pos type=<class 'NoneType'> val=None
ATTR anHc8gdJAQSVJxLs.show_gothic_avatar_ids type=<class 'list'> val=[]
ATTR anHc8gdJAQSVJxLs.teammate_info type=<class 'dict'> val={}
ATTR anHc8gdJAQSVJxLs.toplogo type=<class 'gclient.gameplay.logic_base.comps.avatar_scene_node.AvatarSceneNode'> val=<gclient.gameplay.logic_base.comps.avatar_scene_node.AvatarSceneNode object at 0x00000170A2B02F90>
ATTR anHc8gdJAQSVJxLs.toplogo_border_widget type=<class 'NoneType'> val=None
ATTR anHc8gdJAQSVJxLs.toplogo_widget type=<class 'gclient.framework.commoncomps.toplogo_component.TopLogoUINode'> val=<gclient.framework.commoncomps.toplogo_component.TopLogoUINode object(Node) at 0x170998E7AC0>
ATTR anHc8gdJAQSVJxLs.toplogo_widget_hidden_reason type=<class 'int'> val=0
ATTR anHc8gdJAQSVJxLs.world_fields type=<class 'list'> val=[]
CALL anHc8gdJAQSVJxLs.CanShowEnemyToplogo() => True
CALL anHc8gdJAQSVJxLs.CanShowEnemyToplogoBar() => True
ENTITY anHc8gdJAQSVJxL0 <RobotCombatAvatarShootingRange(anHc8gdJAQSVJxL0)> class=<class 'gclient.gameplay.logic_shootingrange.combat_avatar_shootingrange.RobotCombatAvatarShootingRange'>
DIR anHc8gdJAQSVJxL0 ['AIOnQueryRandomPos', 'AIQueryRandomPos', 'AIQueryTeamMembers', 'AddLowHpEffect', 'AddTopLogoHiddenReason', 'AddTopLogoWidgetHiddenReason', 'AddToplogoVisibleTick', 'AddWorldField', 'CanLimitFrameInvisible', 'CanShowEnemyToplogo', 'CanShowEnemyToplogoBar', 'CanShowToplogoBarWhenGetHit', 'CancelExposeKilledEnemyTimer', 'CancelFeelHpTimer', 'CancelKnockDownTeamTimer', 'CancelLowHpEffectTimer', 'ChangePoseType', 'CheckIsOutDoor', 'CheckUavEnemyPosValid', 'ClearLowHpEffect', 'CreateToplogo', 'CreateWorldFieldFollow', 'DestroyReconDroneMarkFrame', 'DetectVisibleTargetInEmote', 'DisEnableSpecifyWorldField', 'DisableInvisibleFrameLimit', 'DoGrapplingHookAvatarFly', 'DrawReconDroneMarkFrame', 'EnableReplayTickForServerRobot', 'EnableSpecifyWorldField', 'EnemyTopLogoTimer', 'EnsureShootingRangeToplogo', 'ExposeKilledTeamEnemyPos', 'ExposeKilledTeamEnemyPosTick', 'ExposeKnockDownTeamPos', 'ExposeKnockDownTeamPosTick', 'FeelLowHpEnemyTick', 'ForceDropAllWeaponForAvatar', 'GetExecuteUpdatePosType', 'GetFireWallPlacePosition', 'GetFireWallPlacePositionH', 'GetFireWallPlacePositionV', 'GetInHouseName', 'GetParanoiaPlacePosition', 'GetPlacePosition', 'GetPrePlaceEntityPosition', 'GetPrePlaceEntityPosition225', 'GetPrePlaceEntityPosition234', 'GetPrePlaceEntityPosition510', 'GetPrePlaceEntityPosition588', 'GetTeammateColorIndex', 'GetTeammateIndex', 'GetTeammateInfo', 'HideAttachModelForDead', 'HideEnemyTopLogo', 'InitAvatarModel', 'IsATM', 'IsATMGuardAI', 'IsAirDrop', 'IsAltar', 'IsAmmoBox', 'IsArrow', 'IsAttackDrone', 'IsAvatar', 'IsBarrieCannon', 'IsBirthIslandFeature', 'IsBlackHole', 'IsBlastingC4', 'IsBleachGame', 'IsBleachSpirit', 'IsBomb', 'IsBombSite', 'IsBuilding', 'IsCameraHitMe', 'IsChaosUav', 'IsCombatAvatar', 'IsCombatAvatarSniper', 'IsCombatAvatarZombieXray', 'IsCombatBillboard', 'IsCombatTeam', 'IsCombatUnit', 'IsContrabandPlane', 'IsContractDesk', 'IsCrack', 'IsCrow', 'IsCurTakeCompoundBowWeapon', 'IsCurTakeDualGunWeapon', 'IsCurTakeGunMeleeWeapon', 'IsCurTakeGunWeapon', 'IsCurTakeLeftHandSpecialWeapon', 'IsCurTakeLeftHandThrowableWeapon', 'IsCurTakeLeftHandWeapon', 'IsCurTakeMainWeapon', 'IsCurTakeMeleeWeapon', 'IsCurTakeMissileWeapon', 'IsCurTakeRightHandThrowableWeapon', 'IsCurTakeSpWeapon', 'IsCurTakeSubWeapon', 'IsCureUav', 'IsCureUavFix', 'IsCureUavShield', 'IsDestructible', 'IsDmzContainer', 'IsDmzMonster', 'IsDoubleDanceField', 'IsDummyCombatAvatar', 'IsEmoteTree', 'IsEnergyStronghold', 'IsEntityAttach', 'IsEntityMaster', 'IsEvaGame', 'IsEvaMonster', 'IsEvoPlatform', 'IsExecuteFps', 'IsFlagSF', 'IsFootball', 'IsFormationRobot', 'IsGameLogic', 'IsGasStation', 'IsGiantMonster', 'IsGlass', 'IsGroupDanceField', 'IsHelenAI', 'IsHiderClone', 'IsHolographicRobot', 'IsIceWall', 'IsIgnoreCue', 'IsInDoubleEmote', 'IsInExecute', 'IsInShowToplogoByExposeTalentDuration', 'IsItem', 'IsItemSpaceSnare', 'IsJurenFlyAirSlashActive', 'IsJurenFlyFuelDisplayWeapon', 'IsJurenFlyFuelDisplayWeaponActive', 'IsMagicField', 'IsMeowDanceActive', 'IsMineral', 'IsMonitorMissile', 'IsMonster', 'IsMoveRecoverHpArmorActive', 'IsMovingPlatform', 'IsNavigateBarrieCannon', 'IsNewCrystalMonster', 'IsObserveAvatar', 'IsOccupyContractTarget', 'IsOccupyContractTargetNew', 'IsOilbox', 'IsOverloadGift', 'IsPanpan', 'IsPhyBall', 'IsPlayerCombatAvatar', 'IsPlayerObserveAvatar', 'IsPortableShop', 'IsPosterBoard', 'IsRPGMissile', 'IsReplayPuppet', 'IsReplayRecorder', 'IsRobotCombatAvatar', 'IsRobotCombatAvatarZombie', 'IsSafeBox', 'IsSaveDrone', 'IsSaveMachine', 'IsScoutArrow', 'IsSearchContractBox', 'IsSevenSinsGame', 'IsShield', 'IsShootingRange', 'IsShootingRangeToplogoReady', 'IsShop', 'IsSimpleCombatUnit', 'IsSkillTalentFull', 'IsSkullBomb', 'IsSkywingParaPresentationActive', 'IsSoulAvatar', 'IsSpellDrone', 'IsStickyMaster', 'IsStonePilar', 'IsStronghold', 'IsStropUav', 'IsSupply', 'IsSwordSpirit', 'IsSyncTransEntity', 'IsSystemKiller', 'IsTimeSpear', 'IsTitan2ArmorCameraEffectDisabled', 'IsTitan2Game', 'IsTitan2Stronghold', 'IsTitan2StrongholdChest', 'IsTra...
ATTR anHc8gdJAQSVJxL0.IsATM type=<class 'bool'> val=False
ATTR anHc8gdJAQSVJxL0.IsATMGuardAI type=<class 'bool'> val=False
ATTR anHc8gdJAQSVJxL0.IsAirDrop type=<class 'bool'> val=False
ATTR anHc8gdJAQSVJxL0.IsAltar type=<class 'bool'> val=False
ATTR anHc8gdJAQSVJxL0.IsAmmoBox type=<class 'bool'> val=False
ATTR anHc8gdJAQSVJxL0.IsArrow type=<class 'bool'> val=False
ATTR anHc8gdJAQSVJxL0.IsAttackDrone type=<class 'bool'> val=False
ATTR anHc8gdJAQSVJxL0.IsAvatar type=<class 'bool'> val=False
ATTR anHc8gdJAQSVJxL0.IsBarrieCannon type=<class 'bool'> val=False
ATTR anHc8gdJAQSVJxL0.IsBlackHole type=<class 'bool'> val=False
ATTR anHc8gdJAQSVJxL0.IsBlastingC4 type=<class 'bool'> val=False
ATTR anHc8gdJAQSVJxL0.IsBleachGame type=<class 'bool'> val=False
ATTR anHc8gdJAQSVJxL0.IsBleachSpirit type=<class 'bool'> val=False
ATTR anHc8gdJAQSVJxL0.IsBomb type=<class 'bool'> val=False
ATTR anHc8gdJAQSVJxL0.IsBombSite type=<class 'bool'> val=False
ATTR anHc8gdJAQSVJxL0.IsBuilding type=<class 'bool'> val=False
ATTR anHc8gdJAQSVJxL0.IsChaosUav type=<class 'bool'> val=False
ATTR anHc8gdJAQSVJxL0.IsCombatAvatar type=<class 'bool'> val=True
ATTR anHc8gdJAQSVJxL0.IsCombatAvatarSniper type=<class 'bool'> val=False
ATTR anHc8gdJAQSVJxL0.IsCombatAvatarZombieXray type=<class 'bool'> val=False
ATTR anHc8gdJAQSVJxL0.IsCombatBillboard type=<class 'bool'> val=False
ATTR anHc8gdJAQSVJxL0.IsCombatTeam type=<class 'bool'> val=False
ATTR anHc8gdJAQSVJxL0.IsCombatUnit type=<class 'bool'> val=True
ATTR anHc8gdJAQSVJxL0.IsContrabandPlane type=<class 'bool'> val=False
ATTR anHc8gdJAQSVJxL0.IsContractDesk type=<class 'bool'> val=False
ATTR anHc8gdJAQSVJxL0.IsCrack type=<class 'bool'> val=False
ATTR anHc8gdJAQSVJxL0.IsCrow type=<class 'bool'> val=False
ATTR anHc8gdJAQSVJxL0.IsCureUav type=<class 'bool'> val=False
ATTR anHc8gdJAQSVJxL0.IsCureUavFix type=<class 'bool'> val=False
ATTR anHc8gdJAQSVJxL0.IsCureUavShield type=<class 'bool'> val=False
ATTR anHc8gdJAQSVJxL0.IsDestructible type=<class 'bool'> val=False
ATTR anHc8gdJAQSVJxL0.IsDmzContainer type=<class 'bool'> val=False
ATTR anHc8gdJAQSVJxL0.IsDmzMonster type=<class 'bool'> val=False
ATTR anHc8gdJAQSVJxL0.IsDoubleDanceField type=<class 'bool'> val=False
ATTR anHc8gdJAQSVJxL0.IsDummyCombatAvatar type=<class 'bool'> val=False
ATTR anHc8gdJAQSVJxL0.IsEmoteTree type=<class 'bool'> val=False
ATTR anHc8gdJAQSVJxL0.IsEnergyStronghold type=<class 'bool'> val=False
ATTR anHc8gdJAQSVJxL0.IsEntityAttach type=<class 'bool'> val=False
ATTR anHc8gdJAQSVJxL0.IsEntityMaster type=<class 'bool'> val=False
ATTR anHc8gdJAQSVJxL0.IsEvaGame type=<class 'bool'> val=False
ATTR anHc8gdJAQSVJxL0.IsEvaMonster type=<class 'bool'> val=False
ATTR anHc8gdJAQSVJxL0.IsEvoPlatform type=<class 'bool'> val=False
ATTR anHc8gdJAQSVJxL0.IsFlagSF type=<class 'bool'> val=False
ATTR anHc8gdJAQSVJxL0.IsFootball type=<class 'bool'> val=False
ATTR anHc8gdJAQSVJxL0.IsFormationRobot type=<class 'bool'> val=False
ATTR anHc8gdJAQSVJxL0.IsGameLogic type=<class 'bool'> val=False
ATTR anHc8gdJAQSVJxL0.IsGasStation type=<class 'bool'> val=False
ATTR anHc8gdJAQSVJxL0.IsGiantMonster type=<class 'bool'> val=False
ATTR anHc8gdJAQSVJxL0.IsGlass type=<class 'bool'> val=False
ATTR anHc8gdJAQSVJxL0.IsGroupDanceField type=<class 'bool'> val=False
ATTR anHc8gdJAQSVJxL0.IsHelenAI type=<class 'bool'> val=False
ATTR anHc8gdJAQSVJxL0.IsHiderClone type=<class 'bool'> val=False
ATTR anHc8gdJAQSVJxL0.IsHolographicRobot type=<class 'bool'> val=False
ATTR anHc8gdJAQSVJxL0.IsIceWall type=<class 'bool'> val=False
ATTR anHc8gdJAQSVJxL0.IsIgnoreCue type=<class 'bool'> val=False
ATTR anHc8gdJAQSVJxL0.IsItem type=<class 'bool'> val=False
ATTR anHc8gdJAQSVJxL0.IsItemSpaceSnare type=<class 'bool'> val=False
ATTR anHc8gdJAQSVJxL0.IsMagicField type=<class 'bool'> val=False
ATTR anHc8gdJAQSVJxL0.IsMineral type=<class 'bool'> val=False
ATTR anHc8gdJAQSVJxL0.IsMonitorMissile type=<class 'bool'> val=False
ATTR anHc8gdJAQSVJxL0.IsMonster type=<class 'bool'> val=False
ATTR anHc8gdJAQSVJxL0.IsMovingPlatform type=<class 'bool'> val=False
ATTR anHc8gdJAQSVJxL0.IsNavigateBarrieCannon type=<class 'bool'> val=False
ATTR anHc8gdJAQSVJxL0.IsNewCrystalMonster type=<class 'bool'> val=False
ATTR anHc8gdJAQSVJxL0.IsObserveAvatar type=<class 'bool'> val=False
ATTR anHc8gdJAQSVJxL0.IsOccupyContractTarget type=<class 'bool'> val=False
ATTR anHc8gdJAQSVJxL0.IsOccupyContractTargetNew type=<class 'bool'> val=False
ATTR anHc8gdJAQSVJxL0.IsOilbox type=<class 'bool'> val=False
ATTR anHc8gdJAQSVJxL0.IsOverloadGift type=<class 'bool'> val=False
ATTR anHc8gdJAQSVJxL0.IsPanpan type=<class 'bool'> val=False
ATTR anHc8gdJAQSVJxL0.IsPhyBall type=<class 'bool'> val=False
ATTR anHc8gdJAQSVJxL0.IsPlayerCombatAvatar type=<class 'bool'> val=False
ATTR anHc8gdJAQSVJxL0.IsPlayerObserveAvatar type=<class 'bool'> val=False
ATTR anHc8gdJAQSVJxL0.IsPortableShop type=<class 'bool'> val=False
ATTR anHc8gdJAQSVJxL0.IsPosterBoard type=<class 'bool'> val=False
ATTR anHc8gdJAQSVJxL0.IsRPGMissile type=<class 'bool'> val=False
ATTR anHc8gdJAQSVJxL0.IsReplayPuppet type=<class 'bool'> val=False
ATTR anHc8gdJAQSVJxL0.IsReplayRecorder type=<class 'bool'> val=False
ATTR anHc8gdJAQSVJxL0.IsRobotCombatAvatar type=<class 'bool'> val=True
ATTR anHc8gdJAQSVJxL0.IsRobotCombatAvatarZombie type=<class 'bool'> val=False
ATTR anHc8gdJAQSVJxL0.IsSafeBox type=<class 'bool'> val=False
ATTR anHc8gdJAQSVJxL0.IsSaveDrone type=<class 'bool'> val=False
ATTR anHc8gdJAQSVJxL0.IsSaveMachine type=<class 'bool'> val=False
ATTR anHc8gdJAQSVJxL0.IsScoutArrow type=<class 'bool'> val=False
ATTR anHc8gdJAQSVJxL0.IsSearchContractBox type=<class 'bool'> val=False
ATTR anHc8gdJAQSVJxL0.IsSevenSinsGame type=<class 'bool'> val=False
ATTR anHc8gdJAQSVJxL0.IsShield type=<class 'bool'> val=False
ATTR anHc8gdJAQSVJxL0.IsShootingRange type=<class 'bool'> val=False
ATTR anHc8gdJAQSVJxL0.IsShop type=<class 'bool'> val=False
ATTR anHc8gdJAQSVJxL0.IsSimpleCombatUnit type=<class 'bool'> val=True
ATTR anHc8gdJAQSVJxL0.IsSkullBomb type=<class 'bool'> val=False
ATTR anHc8gdJAQSVJxL0.IsSoulAvatar type=<class 'bool'> val=False
ATTR anHc8gdJAQSVJxL0.IsSpellDrone type=<class 'bool'> val=False
ATTR anHc8gdJAQSVJxL0.IsStickyMaster type=<class 'bool'> val=False
ATTR anHc8gdJAQSVJxL0.IsStonePilar type=<class 'bool'> val=False
ATTR anHc8gdJAQSVJxL0.IsStronghold type=<class 'bool'> val=False
ATTR anHc8gdJAQSVJxL0.IsStropUav type=<class 'bool'> val=False
ATTR anHc8gdJAQSVJxL0.IsSupply type=<class 'bool'> val=False
ATTR anHc8gdJAQSVJxL0.IsSwordSpirit type=<class 'bool'> val=False
ATTR anHc8gdJAQSVJxL0.IsSyncTransEntity type=<class 'bool'> val=False
ATTR anHc8gdJAQSVJxL0.IsSystemKiller type=<class 'bool'> val=False
ATTR anHc8gdJAQSVJxL0.IsTimeSpear type=<class 'bool'> val=False
ATTR anHc8gdJAQSVJxL0.IsTitan2Game type=<class 'bool'> val=False
ATTR anHc8gdJAQSVJxL0.IsTitan2Stronghold type=<class 'bool'> val=False
ATTR anHc8gdJAQSVJxL0.IsTitan2StrongholdChest type=<class 'bool'> val=False
ATTR anHc8gdJAQSVJxL0.IsTransferBomb type=<class 'bool'> val=False
ATTR anHc8gdJAQSVJxL0.IsUavShield type=<class 'bool'> val=False
ATTR anHc8gdJAQSVJxL0.IsUltraMegaEnergy type=<class 'bool'> val=False
ATTR anHc8gdJAQSVJxL0.IsUltraMegaGame type=<class 'bool'> val=False
ATTR anHc8gdJAQSVJxL0.IsVehicle type=<class 'bool'> val=False
ATTR anHc8gdJAQSVJxL0.IsVirtualInteractionEntity type=<class 'bool'> val=False
ATTR anHc8gdJAQSVJxL0.IsVisible type=<class 'bool'> val=True
ATTR anHc8gdJAQSVJxL0._combat_team type=<class 'NoneType'> val=None
ATTR anHc8gdJAQSVJxL0._enter_house_name type=<class 'NoneType'> val=None
ATTR anHc8gdJAQSVJxL0._enter_house_range_name type=<class 'str'> val=''
ATTR anHc8gdJAQSVJxL0._jersey_resource_updated_bound type=<class 'bool'> val=True
ATTR anHc8gdJAQSVJxL0.ads_mark_pos_avatars type=<class 'list'> val=[]
ATTR anHc8gdJAQSVJxL0.ai_bind_target_pos FAIL error('unpack requires a buffer of 6 bytes')
ATTR anHc8gdJAQSVJxL0.born_pos type=<class 'tuple'> val=(-28.0, 0.0, -13.0)
ATTR anHc8gdJAQSVJxL0.can_shoot_player_for_sound type=<class 'bool'> val=False
ATTR anHc8gdJAQSVJxL0.combat_team type=<class 'NoneType'> val=None
ATTR anHc8gdJAQSVJxL0.cur_active_world_field_id type=<class 'NoneType'> val=None
ATTR anHc8gdJAQSVJxL0.execute_player_pre_pos type=<class 'NoneType'> val=None
ATTR anHc8gdJAQSVJxL0.execute_player_yaw type=<class 'NoneType'> val=None
ATTR anHc8gdJAQSVJxL0.expose_killed_enemy_pos_timer type=<class 'NoneType'> val=None
ATTR anHc8gdJAQSVJxL0.expose_talent_end_stamp type=<class 'NoneType'> val=None
ATTR anHc8gdJAQSVJxL0.fsm_ads_mark_pos type=<class 'NoneType'> val=None
ATTR anHc8gdJAQSVJxL0.fsm_enemy_toplogo type=<class 'NoneType'> val=None
ATTR anHc8gdJAQSVJxL0.grappling_hook_target_pos type=<class 'NoneType'> val=None
ATTR anHc8gdJAQSVJxL0.heartbeat_avatar_cache_info type=<class 'dict'> val={}
ATTR anHc8gdJAQSVJxL0.in_same_house_with_player type=<class 'bool'> val=True
ATTR anHc8gdJAQSVJxL0.init_toplogo_ui type=<class 'bool'> val=True
ATTR anHc8gdJAQSVJxL0.is_dead_state type=<class 'bool'> val=False
ATTR anHc8gdJAQSVJxL0.is_fps_avatar type=<class 'bool'> val=False
ATTR anHc8gdJAQSVJxL0.is_hit_robot type=<class 'bool'> val=False
ATTR anHc8gdJAQSVJxL0.is_pose_sender_enabled type=<class 'bool'> val=False
ATTR anHc8gdJAQSVJxL0.is_replay_avatar type=<class 'bool'> val=False
ATTR anHc8gdJAQSVJxL0.is_robot_idle type=<class 'bool'> val=True
ATTR anHc8gdJAQSVJxL0.juren_hook_pos_left type=<class 'NoneType'> val=None
ATTR anHc8gdJAQSVJxL0.juren_hook_pos_right type=<class 'NoneType'> val=None
ATTR anHc8gdJAQSVJxL0.knock_down_team_enemy_pos_timer type=<class 'NoneType'> val=None
ATTR anHc8gdJAQSVJxL0.missile_indicate_pos type=<class 'NoneType'> val=None
ATTR anHc8gdJAQSVJxL0.pos type=<class 'tuple'> val=(-28.0, 0.0, -13.0)
ATTR anHc8gdJAQSVJxL0.pose_type type=<class 'int'> val=0
ATTR anHc8gdJAQSVJxL0.position type=<class 'tuple'> val=(-28.0, 0.05000007152557373, -13.0)
ATTR anHc8gdJAQSVJxL0.recon_drone_frame_top_logo type=<class 'NoneType'> val=None
ATTR anHc8gdJAQSVJxL0.samurai_sprint_pos type=<class 'NoneType'> val=None
ATTR anHc8gdJAQSVJxL0.show_gothic_avatar_ids type=<class 'list'> val=[]
ATTR anHc8gdJAQSVJxL0.teammate_info type=<class 'dict'> val={}
ATTR anHc8gdJAQSVJxL0.toplogo type=<class 'gclient.gameplay.logic_base.comps.avatar_scene_node.AvatarSceneNode'> val=<gclient.gameplay.logic_base.comps.avatar_scene_node.AvatarSceneNode object at 0x00000170880D23C0>
ATTR anHc8gdJAQSVJxL0.toplogo_border_widget type=<class 'NoneType'> val=None
ATTR anHc8gdJAQSVJxL0.toplogo_widget type=<class 'gclient.framework.commoncomps.toplogo_component.TopLogoUINode'> val=<gclient.framework.commoncomps.toplogo_component.TopLogoUINode object(Node) at 0x17088022FC0>
ATTR anHc8gdJAQSVJxL0.toplogo_widget_hidden_reason type=<class 'int'> val=0
ATTR anHc8gdJAQSVJxL0.world_fields type=<class 'list'> val=[]
CALL anHc8gdJAQSVJxL0.CanShowEnemyToplogo() => True
CALL anHc8gdJAQSVJxL0.CanShowEnemyToplogoBar() => True
ENTITY anHc8gdJAQSVJxLk <RobotCombatAvatarShootingRange(anHc8gdJAQSVJxLk)> class=<class 'gclient.gameplay.logic_shootingrange.combat_avatar_shootingrange.RobotCombatAvatarShootingRange'>
DIR anHc8gdJAQSVJxLk ['AIOnQueryRandomPos', 'AIQueryRandomPos', 'AIQueryTeamMembers', 'AddLowHpEffect', 'AddTopLogoHiddenReason', 'AddTopLogoWidgetHiddenReason', 'AddToplogoVisibleTick', 'AddWorldField', 'CanLimitFrameInvisible', 'CanShowEnemyToplogo', 'CanShowEnemyToplogoBar', 'CanShowToplogoBarWhenGetHit', 'CancelExposeKilledEnemyTimer', 'CancelFeelHpTimer', 'CancelKnockDownTeamTimer', 'CancelLowHpEffectTimer', 'ChangePoseType', 'CheckIsOutDoor', 'CheckUavEnemyPosValid', 'ClearLowHpEffect', 'CreateToplogo', 'CreateWorldFieldFollow', 'DestroyReconDroneMarkFrame', 'DetectVisibleTargetInEmote', 'DisEnableSpecifyWorldField', 'DisableInvisibleFrameLimit', 'DoGrapplingHookAvatarFly', 'DrawReconDroneMarkFrame', 'EnableReplayTickForServerRobot', 'EnableSpecifyWorldField', 'EnemyTopLogoTimer', 'EnsureShootingRangeToplogo', 'ExposeKilledTeamEnemyPos', 'ExposeKilledTeamEnemyPosTick', 'ExposeKnockDownTeamPos', 'ExposeKnockDownTeamPosTick', 'FeelLowHpEnemyTick', 'ForceDropAllWeaponForAvatar', 'GetExecuteUpdatePosType', 'GetFireWallPlacePosition', 'GetFireWallPlacePositionH', 'GetFireWallPlacePositionV', 'GetInHouseName', 'GetParanoiaPlacePosition', 'GetPlacePosition', 'GetPrePlaceEntityPosition', 'GetPrePlaceEntityPosition225', 'GetPrePlaceEntityPosition234', 'GetPrePlaceEntityPosition510', 'GetPrePlaceEntityPosition588', 'GetTeammateColorIndex', 'GetTeammateIndex', 'GetTeammateInfo', 'HideAttachModelForDead', 'HideEnemyTopLogo', 'InitAvatarModel', 'IsATM', 'IsATMGuardAI', 'IsAirDrop', 'IsAltar', 'IsAmmoBox', 'IsArrow', 'IsAttackDrone', 'IsAvatar', 'IsBarrieCannon', 'IsBirthIslandFeature', 'IsBlackHole', 'IsBlastingC4', 'IsBleachGame', 'IsBleachSpirit', 'IsBomb', 'IsBombSite', 'IsBuilding', 'IsCameraHitMe', 'IsChaosUav', 'IsCombatAvatar', 'IsCombatAvatarSniper', 'IsCombatAvatarZombieXray', 'IsCombatBillboard', 'IsCombatTeam', 'IsCombatUnit', 'IsContrabandPlane', 'IsContractDesk', 'IsCrack', 'IsCrow', 'IsCurTakeCompoundBowWeapon', 'IsCurTakeDualGunWeapon', 'IsCurTakeGunMeleeWeapon', 'IsCurTakeGunWeapon', 'IsCurTakeLeftHandSpecialWeapon', 'IsCurTakeLeftHandThrowableWeapon', 'IsCurTakeLeftHandWeapon', 'IsCurTakeMainWeapon', 'IsCurTakeMeleeWeapon', 'IsCurTakeMissileWeapon', 'IsCurTakeRightHandThrowableWeapon', 'IsCurTakeSpWeapon', 'IsCurTakeSubWeapon', 'IsCureUav', 'IsCureUavFix', 'IsCureUavShield', 'IsDestructible', 'IsDmzContainer', 'IsDmzMonster', 'IsDoubleDanceField', 'IsDummyCombatAvatar', 'IsEmoteTree', 'IsEnergyStronghold', 'IsEntityAttach', 'IsEntityMaster', 'IsEvaGame', 'IsEvaMonster', 'IsEvoPlatform', 'IsExecuteFps', 'IsFlagSF', 'IsFootball', 'IsFormationRobot', 'IsGameLogic', 'IsGasStation', 'IsGiantMonster', 'IsGlass', 'IsGroupDanceField', 'IsHelenAI', 'IsHiderClone', 'IsHolographicRobot', 'IsIceWall', 'IsIgnoreCue', 'IsInDoubleEmote', 'IsInExecute', 'IsInShowToplogoByExposeTalentDuration', 'IsItem', 'IsItemSpaceSnare', 'IsJurenFlyAirSlashActive', 'IsJurenFlyFuelDisplayWeapon', 'IsJurenFlyFuelDisplayWeaponActive', 'IsMagicField', 'IsMeowDanceActive', 'IsMineral', 'IsMonitorMissile', 'IsMonster', 'IsMoveRecoverHpArmorActive', 'IsMovingPlatform', 'IsNavigateBarrieCannon', 'IsNewCrystalMonster', 'IsObserveAvatar', 'IsOccupyContractTarget', 'IsOccupyContractTargetNew', 'IsOilbox', 'IsOverloadGift', 'IsPanpan', 'IsPhyBall', 'IsPlayerCombatAvatar', 'IsPlayerObserveAvatar', 'IsPortableShop', 'IsPosterBoard', 'IsRPGMissile', 'IsReplayPuppet', 'IsReplayRecorder', 'IsRobotCombatAvatar', 'IsRobotCombatAvatarZombie', 'IsSafeBox', 'IsSaveDrone', 'IsSaveMachine', 'IsScoutArrow', 'IsSearchContractBox', 'IsSevenSinsGame', 'IsShield', 'IsShootingRange', 'IsShootingRangeToplogoReady', 'IsShop', 'IsSimpleCombatUnit', 'IsSkillTalentFull', 'IsSkullBomb', 'IsSkywingParaPresentationActive', 'IsSoulAvatar', 'IsSpellDrone', 'IsStickyMaster', 'IsStonePilar', 'IsStronghold', 'IsStropUav', 'IsSupply', 'IsSwordSpirit', 'IsSyncTransEntity', 'IsSystemKiller', 'IsTimeSpear', 'IsTitan2ArmorCameraEffectDisabled', 'IsTitan2Game', 'IsTitan2Stronghold', 'IsTitan2StrongholdChest', 'IsTra...
ATTR anHc8gdJAQSVJxLk.IsATM type=<class 'bool'> val=False
ATTR anHc8gdJAQSVJxLk.IsATMGuardAI type=<class 'bool'> val=False
ATTR anHc8gdJAQSVJxLk.IsAirDrop type=<class 'bool'> val=False
ATTR anHc8gdJAQSVJxLk.IsAltar type=<class 'bool'> val=False
ATTR anHc8gdJAQSVJxLk.IsAmmoBox type=<class 'bool'> val=False
ATTR anHc8gdJAQSVJxLk.IsArrow type=<class 'bool'> val=False
ATTR anHc8gdJAQSVJxLk.IsAttackDrone type=<class 'bool'> val=False
ATTR anHc8gdJAQSVJxLk.IsAvatar type=<class 'bool'> val=False
ATTR anHc8gdJAQSVJxLk.IsBarrieCannon type=<class 'bool'> val=False
ATTR anHc8gdJAQSVJxLk.IsBlackHole type=<class 'bool'> val=False
ATTR anHc8gdJAQSVJxLk.IsBlastingC4 type=<class 'bool'> val=False
ATTR anHc8gdJAQSVJxLk.IsBleachGame type=<class 'bool'> val=False
ATTR anHc8gdJAQSVJxLk.IsBleachSpirit type=<class 'bool'> val=False
ATTR anHc8gdJAQSVJxLk.IsBomb type=<class 'bool'> val=False
ATTR anHc8gdJAQSVJxLk.IsBombSite type=<class 'bool'> val=False
ATTR anHc8gdJAQSVJxLk.IsBuilding type=<class 'bool'> val=False
ATTR anHc8gdJAQSVJxLk.IsChaosUav type=<class 'bool'> val=False
ATTR anHc8gdJAQSVJxLk.IsCombatAvatar type=<class 'bool'> val=True
ATTR anHc8gdJAQSVJxLk.IsCombatAvatarSniper type=<class 'bool'> val=False
ATTR anHc8gdJAQSVJxLk.IsCombatAvatarZombieXray type=<class 'bool'> val=False
ATTR anHc8gdJAQSVJxLk.IsCombatBillboard type=<class 'bool'> val=False
ATTR anHc8gdJAQSVJxLk.IsCombatTeam type=<class 'bool'> val=False
ATTR anHc8gdJAQSVJxLk.IsCombatUnit type=<class 'bool'> val=True
ATTR anHc8gdJAQSVJxLk.IsContrabandPlane type=<class 'bool'> val=False
ATTR anHc8gdJAQSVJxLk.IsContractDesk type=<class 'bool'> val=False
ATTR anHc8gdJAQSVJxLk.IsCrack type=<class 'bool'> val=False
ATTR anHc8gdJAQSVJxLk.IsCrow type=<class 'bool'> val=False
ATTR anHc8gdJAQSVJxLk.IsCureUav type=<class 'bool'> val=False
ATTR anHc8gdJAQSVJxLk.IsCureUavFix type=<class 'bool'> val=False
ATTR anHc8gdJAQSVJxLk.IsCureUavShield type=<class 'bool'> val=False
ATTR anHc8gdJAQSVJxLk.IsDestructible type=<class 'bool'> val=False
ATTR anHc8gdJAQSVJxLk.IsDmzContainer type=<class 'bool'> val=False
ATTR anHc8gdJAQSVJxLk.IsDmzMonster type=<class 'bool'> val=False
ATTR anHc8gdJAQSVJxLk.IsDoubleDanceField type=<class 'bool'> val=False
ATTR anHc8gdJAQSVJxLk.IsDummyCombatAvatar type=<class 'bool'> val=False
ATTR anHc8gdJAQSVJxLk.IsEmoteTree type=<class 'bool'> val=False
ATTR anHc8gdJAQSVJxLk.IsEnergyStronghold type=<class 'bool'> val=False
ATTR anHc8gdJAQSVJxLk.IsEntityAttach type=<class 'bool'> val=False
ATTR anHc8gdJAQSVJxLk.IsEntityMaster type=<class 'bool'> val=False
ATTR anHc8gdJAQSVJxLk.IsEvaGame type=<class 'bool'> val=False
ATTR anHc8gdJAQSVJxLk.IsEvaMonster type=<class 'bool'> val=False
ATTR anHc8gdJAQSVJxLk.IsEvoPlatform type=<class 'bool'> val=False
ATTR anHc8gdJAQSVJxLk.IsFlagSF type=<class 'bool'> val=False
ATTR anHc8gdJAQSVJxLk.IsFootball type=<class 'bool'> val=False
ATTR anHc8gdJAQSVJxLk.IsFormationRobot type=<class 'bool'> val=False
ATTR anHc8gdJAQSVJxLk.IsGameLogic type=<class 'bool'> val=False
ATTR anHc8gdJAQSVJxLk.IsGasStation type=<class 'bool'> val=False
ATTR anHc8gdJAQSVJxLk.IsGiantMonster type=<class 'bool'> val=False
ATTR anHc8gdJAQSVJxLk.IsGlass type=<class 'bool'> val=False
ATTR anHc8gdJAQSVJxLk.IsGroupDanceField type=<class 'bool'> val=False
ATTR anHc8gdJAQSVJxLk.IsHelenAI type=<class 'bool'> val=False
ATTR anHc8gdJAQSVJxLk.IsHiderClone type=<class 'bool'> val=False
ATTR anHc8gdJAQSVJxLk.IsHolographicRobot type=<class 'bool'> val=False
ATTR anHc8gdJAQSVJxLk.IsIceWall type=<class 'bool'> val=False
ATTR anHc8gdJAQSVJxLk.IsIgnoreCue type=<class 'bool'> val=False
ATTR anHc8gdJAQSVJxLk.IsItem type=<class 'bool'> val=False
ATTR anHc8gdJAQSVJxLk.IsItemSpaceSnare type=<class 'bool'> val=False
ATTR anHc8gdJAQSVJxLk.IsMagicField type=<class 'bool'> val=False
ATTR anHc8gdJAQSVJxLk.IsMineral type=<class 'bool'> val=False
ATTR anHc8gdJAQSVJxLk.IsMonitorMissile type=<class 'bool'> val=False
ATTR anHc8gdJAQSVJxLk.IsMonster type=<class 'bool'> val=False
ATTR anHc8gdJAQSVJxLk.IsMovingPlatform type=<class 'bool'> val=False
ATTR anHc8gdJAQSVJxLk.IsNavigateBarrieCannon type=<class 'bool'> val=False
ATTR anHc8gdJAQSVJxLk.IsNewCrystalMonster type=<class 'bool'> val=False
ATTR anHc8gdJAQSVJxLk.IsObserveAvatar type=<class 'bool'> val=False
ATTR anHc8gdJAQSVJxLk.IsOccupyContractTarget type=<class 'bool'> val=False
ATTR anHc8gdJAQSVJxLk.IsOccupyContractTargetNew type=<class 'bool'> val=False
ATTR anHc8gdJAQSVJxLk.IsOilbox type=<class 'bool'> val=False
ATTR anHc8gdJAQSVJxLk.IsOverloadGift type=<class 'bool'> val=False
ATTR anHc8gdJAQSVJxLk.IsPanpan type=<class 'bool'> val=False
ATTR anHc8gdJAQSVJxLk.IsPhyBall type=<class 'bool'> val=False
ATTR anHc8gdJAQSVJxLk.IsPlayerCombatAvatar type=<class 'bool'> val=False
ATTR anHc8gdJAQSVJxLk.IsPlayerObserveAvatar type=<class 'bool'> val=False
ATTR anHc8gdJAQSVJxLk.IsPortableShop type=<class 'bool'> val=False
ATTR anHc8gdJAQSVJxLk.IsPosterBoard type=<class 'bool'> val=False
ATTR anHc8gdJAQSVJxLk.IsRPGMissile type=<class 'bool'> val=False
ATTR anHc8gdJAQSVJxLk.IsReplayPuppet type=<class 'bool'> val=False
ATTR anHc8gdJAQSVJxLk.IsReplayRecorder type=<class 'bool'> val=False
ATTR anHc8gdJAQSVJxLk.IsRobotCombatAvatar type=<class 'bool'> val=True
ATTR anHc8gdJAQSVJxLk.IsRobotCombatAvatarZombie type=<class 'bool'> val=False
ATTR anHc8gdJAQSVJxLk.IsSafeBox type=<class 'bool'> val=False
ATTR anHc8gdJAQSVJxLk.IsSaveDrone type=<class 'bool'> val=False
ATTR anHc8gdJAQSVJxLk.IsSaveMachine type=<class 'bool'> val=False
ATTR anHc8gdJAQSVJxLk.IsScoutArrow type=<class 'bool'> val=False
ATTR anHc8gdJAQSVJxLk.IsSearchContractBox type=<class 'bool'> val=False
ATTR anHc8gdJAQSVJxLk.IsSevenSinsGame type=<class 'bool'> val=False
ATTR anHc8gdJAQSVJxLk.IsShield type=<class 'bool'> val=False
ATTR anHc8gdJAQSVJxLk.IsShootingRange type=<class 'bool'> val=False
ATTR anHc8gdJAQSVJxLk.IsShop type=<class 'bool'> val=False
ATTR anHc8gdJAQSVJxLk.IsSimpleCombatUnit type=<class 'bool'> val=True
ATTR anHc8gdJAQSVJxLk.IsSkullBomb type=<class 'bool'> val=False
ATTR anHc8gdJAQSVJxLk.IsSoulAvatar type=<class 'bool'> val=False
ATTR anHc8gdJAQSVJxLk.IsSpellDrone type=<class 'bool'> val=False
ATTR anHc8gdJAQSVJxLk.IsStickyMaster type=<class 'bool'> val=False
ATTR anHc8gdJAQSVJxLk.IsStonePilar type=<class 'bool'> val=False
ATTR anHc8gdJAQSVJxLk.IsStronghold type=<class 'bool'> val=False
ATTR anHc8gdJAQSVJxLk.IsStropUav type=<class 'bool'> val=False
ATTR anHc8gdJAQSVJxLk.IsSupply type=<class 'bool'> val=False
ATTR anHc8gdJAQSVJxLk.IsSwordSpirit type=<class 'bool'> val=False
ATTR anHc8gdJAQSVJxLk.IsSyncTransEntity type=<class 'bool'> val=False
ATTR anHc8gdJAQSVJxLk.IsSystemKiller type=<class 'bool'> val=False
ATTR anHc8gdJAQSVJxLk.IsTimeSpear type=<class 'bool'> val=False
ATTR anHc8gdJAQSVJxLk.IsTitan2Game type=<class 'bool'> val=False
ATTR anHc8gdJAQSVJxLk.IsTitan2Stronghold type=<class 'bool'> val=False
ATTR anHc8gdJAQSVJxLk.IsTitan2StrongholdChest type=<class 'bool'> val=False
ATTR anHc8gdJAQSVJxLk.IsTransferBomb type=<class 'bool'> val=False
ATTR anHc8gdJAQSVJxLk.IsUavShield type=<class 'bool'> val=False
ATTR anHc8gdJAQSVJxLk.IsUltraMegaEnergy type=<class 'bool'> val=False
ATTR anHc8gdJAQSVJxLk.IsUltraMegaGame type=<class 'bool'> val=False
ATTR anHc8gdJAQSVJxLk.IsVehicle type=<class 'bool'> val=False
ATTR anHc8gdJAQSVJxLk.IsVirtualInteractionEntity type=<class 'bool'> val=False
ATTR anHc8gdJAQSVJxLk.IsVisible type=<class 'bool'> val=True
ATTR anHc8gdJAQSVJxLk._combat_team type=<class 'NoneType'> val=None
ATTR anHc8gdJAQSVJxLk._enter_house_name type=<class 'NoneType'> val=None
ATTR anHc8gdJAQSVJxLk._enter_house_range_name type=<class 'str'> val=''
ATTR anHc8gdJAQSVJxLk._jersey_resource_updated_bound type=<class 'bool'> val=True
ATTR anHc8gdJAQSVJxLk.ads_mark_pos_avatars type=<class 'list'> val=[]
ATTR anHc8gdJAQSVJxLk.ai_bind_target_pos FAIL error('unpack requires a buffer of 6 bytes')
ATTR anHc8gdJAQSVJxLk.born_pos type=<class 'tuple'> val=(-3.700000047683716, 0.0, -9.5)
ATTR anHc8gdJAQSVJxLk.can_shoot_player_for_sound type=<class 'bool'> val=True
ATTR anHc8gdJAQSVJxLk.combat_team type=<class 'NoneType'> val=None
ATTR anHc8gdJAQSVJxLk.cur_active_world_field_id type=<class 'NoneType'> val=None
ATTR anHc8gdJAQSVJxLk.execute_player_pre_pos type=<class 'NoneType'> val=None
ATTR anHc8gdJAQSVJxLk.execute_player_yaw type=<class 'NoneType'> val=None
ATTR anHc8gdJAQSVJxLk.expose_killed_enemy_pos_timer type=<class 'NoneType'> val=None
ATTR anHc8gdJAQSVJxLk.expose_talent_end_stamp type=<class 'NoneType'> val=None
ATTR anHc8gdJAQSVJxLk.fsm_ads_mark_pos type=<class 'NoneType'> val=None
ATTR anHc8gdJAQSVJxLk.fsm_enemy_toplogo type=<class 'NoneType'> val=None
ATTR anHc8gdJAQSVJxLk.grappling_hook_target_pos type=<class 'NoneType'> val=None
ATTR anHc8gdJAQSVJxLk.heartbeat_avatar_cache_info type=<class 'dict'> val={}
ATTR anHc8gdJAQSVJxLk.in_same_house_with_player type=<class 'bool'> val=True
ATTR anHc8gdJAQSVJxLk.init_toplogo_ui type=<class 'bool'> val=True
ATTR anHc8gdJAQSVJxLk.is_dead_state type=<class 'bool'> val=False
ATTR anHc8gdJAQSVJxLk.is_fps_avatar type=<class 'bool'> val=False
ATTR anHc8gdJAQSVJxLk.is_hit_robot type=<class 'bool'> val=False
ATTR anHc8gdJAQSVJxLk.is_pose_sender_enabled type=<class 'bool'> val=False
ATTR anHc8gdJAQSVJxLk.is_replay_avatar type=<class 'bool'> val=False
ATTR anHc8gdJAQSVJxLk.is_robot_idle type=<class 'bool'> val=True
ATTR anHc8gdJAQSVJxLk.juren_hook_pos_left type=<class 'NoneType'> val=None
ATTR anHc8gdJAQSVJxLk.juren_hook_pos_right type=<class 'NoneType'> val=None
ATTR anHc8gdJAQSVJxLk.knock_down_team_enemy_pos_timer type=<class 'NoneType'> val=None
ATTR anHc8gdJAQSVJxLk.missile_indicate_pos type=<class 'NoneType'> val=None
ATTR anHc8gdJAQSVJxLk.pos type=<class 'tuple'> val=(-3.700000047683716, 0.0, -9.5)
ATTR anHc8gdJAQSVJxLk.pose_type type=<class 'int'> val=0
ATTR anHc8gdJAQSVJxLk.position type=<class 'tuple'> val=(-3.6765191555023193, 0.05925846844911575, -9.500686645507812)
ATTR anHc8gdJAQSVJxLk.recon_drone_frame_top_logo type=<class 'NoneType'> val=None
ATTR anHc8gdJAQSVJxLk.samurai_sprint_pos type=<class 'NoneType'> val=None
ATTR anHc8gdJAQSVJxLk.show_gothic_avatar_ids type=<class 'list'> val=[]
ATTR anHc8gdJAQSVJxLk.teammate_info type=<class 'dict'> val={}
ATTR anHc8gdJAQSVJxLk.toplogo type=<class 'gclient.gameplay.logic_base.comps.avatar_scene_node.AvatarSceneNode'> val=<gclient.gameplay.logic_base.comps.avatar_scene_node.AvatarSceneNode object at 0x00000170880D0440>
ATTR anHc8gdJAQSVJxLk.toplogo_border_widget type=<class 'NoneType'> val=None
ATTR anHc8gdJAQSVJxLk.toplogo_widget type=<class 'gclient.framework.commoncomps.toplogo_component.TopLogoUINode'> val=<gclient.framework.commoncomps.toplogo_component.TopLogoUINode object(Node) at 0x17088023E30>
ATTR anHc8gdJAQSVJxLk.toplogo_widget_hidden_reason type=<class 'int'> val=0
ATTR anHc8gdJAQSVJxLk.world_fields type=<class 'list'> val=[]
CALL anHc8gdJAQSVJxLk.CanShowEnemyToplogo() => True
CALL anHc8gdJAQSVJxLk.CanShowEnemyToplogoBar() => True
ENTITY anHc8gdJAQSVJxLa <RobotCombatAvatarShootingRange(anHc8gdJAQSVJxLa)> class=<class 'gclient.gameplay.logic_shootingrange.combat_avatar_shootingrange.RobotCombatAvatarShootingRange'>
DIR anHc8gdJAQSVJxLa ['AIOnQueryRandomPos', 'AIQueryRandomPos', 'AIQueryTeamMembers', 'AddLowHpEffect', 'AddTopLogoHiddenReason', 'AddTopLogoWidgetHiddenReason', 'AddToplogoVisibleTick', 'AddWorldField', 'CanLimitFrameInvisible', 'CanShowEnemyToplogo', 'CanShowEnemyToplogoBar', 'CanShowToplogoBarWhenGetHit', 'CancelExposeKilledEnemyTimer', 'CancelFeelHpTimer', 'CancelKnockDownTeamTimer', 'CancelLowHpEffectTimer', 'ChangePoseType', 'CheckIsOutDoor', 'CheckUavEnemyPosValid', 'ClearLowHpEffect', 'CreateToplogo', 'CreateWorldFieldFollow', 'DestroyReconDroneMarkFrame', 'DetectVisibleTargetInEmote', 'DisEnableSpecifyWorldField', 'DisableInvisibleFrameLimit', 'DoGrapplingHookAvatarFly', 'DrawReconDroneMarkFrame', 'EnableReplayTickForServerRobot', 'EnableSpecifyWorldField', 'EnemyTopLogoTimer', 'EnsureShootingRangeToplogo', 'ExposeKilledTeamEnemyPos', 'ExposeKilledTeamEnemyPosTick', 'ExposeKnockDownTeamPos', 'ExposeKnockDownTeamPosTick', 'FeelLowHpEnemyTick', 'ForceDropAllWeaponForAvatar', 'GetExecuteUpdatePosType', 'GetFireWallPlacePosition', 'GetFireWallPlacePositionH', 'GetFireWallPlacePositionV', 'GetInHouseName', 'GetParanoiaPlacePosition', 'GetPlacePosition', 'GetPrePlaceEntityPosition', 'GetPrePlaceEntityPosition225', 'GetPrePlaceEntityPosition234', 'GetPrePlaceEntityPosition510', 'GetPrePlaceEntityPosition588', 'GetTeammateColorIndex', 'GetTeammateIndex', 'GetTeammateInfo', 'HideAttachModelForDead', 'HideEnemyTopLogo', 'InitAvatarModel', 'IsATM', 'IsATMGuardAI', 'IsAirDrop', 'IsAltar', 'IsAmmoBox', 'IsArrow', 'IsAttackDrone', 'IsAvatar', 'IsBarrieCannon', 'IsBirthIslandFeature', 'IsBlackHole', 'IsBlastingC4', 'IsBleachGame', 'IsBleachSpirit', 'IsBomb', 'IsBombSite', 'IsBuilding', 'IsCameraHitMe', 'IsChaosUav', 'IsCombatAvatar', 'IsCombatAvatarSniper', 'IsCombatAvatarZombieXray', 'IsCombatBillboard', 'IsCombatTeam', 'IsCombatUnit', 'IsContrabandPlane', 'IsContractDesk', 'IsCrack', 'IsCrow', 'IsCurTakeCompoundBowWeapon', 'IsCurTakeDualGunWeapon', 'IsCurTakeGunMeleeWeapon', 'IsCurTakeGunWeapon', 'IsCurTakeLeftHandSpecialWeapon', 'IsCurTakeLeftHandThrowableWeapon', 'IsCurTakeLeftHandWeapon', 'IsCurTakeMainWeapon', 'IsCurTakeMeleeWeapon', 'IsCurTakeMissileWeapon', 'IsCurTakeRightHandThrowableWeapon', 'IsCurTakeSpWeapon', 'IsCurTakeSubWeapon', 'IsCureUav', 'IsCureUavFix', 'IsCureUavShield', 'IsDestructible', 'IsDmzContainer', 'IsDmzMonster', 'IsDoubleDanceField', 'IsDummyCombatAvatar', 'IsEmoteTree', 'IsEnergyStronghold', 'IsEntityAttach', 'IsEntityMaster', 'IsEvaGame', 'IsEvaMonster', 'IsEvoPlatform', 'IsExecuteFps', 'IsFlagSF', 'IsFootball', 'IsFormationRobot', 'IsGameLogic', 'IsGasStation', 'IsGiantMonster', 'IsGlass', 'IsGroupDanceField', 'IsHelenAI', 'IsHiderClone', 'IsHolographicRobot', 'IsIceWall', 'IsIgnoreCue', 'IsInDoubleEmote', 'IsInExecute', 'IsInShowToplogoByExposeTalentDuration', 'IsItem', 'IsItemSpaceSnare', 'IsJurenFlyAirSlashActive', 'IsJurenFlyFuelDisplayWeapon', 'IsJurenFlyFuelDisplayWeaponActive', 'IsMagicField', 'IsMeowDanceActive', 'IsMineral', 'IsMonitorMissile', 'IsMonster', 'IsMoveRecoverHpArmorActive', 'IsMovingPlatform', 'IsNavigateBarrieCannon', 'IsNewCrystalMonster', 'IsObserveAvatar', 'IsOccupyContractTarget', 'IsOccupyContractTargetNew', 'IsOilbox', 'IsOverloadGift', 'IsPanpan', 'IsPhyBall', 'IsPlayerCombatAvatar', 'IsPlayerObserveAvatar', 'IsPortableShop', 'IsPosterBoard', 'IsRPGMissile', 'IsReplayPuppet', 'IsReplayRecorder', 'IsRobotCombatAvatar', 'IsRobotCombatAvatarZombie', 'IsSafeBox', 'IsSaveDrone', 'IsSaveMachine', 'IsScoutArrow', 'IsSearchContractBox', 'IsSevenSinsGame', 'IsShield', 'IsShootingRange', 'IsShootingRangeToplogoReady', 'IsShop', 'IsSimpleCombatUnit', 'IsSkillTalentFull', 'IsSkullBomb', 'IsSkywingParaPresentationActive', 'IsSoulAvatar', 'IsSpellDrone', 'IsStickyMaster', 'IsStonePilar', 'IsStronghold', 'IsStropUav', 'IsSupply', 'IsSwordSpirit', 'IsSyncTransEntity', 'IsSystemKiller', 'IsTimeSpear', 'IsTitan2ArmorCameraEffectDisabled', 'IsTitan2Game', 'IsTitan2Stronghold', 'IsTitan2StrongholdChest', 'IsTra...
ATTR anHc8gdJAQSVJxLa.IsATM type=<class 'bool'> val=False
ATTR anHc8gdJAQSVJxLa.IsATMGuardAI type=<class 'bool'> val=False
ATTR anHc8gdJAQSVJxLa.IsAirDrop type=<class 'bool'> val=False
ATTR anHc8gdJAQSVJxLa.IsAltar type=<class 'bool'> val=False
ATTR anHc8gdJAQSVJxLa.IsAmmoBox type=<class 'bool'> val=False
ATTR anHc8gdJAQSVJxLa.IsArrow type=<class 'bool'> val=False
ATTR anHc8gdJAQSVJxLa.IsAttackDrone type=<class 'bool'> val=False
ATTR anHc8gdJAQSVJxLa.IsAvatar type=<class 'bool'> val=False
ATTR anHc8gdJAQSVJxLa.IsBarrieCannon type=<class 'bool'> val=False
ATTR anHc8gdJAQSVJxLa.IsBlackHole type=<class 'bool'> val=False
ATTR anHc8gdJAQSVJxLa.IsBlastingC4 type=<class 'bool'> val=False
ATTR anHc8gdJAQSVJxLa.IsBleachGame type=<class 'bool'> val=False
ATTR anHc8gdJAQSVJxLa.IsBleachSpirit type=<class 'bool'> val=False
ATTR anHc8gdJAQSVJxLa.IsBomb type=<class 'bool'> val=False
ATTR anHc8gdJAQSVJxLa.IsBombSite type=<class 'bool'> val=False
ATTR anHc8gdJAQSVJxLa.IsBuilding type=<class 'bool'> val=False
ATTR anHc8gdJAQSVJxLa.IsChaosUav type=<class 'bool'> val=False
ATTR anHc8gdJAQSVJxLa.IsCombatAvatar type=<class 'bool'> val=True
ATTR anHc8gdJAQSVJxLa.IsCombatAvatarSniper type=<class 'bool'> val=False
ATTR anHc8gdJAQSVJxLa.IsCombatAvatarZombieXray type=<class 'bool'> val=False
ATTR anHc8gdJAQSVJxLa.IsCombatBillboard type=<class 'bool'> val=False
ATTR anHc8gdJAQSVJxLa.IsCombatTeam type=<class 'bool'> val=False
ATTR anHc8gdJAQSVJxLa.IsCombatUnit type=<class 'bool'> val=True
ATTR anHc8gdJAQSVJxLa.IsContrabandPlane type=<class 'bool'> val=False
ATTR anHc8gdJAQSVJxLa.IsContractDesk type=<class 'bool'> val=False
ATTR anHc8gdJAQSVJxLa.IsCrack type=<class 'bool'> val=False
ATTR anHc8gdJAQSVJxLa.IsCrow type=<class 'bool'> val=False
ATTR anHc8gdJAQSVJxLa.IsCureUav type=<class 'bool'> val=False
ATTR anHc8gdJAQSVJxLa.IsCureUavFix type=<class 'bool'> val=False
ATTR anHc8gdJAQSVJxLa.IsCureUavShield type=<class 'bool'> val=False
ATTR anHc8gdJAQSVJxLa.IsDestructible type=<class 'bool'> val=False
ATTR anHc8gdJAQSVJxLa.IsDmzContainer type=<class 'bool'> val=False
ATTR anHc8gdJAQSVJxLa.IsDmzMonster type=<class 'bool'> val=False
ATTR anHc8gdJAQSVJxLa.IsDoubleDanceField type=<class 'bool'> val=False
ATTR anHc8gdJAQSVJxLa.IsDummyCombatAvatar type=<class 'bool'> val=False
ATTR anHc8gdJAQSVJxLa.IsEmoteTree type=<class 'bool'> val=False
ATTR anHc8gdJAQSVJxLa.IsEnergyStronghold type=<class 'bool'> val=False
ATTR anHc8gdJAQSVJxLa.IsEntityAttach type=<class 'bool'> val=False
ATTR anHc8gdJAQSVJxLa.IsEntityMaster type=<class 'bool'> val=False
ATTR anHc8gdJAQSVJxLa.IsEvaGame type=<class 'bool'> val=False
ATTR anHc8gdJAQSVJxLa.IsEvaMonster type=<class 'bool'> val=False
ATTR anHc8gdJAQSVJxLa.IsEvoPlatform type=<class 'bool'> val=False
ATTR anHc8gdJAQSVJxLa.IsFlagSF type=<class 'bool'> val=False
ATTR anHc8gdJAQSVJxLa.IsFootball type=<class 'bool'> val=False
ATTR anHc8gdJAQSVJxLa.IsFormationRobot type=<class 'bool'> val=False
ATTR anHc8gdJAQSVJxLa.IsGameLogic type=<class 'bool'> val=False
ATTR anHc8gdJAQSVJxLa.IsGasStation type=<class 'bool'> val=False
ATTR anHc8gdJAQSVJxLa.IsGiantMonster type=<class 'bool'> val=False
ATTR anHc8gdJAQSVJxLa.IsGlass type=<class 'bool'> val=False
ATTR anHc8gdJAQSVJxLa.IsGroupDanceField type=<class 'bool'> val=False
ATTR anHc8gdJAQSVJxLa.IsHelenAI type=<class 'bool'> val=False
ATTR anHc8gdJAQSVJxLa.IsHiderClone type=<class 'bool'> val=False
ATTR anHc8gdJAQSVJxLa.IsHolographicRobot type=<class 'bool'> val=False
ATTR anHc8gdJAQSVJxLa.IsIceWall type=<class 'bool'> val=False
ATTR anHc8gdJAQSVJxLa.IsIgnoreCue type=<class 'bool'> val=False
ATTR anHc8gdJAQSVJxLa.IsItem type=<class 'bool'> val=False
ATTR anHc8gdJAQSVJxLa.IsItemSpaceSnare type=<class 'bool'> val=False
ATTR anHc8gdJAQSVJxLa.IsMagicField type=<class 'bool'> val=False
ATTR anHc8gdJAQSVJxLa.IsMineral type=<class 'bool'> val=False
ATTR anHc8gdJAQSVJxLa.IsMonitorMissile type=<class 'bool'> val=False
ATTR anHc8gdJAQSVJxLa.IsMonster type=<class 'bool'> val=False
ATTR anHc8gdJAQSVJxLa.IsMovingPlatform type=<class 'bool'> val=False
ATTR anHc8gdJAQSVJxLa.IsNavigateBarrieCannon type=<class 'bool'> val=False
ATTR anHc8gdJAQSVJxLa.IsNewCrystalMonster type=<class 'bool'> val=False
ATTR anHc8gdJAQSVJxLa.IsObserveAvatar type=<class 'bool'> val=False
ATTR anHc8gdJAQSVJxLa.IsOccupyContractTarget type=<class 'bool'> val=False
ATTR anHc8gdJAQSVJxLa.IsOccupyContractTargetNew type=<class 'bool'> val=False
ATTR anHc8gdJAQSVJxLa.IsOilbox type=<class 'bool'> val=False
ATTR anHc8gdJAQSVJxLa.IsOverloadGift type=<class 'bool'> val=False
ATTR anHc8gdJAQSVJxLa.IsPanpan type=<class 'bool'> val=False
ATTR anHc8gdJAQSVJxLa.IsPhyBall type=<class 'bool'> val=False
ATTR anHc8gdJAQSVJxLa.IsPlayerCombatAvatar type=<class 'bool'> val=False
ATTR anHc8gdJAQSVJxLa.IsPlayerObserveAvatar type=<class 'bool'> val=False
ATTR anHc8gdJAQSVJxLa.IsPortableShop type=<class 'bool'> val=False
ATTR anHc8gdJAQSVJxLa.IsPosterBoard type=<class 'bool'> val=False
ATTR anHc8gdJAQSVJxLa.IsRPGMissile type=<class 'bool'> val=False
ATTR anHc8gdJAQSVJxLa.IsReplayPuppet type=<class 'bool'> val=False
ATTR anHc8gdJAQSVJxLa.IsReplayRecorder type=<class 'bool'> val=False
ATTR anHc8gdJAQSVJxLa.IsRobotCombatAvatar type=<class 'bool'> val=True
ATTR anHc8gdJAQSVJxLa.IsRobotCombatAvatarZombie type=<class 'bool'> val=False
ATTR anHc8gdJAQSVJxLa.IsSafeBox type=<class 'bool'> val=False
ATTR anHc8gdJAQSVJxLa.IsSaveDrone type=<class 'bool'> val=False
ATTR anHc8gdJAQSVJxLa.IsSaveMachine type=<class 'bool'> val=False
ATTR anHc8gdJAQSVJxLa.IsScoutArrow type=<class 'bool'> val=False
ATTR anHc8gdJAQSVJxLa.IsSearchContractBox type=<class 'bool'> val=False
ATTR anHc8gdJAQSVJxLa.IsSevenSinsGame type=<class 'bool'> val=False
ATTR anHc8gdJAQSVJxLa.IsShield type=<class 'bool'> val=False
ATTR anHc8gdJAQSVJxLa.IsShootingRange type=<class 'bool'> val=False
ATTR anHc8gdJAQSVJxLa.IsShop type=<class 'bool'> val=False
ATTR anHc8gdJAQSVJxLa.IsSimpleCombatUnit type=<class 'bool'> val=True
ATTR anHc8gdJAQSVJxLa.IsSkullBomb type=<class 'bool'> val=False
ATTR anHc8gdJAQSVJxLa.IsSoulAvatar type=<class 'bool'> val=False
ATTR anHc8gdJAQSVJxLa.IsSpellDrone type=<class 'bool'> val=False
ATTR anHc8gdJAQSVJxLa.IsStickyMaster type=<class 'bool'> val=False
ATTR anHc8gdJAQSVJxLa.IsStonePilar type=<class 'bool'> val=False
ATTR anHc8gdJAQSVJxLa.IsStronghold type=<class 'bool'> val=False
ATTR anHc8gdJAQSVJxLa.IsStropUav type=<class 'bool'> val=False
ATTR anHc8gdJAQSVJxLa.IsSupply type=<class 'bool'> val=False
ATTR anHc8gdJAQSVJxLa.IsSwordSpirit type=<class 'bool'> val=False
ATTR anHc8gdJAQSVJxLa.IsSyncTransEntity type=<class 'bool'> val=False
ATTR anHc8gdJAQSVJxLa.IsSystemKiller type=<class 'bool'> val=False
ATTR anHc8gdJAQSVJxLa.IsTimeSpear type=<class 'bool'> val=False
ATTR anHc8gdJAQSVJxLa.IsTitan2Game type=<class 'bool'> val=False
ATTR anHc8gdJAQSVJxLa.IsTitan2Stronghold type=<class 'bool'> val=False
ATTR anHc8gdJAQSVJxLa.IsTitan2StrongholdChest type=<class 'bool'> val=False
ATTR anHc8gdJAQSVJxLa.IsTransferBomb type=<class 'bool'> val=False
ATTR anHc8gdJAQSVJxLa.IsUavShield type=<class 'bool'> val=False
ATTR anHc8gdJAQSVJxLa.IsUltraMegaEnergy type=<class 'bool'> val=False
ATTR anHc8gdJAQSVJxLa.IsUltraMegaGame type=<class 'bool'> val=False
ATTR anHc8gdJAQSVJxLa.IsVehicle type=<class 'bool'> val=False
ATTR anHc8gdJAQSVJxLa.IsVirtualInteractionEntity type=<class 'bool'> val=False
ATTR anHc8gdJAQSVJxLa.IsVisible type=<class 'bool'> val=True
ATTR anHc8gdJAQSVJxLa._combat_team type=<class 'NoneType'> val=None
ATTR anHc8gdJAQSVJxLa._enter_house_name type=<class 'NoneType'> val=None
ATTR anHc8gdJAQSVJxLa._enter_house_range_name type=<class 'str'> val=''
ATTR anHc8gdJAQSVJxLa._jersey_resource_updated_bound type=<class 'bool'> val=True
ATTR anHc8gdJAQSVJxLa.ads_mark_pos_avatars type=<class 'list'> val=[]
ATTR anHc8gdJAQSVJxLa.ai_bind_target_pos FAIL error('unpack requires a buffer of 6 bytes')
ATTR anHc8gdJAQSVJxLa.born_pos type=<class 'tuple'> val=(-8.800000190734863, 0.0, -13.5)
ATTR anHc8gdJAQSVJxLa.can_shoot_player_for_sound type=<class 'bool'> val=True
ATTR anHc8gdJAQSVJxLa.combat_team type=<class 'NoneType'> val=None
ATTR anHc8gdJAQSVJxLa.cur_active_world_field_id type=<class 'NoneType'> val=None
ATTR anHc8gdJAQSVJxLa.execute_player_pre_pos type=<class 'NoneType'> val=None
ATTR anHc8gdJAQSVJxLa.execute_player_yaw type=<class 'NoneType'> val=None
ATTR anHc8gdJAQSVJxLa.expose_killed_enemy_pos_timer type=<class 'NoneType'> val=None
ATTR anHc8gdJAQSVJxLa.expose_talent_end_stamp type=<class 'NoneType'> val=None
ATTR anHc8gdJAQSVJxLa.fsm_ads_mark_pos type=<class 'NoneType'> val=None
ATTR anHc8gdJAQSVJxLa.fsm_enemy_toplogo type=<class 'NoneType'> val=None
ATTR anHc8gdJAQSVJxLa.grappling_hook_target_pos type=<class 'NoneType'> val=None
ATTR anHc8gdJAQSVJxLa.heartbeat_avatar_cache_info type=<class 'dict'> val={}
ATTR anHc8gdJAQSVJxLa.in_same_house_with_player type=<class 'bool'> val=True
ATTR anHc8gdJAQSVJxLa.init_toplogo_ui type=<class 'bool'> val=True
ATTR anHc8gdJAQSVJxLa.is_dead_state type=<class 'bool'> val=False
ATTR anHc8gdJAQSVJxLa.is_fps_avatar type=<class 'bool'> val=False
ATTR anHc8gdJAQSVJxLa.is_hit_robot type=<class 'bool'> val=False
ATTR anHc8gdJAQSVJxLa.is_pose_sender_enabled type=<class 'bool'> val=False
ATTR anHc8gdJAQSVJxLa.is_replay_avatar type=<class 'bool'> val=False
ATTR anHc8gdJAQSVJxLa.is_robot_idle type=<class 'bool'> val=True
ATTR anHc8gdJAQSVJxLa.juren_hook_pos_left type=<class 'NoneType'> val=None
ATTR anHc8gdJAQSVJxLa.juren_hook_pos_right type=<class 'NoneType'> val=None
ATTR anHc8gdJAQSVJxLa.knock_down_team_enemy_pos_timer type=<class 'NoneType'> val=None
ATTR anHc8gdJAQSVJxLa.missile_indicate_pos type=<class 'NoneType'> val=None
ATTR anHc8gdJAQSVJxLa.pos type=<class 'tuple'> val=(-8.800000190734863, 0.0, -13.5)
ATTR anHc8gdJAQSVJxLa.pose_type type=<class 'int'> val=0
ATTR anHc8gdJAQSVJxLa.position type=<class 'tuple'> val=(-8.783376693725586, 0.09060771018266678, -13.467101097106934)
ATTR anHc8gdJAQSVJxLa.recon_drone_frame_top_logo type=<class 'NoneType'> val=None
ATTR anHc8gdJAQSVJxLa.samurai_sprint_pos type=<class 'NoneType'> val=None
ATTR anHc8gdJAQSVJxLa.show_gothic_avatar_ids type=<class 'list'> val=[]
ATTR anHc8gdJAQSVJxLa.teammate_info type=<class 'dict'> val={}
ATTR anHc8gdJAQSVJxLa.toplogo type=<class 'gclient.gameplay.logic_base.comps.avatar_scene_node.AvatarSceneNode'> val=<gclient.gameplay.logic_base.comps.avatar_scene_node.AvatarSceneNode object at 0x00000170880D1160>
ATTR anHc8gdJAQSVJxLa.toplogo_border_widget type=<class 'NoneType'> val=None
ATTR anHc8gdJAQSVJxLa.toplogo_widget type=<class 'gclient.framework.commoncomps.toplogo_component.TopLogoUINode'> val=<gclient.framework.commoncomps.toplogo_component.TopLogoUINode object(Node) at 0x170880222B0>
ATTR anHc8gdJAQSVJxLa.toplogo_widget_hidden_reason type=<class 'int'> val=0
ATTR anHc8gdJAQSVJxLa.world_fields type=<class 'list'> val=[]
CALL anHc8gdJAQSVJxLa.CanShowEnemyToplogo() => True
CALL anHc8gdJAQSVJxLa.CanShowEnemyToplogoBar() => True
ENTITY anHc8gdJAQSVJxLo <RobotCombatAvatarShootingRange(anHc8gdJAQSVJxLo)> class=<class 'gclient.gameplay.logic_shootingrange.combat_avatar_shootingrange.RobotCombatAvatarShootingRange'>
DIR anHc8gdJAQSVJxLo ['AIOnQueryRandomPos', 'AIQueryRandomPos', 'AIQueryTeamMembers', 'AddLowHpEffect', 'AddTopLogoHiddenReason', 'AddTopLogoWidgetHiddenReason', 'AddToplogoVisibleTick', 'AddWorldField', 'CanLimitFrameInvisible', 'CanShowEnemyToplogo', 'CanShowEnemyToplogoBar', 'CanShowToplogoBarWhenGetHit', 'CancelExposeKilledEnemyTimer', 'CancelFeelHpTimer', 'CancelKnockDownTeamTimer', 'CancelLowHpEffectTimer', 'ChangePoseType', 'CheckIsOutDoor', 'CheckUavEnemyPosValid', 'ClearLowHpEffect', 'CreateToplogo', 'CreateWorldFieldFollow', 'DestroyReconDroneMarkFrame', 'DetectVisibleTargetInEmote', 'DisEnableSpecifyWorldField', 'DisableInvisibleFrameLimit', 'DoGrapplingHookAvatarFly', 'DrawReconDroneMarkFrame', 'EnableReplayTickForServerRobot', 'EnableSpecifyWorldField', 'EnemyTopLogoTimer', 'EnsureShootingRangeToplogo', 'ExposeKilledTeamEnemyPos', 'ExposeKilledTeamEnemyPosTick', 'ExposeKnockDownTeamPos', 'ExposeKnockDownTeamPosTick', 'FeelLowHpEnemyTick', 'ForceDropAllWeaponForAvatar', 'GetExecuteUpdatePosType', 'GetFireWallPlacePosition', 'GetFireWallPlacePositionH', 'GetFireWallPlacePositionV', 'GetInHouseName', 'GetParanoiaPlacePosition', 'GetPlacePosition', 'GetPrePlaceEntityPosition', 'GetPrePlaceEntityPosition225', 'GetPrePlaceEntityPosition234', 'GetPrePlaceEntityPosition510', 'GetPrePlaceEntityPosition588', 'GetTeammateColorIndex', 'GetTeammateIndex', 'GetTeammateInfo', 'HideAttachModelForDead', 'HideEnemyTopLogo', 'InitAvatarModel', 'IsATM', 'IsATMGuardAI', 'IsAirDrop', 'IsAltar', 'IsAmmoBox', 'IsArrow', 'IsAttackDrone', 'IsAvatar', 'IsBarrieCannon', 'IsBirthIslandFeature', 'IsBlackHole', 'IsBlastingC4', 'IsBleachGame', 'IsBleachSpirit', 'IsBomb', 'IsBombSite', 'IsBuilding', 'IsCameraHitMe', 'IsChaosUav', 'IsCombatAvatar', 'IsCombatAvatarSniper', 'IsCombatAvatarZombieXray', 'IsCombatBillboard', 'IsCombatTeam', 'IsCombatUnit', 'IsContrabandPlane', 'IsContractDesk', 'IsCrack', 'IsCrow', 'IsCurTakeCompoundBowWeapon', 'IsCurTakeDualGunWeapon', 'IsCurTakeGunMeleeWeapon', 'IsCurTakeGunWeapon', 'IsCurTakeLeftHandSpecialWeapon', 'IsCurTakeLeftHandThrowableWeapon', 'IsCurTakeLeftHandWeapon', 'IsCurTakeMainWeapon', 'IsCurTakeMeleeWeapon', 'IsCurTakeMissileWeapon', 'IsCurTakeRightHandThrowableWeapon', 'IsCurTakeSpWeapon', 'IsCurTakeSubWeapon', 'IsCureUav', 'IsCureUavFix', 'IsCureUavShield', 'IsDestructible', 'IsDmzContainer', 'IsDmzMonster', 'IsDoubleDanceField', 'IsDummyCombatAvatar', 'IsEmoteTree', 'IsEnergyStronghold', 'IsEntityAttach', 'IsEntityMaster', 'IsEvaGame', 'IsEvaMonster', 'IsEvoPlatform', 'IsExecuteFps', 'IsFlagSF', 'IsFootball', 'IsFormationRobot', 'IsGameLogic', 'IsGasStation', 'IsGiantMonster', 'IsGlass', 'IsGroupDanceField', 'IsHelenAI', 'IsHiderClone', 'IsHolographicRobot', 'IsIceWall', 'IsIgnoreCue', 'IsInDoubleEmote', 'IsInExecute', 'IsInShowToplogoByExposeTalentDuration', 'IsItem', 'IsItemSpaceSnare', 'IsJurenFlyAirSlashActive', 'IsJurenFlyFuelDisplayWeapon', 'IsJurenFlyFuelDisplayWeaponActive', 'IsMagicField', 'IsMeowDanceActive', 'IsMineral', 'IsMonitorMissile', 'IsMonster', 'IsMoveRecoverHpArmorActive', 'IsMovingPlatform', 'IsNavigateBarrieCannon', 'IsNewCrystalMonster', 'IsObserveAvatar', 'IsOccupyContractTarget', 'IsOccupyContractTargetNew', 'IsOilbox', 'IsOverloadGift', 'IsPanpan', 'IsPhyBall', 'IsPlayerCombatAvatar', 'IsPlayerObserveAvatar', 'IsPortableShop', 'IsPosterBoard', 'IsRPGMissile', 'IsReplayPuppet', 'IsReplayRecorder', 'IsRobotCombatAvatar', 'IsRobotCombatAvatarZombie', 'IsSafeBox', 'IsSaveDrone', 'IsSaveMachine', 'IsScoutArrow', 'IsSearchContractBox', 'IsSevenSinsGame', 'IsShield', 'IsShootingRange', 'IsShootingRangeToplogoReady', 'IsShop', 'IsSimpleCombatUnit', 'IsSkillTalentFull', 'IsSkullBomb', 'IsSkywingParaPresentationActive', 'IsSoulAvatar', 'IsSpellDrone', 'IsStickyMaster', 'IsStonePilar', 'IsStronghold', 'IsStropUav', 'IsSupply', 'IsSwordSpirit', 'IsSyncTransEntity', 'IsSystemKiller', 'IsTimeSpear', 'IsTitan2ArmorCameraEffectDisabled', 'IsTitan2Game', 'IsTitan2Stronghold', 'IsTitan2StrongholdChest', 'IsTra...
ATTR anHc8gdJAQSVJxLo.IsATM type=<class 'bool'> val=False
ATTR anHc8gdJAQSVJxLo.IsATMGuardAI type=<class 'bool'> val=False
ATTR anHc8gdJAQSVJxLo.IsAirDrop type=<class 'bool'> val=False
ATTR anHc8gdJAQSVJxLo.IsAltar type=<class 'bool'> val=False
ATTR anHc8gdJAQSVJxLo.IsAmmoBox type=<class 'bool'> val=False
ATTR anHc8gdJAQSVJxLo.IsArrow type=<class 'bool'> val=False
ATTR anHc8gdJAQSVJxLo.IsAttackDrone type=<class 'bool'> val=False
ATTR anHc8gdJAQSVJxLo.IsAvatar type=<class 'bool'> val=False
ATTR anHc8gdJAQSVJxLo.IsBarrieCannon type=<class 'bool'> val=False
ATTR anHc8gdJAQSVJxLo.IsBlackHole type=<class 'bool'> val=False
ATTR anHc8gdJAQSVJxLo.IsBlastingC4 type=<class 'bool'> val=False
ATTR anHc8gdJAQSVJxLo.IsBleachGame type=<class 'bool'> val=False
ATTR anHc8gdJAQSVJxLo.IsBleachSpirit type=<class 'bool'> val=False
ATTR anHc8gdJAQSVJxLo.IsBomb type=<class 'bool'> val=False
ATTR anHc8gdJAQSVJxLo.IsBombSite type=<class 'bool'> val=False
ATTR anHc8gdJAQSVJxLo.IsBuilding type=<class 'bool'> val=False
ATTR anHc8gdJAQSVJxLo.IsChaosUav type=<class 'bool'> val=False
ATTR anHc8gdJAQSVJxLo.IsCombatAvatar type=<class 'bool'> val=True
ATTR anHc8gdJAQSVJxLo.IsCombatAvatarSniper type=<class 'bool'> val=False
ATTR anHc8gdJAQSVJxLo.IsCombatAvatarZombieXray type=<class 'bool'> val=False
ATTR anHc8gdJAQSVJxLo.IsCombatBillboard type=<class 'bool'> val=False
ATTR anHc8gdJAQSVJxLo.IsCombatTeam type=<class 'bool'> val=False
ATTR anHc8gdJAQSVJxLo.IsCombatUnit type=<class 'bool'> val=True
ATTR anHc8gdJAQSVJxLo.IsContrabandPlane type=<class 'bool'> val=False
ATTR anHc8gdJAQSVJxLo.IsContractDesk type=<class 'bool'> val=False
ATTR anHc8gdJAQSVJxLo.IsCrack type=<class 'bool'> val=False
ATTR anHc8gdJAQSVJxLo.IsCrow type=<class 'bool'> val=False
ATTR anHc8gdJAQSVJxLo.IsCureUav type=<class 'bool'> val=False
ATTR anHc8gdJAQSVJxLo.IsCureUavFix type=<class 'bool'> val=False
ATTR anHc8gdJAQSVJxLo.IsCureUavShield type=<class 'bool'> val=False
ATTR anHc8gdJAQSVJxLo.IsDestructible type=<class 'bool'> val=False
ATTR anHc8gdJAQSVJxLo.IsDmzContainer type=<class 'bool'> val=False
ATTR anHc8gdJAQSVJxLo.IsDmzMonster type=<class 'bool'> val=False
ATTR anHc8gdJAQSVJxLo.IsDoubleDanceField type=<class 'bool'> val=False
ATTR anHc8gdJAQSVJxLo.IsDummyCombatAvatar type=<class 'bool'> val=False
ATTR anHc8gdJAQSVJxLo.IsEmoteTree type=<class 'bool'> val=False
ATTR anHc8gdJAQSVJxLo.IsEnergyStronghold type=<class 'bool'> val=False
ATTR anHc8gdJAQSVJxLo.IsEntityAttach type=<class 'bool'> val=False
ATTR anHc8gdJAQSVJxLo.IsEntityMaster type=<class 'bool'> val=False
ATTR anHc8gdJAQSVJxLo.IsEvaGame type=<class 'bool'> val=False
ATTR anHc8gdJAQSVJxLo.IsEvaMonster type=<class 'bool'> val=False
ATTR anHc8gdJAQSVJxLo.IsEvoPlatform type=<class 'bool'> val=False
ATTR anHc8gdJAQSVJxLo.IsFlagSF type=<class 'bool'> val=False
ATTR anHc8gdJAQSVJxLo.IsFootball type=<class 'bool'> val=False
ATTR anHc8gdJAQSVJxLo.IsFormationRobot type=<class 'bool'> val=False
ATTR anHc8gdJAQSVJxLo.IsGameLogic type=<class 'bool'> val=False
ATTR anHc8gdJAQSVJxLo.IsGasStation type=<class 'bool'> val=False
ATTR anHc8gdJAQSVJxLo.IsGiantMonster type=<class 'bool'> val=False
ATTR anHc8gdJAQSVJxLo.IsGlass type=<class 'bool'> val=False
ATTR anHc8gdJAQSVJxLo.IsGroupDanceField type=<class 'bool'> val=False
ATTR anHc8gdJAQSVJxLo.IsHelenAI type=<class 'bool'> val=False
ATTR anHc8gdJAQSVJxLo.IsHiderClone type=<class 'bool'> val=False
ATTR anHc8gdJAQSVJxLo.IsHolographicRobot type=<class 'bool'> val=False
ATTR anHc8gdJAQSVJxLo.IsIceWall type=<class 'bool'> val=False
ATTR anHc8gdJAQSVJxLo.IsIgnoreCue type=<class 'bool'> val=False
ATTR anHc8gdJAQSVJxLo.IsItem type=<class 'bool'> val=False
ATTR anHc8gdJAQSVJxLo.IsItemSpaceSnare type=<class 'bool'> val=False
ATTR anHc8gdJAQSVJxLo.IsMagicField type=<class 'bool'> val=False
ATTR anHc8gdJAQSVJxLo.IsMineral type=<class 'bool'> val=False
ATTR anHc8gdJAQSVJxLo.IsMonitorMissile type=<class 'bool'> val=False
ATTR anHc8gdJAQSVJxLo.IsMonster type=<class 'bool'> val=False
ATTR anHc8gdJAQSVJxLo.IsMovingPlatform type=<class 'bool'> val=False
ATTR anHc8gdJAQSVJxLo.IsNavigateBarrieCannon type=<class 'bool'> val=False
ATTR anHc8gdJAQSVJxLo.IsNewCrystalMonster type=<class 'bool'> val=False
ATTR anHc8gdJAQSVJxLo.IsObserveAvatar type=<class 'bool'> val=False
ATTR anHc8gdJAQSVJxLo.IsOccupyContractTarget type=<class 'bool'> val=False
ATTR anHc8gdJAQSVJxLo.IsOccupyContractTargetNew type=<class 'bool'> val=False
ATTR anHc8gdJAQSVJxLo.IsOilbox type=<class 'bool'> val=False
ATTR anHc8gdJAQSVJxLo.IsOverloadGift type=<class 'bool'> val=False
ATTR anHc8gdJAQSVJxLo.IsPanpan type=<class 'bool'> val=False
ATTR anHc8gdJAQSVJxLo.IsPhyBall type=<class 'bool'> val=False
ATTR anHc8gdJAQSVJxLo.IsPlayerCombatAvatar type=<class 'bool'> val=False
ATTR anHc8gdJAQSVJxLo.IsPlayerObserveAvatar type=<class 'bool'> val=False
ATTR anHc8gdJAQSVJxLo.IsPortableShop type=<class 'bool'> val=False
ATTR anHc8gdJAQSVJxLo.IsPosterBoard type=<class 'bool'> val=False
ATTR anHc8gdJAQSVJxLo.IsRPGMissile type=<class 'bool'> val=False
ATTR anHc8gdJAQSVJxLo.IsReplayPuppet type=<class 'bool'> val=False
ATTR anHc8gdJAQSVJxLo.IsReplayRecorder type=<class 'bool'> val=False
ATTR anHc8gdJAQSVJxLo.IsRobotCombatAvatar type=<class 'bool'> val=True
ATTR anHc8gdJAQSVJxLo.IsRobotCombatAvatarZombie type=<class 'bool'> val=False
ATTR anHc8gdJAQSVJxLo.IsSafeBox type=<class 'bool'> val=False
ATTR anHc8gdJAQSVJxLo.IsSaveDrone type=<class 'bool'> val=False
ATTR anHc8gdJAQSVJxLo.IsSaveMachine type=<class 'bool'> val=False
ATTR anHc8gdJAQSVJxLo.IsScoutArrow type=<class 'bool'> val=False
ATTR anHc8gdJAQSVJxLo.IsSearchContractBox type=<class 'bool'> val=False
ATTR anHc8gdJAQSVJxLo.IsSevenSinsGame type=<class 'bool'> val=False
ATTR anHc8gdJAQSVJxLo.IsShield type=<class 'bool'> val=False
ATTR anHc8gdJAQSVJxLo.IsShootingRange type=<class 'bool'> val=False
ATTR anHc8gdJAQSVJxLo.IsShop type=<class 'bool'> val=False
ATTR anHc8gdJAQSVJxLo.IsSimpleCombatUnit type=<class 'bool'> val=True
ATTR anHc8gdJAQSVJxLo.IsSkullBomb type=<class 'bool'> val=False
ATTR anHc8gdJAQSVJxLo.IsSoulAvatar type=<class 'bool'> val=False
ATTR anHc8gdJAQSVJxLo.IsSpellDrone type=<class 'bool'> val=False
ATTR anHc8gdJAQSVJxLo.IsStickyMaster type=<class 'bool'> val=False
ATTR anHc8gdJAQSVJxLo.IsStonePilar type=<class 'bool'> val=False
ATTR anHc8gdJAQSVJxLo.IsStronghold type=<class 'bool'> val=False
ATTR anHc8gdJAQSVJxLo.IsStropUav type=<class 'bool'> val=False
ATTR anHc8gdJAQSVJxLo.IsSupply type=<class 'bool'> val=False
ATTR anHc8gdJAQSVJxLo.IsSwordSpirit type=<class 'bool'> val=False
ATTR anHc8gdJAQSVJxLo.IsSyncTransEntity type=<class 'bool'> val=False
ATTR anHc8gdJAQSVJxLo.IsSystemKiller type=<class 'bool'> val=False
ATTR anHc8gdJAQSVJxLo.IsTimeSpear type=<class 'bool'> val=False
ATTR anHc8gdJAQSVJxLo.IsTitan2Game type=<class 'bool'> val=False
ATTR anHc8gdJAQSVJxLo.IsTitan2Stronghold type=<class 'bool'> val=False
ATTR anHc8gdJAQSVJxLo.IsTitan2StrongholdChest type=<class 'bool'> val=False
ATTR anHc8gdJAQSVJxLo.IsTransferBomb type=<class 'bool'> val=False
ATTR anHc8gdJAQSVJxLo.IsUavShield type=<class 'bool'> val=False
ATTR anHc8gdJAQSVJxLo.IsUltraMegaEnergy type=<class 'bool'> val=False
ATTR anHc8gdJAQSVJxLo.IsUltraMegaGame type=<class 'bool'> val=False
ATTR anHc8gdJAQSVJxLo.IsVehicle type=<class 'bool'> val=False
ATTR anHc8gdJAQSVJxLo.IsVirtualInteractionEntity type=<class 'bool'> val=False
ATTR anHc8gdJAQSVJxLo.IsVisible type=<class 'bool'> val=True
ATTR anHc8gdJAQSVJxLo._combat_team type=<class 'NoneType'> val=None
ATTR anHc8gdJAQSVJxLo._enter_house_name type=<class 'NoneType'> val=None
ATTR anHc8gdJAQSVJxLo._enter_house_range_name type=<class 'str'> val=''
ATTR anHc8gdJAQSVJxLo._jersey_resource_updated_bound type=<class 'bool'> val=True
ATTR anHc8gdJAQSVJxLo.ads_mark_pos_avatars type=<class 'list'> val=[]
ATTR anHc8gdJAQSVJxLo.ai_bind_target_pos FAIL error('unpack requires a buffer of 6 bytes')
ATTR anHc8gdJAQSVJxLo.born_pos type=<class 'tuple'> val=(6.300000190734863, 0.0, -5.5)
ATTR anHc8gdJAQSVJxLo.can_shoot_player_for_sound type=<class 'bool'> val=True
ATTR anHc8gdJAQSVJxLo.combat_team type=<class 'NoneType'> val=None
ATTR anHc8gdJAQSVJxLo.cur_active_world_field_id type=<class 'NoneType'> val=None
ATTR anHc8gdJAQSVJxLo.execute_player_pre_pos type=<class 'NoneType'> val=None
ATTR anHc8gdJAQSVJxLo.execute_player_yaw type=<class 'NoneType'> val=None
ATTR anHc8gdJAQSVJxLo.expose_killed_enemy_pos_timer type=<class 'NoneType'> val=None
ATTR anHc8gdJAQSVJxLo.expose_talent_end_stamp type=<class 'NoneType'> val=None
ATTR anHc8gdJAQSVJxLo.fsm_ads_mark_pos type=<class 'NoneType'> val=None
ATTR anHc8gdJAQSVJxLo.fsm_enemy_toplogo type=<class 'NoneType'> val=None
ATTR anHc8gdJAQSVJxLo.grappling_hook_target_pos type=<class 'NoneType'> val=None
ATTR anHc8gdJAQSVJxLo.heartbeat_avatar_cache_info type=<class 'dict'> val={}
ATTR anHc8gdJAQSVJxLo.in_same_house_with_player type=<class 'bool'> val=True
ATTR anHc8gdJAQSVJxLo.init_toplogo_ui type=<class 'bool'> val=True
ATTR anHc8gdJAQSVJxLo.is_dead_state type=<class 'bool'> val=False
ATTR anHc8gdJAQSVJxLo.is_fps_avatar type=<class 'bool'> val=False
ATTR anHc8gdJAQSVJxLo.is_hit_robot type=<class 'bool'> val=False
ATTR anHc8gdJAQSVJxLo.is_pose_sender_enabled type=<class 'bool'> val=False
ATTR anHc8gdJAQSVJxLo.is_replay_avatar type=<class 'bool'> val=False
ATTR anHc8gdJAQSVJxLo.is_robot_idle type=<class 'bool'> val=True
ATTR anHc8gdJAQSVJxLo.juren_hook_pos_left type=<class 'NoneType'> val=None
ATTR anHc8gdJAQSVJxLo.juren_hook_pos_right type=<class 'NoneType'> val=None
ATTR anHc8gdJAQSVJxLo.knock_down_team_enemy_pos_timer type=<class 'NoneType'> val=None
ATTR anHc8gdJAQSVJxLo.missile_indicate_pos type=<class 'NoneType'> val=None
ATTR anHc8gdJAQSVJxLo.pos type=<class 'tuple'> val=(6.300000190734863, 0.0, -5.5)
ATTR anHc8gdJAQSVJxLo.pose_type type=<class 'int'> val=0
ATTR anHc8gdJAQSVJxLo.position type=<class 'tuple'> val=(6.3227458000183105, 0.06980297714471817, -5.500764846801758)
ATTR anHc8gdJAQSVJxLo.recon_drone_frame_top_logo type=<class 'NoneType'> val=None
ATTR anHc8gdJAQSVJxLo.samurai_sprint_pos type=<class 'NoneType'> val=None
ATTR anHc8gdJAQSVJxLo.show_gothic_avatar_ids type=<class 'list'> val=[]
ATTR anHc8gdJAQSVJxLo.teammate_info type=<class 'dict'> val={}
ATTR anHc8gdJAQSVJxLo.toplogo type=<class 'gclient.gameplay.logic_base.comps.avatar_scene_node.AvatarSceneNode'> val=<gclient.gameplay.logic_base.comps.avatar_scene_node.AvatarSceneNode object at 0x000001709B472900>
ATTR anHc8gdJAQSVJxLo.toplogo_border_widget type=<class 'NoneType'> val=None
ATTR anHc8gdJAQSVJxLo.toplogo_widget type=<class 'gclient.framework.commoncomps.toplogo_component.TopLogoUINode'> val=<gclient.framework.commoncomps.toplogo_component.TopLogoUINode object(Node) at 0x17088023EE0>
ATTR anHc8gdJAQSVJxLo.toplogo_widget_hidden_reason type=<class 'int'> val=0
ATTR anHc8gdJAQSVJxLo.world_fields type=<class 'list'> val=[]
CALL anHc8gdJAQSVJxLo.CanShowEnemyToplogo() => True
CALL anHc8gdJAQSVJxLo.CanShowEnemyToplogoBar() => True
END
