BEGIN
OBJ common.EntityManager type=<class 'module'> val=<module 'common.EntityManager' (C:\Program Files (x86)\bloodstrike\Package\Script\Python/engine/common/EntityManager.py)>
DIR common.EntityManager ['COMPONENT', 'EntityManager', 'LogManager']
ATTR common.EntityManager.EntityManager type=<class 'type'> val=<class 'common.EntityManager.EntityManager'>
ATTR common.EntityManager.LogManager type=<class 'type'> val=<class 'mobilelog.LogManager.LogManager'>
OBJ common.EntityManager.EntityManager type=<class 'type'> val=<class 'common.EntityManager.EntityManager'>
DIR common.EntityManager.EntityManager ['_entities', '_ghosts', '_logger', '_refresh_entities', 'addentity', 'delentity', 'getentity', 'hasentity']
ATTR common.EntityManager.EntityManager._entities type=<class 'dict'> val={'AjDCIrilGhEBXtfh': <PlayerAvatar(AjDCIrilGhEBXtfh)>, 'anE8/EsxNr+4ux83': <Space(anE8/EsxNr+4ux83)>, 'anE9NksxNr+4uzV/': <CombatTeamEntity_ShootingRange(anE9NksxNr+4uzV/)>, 'anE9NksxNr+4uzVs': <PlayerCombatAvatarShootingRange(anE9NksxNr+4uzVs)>, 'anE8/EsxNr+4ux9I': <GameLogicShootingRange(anE8/EsxNr+4ux9I)>, 'anE9NksxNr+4uzV5': <CombatItemEntity(anE9NksxNr+4uzV5)>, 'anE9NksxNr+4uzV4': <CombatItemEntity(anE9NksxNr+4uzV4)>, 'anE9NksxNr+4uzWC': <Bomb(anE9NksxNr+4uzWC)>, 'anE9NksxNr+4uzV8': <CombatItemEntity(anE9NksxNr+4uzV8)>, 'anE9NksxNr+4uzVz': <Bomb(anE9NksxNr+4uzVz)>, 'anE8/EsxNr+4ux9Q': <RobotCombatAvatarShootingRange(anE8/EsxNr+4ux9Q)>, 'anE9NksxNr+4uzV2': <CombatItemEntity(anE9NksxNr+4u...
ATTR common.EntityManager.EntityManager._refresh_entities type=<class 'set'> val=set()
ATTR common.EntityManager.EntityManager.addentity type=<class 'function'> val=<function EntityManager.addentity at 0x00000259F461DF30>
ATTR common.EntityManager.EntityManager.delentity type=<class 'function'> val=<function EntityManager.delentity at 0x00000259F461C510>
ATTR common.EntityManager.EntityManager.getentity type=<class 'function'> val=<function EntityManager.getentity at 0x00000259F18FA400>
ATTR common.EntityManager.EntityManager.hasentity type=<class 'function'> val=<function EntityManager.hasentity at 0x00000259F18FA350>
OBJ common.Entity type=<class 'module'> val=<module 'common.Entity' (C:\Program Files (x86)\bloodstrike\Package\Script\Python/engine/common/Entity.py)>
DIR common.Entity ['ComponentHost', 'Entity', 'EntityManager', 'EntityMetaClass', 'IdManager', 'LogManager', 'NonexistentSwallower', 'PropertyMetaClass', 'Timer', 'asiocore', 'copy_rpc_decorator', 'py3compat', 'sys']
ATTR common.Entity.ComponentHost type=<class 'function'> val=<function ComponentHost at 0x00000259F18F9590>
ATTR common.Entity.Entity type=<class 'common.Entity.EntityMetaClass'> val=<class 'common.Entity.Entity'>
ATTR common.Entity.EntityManager type=<class 'type'> val=<class 'common.EntityManager.EntityManager'>
ATTR common.Entity.EntityMetaClass type=<class 'type'> val=<class 'common.Entity.EntityMetaClass'>
ATTR common.Entity.IdManager type=<class 'type'> val=<class 'common.IdManager.IdManager'>
ATTR common.Entity.LogManager type=<class 'type'> val=<class 'mobilelog.LogManager.LogManager'>
ATTR common.Entity.NonexistentSwallower type=<class 'type'> val=<class 'common.mobilecommon.NonexistentSwallower'>
OBJ common.Entity.Entity type=<class 'common.Entity.EntityMetaClass'> val=<class 'common.Entity.Entity'>
DIR common.Entity.Entity ['_addComponent', '_callComponents', '_delComponent', '_finiComponents', '_hasComponents', '_initComponents', '_on_timer', '_postComponents', '_tickComponents', 'add_repeat_timer', 'add_timer', 'area', 'cancel_timer', 'deactive', 'destroy', 'destroyObject', 'get_gtick', 'init_from_dict', 'is_deactived', 'is_destroyed', 'logger', 'onEntityClassRegistered', 'pre_reload_script', 'set_tick', 'setdefault', 'tick']
ATTR common.Entity.Entity._addComponent type=<class 'method'> val=<bound method _addComponent of <class 'common.Entity.Entity'>>
ATTR common.Entity.Entity._callComponents type=<class 'function'> val=<function _callComponents at 0x00000259F18F9170>
ATTR common.Entity.Entity._delComponent type=<class 'method'> val=<bound method _delComponent of <class 'common.Entity.Entity'>>
ATTR common.Entity.Entity._finiComponents type=<class 'function'> val=<function _finiComponents at 0x00000259F18F9430>
ATTR common.Entity.Entity._hasComponents type=<class 'method'> val=<bound method _hasComponents of <class 'common.Entity.Entity'>>
ATTR common.Entity.Entity._initComponents type=<class 'function'> val=<function _initComponents at 0x00000259F18F9220>
ATTR common.Entity.Entity._postComponents type=<class 'function'> val=<function _postComponents at 0x00000259F18F92D0>
ATTR common.Entity.Entity._tickComponents type=<class 'function'> val=<function _tickComponents at 0x00000259F18F9380>
ATTR common.Entity.Entity.init_from_dict type=<class 'function'> val=<function EntityMetaClass.replaceInitFromDict.<locals>.init_from_dict at 0x00000259F79AA2A0>
ATTR common.Entity.Entity.onEntityClassRegistered type=<class 'method'> val=<bound method Entity.onEntityClassRegistered of <class 'common.Entity.Entity'>>
OBJ common.Entity.EntityManager type=<class 'type'> val=<class 'common.EntityManager.EntityManager'>
DIR common.Entity.EntityManager ['_entities', '_ghosts', '_logger', '_refresh_entities', 'addentity', 'delentity', 'getentity', 'hasentity']
ATTR common.Entity.EntityManager._entities type=<class 'dict'> val={'AjDCIrilGhEBXtfh': <PlayerAvatar(AjDCIrilGhEBXtfh)>, 'anE8/EsxNr+4ux83': <Space(anE8/EsxNr+4ux83)>, 'anE9NksxNr+4uzV/': <CombatTeamEntity_ShootingRange(anE9NksxNr+4uzV/)>, 'anE9NksxNr+4uzVs': <PlayerCombatAvatarShootingRange(anE9NksxNr+4uzVs)>, 'anE8/EsxNr+4ux9I': <GameLogicShootingRange(anE8/EsxNr+4ux9I)>, 'anE9NksxNr+4uzV5': <CombatItemEntity(anE9NksxNr+4uzV5)>, 'anE9NksxNr+4uzV4': <CombatItemEntity(anE9NksxNr+4uzV4)>, 'anE9NksxNr+4uzWC': <Bomb(anE9NksxNr+4uzWC)>, 'anE9NksxNr+4uzV8': <CombatItemEntity(anE9NksxNr+4uzV8)>, 'anE9NksxNr+4uzVz': <Bomb(anE9NksxNr+4uzVz)>, 'anE8/EsxNr+4ux9Q': <RobotCombatAvatarShootingRange(anE8/EsxNr+4ux9Q)>, 'anE9NksxNr+4uzV2': <CombatItemEntity(anE9NksxNr+4u...
ATTR common.Entity.EntityManager._refresh_entities type=<class 'set'> val=set()
ATTR common.Entity.EntityManager.addentity type=<class 'function'> val=<function EntityManager.addentity at 0x00000259F461DF30>
ATTR common.Entity.EntityManager.delentity type=<class 'function'> val=<function EntityManager.delentity at 0x00000259F461C510>
ATTR common.Entity.EntityManager.getentity type=<class 'function'> val=<function EntityManager.getentity at 0x00000259F18FA400>
ATTR common.Entity.EntityManager.hasentity type=<class 'function'> val=<function EntityManager.hasentity at 0x00000259F18FA350>
OBJ common.EntityFactory type=<class 'module'> val=<module 'common.EntityFactory' (C:\Program Files (x86)\bloodstrike\Package\Script\Python/engine/common/EntityFactory.py)>
DIR common.EntityFactory ['EntityFactory', 'LogManager', 'PRESET_RPC_INDEXES', 'inspect', 'is_exposed_rpc', 'py3compat', 'register_rpc']
ATTR common.EntityFactory.EntityFactory type=<class 'type'> val=<class 'common.EntityFactory.EntityFactory'>
ATTR common.EntityFactory.LogManager type=<class 'type'> val=<class 'mobilelog.LogManager.LogManager'>
OBJ common.EntityFactory.EntityFactory type=<class 'type'> val=<class 'common.EntityFactory.EntityFactory'>
DIR common.EntityFactory.EntityFactory ['_instance', 'create_entity', 'get_entity_class', 'instance', 'register_entity', 'reregister_rpc']
ATTR common.EntityFactory.EntityFactory.create_entity type=<class 'function'> val=<function EntityFactory.create_entity at 0x00000259F18F8E00>
ATTR common.EntityFactory.EntityFactory.get_entity_class type=<class 'function'> val=<function EntityFactory.get_entity_class at 0x00000259F18F8D50>
ATTR common.EntityFactory.EntityFactory.register_entity type=<class 'function'> val=<function EntityFactory.register_entity at 0x00000259F18F8CA0>
OBJ client.ClientEntity type=<class 'module'> val=<module 'client.ClientEntity' (C:\Program Files (x86)\bloodstrike\Package\Script\Python/engine/client/ClientEntity.py)>
DIR client.ClientEntity ['AsioGateClient', 'AvatarEntity', 'BinData', 'CLIENT_STUB', 'ClientAreaEntity', 'ClientEntity', 'CustomMapType', 'Entity', 'EntityID', 'Float', 'INDEX2RPC', 'Int', 'List', 'PlayerEntity', 'Property', 'Str', 'asiocore', 'get_props_desc', 'is_rpc_method', 'regist_rpc_methods', 'rpc_call', 'rpc_method']
ATTR client.ClientEntity.AsioGateClient type=<class 'type'> val=<class 'client.AsioGateClient.AsioGateClient'>
ATTR client.ClientEntity.AvatarEntity type=<class 'common.Entity.EntityMetaClass'> val=<class 'client.ClientEntity.AvatarEntity'>
ATTR client.ClientEntity.ClientAreaEntity type=<class 'common.Entity.EntityMetaClass'> val=<class 'client.ClientEntity.ClientAreaEntity'>
ATTR client.ClientEntity.ClientEntity type=<class 'common.Entity.EntityMetaClass'> val=<class 'client.ClientEntity.ClientEntity'>
ATTR client.ClientEntity.CustomMapType type=<class 'common.classutils.CustomMapTypeMetaClass'> val=<class 'common.classutils.CustomMapType'>
ATTR client.ClientEntity.Entity type=<class 'common.Entity.EntityMetaClass'> val=<class 'common.Entity.Entity'>
ATTR client.ClientEntity.EntityID type=<class 'type'> val=<class 'entityid'>
ATTR client.ClientEntity.PlayerEntity type=<class 'common.Entity.EntityMetaClass'> val=<class 'client.ClientEntity.PlayerEntity'>
ATTR client.ClientEntity.rpc_call type=<class 'function'> val=<function rpc_call at 0x00000259F18F8720>
OBJ client.ClientEntity.ClientEntity type=<class 'common.Entity.EntityMetaClass'> val=<class 'client.ClientEntity.ClientEntity'>
DIR client.ClientEntity.ClientEntity ['_addComponent', '_callComponents', '_delComponent', '_finiComponents', '_hasComponents', '_initComponents', '_on_timer', '_orded_dispatch_rpc', '_postComponents', '_tickComponents', 'add_repeat_timer', 'add_timer', 'area', 'cancel_timer', 'deactive', 'destroy', 'destroyObject', 'entity_method', 'get_gtick', 'init_from_dict', 'is_deactived', 'is_destroyed', 'logger', 'onEntityClassRegistered', 'on_lose_server', 'on_setattr', 'pre_reload_script', 'set_server', 'set_tick', 'setdefault', 'tick']
ATTR client.ClientEntity.ClientEntity._addComponent type=<class 'method'> val=<bound method _addComponent of <class 'client.ClientEntity.ClientEntity'>>
ATTR client.ClientEntity.ClientEntity._callComponents type=<class 'function'> val=<function _callComponents at 0x00000259F18F9170>
ATTR client.ClientEntity.ClientEntity._delComponent type=<class 'method'> val=<bound method _delComponent of <class 'client.ClientEntity.ClientEntity'>>
ATTR client.ClientEntity.ClientEntity._finiComponents type=<class 'function'> val=<function _finiComponents at 0x00000259F18F9430>
ATTR client.ClientEntity.ClientEntity._hasComponents type=<class 'method'> val=<bound method _hasComponents of <class 'client.ClientEntity.ClientEntity'>>
ATTR client.ClientEntity.ClientEntity._initComponents type=<class 'function'> val=<function _initComponents at 0x00000259F18F9220>
ATTR client.ClientEntity.ClientEntity._postComponents type=<class 'function'> val=<function _postComponents at 0x00000259F18F92D0>
ATTR client.ClientEntity.ClientEntity._tickComponents type=<class 'function'> val=<function _tickComponents at 0x00000259F18F9380>
ATTR client.ClientEntity.ClientEntity.entity_method type=<class 'function'> val=<function ClientEntity.entity_method at 0x00000259F5276DA0>
ATTR client.ClientEntity.ClientEntity.init_from_dict type=<class 'function'> val=<function EntityMetaClass.replaceInitFromDict.<locals>.init_from_dict at 0x00000259F5277060>
ATTR client.ClientEntity.ClientEntity.onEntityClassRegistered type=<class 'method'> val=<bound method ClientEntity.onEntityClassRegistered of <class 'client.ClientEntity.ClientEntity'>>
OBJ client.ClientEntity.PlayerEntity type=<class 'common.Entity.EntityMetaClass'> val=<class 'client.ClientEntity.PlayerEntity'>
DIR client.ClientEntity.PlayerEntity ['_addComponent', '_callComponents', '_delComponent', '_finiComponents', '_hasComponents', '_initComponents', '_on_timer', '_orded_dispatch_rpc', '_postComponents', '_tickComponents', 'add_repeat_timer', 'add_timer', 'area', 'become_player', 'cancel_timer', 'deactive', 'destroy', 'destroyObject', 'entity_method', 'get_gtick', 'init_from_dict', 'is_deactived', 'is_destroyed', 'logger', 'onEntityClassRegistered', 'on_be_relayed', 'on_become_player', 'on_lose_server', 'on_relay_to', 'on_setattr', 'pre_reload_script', 'set_server', 'set_tick', 'setdefault', 'tick', 'update_reconnectkey']
ATTR client.ClientEntity.PlayerEntity._addComponent type=<class 'method'> val=<bound method _addComponent of <class 'client.ClientEntity.PlayerEntity'>>
ATTR client.ClientEntity.PlayerEntity._callComponents type=<class 'function'> val=<function _callComponents at 0x00000259F18F9170>
ATTR client.ClientEntity.PlayerEntity._delComponent type=<class 'method'> val=<bound method _delComponent of <class 'client.ClientEntity.PlayerEntity'>>
ATTR client.ClientEntity.PlayerEntity._finiComponents type=<class 'function'> val=<function _finiComponents at 0x00000259F18F9430>
ATTR client.ClientEntity.PlayerEntity._hasComponents type=<class 'method'> val=<bound method _hasComponents of <class 'client.ClientEntity.PlayerEntity'>>
ATTR client.ClientEntity.PlayerEntity._initComponents type=<class 'function'> val=<function _initComponents at 0x00000259F18F9220>
ATTR client.ClientEntity.PlayerEntity._postComponents type=<class 'function'> val=<function _postComponents at 0x00000259F18F92D0>
ATTR client.ClientEntity.PlayerEntity._tickComponents type=<class 'function'> val=<function _tickComponents at 0x00000259F18F9380>
ATTR client.ClientEntity.PlayerEntity.become_player type=<class 'function'> val=<function PlayerEntity.become_player at 0x00000259C73D4510>
ATTR client.ClientEntity.PlayerEntity.entity_method type=<class 'function'> val=<function ClientEntity.entity_method at 0x00000259F5276DA0>
ATTR client.ClientEntity.PlayerEntity.init_from_dict type=<class 'function'> val=<function EntityMetaClass.replaceInitFromDict.<locals>.init_from_dict at 0x00000259C73D4880>
ATTR client.ClientEntity.PlayerEntity.onEntityClassRegistered type=<class 'method'> val=<bound method ClientEntity.onEntityClassRegistered of <class 'client.ClientEntity.PlayerEntity'>>
ATTR client.ClientEntity.PlayerEntity.on_become_player type=<class 'function'> val=<function PlayerEntity.on_become_player at 0x00000259C73D4460>
OBJ client.ClientEntity.AvatarEntity type=<class 'common.Entity.EntityMetaClass'> val=<class 'client.ClientEntity.AvatarEntity'>
DIR client.ClientEntity.AvatarEntity ['Space', '_addComponent', '_callComponents', '_delComponent', '_finiComponents', '_hasComponents', '_initComponents', '_on_timer', '_orded_dispatch_rpc', '_postComponents', '_prepare_spectate', '_tickComponents', 'add_repeat_timer', 'add_timer', 'area', 'become_player', 'cancel_timer', 'deactive', 'destroy', 'destroyObject', 'dir', 'enter_world', 'entity_method', 'get_gtick', 'init_from_dict', 'is_deactived', 'is_destroyed', 'logger', 'onEntityClassRegistered', 'on_be_relayed', 'on_become_player', 'on_clear_space_center', 'on_del_space_data', 'on_dist_aoi_enter', 'on_ent_out_sight', 'on_enter_space', 'on_enter_world_level', 'on_leave_space', 'on_leave_world_level', 'on_lose_server', 'on_out_sight', 'on_play_spectator_finished', 'on_relay_to', 'on_set_space_center', 'on_set_space_data', 'on_setattr', 'on_spectator_leaved', 'on_speed', 'on_teleport_in', 'on_teleport_out', 'on_update_direction', 'on_update_position', 'on_update_position_and_direction', 'on_update_space_data', 'pos', 'position_uploader', 'pre_reload_script', 'set_server', 'set_tick', 'setdefault', 'space', 'speed', 'tick', 'update_reconnectkey', 'yaw']
ATTR client.ClientEntity.AvatarEntity._addComponent type=<class 'method'> val=<bound method _addComponent of <class 'client.ClientEntity.AvatarEntity'>>
ATTR client.ClientEntity.AvatarEntity._callComponents type=<class 'function'> val=<function _callComponents at 0x00000259F18F9170>
ATTR client.ClientEntity.AvatarEntity._delComponent type=<class 'method'> val=<bound method _delComponent of <class 'client.ClientEntity.AvatarEntity'>>
ATTR client.ClientEntity.AvatarEntity._finiComponents type=<class 'function'> val=<function _finiComponents at 0x00000259F18F9430>
ATTR client.ClientEntity.AvatarEntity._hasComponents type=<class 'method'> val=<bound method _hasComponents of <class 'client.ClientEntity.AvatarEntity'>>
ATTR client.ClientEntity.AvatarEntity._initComponents type=<class 'function'> val=<function _initComponents at 0x00000259F18F9220>
ATTR client.ClientEntity.AvatarEntity._postComponents type=<class 'function'> val=<function _postComponents at 0x00000259F18F92D0>
ATTR client.ClientEntity.AvatarEntity._tickComponents type=<class 'function'> val=<function _tickComponents at 0x00000259F18F9380>
ATTR client.ClientEntity.AvatarEntity.become_player type=<class 'function'> val=<function PlayerEntity.become_player at 0x00000259C73D4510>
ATTR client.ClientEntity.AvatarEntity.enter_world type=<class 'function'> val=<function AvatarEntity.enter_world at 0x00000259C73D4EB0>
ATTR client.ClientEntity.AvatarEntity.entity_method type=<class 'function'> val=<function ClientEntity.entity_method at 0x00000259F5276DA0>
ATTR client.ClientEntity.AvatarEntity.init_from_dict type=<class 'function'> val=<function EntityMetaClass.replaceInitFromDict.<locals>.init_from_dict at 0x00000259C73D5640>
ATTR client.ClientEntity.AvatarEntity.onEntityClassRegistered type=<class 'method'> val=<bound method ClientEntity.onEntityClassRegistered of <class 'client.ClientEntity.AvatarEntity'>>
ATTR client.ClientEntity.AvatarEntity.on_become_player type=<class 'function'> val=<function PlayerEntity.on_become_player at 0x00000259C73D4460>
ATTR client.ClientEntity.AvatarEntity.on_clear_space_center type=<class 'function'> val=<function AvatarEntity.on_clear_space_center at 0x00000259C73D4E00>
ATTR client.ClientEntity.AvatarEntity.on_dist_aoi_enter type=<class 'function'> val=<function AvatarEntity.on_dist_aoi_enter at 0x00000259C73D4D50>
ATTR client.ClientEntity.AvatarEntity.on_ent_out_sight type=<class 'function'> val=<function AvatarEntity.on_ent_out_sight at 0x00000259C73D52D0>
ATTR client.ClientEntity.AvatarEntity.on_enter_space type=<class 'function'> val=<function AvatarEntity.on_enter_space at 0x00000259C73D5170>
ATTR client.ClientEntity.AvatarEntity.on_enter_world_level type=<class 'function'> val=<function AvatarEntity.on_enter_world_level at 0x00000259C73D4BF0>
ATTR client.ClientEntity.AvatarEntity.on_set_space_center type=<class 'function'> val=<function ClientAreaEntity.on_set_space_center at 0x00000259C73D41A0>
OBJ client.ClientEntity.ClientAreaEntity type=<class 'common.Entity.EntityMetaClass'> val=<class 'client.ClientEntity.ClientAreaEntity'>
DIR client.ClientEntity.ClientAreaEntity ['_addComponent', '_callComponents', '_delComponent', '_finiComponents', '_hasComponents', '_initComponents', '_on_timer', '_orded_dispatch_rpc', '_postComponents', '_tickComponents', 'add_repeat_timer', 'add_timer', 'area', 'cancel_timer', 'deactive', 'destroy', 'destroyObject', 'dir', 'entity_method', 'get_gtick', 'init_from_dict', 'is_deactived', 'is_destroyed', 'logger', 'onEntityClassRegistered', 'on_del_space_data', 'on_enter_space', 'on_leave_space', 'on_lose_server', 'on_out_sight', 'on_play_spectator_finished', 'on_set_space_center', 'on_set_space_data', 'on_setattr', 'on_speed', 'on_update_direction', 'on_update_position', 'on_update_position_and_direction', 'on_update_space_data', 'pos', 'pre_reload_script', 'set_server', 'set_tick', 'setdefault', 'space', 'speed', 'tick', 'yaw']
ATTR client.ClientEntity.ClientAreaEntity._addComponent type=<class 'method'> val=<bound method _addComponent of <class 'client.ClientEntity.ClientAreaEntity'>>
ATTR client.ClientEntity.ClientAreaEntity._callComponents type=<class 'function'> val=<function _callComponents at 0x00000259F18F9170>
ATTR client.ClientEntity.ClientAreaEntity._delComponent type=<class 'method'> val=<bound method _delComponent of <class 'client.ClientEntity.ClientAreaEntity'>>
ATTR client.ClientEntity.ClientAreaEntity._finiComponents type=<class 'function'> val=<function _finiComponents at 0x00000259F18F9430>
ATTR client.ClientEntity.ClientAreaEntity._hasComponents type=<class 'method'> val=<bound method _hasComponents of <class 'client.ClientEntity.ClientAreaEntity'>>
ATTR client.ClientEntity.ClientAreaEntity._initComponents type=<class 'function'> val=<function _initComponents at 0x00000259F18F9220>
ATTR client.ClientEntity.ClientAreaEntity._postComponents type=<class 'function'> val=<function _postComponents at 0x00000259F18F92D0>
ATTR client.ClientEntity.ClientAreaEntity._tickComponents type=<class 'function'> val=<function _tickComponents at 0x00000259F18F9380>
ATTR client.ClientEntity.ClientAreaEntity.entity_method type=<class 'function'> val=<function ClientEntity.entity_method at 0x00000259F5276DA0>
ATTR client.ClientEntity.ClientAreaEntity.init_from_dict type=<class 'function'> val=<function EntityMetaClass.replaceInitFromDict.<locals>.init_from_dict at 0x00000259C73D4300>
ATTR client.ClientEntity.ClientAreaEntity.onEntityClassRegistered type=<class 'method'> val=<bound method ClientEntity.onEntityClassRegistered of <class 'client.ClientEntity.ClientAreaEntity'>>
ATTR client.ClientEntity.ClientAreaEntity.on_enter_space type=<class 'function'> val=<function ClientAreaEntity.on_enter_space at 0x00000259F5277950>
ATTR client.ClientEntity.ClientAreaEntity.on_set_space_center type=<class 'function'> val=<function ClientAreaEntity.on_set_space_center at 0x00000259C73D41A0>
OBJ gclient.gameplay.logic_base.entities.combat_avatar type=<class 'module'> val=<module 'gclient.gameplay.logic_base.entities.combat_avatar' (C:\Program Files (x86)\bloodstrike\Package\Script\Python/gclient/gameplay/logic_base/entities/combat_avatar.py)>
DIR gclient.gameplay.logic_base.entities.combat_avatar ['Bool', 'CLIENT_STUB', 'ClientAreaEntity', 'CombatAvatar', 'Components', 'Float', 'GlobalData', 'HighFrequencyProperties', 'MEngine', 'MType', 'NoPersistentTitles', 'PlayerCombatAvatar', 'Property', 'Tuple', 'cconst', 'combatavatarmembers', 'comp_beard', 'comp_climb_wall', 'comp_fly', 'comp_left_hand_special_weapon', 'comp_meow_dance', 'comp_parachute', 'comp_thruster_pack', 'consts', 'events', 'formula', 'math', 'pubsub', 'rpc_method', 'sys', 'time', 'with_tag']
ATTR gclient.gameplay.logic_base.entities.combat_avatar.ClientAreaEntity type=<class 'common.Entity.EntityMetaClass'> val=<class 'client.ClientEntity.ClientAreaEntity'>
ATTR gclient.gameplay.logic_base.entities.combat_avatar.CombatAvatar type=<class 'common.Entity.EntityMetaClass'> val=<class 'gclient.gameplay.logic_base.entities.combat_avatar.CombatAvatar'>
ATTR gclient.gameplay.logic_base.entities.combat_avatar.Components type=<class 'function'> val=<function ReplaceComponents.<locals>.Components at 0x00000259F958EFB0>
ATTR gclient.gameplay.logic_base.entities.combat_avatar.NoPersistentTitles type=<class 'common.classutils.CustomListTypeMetaClass'> val=<class 'gshare.ititle.NoPersistentTitles'>
ATTR gclient.gameplay.logic_base.entities.combat_avatar.PlayerCombatAvatar type=<class 'common.Entity.EntityMetaClass'> val=<class 'gclient.gameplay.logic_base.entities.combat_avatar.PlayerCombatAvatar'>
ATTR gclient.gameplay.logic_base.entities.combat_avatar.combatavatarmembers type=<class 'module'> val=<module 'gclient.gameplay.logic_base.entities.combatavatarmembers' (C:\Program Files (x86)\bloodstrike\Package\Script\Python/gclient/gameplay/logic_base/entities/combatavatarmembers/__init__.py)>
ATTR gclient.gameplay.logic_base.entities.combat_avatar.comp_climb_wall type=<class 'module'> val=<module 'gclient.gameplay.logic_base.comps.comp_climb_wall' (C:\Program Files (x86)\bloodstrike\Package\Script\Python/gclient/gameplay/logic_base/comps/comp_climb_wall.py)>
ATTR gclient.gameplay.logic_base.entities.combat_avatar.events type=<class 'module'> val=<module 'gclient.framework.util.events' (C:\Program Files (x86)\bloodstrike\Package\Script\Python/gclient/framework/util/events.py)>
OBJ gclient.gameplay.logic_base.entities.combat_avatar.CombatAvatar type=<class 'common.Entity.EntityMetaClass'> val=<class 'gclient.gameplay.logic_base.entities.combat_avatar.CombatAvatar'>
DIR gclient.gameplay.logic_base.entities.combat_avatar.CombatAvatar ['AddAssassinateEffect', 'AddBeShootTechEffect', 'AddBuffSpell', 'AddCameraEffect', 'AddCameraEffectByBuff', 'AddClientBuff', 'AddHoldingTimer', 'AddSkeletonEffectByBuff', 'AddSnareToSnareDict', 'AddStoryTick', 'AddTechStateXray', 'AddTpsShowEntity', 'AddUavResidualBloodTip', 'AddWorldField', 'AddWrathSkillTimer', 'AdsFlashTick', 'ApplyCameraKeyframe', 'ApplyFilterMotionForEmote', 'ApplyFilterMotionForExecute', 'AttachToVehicle', 'BatchForwardSpellResult', 'BatchForwardSpellResultFull', 'BatchOnSpellResult', 'BatchOnSpellResultFull', 'BindHandToBody', 'BlastBombExplode', 'BroadcastSoundEvent', 'CacheModel', 'CacheMovingPlatformInfoForShow', 'CacheSoundID', 'CalAttrResult', 'CanDamageByMagicField', 'CanLimitFrameInvisible', 'CanRecycleCannon', 'CanShowEnemyToplogo', 'CanShowEnemyToplogoBar', 'CanShowToplogoBarWhenGetHit', 'CanTakeMaxDamage', 'CancelEmoteDetect', 'CancelGothicScan', 'CancelGrapplingHook', 'CancelHeartbeatResetTimer', 'CancelHoldTelescopeForFov', 'CancelMissileAttackIndicateTick', 'CancelRemoveCameraEffectTimer', 'CancelSamuraiSprintTick', 'ChangeCustomMaterial', 'ChangeFireWallSpellMode', 'ChangeRelayStateInfo', 'ChangeShaderGraphMaterial', 'ChangeSpellMode226', 'ChangeSpellMode227', 'ChangeSpellMode231', 'CheckAndGetSwitchDict', 'CheckBindBombReload', 'CheckCanTakeXdroidItem', 'CheckDoubleEmoteVisualEntity', 'CheckEmitterObstructValue', 'CheckGrapplingHookTargetTimer', 'CheckHeroSkinEffect', 'CheckInHouseWhenStateChange', 'CheckIsOutDoor', 'CheckPreloadExecuteThirdModel', 'CheckProne', 'CheckRefreshAdsFlash', 'CheckReset000ForMovingPlatform', 'CheckResetFilterForMovingPlatform', 'CheckThrusterPackOwnedState', 'CheckUavEnemyPosValid', 'ClearAllStoryTick', 'ClearArmorCameraEffects', 'ClearAssassinateEffect', 'ClearCloseParachuteAttachModel', 'ClearCloseParachuteEffect', 'ClearCureConnectingLine', 'ClearDirectionExplode', 'ClearElecticalFieldEffect', 'ClearFireWallPlaceEntity', 'ClearHeroSkinEffect', 'ClearHoldingTimer', 'ClearInactiveSpaceBlackHoleItemFsm', 'ClearJurenFlyAirSlashActive', 'ClearJurenFlyHookTitanTarget', 'ClearJurenFlyRuntimeState', 'ClearMegaFireWallPlaceEntity', 'ClearParanoiaEntity', 'ClearPlaceExplodeEntity', 'ClearPrePlaceEntity', 'ClearSpaceBlackHoleItemClientState', 'ClearSpaceBlackHoleItemFsm', 'ClearSpaceBlackHoleLocalCarrier', 'ClearSpaceBlackHoleSkillActive', 'ClearSpaceBlackHoleSkillActiveForTeardown', 'ClearSpaceBlackHoleSkillActiveState', 'ClearUnit', 'ClearWrathSkillTimer', 'CreateElecticalFieldEffect', 'CreateFi...
ATTR gclient.gameplay.logic_base.entities.combat_avatar.CombatAvatar.AddClientBuff type=<class 'function'> val=<function CombatAvatarMember.AddClientBuff at 0x00000259DF64F690>
ATTR gclient.gameplay.logic_base.entities.combat_avatar.CombatAvatar.AddSnareToSnareDict type=<class 'function'> val=<function CombatAvatarMember.AddSnareToSnareDict at 0x00000259DF67FA00>
ATTR gclient.gameplay.logic_base.entities.combat_avatar.CombatAvatar.AddTpsShowEntity type=<class 'function'> val=<function CombatAvatarMember.AddTpsShowEntity at 0x00000259DEF77480>
ATTR gclient.gameplay.logic_base.entities.combat_avatar.CombatAvatar.BroadcastSoundEvent type=<class 'function'> val=<function CombatAvatarMember.BroadcastSoundEvent at 0x00000259DFCEFB60>
ATTR gclient.gameplay.logic_base.entities.combat_avatar.CombatAvatar.ChangeFireWallSpellMode type=<class 'function'> val=<function CombatAvatarMember.ChangeFireWallSpellMode at 0x00000259DFCC6E50>
ATTR gclient.gameplay.logic_base.entities.combat_avatar.CombatAvatar.CheckAndGetSwitchDict type=<class 'function'> val=<function CombatAvatarMember.CheckAndGetSwitchDict at 0x00000259DFCFC040>
ATTR gclient.gameplay.logic_base.entities.combat_avatar.CombatAvatar.CheckDoubleEmoteVisualEntity type=<class 'function'> val=<function CombatAvatarMember.CheckDoubleEmoteVisualEntity at 0x00000259DEF47740>
ATTR gclient.gameplay.logic_base.entities.combat_avatar.CombatAvatar.ClearAllStoryTick type=<class 'function'> val=<function StoryTickComponent.ClearAllStoryTick at 0x00000259F7BD9F30>
ATTR gclient.gameplay.logic_base.entities.combat_avatar.CombatAvatar.ClearFireWallPlaceEntity type=<class 'function'> val=<function CombatAvatarMember.ClearFireWallPlaceEntity at 0x00000259DFCC7530>
ATTR gclient.gameplay.logic_base.entities.combat_avatar.CombatAvatar.ClearMegaFireWallPlaceEntity type=<class 'function'> val=<function CombatAvatarMember.ClearMegaFireWallPlaceEntity at 0x00000259DFCC7B60>
ATTR gclient.gameplay.logic_base.entities.combat_avatar.CombatAvatar.ClearParanoiaEntity type=<class 'function'> val=<function CombatAvatarMember.ClearParanoiaEntity at 0x00000259DFCC2400>
ATTR gclient.gameplay.logic_base.entities.combat_avatar.CombatAvatar.ClearPlaceExplodeEntity type=<class 'function'> val=<function CombatAvatarMember.ClearPlaceExplodeEntity at 0x00000259DFCC2AE0>
ATTR gclient.gameplay.logic_base.entities.combat_avatar.CombatAvatar.ClearPrePlaceEntity type=<class 'function'> val=<function CombatAvatarMember.ClearPrePlaceEntity at 0x00000259DFCC5DD0>
ATTR gclient.gameplay.logic_base.entities.combat_avatar.CombatAvatar.ClearSpaceBlackHoleItemClientState type=<class 'function'> val=<function CombatAvatarMember.ClearSpaceBlackHoleItemClientState at 0x00000259DF57BA00>
ATTR gclient.gameplay.logic_base.entities.combat_avatar.CombatAvatar.ClearSpaceBlackHoleLocalCarrier type=<class 'function'> val=<function CombatAvatarMember.ClearSpaceBlackHoleLocalCarrier at 0x00000259DF57B740>
ATTR gclient.gameplay.logic_base.entities.combat_avatar.CombatAvatar.CreateFireWallPlaceEntity type=<class 'function'> val=<function CombatAvatarMember.CreateFireWallPlaceEntity at 0x00000259DFCC7320>
ATTR gclient.gameplay.logic_base.entities.combat_avatar.CombatAvatar.CreateMegaFireWallPlaceEntity type=<class 'function'> val=<function CombatAvatarMember.CreateMegaFireWallPlaceEntity at 0x00000259DFCC7A00>
ATTR gclient.gameplay.logic_base.entities.combat_avatar.CombatAvatar.CreateParanoiaEntity type=<class 'function'> val=<function CombatAvatarMember.CreateParanoiaEntity at 0x00000259DFCC2140>
ATTR gclient.gameplay.logic_base.entities.combat_avatar.CombatAvatar.CreatePrePlaceEntity type=<class 'function'> val=<function CombatAvatarMember.CreatePrePlaceEntity at 0x00000259DFCC5A60>
ATTR gclient.gameplay.logic_base.entities.combat_avatar.CombatAvatar.DealScatterOffsetByTalent type=<class 'function'> val=<function CombatAvatarMember.DealScatterOffsetByTalent at 0x00000259DEDCB740>
ATTR gclient.gameplay.logic_base.entities.combat_avatar.CombatAvatar.DoGrapplingHookAvatarFly type=<class 'function'> val=<function CombatAvatarMember.DoGrapplingHookAvatarFly at 0x00000259CFE3AB90>
ATTR gclient.gameplay.logic_base.entities.combat_avatar.CombatAvatar.EnterKickUp type=<class 'function'> val=<function CombatAvatarMember.EnterKickUp at 0x00000259DEFD7950>
ATTR gclient.gameplay.logic_base.entities.combat_avatar.CombatAvatar.EnterMeowDance type=<class 'function'> val=<function CombatAvatarMember.EnterMeowDance at 0x00000259DFC35D20>
ATTR gclient.gameplay.logic_base.entities.combat_avatar.CombatAvatar.EnterTotemTransfer type=<class 'function'> val=<function CombatAvatarMember.EnterTotemTransfer at 0x00000259DFCD1C70>
ATTR gclient.gameplay.logic_base.entities.combat_avatar.CombatAvatar.ExplodeSpaceBlackHoleLocalCarrier type=<class 'function'> val=<function CombatAvatarMember.ExplodeSpaceBlackHoleLocalCarrier at 0x00000259DF57B690>
ATTR gclient.gameplay.logic_base.entities.combat_avatar.CombatAvatar.FireTotemEndEvent type=<class 'function'> val=<function CombatAvatarMember.FireTotemEndEvent at 0x00000259DFCD1BC0>
ATTR gclient.gameplay.logic_base.entities.combat_avatar.CombatAvatar.ForceDropAllWeaponForAvatar type=<class 'function'> val=<function CombatAvatarMember.ForceDropAllWeaponForAvatar at 0x00000259CFFDB740>
ATTR gclient.gameplay.logic_base.entities.combat_avatar.CombatAvatar.GetActiveSpaceBlackHoleEntity type=<class 'function'> val=<function CombatAvatarMember.GetActiveSpaceBlackHoleEntity at 0x00000259DF57BCC0>
ATTR gclient.gameplay.logic_base.entities.combat_avatar.CombatAvatar.GetEventByReplaceSound type=<class 'function'> val=<function CombatAvatarMember.GetEventByReplaceSound at 0x00000259DFC68300>
ATTR gclient.gameplay.logic_base.entities.combat_avatar.CombatAvatar.GetFireWallPlacePosition type=<class 'function'> val=<function CombatAvatarMember.GetFireWallPlacePosition at 0x00000259DFCC77F0>
ATTR gclient.gameplay.logic_base.entities.combat_avatar.CombatAvatar.GetFireWallPlacePositionH type=<class 'function'> val=<function CombatAvatarMember.GetFireWallPlacePositionH at 0x00000259DFCC7740>
ATTR gclient.gameplay.logic_base.entities.combat_avatar.CombatAvatar.GetFireWallPlacePositionV type=<class 'function'> val=<function CombatAvatarMember.GetFireWallPlacePositionV at 0x00000259DFCC7690>
ATTR gclient.gameplay.logic_base.entities.combat_avatar.CombatAvatar.GetPrePlaceEntityPosition type=<class 'function'> val=<function CombatAvatarMember.GetPrePlaceEntityPosition at 0x00000259DFCC5FE0>
ATTR gclient.gameplay.logic_base.entities.combat_avatar.CombatAvatar.GetPrePlaceEntityPosition225 type=<class 'function'> val=<function CombatAvatarMember.GetPrePlaceEntityPosition225 at 0x00000259DFCC6090>
ATTR gclient.gameplay.logic_base.entities.combat_avatar.CombatAvatar.GetPrePlaceEntityPosition234 type=<class 'function'> val=<function CombatAvatarMember.GetPrePlaceEntityPosition234 at 0x00000259DFCC61F0>
ATTR gclient.gameplay.logic_base.entities.combat_avatar.CombatAvatar.GetPrePlaceEntityPosition510 type=<class 'function'> val=<function CombatAvatarMember.GetPrePlaceEntityPosition225 at 0x00000259DFCC6090>
ATTR gclient.gameplay.logic_base.entities.combat_avatar.CombatAvatar.GetPrePlaceEntityPosition588 type=<class 'function'> val=<function CombatAvatarMember.GetPrePlaceEntityPosition588 at 0x00000259DFCC6140>
ATTR gclient.gameplay.logic_base.entities.combat_avatar.CombatAvatar.GetRealEntityOfCurThrowWeapon type=<class 'function'> val=<function CombatAvatarMember.GetRealEntityOfCurThrowWeapon at 0x00000259DEDB6980>
ATTR gclient.gameplay.logic_base.entities.combat_avatar.CombatAvatar.GetSpaceBlackHoleLocalCarrier type=<class 'function'> val=<function CombatAvatarMember.GetSpaceBlackHoleLocalCarrier at 0x00000259DF57B530>
ATTR gclient.gameplay.logic_base.entities.combat_avatar.CombatAvatar.GetSwitchValue_identity type=<class 'function'> val=<function CombatAvatarMember.GetSwitchValue_identity at 0x00000259DFCFC930>
ATTR gclient.gameplay.logic_base.entities.combat_avatar.CombatAvatar.HasClientBuff type=<class 'function'> val=<function CombatAvatarMember.HasClientBuff at 0x00000259DF64F530>
ATTR gclient.gameplay.logic_base.entities.combat_avatar.CombatAvatar.HasClientBuffByKind type=<class 'function'> val=<function CombatAvatarMember.HasClientBuffByKind at 0x00000259DF64F5E0>
ATTR gclient.gameplay.logic_base.entities.combat_avatar.CombatAvatar.HasSpaceBlackHoleLocalCarrier type=<class 'function'> val=<function CombatAvatarMember.HasSpaceBlackHoleLocalCarrier at 0x00000259DF57B5E0>
ATTR gclient.gameplay.logic_base.entities.combat_avatar.CombatAvatar.HasTalent type=<class 'function'> val=<function CombatAvatarMember.HasTalent at 0x00000259DEDCB5E0>
ATTR gclient.gameplay.logic_base.entities.combat_avatar.CombatAvatar.HasTalentCode type=<class 'function'> val=<function CombatAvatarMember.HasTalentCode at 0x00000259DEDCB690>
ATTR gclient.gameplay.logic_base.entities.combat_avatar.CombatAvatar.HouseRangeTriggerEnter type=<class 'function'> val=<function CombatAvatarMember.HouseRangeTriggerEnter at 0x00000259DFCEEA30>
ATTR gclient.gameplay.logic_base.entities.combat_avatar.CombatAvatar.IndoorTriggerEnter type=<class 'function'> val=<function CombatAvatarMember.IndoorTriggerEnter at 0x00000259DFCEE8D0>
ATTR gclient.gameplay.logic_base.entities.combat_avatar.CombatAvatar.InitAvatarModel type=<class 'function'> val=<function CombatAvatarMember.InitAvatarModel at 0x00000259DF64BB60>
ATTR gclient.gameplay.logic_base.entities.combat_avatar.CombatAvatar.IsAvatar type=<class 'bool'> val=False
ATTR gclient.gameplay.logic_base.entities.combat_avatar.CombatAvatar.IsCombatAvatar type=<class 'bool'> val=True
ATTR gclient.gameplay.logic_base.entities.combat_avatar.CombatAvatar.IsCombatAvatarSniper type=<class 'bool'> val=False
ATTR gclient.gameplay.logic_base.entities.combat_avatar.CombatAvatar.IsCombatAvatarZombieXray type=<class 'bool'> val=False
ATTR gclient.gameplay.logic_base.entities.combat_avatar.CombatAvatar.IsDummyCombatAvatar type=<class 'bool'> val=False
ATTR gclient.gameplay.logic_base.entities.combat_avatar.CombatAvatar.IsEntityAttach type=<class 'bool'> val=False
ATTR gclient.gameplay.logic_base.entities.combat_avatar.CombatAvatar.IsEntityMaster type=<class 'bool'> val=False
ATTR gclient.gameplay.logic_base.entities.combat_avatar.CombatAvatar.IsFootball type=<class 'bool'> val=False
ATTR gclient.gameplay.logic_base.entities.combat_avatar.CombatAvatar.IsIceWall type=<class 'bool'> val=False
ATTR gclient.gameplay.logic_base.entities.combat_avatar.CombatAvatar.IsObserveAvatar type=<class 'bool'> val=False
ATTR gclient.gameplay.logic_base.entities.combat_avatar.CombatAvatar.IsPhyBall type=<class 'bool'> val=False
ATTR gclient.gameplay.logic_base.entities.combat_avatar.CombatAvatar.IsPlayerCombatAvatar type=<class 'bool'> val=False
ATTR gclient.gameplay.logic_base.entities.combat_avatar.CombatAvatar.IsPlayerObserveAvatar type=<class 'bool'> val=False
ATTR gclient.gameplay.logic_base.entities.combat_avatar.CombatAvatar.IsRobotCombatAvatar type=<class 'bool'> val=False
ATTR gclient.gameplay.logic_base.entities.combat_avatar.CombatAvatar.IsRobotCombatAvatarZombie type=<class 'bool'> val=False
ATTR gclient.gameplay.logic_base.entities.combat_avatar.CombatAvatar.IsSkywingParaPresentationActive type=<class 'function'> val=<function ParaAvatarMemberBase.IsSkywingParaPresentationActive at 0x00000259DDB373D0>
ATTR gclient.gameplay.logic_base.entities.combat_avatar.CombatAvatar.IsSoulAvatar type=<class 'bool'> val=False
ATTR gclient.gameplay.logic_base.entities.combat_avatar.CombatAvatar.IsSyncTransEntity type=<class 'bool'> val=False
ATTR gclient.gameplay.logic_base.entities.combat_avatar.CombatAvatar.IsVirtualInteractionEntity type=<class 'bool'> val=False
ATTR gclient.gameplay.logic_base.entities.combat_avatar.CombatAvatar.KillAvatar type=<class 'function'> val=<function CombatAvatarMember.KillAvatar at 0x00000259CFFE0720>
ATTR gclient.gameplay.logic_base.entities.combat_avatar.CombatAvatar.OnAddClientBuff type=<class 'function'> val=<function CombatAvatarMember.OnAddClientBuff at 0x00000259DF64F8A0>
ATTR gclient.gameplay.logic_base.entities.combat_avatar.CombatAvatar.OnAddClientBuffCategory type=<class 'function'> val=<function CombatAvatarMember.OnAddClientBuffCategory at 0x00000259DF64FA00>
ATTR gclient.gameplay.logic_base.entities.combat_avatar.CombatAvatar.OnAddClientBuffCategoryFlash type=<class 'function'> val=<function CombatAvatarMember.OnAddClientBuffCategoryFlash at 0x00000259DF64FCC0>
ATTR gclient.gameplay.logic_base.entities.combat_avatar.CombatAvatar.OnAvatarDyingMove type=<class 'function'> val=<function CombatAvatarMember.OnAvatarDyingMove at 0x00000259DF7200F0>
ATTR gclient.gameplay.logic_base.entities.combat_avatar.CombatAvatar.OnClientBuffTick type=<class 'function'> val=<function CombatAvatarMember.OnClientBuffTick at 0x00000259DF64F480>
ATTR gclient.gameplay.logic_base.entities.combat_avatar.CombatAvatar.OnEnterHouseTrigger type=<class 'function'> val=<function CombatAvatarMember.OnEnterHouseTrigger at 0x00000259DFCEE6C0>
ATTR gclient.gameplay.logic_base.entities.combat_avatar.CombatAvatar.OnEnterInvincible type=<class 'function'> val=<function CombatAvatarMember.OnEnterInvincible at 0x00000259DFC37D70>
ATTR gclient.gameplay.logic_base.entities.combat_avatar.CombatAvatar.OnMegaFireWallPlaceEntityMove type=<class 'function'> val=<function CombatAvatarMember.OnMegaFireWallPlaceEntityMove at 0x00000259DFCC7CC0>
ATTR gclient.gameplay.logic_base.entities.combat_avatar.CombatAvatar.OnOtherPlayerShootGrapplingHook type=<class 'function'> val=<function CombatAvatarMember.OnOtherPlayerShootGrapplingHook at 0x00000259CFE3A8D0>
ATTR gclient.gameplay.logic_base.entities.combat_avatar.CombatAvatar.OnRemoveClientBuff type=<class 'function'> val=<function CombatAvatarMember.OnRemoveClientBuff at 0x00000259DF64F950>
ATTR gclient.gameplay.logic_base.entities.combat_avatar.CombatAvatar.OnRemoveClientBuffCategory type=<class 'function'> val=<function CombatAvatarMember.OnRemoveClientBuffCategory at 0x00000259DF64FAB0>
ATTR gclient.gameplay.logic_base.entities.combat_avatar.CombatAvatar.OnRemoveClientBuffCategoryFlash type=<class 'function'> val=<function CombatAvatarMember.OnRemoveClientBuffCategoryFlash at 0x00000259DF64FD70>
ATTR gclient.gameplay.logic_base.entities.combat_avatar.CombatAvatar.OnRotatePlaceEntity type=<class 'function'> val=<function CombatAvatarMember.OnRotatePlaceEntity at 0x00000259DFCC62A0>
ATTR gclient.gameplay.logic_base.entities.combat_avatar.CombatAvatar.OnTotemTransferMapUpdate type=<class 'function'> val=<function CombatAvatarMember.OnTotemTransferMapUpdate at 0x00000259DF64C5C0>
ATTR gclient.gameplay.logic_base.entities.combat_avatar.CombatAvatar.PlaceExplodeEntityTick type=<class 'function'> val=<function CombatAvatarMember.PlaceExplodeEntityTick at 0x00000259DFCC2B90>
ATTR gclient.gameplay.logic_base.entities.combat_avatar.CombatAvatar.PlaceFireWallEntityTick type=<class 'function'> val=<function CombatAvatarMember.PlaceFireWallEntityTick at 0x00000259DFCC75E0>
ATTR gclient.gameplay.logic_base.entities.combat_avatar.CombatAvatar.PlaceParanoiaEntityTick type=<class 'function'> val=<function CombatAvatarMember.PlaceParanoiaEntityTick at 0x00000259DFCC2610>
ATTR gclient.gameplay.logic_base.entities.combat_avatar.CombatAvatar.PlayExecuteSoundEvent type=<class 'function'> val=<function CombatAvatarMember.PlayExecuteSoundEvent at 0x00000259DEF1BE20>
ATTR gclient.gameplay.logic_base.entities.combat_avatar.CombatAvatar.PlayGeneralSoundEventById type=<class 'function'> val=<function CombatAvatarMember.PlayGeneralSoundEventById at 0x00000259DFCFC250>
ATTR gclient.gameplay.logic_base.entities.combat_avatar.CombatAvatar.PlayGrapplingHookRopeModelImp_avatar type=<class 'function'> val=<function CombatAvatarMember.PlayGrapplingHookRopeModelImp_avatar at 0x00000259CFE3ADA0>
ATTR gclient.gameplay.logic_base.entities.combat_avatar.CombatAvatar.PlayGunSoundEventById type=<class 'function'> val=<function CombatAvatarMember.PlayGunSoundEventById at 0x00000259DFCFC460>
ATTR gclient.gameplay.logic_base.entities.combat_avatar.CombatAvatar.PlayHitSoundEvent type=<class 'function'> val=<function CombatAvatarMember.PlayHitSoundEvent at 0x00000259DFCFC510>
ATTR gclient.gameplay.logic_base.entities.combat_avatar.CombatAvatar.PrePlaceEntityTick type=<class 'function'> val=<function CombatAvatarMember.PrePlaceEntityTick at 0x00000259DFCC5F30>
ATTR gclient.gameplay.logic_base.entities.combat_avatar.CombatAvatar.RemoveAllCameraEffect type=<class 'function'> val=<function CombatAvatarMember.RemoveAllCameraEffect at 0x00000259DFCC6770>
ATTR gclient.gameplay.logic_base.entities.combat_avatar.CombatAvatar.RemoveClientBuff type=<class 'function'> val=<function CombatAvatarMember.RemoveClientBuff at 0x00000259DF64F740>
ATTR gclient.gameplay.logic_base.entities.combat_avatar.CombatAvatar.RemoveClientBuffsByKind type=<class 'function'> val=<function CombatAvatarMember.RemoveClientBuffsByKind at 0x00000259DF64F7F0>
ATTR gclient.gameplay.logic_base.entities.combat_avatar.CombatAvatar.RemoveSnareFromSnareDict type=<class 'function'> val=<function CombatAvatarMember.RemoveSnareFromSnareDict at 0x00000259DF67FAB0>
ATTR gclient.gameplay.logic_base.entities.combat_avatar.CombatAvatar.RemoveTpsShowEntity type=<class 'function'> val=<function CombatAvatarMember.RemoveTpsShowEntity at 0x00000259DEF77530>
ATTR gclient.gameplay.logic_base.entities.combat_avatar.CombatAvatar.ReplayForAreaEntity type=<class 'function'> val=<function CombatAvatarMember.ReplayForAreaEntity at 0x00000259DF67E560>
ATTR gclient.gameplay.logic_base.entities.combat_avatar.CombatAvatar.ReplayForCombatAvatar type=<class 'function'> val=<function CombatAvatarMember.ReplayForCombatAvatar at 0x00000259DF67E610>
ATTR gclient.gameplay.logic_base.entities.combat_avatar.CombatAvatar.ReplaySyncClientStamp type=<class 'function'> val=<function CombatAvatarMember.ReplaySyncClientStamp at 0x00000259DF67DC70>
ATTR gclient.gameplay.logic_base.entities.combat_avatar.CombatAvatar.StartSpaceBlackHoleLocalCarrier type=<class 'function'> val=<function CombatAvatarMember.StartSpaceBlackHoleLocalCarrier at 0x00000259DF57B480>
ATTR gclient.gameplay.logic_base.entities.combat_avatar.CombatAvatar.TickCanShootPlayerForSound type=<class 'function'> val=<function CombatAvatarMember.TickCanShootPlayerForSound at 0x00000259DFCEE2A0>
ATTR gclient.gameplay.logic_base.entities.combat_avatar.CombatAvatar.UnLoadEventByEventKey type=<class 'function'> val=<function CombatAvatarMember.UnLoadEventByEventKey at 0x00000259DFCEFC10>
ATTR gclient.gameplay.logic_base.entities.combat_avatar.CombatAvatar._ApplySkinPrePlaceEntityScale type=<class 'function'> val=<function CombatAvatarMember._ApplySkinPrePlaceEntityScale at 0x00000259DFCC5E80>
ATTR gclient.gameplay.logic_base.entities.combat_avatar.CombatAvatar._CancelExecuteSoundEvent type=<class 'function'> val=<function CombatAvatarMember._CancelExecuteSoundEvent at 0x00000259DEF1BD70>
ATTR gclient.gameplay.logic_base.entities.combat_avatar.CombatAvatar._CreateExplodeEntity type=<class 'function'> val=<function CombatAvatarMember._CreateExplodeEntity at 0x00000259DFCC28D0>
ATTR gclient.gameplay.logic_base.entities.combat_avatar.CombatAvatar._CreateFireWallPlaceEntity type=<class 'function'> val=<function CombatAvatarMember._CreateFireWallPlaceEntity at 0x00000259DFCC73D0>
ATTR gclient.gameplay.logic_base.entities.combat_avatar.CombatAvatar._CreateParanoiaEntity type=<class 'function'> val=<function CombatAvatarMember._CreateParanoiaEntity at 0x00000259DFCC2560>
ATTR gclient.gameplay.logic_base.entities.combat_avatar.CombatAvatar._CreatePrePlaceEntity type=<class 'function'> val=<function CombatAvatarMember._CreatePrePlaceEntity at 0x00000259DFCC5C70>
ATTR gclient.gameplay.logic_base.entities.combat_avatar.CombatAvatar._DriveLocalParaGraphForSkywingPresentation type=<class 'function'> val=<function ParaAvatarMemberBase._DriveLocalParaGraphForSkywingPresentation at 0x00000259DDB378A0>
ATTR gclient.gameplay.logic_base.entities.combat_avatar.CombatAvatar._GetFireWallPlacePosition type=<class 'function'> val=<function CombatAvatarMember._GetFireWallPlacePosition at 0x00000259DFCC78A0>
ATTR gclient.gameplay.logic_base.entities.combat_avatar.CombatAvatar._GetSpaceGemBeamEffectLocalDirection type=<class 'function'> val=<function CombatAvatarMember._GetSpaceGemBeamEffectLocalDirection at 0x00000259DFCC1590>
ATTR gclient.gameplay.logic_base.entities.combat_avatar.CombatAvatar._HideWeaponCaseForSkywingPresentation type=<class 'function'> val=<function ParaAvatarMemberBase._HideWeaponCaseForSkywingPresentation at 0x00000259DDB37950>
ATTR gclient.gameplay.logic_base.entities.combat_avatar.CombatAvatar._HideWeaponForSkywingPresentationOnAircraft type=<class 'function'> val=<function ParaAvatarMemberBase._HideWeaponForSkywingPresentationOnAircraft at 0x00000259DDB37A00>
ATTR gclient.gameplay.logic_base.entities.combat_avatar.CombatAvatar._OnChangeToFreeFall type=<class 'function'> val=<function ParaAvatarMemberBase._OnChangeToFreeFall at 0x00000259DDB37C10>
ATTR gclient.gameplay.logic_base.entities.combat_avatar.CombatAvatar._RefreshSkywingPresentationGraphSync type=<class 'function'> val=<function ParaAvatarMemberBase._RefreshSkywingPresentationGraphSync at 0x00000259DDB377F0>
ATTR gclient.gameplay.logic_base.entities.combat_avatar.CombatAvatar._addComponent type=<class 'method'> val=<bound method _addComponent of <class 'gclient.gameplay.logic_base.entities.combat_avatar.CombatAvatar'>>
ATTR gclient.gameplay.logic_base.entities.combat_avatar.CombatAvatar._callComponents type=<class 'function'> val=<function _callComponents at 0x00000259F18F9170>
ATTR gclient.gameplay.logic_base.entities.combat_avatar.CombatAvatar._delComponent type=<class 'method'> val=<bound method _delComponent of <class 'gclient.gameplay.logic_base.entities.combat_avatar.CombatAvatar'>>
ATTR gclient.gameplay.logic_base.entities.combat_avatar.CombatAvatar._finiComponents type=<class 'function'> val=<function _finiComponents at 0x00000259F18F9430>
ATTR gclient.gameplay.logic_base.entities.combat_avatar.CombatAvatar._hasComponents type=<class 'method'> val=<bound method _hasComponents of <class 'gclient.gameplay.logic_base.entities.combat_avatar.CombatAvatar'>>
ATTR gclient.gameplay.logic_base.entities.combat_avatar.CombatAvatar._initComponents type=<class 'function'> val=<function _initComponents at 0x00000259F18F9220>
ATTR gclient.gameplay.logic_base.entities.combat_avatar.CombatAvatar._on_set_has_client type=<class 'function'> val=<function CombatAvatarMember._on_set_has_client at 0x00000259DF67D7A0>
ATTR gclient.gameplay.logic_base.entities.combat_avatar.CombatAvatar._on_set_para_lose_client type=<class 'function'> val=<function ParaAvatarMemberBase._on_set_para_lose_client at 0x00000259DDB44250>
ATTR gclient.gameplay.logic_base.entities.combat_avatar.CombatAvatar._postComponents type=<class 'function'> val=<function _postComponents at 0x00000259F18F92D0>
ATTR gclient.gameplay.logic_base.entities.combat_avatar.CombatAvatar._tickComponents type=<class 'function'> val=<function _tickComponents at 0x00000259F18F9380>
ATTR gclient.gameplay.logic_base.entities.combat_avatar.CombatAvatar.client_armor type=<class 'property'> val=<property object at 0x00000259CFFC7420>
ATTR gclient.gameplay.logic_base.entities.combat_avatar.CombatAvatar.entity_method type=<class 'function'> val=<function ClientEntity.entity_method at 0x00000259F5276DA0>
ATTR gclient.gameplay.logic_base.entities.combat_avatar.CombatAvatar.in_same_house_with_player type=<class 'property'> val=<property object at 0x00000259DFCE21B0>
ATTR gclient.gameplay.logic_base.entities.combat_avatar.CombatAvatar.init_from_dict type=<class 'function'> val=<function EntityMetaClass.replaceInitFromDict.<locals>.init_from_dict at 0x00000259DEFF0D50>
ATTR gclient.gameplay.logic_base.entities.combat_avatar.CombatAvatar.is_fps_avatar type=<class 'bool'> val=False
ATTR gclient.gameplay.logic_base.entities.combat_avatar.CombatAvatar.is_replay_avatar type=<class 'bool'> val=False
ATTR gclient.gameplay.logic_base.entities.combat_avatar.CombatAvatar.missile_entity type=<class 'property'> val=<property object at 0x00000259DF6C5B70>
ATTR gclient.gameplay.logic_base.entities.combat_avatar.CombatAvatar.onEntityClassRegistered type=<class 'method'> val=<bound method ClientEntity.onEntityClassRegistered of <class 'gclient.gameplay.logic_base.entities.combat_avatar.CombatAvatar'>>
ATTR gclient.gameplay.logic_base.entities.combat_avatar.CombatAvatar.on_ent_out_sight type=<class 'function'> val=<function CombatAvatar.on_ent_out_sight at 0x00000259DEFF0B40>
ATTR gclient.gameplay.logic_base.entities.combat_avatar.CombatAvatar.on_enter_space type=<class 'function'> val=<function ClientAreaEntity.on_enter_space at 0x00000259F5277950>
ATTR gclient.gameplay.logic_base.entities.combat_avatar.CombatAvatar.on_set_space_center type=<class 'function'> val=<function ClientAreaEntity.on_set_space_center at 0x00000259C73D41A0>
ATTR gclient.gameplay.logic_base.entities.combat_avatar.CombatAvatar.place_entity type=<class 'property'> val=<property object at 0x00000259DFCBD300>
ATTR gclient.gameplay.logic_base.entities.combat_avatar.CombatAvatar.thruster_pack_talent_data type=<class 'property'> val=<property object at 0x00000259CFE09850>
ATTR gclient.gameplay.logic_base.entities.combat_avatar.CombatAvatar.thruster_pack_talent_id type=<class 'property'> val=<property object at 0x00000259CFE09620>
ATTR gclient.gameplay.logic_base.entities.combat_avatar.CombatAvatar.thruster_talent_params type=<class 'property'> val=<property object at 0x00000259CFE09A30>
ATTR gclient.gameplay.logic_base.entities.combat_avatar.CombatAvatar.thruster_talent_proto type=<class 'property'> val=<property object at 0x00000259CFE098A0>
ATTR gclient.gameplay.logic_base.entities.combat_avatar.CombatAvatar.weapon3p_missile_entity type=<class 'property'> val=<property object at 0x00000259DF6C5BC0>
OBJ gclient.gameplay.logic_base.entities.combat_avatar.PlayerCombatAvatar type=<class 'common.Entity.EntityMetaClass'> val=<class 'gclient.gameplay.logic_base.entities.combat_avatar.PlayerCombatAvatar'>
DIR gclient.gameplay.logic_base.entities.combat_avatar.PlayerCombatAvatar ['ActiveAssistAimByMoveInputGate', 'ActiveAssistAimByWeapon', 'AddAssassinateEffect', 'AddAssistAimBanReason', 'AddBeShootTechEffect', 'AddBombPathEffect', 'AddBuffSpell', 'AddCameraEffect', 'AddCameraEffectByBuff', 'AddClientBuff', 'AddDelayShootReason', 'AddForceTpsReason', 'AddHallBackpackGun', 'AddHoldingTimer', 'AddNativeHotfix', 'AddSkeletonEffectByBuff', 'AddSnareToSnareDict', 'AddSoundTipsBanReason', 'AddSprintTrigger', 'AddStoryTick', 'AddStoryTickRaycastForMovingPlatform', 'AddSuperJumpChance', 'AddTechStateXray', 'AddTpsShowEntity', 'AddTrackBombLockTips', 'AddTrackTargetSearchTimer', 'AddUavResidualBloodTip', 'AddWeaponPart', 'AddWeaponPartByGunId', 'AddWorldField', 'AddWrathSkillTimer', 'AdjustAssistAim', 'AdjustBombContactEntityFadeDistance', 'AdjustBombEffectPathPitch', 'AdjustBombEffectPathSpeed', 'AdjustBombEffectPathStartPos', 'AdjustBombEffectPitch', 'AdsFlashTick', 'AfterPlayerWeaponListChange', 'AntiPenetrateDrawMovePath', 'ApplyCameraKeyframe', 'ApplyFilterMotionForEmote', 'ApplyFilterMotionForExecute', 'ApplyForceFrameForAccelToCurVehicle', 'ApplyHallBackpack', 'AttachToVehicle', 'AutoDriveVehicle', 'AutoEnterAdsState', 'AutoMarkItem', 'AutoPickupItemImpl', 'AutoPickupItemPCImpl', 'AutoPickupItemPCTimer', 'AutoSendIntervalCheckStatic', 'AutoSendIntervalOnTick', 'AutoSendIntervalSetInterval', 'AutoTryDualGunAttack', 'AutoTryGunAttack', 'BatchForwardSpellResult', 'BatchForwardSpellResultFull', 'BatchOnSpellResult', 'BatchOnSpellResultFull', 'BeGothicScan', 'BindHandToBody', 'BlastBombExplode', 'BreakDancingCureByState', 'BreakEmoteByState', 'BreakSwim', 'BroadcastDeadHiddenUI', 'BroadcastDyingHiddenUI', 'BroadcastSoundEvent', 'BuyPersonalStoreItem', 'BuyPersonalStoreTeammate', 'BuySupportItems', 'BuySupportResult', 'CacheDealSpellResultRpc', 'CacheModel', 'CacheMovingPlatformInfoForShow', 'CacheSoundID', 'CalAttrResult', 'CalcDistanceVehicle', 'CalcDistanceWalk', 'CalculateBombEffectPath', 'CalculateMagicBulletHit', 'CallClientSpectatorCamera', 'CallClientSpectatorRhs', 'CallClientSpectatorSpellResult', 'CallClientSpectators', 'CallGameLogic', 'CallServerAnyTime', 'CallServerGameLogic', 'CallServerOffline', 'CallServerOld', 'CallServerPacked', 'CameraRotateOnKnock', 'CameraRotateOnVehicle', 'CanBuyItemInBackpack', 'CanCacheEmptyItemKey', 'CanChangeSkyBox', 'CanControlDrone', 'CanDamageByMagicField', 'CanDropItemByGuid', 'CanEnableMikeForChannel', 'CanEnableVoiceForChannel', 'CanEnterStateItemusing', 'CanJoinChannel', 'CanJurenFlyAirSla...
ATTR gclient.gameplay.logic_base.entities.combat_avatar.PlayerCombatAvatar.AddClientBuff type=<class 'function'> val=<function PlayerCombatAvatarMember.AddClientBuff at 0x00000259DF658040>
ATTR gclient.gameplay.logic_base.entities.combat_avatar.PlayerCombatAvatar.AddHallBackpackGun type=<class 'function'> val=<function PlayerCombatAvatarMember.AddHallBackpackGun at 0x00000259DEDCAE50>
ATTR gclient.gameplay.logic_base.entities.combat_avatar.PlayerCombatAvatar.AddSnareToSnareDict type=<class 'function'> val=<function CombatAvatarMember.AddSnareToSnareDict at 0x00000259DF67FA00>
ATTR gclient.gameplay.logic_base.entities.combat_avatar.PlayerCombatAvatar.AddTpsShowEntity type=<class 'function'> val=<function CombatAvatarMember.AddTpsShowEntity at 0x00000259DEF77480>
ATTR gclient.gameplay.logic_base.entities.combat_avatar.PlayerCombatAvatar.AdjustBombContactEntityFadeDistance type=<class 'function'> val=<function PlayerCombatAvatarMember.AdjustBombContactEntityFadeDistance at 0x00000259CFFE3480>
ATTR gclient.gameplay.logic_base.entities.combat_avatar.PlayerCombatAvatar.AfterPlayerWeaponListChange type=<class 'function'> val=<function PlayerCombatAvatarMember.AfterPlayerWeaponListChange at 0x00000259DF659170>
ATTR gclient.gameplay.logic_base.entities.combat_avatar.PlayerCombatAvatar.ApplyHallBackpack type=<class 'function'> val=<function PlayerCombatAvatarMember.ApplyHallBackpack at 0x00000259DEDCADA0>
ATTR gclient.gameplay.logic_base.entities.combat_avatar.PlayerCombatAvatar.AutoEnterAdsState type=<class 'function'> val=<function PlayerCombatAvatarMember.AutoEnterAdsState at 0x00000259DFCD5E80>
ATTR gclient.gameplay.logic_base.entities.combat_avatar.PlayerCombatAvatar.BroadcastSoundEvent type=<class 'function'> val=<function CombatAvatarMember.BroadcastSoundEvent at 0x00000259DFCEFB60>
ATTR gclient.gameplay.logic_base.entities.combat_avatar.PlayerCombatAvatar.CallClientSpectatorCamera type=<class 'function'> val=<function PlayerCombatAvatarMember.CallClientSpectatorCamera at 0x00000259DEFDAF00>
ATTR gclient.gameplay.logic_base.entities.combat_avatar.PlayerCombatAvatar.CallClientSpectatorRhs type=<class 'function'> val=<function PlayerCombatAvatarMember.CallClientSpectatorRhs at 0x00000259DEFDB060>
ATTR gclient.gameplay.logic_base.entities.combat_avatar.PlayerCombatAvatar.CallClientSpectatorSpellResult type=<class 'function'> val=<function PlayerCombatAvatarMember.CallClientSpectatorSpellResult at 0x00000259DEFDAFB0>
ATTR gclient.gameplay.logic_base.entities.combat_avatar.PlayerCombatAvatar.CallClientSpectators type=<class 'function'> val=<function PlayerCombatAvatarMember.CallClientSpectators at 0x00000259DEFDAE50>
ATTR gclient.gameplay.logic_base.entities.combat_avatar.PlayerCombatAvatar.CallGameLogic type=<class 'function'> val=<function PlayerCombatAvatarMember.CallGameLogic at 0x00000259DFC6C7D0>
ATTR gclient.gameplay.logic_base.entities.combat_avatar.PlayerCombatAvatar.CallServerAnyTime type=<class 'function'> val=<function PlayerCombatAvatar.CallServerAnyTime at 0x00000259DEFF1380>
ATTR gclient.gameplay.logic_base.entities.combat_avatar.PlayerCombatAvatar.CallServerGameLogic type=<class 'function'> val=<function PlayerCombatAvatarMember.CallServerGameLogic at 0x00000259DFC6C720>
ATTR gclient.gameplay.logic_base.entities.combat_avatar.PlayerCombatAvatar.CallServerOffline type=<class 'function'> val=<function PlayerCombatAvatar.CallServerOffline at 0x00000259DEFF1220>
ATTR gclient.gameplay.logic_base.entities.combat_avatar.PlayerCombatAvatar.CallServerOld type=<class 'function'> val=<function PlayerCombatAvatar.CallServerOld at 0x00000259DEFF12D0>
ATTR gclient.gameplay.logic_base.entities.combat_avatar.PlayerCombatAvatar.CallServerPacked type=<class 'function'> val=<function PlayerCombatAvatarMember.CallServerPacked at 0x00000259DF7216F0>
ATTR gclient.gameplay.logic_base.entities.combat_avatar.PlayerCombatAvatar.CanEnterStateItemusing type=<class 'function'> val=<function PlayerCombatAvatarMember.CanEnterStateItemusing at 0x00000259DF575E80>
ATTR gclient.gameplay.logic_base.entities.combat_avatar.PlayerCombatAvatar.CancelDoubleEmoteWallCheckTimer type=<class 'function'> val=<function PlayerCombatAvatarMember.CancelDoubleEmoteWallCheckTimer at 0x00000259DEF54720>
ATTR gclient.gameplay.logic_base.entities.combat_avatar.PlayerCombatAvatar.ChangeFireWallSpellMode type=<class 'function'> val=<function CombatAvatarMember.ChangeFireWallSpellMode at 0x00000259DFCC6E50>
ATTR gclient.gameplay.logic_base.entities.combat_avatar.PlayerCombatAvatar.ChangeLefthandWeaponClientAhead type=<class 'function'> val=<function PlayerCombatAvatarMember.ChangeLefthandWeaponClientAhead at 0x00000259DEDB7A00>
ATTR gclient.gameplay.logic_base.entities.combat_avatar.PlayerCombatAvatar.ChangeSpecWeaponClientAhead type=<class 'function'> val=<function PlayerCombatAvatarMember.ChangeSpecWeaponClientAhead at 0x00000259DEDB7950>
ATTR gclient.gameplay.logic_base.entities.combat_avatar.PlayerCombatAvatar.ChangeWeaponClientAhead type=<class 'function'> val=<function PlayerCombatAvatarMember.ChangeWeaponClientAhead at 0x00000259DEDB78A0>
ATTR gclient.gameplay.logic_base.entities.combat_avatar.PlayerCombatAvatar.CheckAndGetSwitchDict type=<class 'function'> val=<function CombatAvatarMember.CheckAndGetSwitchDict at 0x00000259DFCFC040>
ATTR gclient.gameplay.logic_base.entities.combat_avatar.PlayerCombatAvatar.CheckCanEnterAds type=<class 'function'> val=<function PlayerCombatAvatarMember.CheckCanEnterAds at 0x00000259DFCD5850>
ATTR gclient.gameplay.logic_base.entities.combat_avatar.PlayerCombatAvatar.CheckCanEnterStateRelationship type=<class 'function'> val=<function PlayerCombatAvatarMember.CheckCanEnterStateRelationship at 0x00000259DF727740>
ATTR gclient.gameplay.logic_base.entities.combat_avatar.PlayerCombatAvatar.CheckCanEnterStateRelationshipForAction type=<class 'function'> val=<function PlayerCombatAvatarMember.CheckCanEnterStateRelationshipForAction at 0x00000259DF7277F0>
ATTR gclient.gameplay.logic_base.entities.combat_avatar.PlayerCombatAvatar.CheckCanEnterSwim type=<class 'function'> val=<function PlayerCombatAvatarMember.CheckCanEnterSwim at 0x00000259DEF19DD0>
ATTR gclient.gameplay.logic_base.entities.combat_avatar.PlayerCombatAvatar.CheckDissolvingOnEnterExecute type=<class 'function'> val=<function PlayerCombatAvatarMember.CheckDissolvingOnEnterExecute at 0x00000259DEF45430>
ATTR gclient.gameplay.logic_base.entities.combat_avatar.PlayerCombatAvatar.CheckDoubleEmoteVisualEntity type=<class 'function'> val=<function PlayerCombatAvatarMember.CheckDoubleEmoteVisualEntity at 0x00000259DEF54250>
ATTR gclient.gameplay.logic_base.entities.combat_avatar.PlayerCombatAvatar.CheckEmoteVisualEntity type=<class 'function'> val=<function PlayerCombatAvatarMember.CheckEmoteVisualEntity at 0x00000259DEF541A0>
ATTR gclient.gameplay.logic_base.entities.combat_avatar.PlayerCombatAvatar.CheckEntityForGetOnPlatform type=<class 'function'> val=<function PlayerCombatAvatarMember.CheckEntityForGetOnPlatform at 0x00000259DEDD10C0>
ATTR gclient.gameplay.logic_base.entities.combat_avatar.PlayerCombatAvatar.CheckPlayerHitTargetEntity type=<class 'function'> val=<function PlayerCombatAvatarMember.CheckPlayerHitTargetEntity at 0x00000259DF64E980>
ATTR gclient.gameplay.logic_base.entities.combat_avatar.PlayerCombatAvatar.CheckPlayerSprintDoor type=<class 'function'> val=<function PlayerCombatAvatarMember.CheckPlayerSprintDoor at 0x00000259DF64DFE0>
ATTR gclient.gameplay.logic_base.entities.combat_avatar.PlayerCombatAvatar.CheckTalentRemoteShotDamageUp type=<class 'function'> val=<function PlayerCombatAvatarMember.CheckTalentRemoteShotDamageUp at 0x00000259DEDCB8A0>
ATTR gclient.gameplay.logic_base.entities.combat_avatar.PlayerCombatAvatar.CheckThrusterPackOnPlayerJumpEnd type=<class 'function'> val=<function PlayerCombatAvatarMemberThrusterPack.CheckThrusterPackOnPlayerJumpEnd at 0x00000259CFE252D0>
ATTR gclient.gameplay.logic_base.entities.combat_avatar.PlayerCombatAvatar.CheckThrusterPackOnPlayerJumpLand type=<class 'function'> val=<function PlayerCombatAvatarMemberThrusterPack.CheckThrusterPackOnPlayerJumpLand at 0x00000259CFE259B0>
ATTR gclient.gameplay.logic_base.entities.combat_avatar.PlayerCombatAvatar.CheckThrusterPackOnPlayerParaStageChange type=<class 'function'> val=<function PlayerCombatAvatarMemberThrusterPack.CheckThrusterPackOnPlayerParaStageChange at 0x00000259CFE25590>
ATTR gclient.gameplay.logic_base.entities.combat_avatar.PlayerCombatAvatar.CheckThrusterPackOnPlayerStateChanged type=<class 'function'> val=<function PlayerCombatAvatarMemberThrusterPack.CheckThrusterPackOnPlayerStateChanged at 0x00000259CFE25E80>
ATTR gclient.gameplay.logic_base.entities.combat_avatar.PlayerCombatAvatar.CheckThrusterPackOnPlayerTalentDataUnitChanged type=<class 'function'> val=<function PlayerCombatAvatarMemberThrusterPack.CheckThrusterPackOnPlayerTalentDataUnitChanged at 0x00000259CFE25640>
ATTR gclient.gameplay.logic_base.entities.combat_avatar.PlayerCombatAvatar.CheckThrusterPackOnTalentSlotChange type=<class 'function'> val=<function PlayerCombatAvatarMemberThrusterPack.CheckThrusterPackOnTalentSlotChange at 0x00000259CFE25850>
ATTR gclient.gameplay.logic_base.entities.combat_avatar.PlayerCombatAvatar.ClearAllStoryTick type=<class 'function'> val=<function StoryTickComponent.ClearAllStoryTick at 0x00000259F7BD9F30>
ATTR gclient.gameplay.logic_base.entities.combat_avatar.PlayerCombatAvatar.ClearControlPlayerOnDead type=<class 'function'> val=<function PlayerCombatAvatarMember.ClearControlPlayerOnDead at 0x00000259CFFE1C70>
ATTR gclient.gameplay.logic_base.entities.combat_avatar.PlayerCombatAvatar.ClearFireWallPlaceEntity type=<class 'function'> val=<function CombatAvatarMember.ClearFireWallPlaceEntity at 0x00000259DFCC7530>
ATTR gclient.gameplay.logic_base.entities.combat_avatar.PlayerCombatAvatar.ClearMegaFireWallPlaceEntity type=<class 'function'> val=<function CombatAvatarMember.ClearMegaFireWallPlaceEntity at 0x00000259DFCC7B60>
ATTR gclient.gameplay.logic_base.entities.combat_avatar.PlayerCombatAvatar.ClearParanoiaEntity type=<class 'function'> val=<function CombatAvatarMember.ClearParanoiaEntity at 0x00000259DFCC2400>
ATTR gclient.gameplay.logic_base.entities.combat_avatar.PlayerCombatAvatar.ClearPlaceExplodeEntity type=<class 'function'> val=<function CombatAvatarMember.ClearPlaceExplodeEntity at 0x00000259DFCC2AE0>
ATTR gclient.gameplay.logic_base.entities.combat_avatar.PlayerCombatAvatar.ClearPrePlaceEntity type=<class 'function'> val=<function CombatAvatarMember.ClearPrePlaceEntity at 0x00000259DFCC5DD0>
ATTR gclient.gameplay.logic_base.entities.combat_avatar.PlayerCombatAvatar.ClearSpaceBlackHoleItemClientState type=<class 'function'> val=<function CombatAvatarMember.ClearSpaceBlackHoleItemClientState at 0x00000259DF57BA00>
ATTR gclient.gameplay.logic_base.entities.combat_avatar.PlayerCombatAvatar.ClearSpaceBlackHoleLocalCarrier type=<class 'function'> val=<function CombatAvatarMember.ClearSpaceBlackHoleLocalCarrier at 0x00000259DF57B740>
ATTR gclient.gameplay.logic_base.entities.combat_avatar.PlayerCombatAvatar.ClientAddCameraEffect type=<class 'function'> val=<function PlayerCombatAvatarMember.ClientAddCameraEffect at 0x00000259DFCD9590>
ATTR gclient.gameplay.logic_base.entities.combat_avatar.PlayerCombatAvatar.ClientAdjustPosition type=<class 'function'> val=<function PlayerCombatAvatarMember.ClientAdjustPosition at 0x00000259DF64CB40>
ATTR gclient.gameplay.logic_base.entities.combat_avatar.PlayerCombatAvatar.ClientGetOffMovingPlatform type=<class 'function'> val=<function PlayerCombatAvatarMember.ClientGetOffMovingPlatform at 0x00000259DEDD1220>
ATTR gclient.gameplay.logic_base.entities.combat_avatar.PlayerCombatAvatar.ClientGetOnMovingPlatform type=<class 'function'> val=<function PlayerCombatAvatarMember.ClientGetOnMovingPlatform at 0x00000259DEDD1170>
ATTR gclient.gameplay.logic_base.entities.combat_avatar.PlayerCombatAvatar.ClientRemoveCameraEffect type=<class 'function'> val=<function PlayerCombatAvatarMember.ClientRemoveCameraEffect at 0x00000259DFCD9640>
ATTR gclient.gameplay.logic_base.entities.combat_avatar.PlayerCombatAvatar.ClientSpellStop type=<class 'function'> val=<function PlayerCombatAvatarMember.ClientSpellStop at 0x00000259DFCD8670>
ATTR gclient.gameplay.logic_base.entities.combat_avatar.PlayerCombatAvatar.CorrectCurrentWeapons type=<class 'function'> val=<function PlayerCombatAvatarMember.CorrectCurrentWeapons at 0x00000259DEDC8460>
ATTR gclient.gameplay.logic_base.entities.combat_avatar.PlayerCombatAvatar.CreateFireWallPlaceEntity type=<class 'function'> val=<function CombatAvatarMember.CreateFireWallPlaceEntity at 0x00000259DFCC7320>
ATTR gclient.gameplay.logic_base.entities.combat_avatar.PlayerCombatAvatar.CreateMegaFireWallPlaceEntity type=<class 'function'> val=<function CombatAvatarMember.CreateMegaFireWallPlaceEntity at 0x00000259DFCC7A00>
ATTR gclient.gameplay.logic_base.entities.combat_avatar.PlayerCombatAvatar.CreateParanoiaEntity type=<class 'function'> val=<function CombatAvatarMember.CreateParanoiaEntity at 0x00000259DFCC2140>
ATTR gclient.gameplay.logic_base.entities.combat_avatar.PlayerCombatAvatar.CreatePrePlaceEntity type=<class 'function'> val=<function CombatAvatarMember.CreatePrePlaceEntity at 0x00000259DFCC5A60>
ATTR gclient.gameplay.logic_base.entities.combat_avatar.PlayerCombatAvatar.DealCheckCanEnterStateRelationshipByTalent type=<class 'function'> val=<function PlayerCombatAvatarMember.DealCheckCanEnterStateRelationshipByTalent at 0x00000259DEDCBAB0>
ATTR gclient.gameplay.logic_base.entities.combat_avatar.PlayerCombatAvatar.DealJumpVelocityYByTalent type=<class 'function'> val=<function PlayerCombatAvatarMember.DealJumpVelocityYByTalent at 0x00000259DEDCBA00>
ATTR gclient.gameplay.logic_base.entities.combat_avatar.PlayerCombatAvatar.DealRecoilDataByTalent type=<class 'function'> val=<function PlayerCombatAvatarMember.DealRecoilDataByTalent at 0x00000259DEDCB7F0>
ATTR gclient.gameplay.logic_base.entities.combat_avatar.PlayerCombatAvatar.DealScatterOffsetByTalent type=<class 'function'> val=<function PlayerCombatAvatarMember.DealScatterOffsetByTalent at 0x00000259DEDCB950>
ATTR gclient.gameplay.logic_base.entities.combat_avatar.PlayerCombatAvatar.DealStopSprintByTalent type=<class 'function'> val=<function PlayerCombatAvatarMember.DealStopSprintByTalent at 0x00000259DEDCBB60>
ATTR gclient.gameplay.logic_base.entities.combat_avatar.PlayerCombatAvatar.DebugDisableDumpPlayerPos type=<class 'function'> val=<function PlayerCombatAvatarMember.DebugDisableDumpPlayerPos at 0x00000259CFFE41A0>
ATTR gclient.gameplay.logic_base.entities.combat_avatar.PlayerCombatAvatar.DebugDumpPlayerPosOnTick type=<class 'function'> val=<function PlayerCombatAvatarMember.DebugDumpPlayerPosOnTick at 0x00000259CFFE4250>
ATTR gclient.gameplay.logic_base.entities.combat_avatar.PlayerCombatAvatar.DebugEnableDumpPlayerPos type=<class 'function'> val=<function PlayerCombatAvatarMember.DebugEnableDumpPlayerPos at 0x00000259CFFE3ED0>
ATTR gclient.gameplay.logic_base.entities.combat_avatar.PlayerCombatAvatar.DestroyDoubleEmoteVisualEntity type=<class 'function'> val=<function PlayerCombatAvatarMember.DestroyDoubleEmoteVisualEntity at 0x00000259DEF545C0>
ATTR gclient.gameplay.logic_base.entities.combat_avatar.PlayerCombatAvatar.DoBeforeEnterSwim type=<class 'function'> val=<function PlayerCombatAvatarMember.DoBeforeEnterSwim at 0x00000259DEF19D20>
ATTR gclient.gameplay.logic_base.entities.combat_avatar.PlayerCombatAvatar.DoEnterDancingCureState type=<class 'function'> val=<function PlayerCombatAvatarMember.DoEnterDancingCureState at 0x00000259DEFD8300>
ATTR gclient.gameplay.logic_base.entities.combat_avatar.PlayerCombatAvatar.DoGrapplingHookAvatarFly type=<class 'function'> val=<function CombatAvatarMember.DoGrapplingHookAvatarFly at 0x00000259CFE3AB90>
ATTR gclient.gameplay.logic_base.entities.combat_avatar.PlayerCombatAvatar.EnableCallServerNew type=<class 'function'> val=<function PlayerCombatAvatar.EnableCallServerNew at 0x00000259DEFF1170>
ATTR gclient.gameplay.logic_base.entities.combat_avatar.PlayerCombatAvatar.EnterAdsState type=<class 'function'> val=<function PlayerCombatAvatarMember.EnterAdsState at 0x00000259DFCD5C70>
ATTR gclient.gameplay.logic_base.entities.combat_avatar.PlayerCombatAvatar.EnterAdsStateByFire type=<class 'function'> val=<function PlayerCombatAvatarMember.EnterAdsStateByFire at 0x00000259DFCD5DD0>
ATTR gclient.gameplay.logic_base.entities.combat_avatar.PlayerCombatAvatar.EnterDancingCureState type=<class 'function'> val=<function PlayerCombatAvatarMember.EnterDancingCureState at 0x00000259DEFD8670>
ATTR gclient.gameplay.logic_base.entities.combat_avatar.PlayerCombatAvatar.EnterDissolvingOnEnterExecute type=<class 'function'> val=<function PlayerCombatAvatarMember.EnterDissolvingOnEnterExecute at 0x00000259DEF454E0>
ATTR gclient.gameplay.logic_base.entities.combat_avatar.PlayerCombatAvatar.EnterDissolvingOnPhysicCollisionCb type=<class 'function'> val=<function PlayerCombatAvatarMember.EnterDissolvingOnPhysicCollisionCb at 0x00000259DEF45590>
ATTR gclient.gameplay.logic_base.entities.combat_avatar.PlayerCombatAvatar.EnterDyingEnemies type=<class 'function'> val=<function PlayerCombatAvatarMember.EnterDyingEnemies at 0x00000259DEF45F30>
ATTR gclient.gameplay.logic_base.entities.combat_avatar.PlayerCombatAvatar.EnterEmoteState type=<class 'function'> val=<function PlayerCombatAvatarMember.EnterEmoteState at 0x00000259DEF54CA0>
ATTR gclient.gameplay.logic_base.entities.combat_avatar.PlayerCombatAvatar.EnterHallEmoteState type=<class 'function'> val=<function PlayerCombatAvatarMember.EnterHallEmoteState at 0x00000259DEF54B40>
ATTR gclient.gameplay.logic_base.entities.combat_avatar.PlayerCombatAvatar.EnterKickUp type=<class 'function'> val=<function PlayerCombatAvatarMember.EnterKickUp at 0x00000259DEFD7B60>
ATTR gclient.gameplay.logic_base.entities.combat_avatar.PlayerCombatAvatar.EnterMeowDance type=<class 'function'> val=<function PlayerCombatAvatarMember.EnterMeowDance at 0x00000259DFC36090>
ATTR gclient.gameplay.logic_base.entities.combat_avatar.PlayerCombatAvatar.EnterStateItemhold type=<class 'function'> val=<function PlayerCombatAvatarMember.EnterStateItemhold at 0x00000259DF576610>
ATTR gclient.gameplay.logic_base.entities.combat_avatar.PlayerCombatAvatar.EnterStateItemrecycle type=<class 'function'> val=<function PlayerCombatAvatarMember.EnterStateItemrecycle at 0x00000259DF576980>
ATTR gclient.gameplay.logic_base.entities.combat_avatar.PlayerCombatAvatar.EnterSwim type=<class 'function'> val=<function PlayerCombatAvatarMember.EnterSwim at 0x00000259DEF19E80>
ATTR gclient.gameplay.logic_base.entities.combat_avatar.PlayerCombatAvatar.EnterTeammateDancingField type=<class 'function'> val=<function PlayerCombatAvatarMember.EnterTeammateDancingField at 0x00000259DFCD8D50>
ATTR gclient.gameplay.logic_base.entities.combat_avatar.PlayerCombatAvatar.EnterTempFirstPersonView type=<class 'function'> val=<function PlayerCombatAvatarMember.EnterTempFirstPersonView at 0x00000259DF723ED0>
ATTR gclient.gameplay.logic_base.entities.combat_avatar.PlayerCombatAvatar.EnterTotemTransfer type=<class 'function'> val=<function CombatAvatarMember.EnterTotemTransfer at 0x00000259DFCD1C70>
ATTR gclient.gameplay.logic_base.entities.combat_avatar.PlayerCombatAvatar.EntityEnterPlayerTrigger type=<class 'function'> val=<function PlayerCombatAvatarMember.EntityEnterPlayerTrigger at 0x00000259DF64DF30>
ATTR gclient.gameplay.logic_base.entities.combat_avatar.PlayerCombatAvatar.ExitAllTempFirstPersonView type=<class 'function'> val=<function PlayerCombatAvatarMember.ExitAllTempFirstPersonView at 0x00000259DF7240F0>
ATTR gclient.gameplay.logic_base.entities.combat_avatar.PlayerCombatAvatar.ExplodeSpaceBlackHoleLocalCarrier type=<class 'function'> val=<function CombatAvatarMember.ExplodeSpaceBlackHoleLocalCarrier at 0x00000259DF57B690>
ATTR gclient.gameplay.logic_base.entities.combat_avatar.PlayerCombatAvatar.FireTotemEndEvent type=<class 'function'> val=<function CombatAvatarMember.FireTotemEndEvent at 0x00000259DFCD1BC0>
ATTR gclient.gameplay.logic_base.entities.combat_avatar.PlayerCombatAvatar.FollowAvatarEmote type=<class 'function'> val=<function PlayerCombatAvatarMember.FollowAvatarEmote at 0x00000259DEF549E0>
ATTR gclient.gameplay.logic_base.entities.combat_avatar.PlayerCombatAvatar.FollowerEnterDoubleEmote type=<class 'function'> val=<function PlayerCombatAvatarMember.FollowerEnterDoubleEmote at 0x00000259DEF54D50>
ATTR gclient.gameplay.logic_base.entities.combat_avatar.PlayerCombatAvatar.ForceDropAllWeaponForAvatar type=<class 'function'> val=<function CombatAvatarMember.ForceDropAllWeaponForAvatar at 0x00000259CFFDB740>
ATTR gclient.gameplay.logic_base.entities.combat_avatar.PlayerCombatAvatar.GetActiveSpaceBlackHoleEntity type=<class 'function'> val=<function CombatAvatarMember.GetActiveSpaceBlackHoleEntity at 0x00000259DF57BCC0>
ATTR gclient.gameplay.logic_base.entities.combat_avatar.PlayerCombatAvatar.GetBigMapCtrl type=<class 'function'> val=<function PlayerCombatAvatarMember.GetBigMapCtrl at 0x00000259DEEF6E50>
ATTR gclient.gameplay.logic_base.entities.combat_avatar.PlayerCombatAvatar.GetBombPathEffectLocalStartPos type=<class 'function'> val=<function PlayerCombatAvatarMember.GetBombPathEffectLocalStartPos at 0x00000259CFFE35E0>
ATTR gclient.gameplay.logic_base.entities.combat_avatar.PlayerCombatAvatar.GetEventByReplaceSound type=<class 'function'> val=<function CombatAvatarMember.GetEventByReplaceSound at 0x00000259DFC68300>
ATTR gclient.gameplay.logic_base.entities.combat_avatar.PlayerCombatAvatar.GetFireWallPlacePosition type=<class 'function'> val=<function CombatAvatarMember.GetFireWallPlacePosition at 0x00000259DFCC77F0>
ATTR gclient.gameplay.logic_base.entities.combat_avatar.PlayerCombatAvatar.GetFireWallPlacePositionH type=<class 'function'> val=<function CombatAvatarMember.GetFireWallPlacePositionH at 0x00000259DFCC7740>
ATTR gclient.gameplay.logic_base.entities.combat_avatar.PlayerCombatAvatar.GetFireWallPlacePositionV type=<class 'function'> val=<function CombatAvatarMember.GetFireWallPlacePositionV at 0x00000259DFCC7690>
ATTR gclient.gameplay.logic_base.entities.combat_avatar.PlayerCombatAvatar.GetJurenFlySlashClosestPointOnSegment type=<class 'function'> val=<function PlayerCombatAvatarMember.GetJurenFlySlashClosestPointOnSegment at 0x00000259DFCECF60>
ATTR gclient.gameplay.logic_base.entities.combat_avatar.PlayerCombatAvatar.GetJurenFlySlashSegmentHitInfo type=<class 'function'> val=<function PlayerCombatAvatarMember.GetJurenFlySlashSegmentHitInfo at 0x00000259DFCED010>
ATTR gclient.gameplay.logic_base.entities.combat_avatar.PlayerCombatAvatar.GetPrePlaceEntityPosition type=<class 'function'> val=<function CombatAvatarMember.GetPrePlaceEntityPosition at 0x00000259DFCC5FE0>
ATTR gclient.gameplay.logic_base.entities.combat_avatar.PlayerCombatAvatar.GetPrePlaceEntityPosition225 type=<class 'function'> val=<function CombatAvatarMember.GetPrePlaceEntityPosition225 at 0x00000259DFCC6090>
ATTR gclient.gameplay.logic_base.entities.combat_avatar.PlayerCombatAvatar.GetPrePlaceEntityPosition234 type=<class 'function'> val=<function CombatAvatarMember.GetPrePlaceEntityPosition234 at 0x00000259DFCC61F0>
ATTR gclient.gameplay.logic_base.entities.combat_avatar.PlayerCombatAvatar.GetPrePlaceEntityPosition510 type=<class 'function'> val=<function CombatAvatarMember.GetPrePlaceEntityPosition225 at 0x00000259DFCC6090>
ATTR gclient.gameplay.logic_base.entities.combat_avatar.PlayerCombatAvatar.GetPrePlaceEntityPosition588 type=<class 'function'> val=<function CombatAvatarMember.GetPrePlaceEntityPosition588 at 0x00000259DFCC6140>
ATTR gclient.gameplay.logic_base.entities.combat_avatar.PlayerCombatAvatar.GetRealEntityOfCurThrowWeapon type=<class 'function'> val=<function CombatAvatarMember.GetRealEntityOfCurThrowWeapon at 0x00000259DEDB6980>
ATTR gclient.gameplay.logic_base.entities.combat_avatar.PlayerCombatAvatar.GetSpaceBlackHoleLocalCarrier type=<class 'function'> val=<function CombatAvatarMember.GetSpaceBlackHoleLocalCarrier at 0x00000259DF57B530>
ATTR gclient.gameplay.logic_base.entities.combat_avatar.PlayerCombatAvatar.GetSwitchValue_identity type=<class 'function'> val=<function CombatAvatarMember.GetSwitchValue_identity at 0x00000259DFCFC930>
ATTR gclient.gameplay.logic_base.entities.combat_avatar.PlayerCombatAvatar.GetTriggerEntity type=<class 'function'> val=<function PlayerCombatAvatarMember.GetTriggerEntity at 0x00000259DF64E350>
ATTR gclient.gameplay.logic_base.entities.combat_avatar.PlayerCombatAvatar.GetValidTriggerEntityList type=<class 'function'> val=<function PlayerCombatAvatarMember.GetValidTriggerEntityList at 0x00000259DF64E610>
ATTR gclient.gameplay.logic_base.entities.combat_avatar.PlayerCombatAvatar.HasClientBuff type=<class 'function'> val=<function CombatAvatarMember.HasClientBuff at 0x00000259DF64F530>
ATTR gclient.gameplay.logic_base.entities.combat_avatar.PlayerCombatAvatar.HasClientBuffByKind type=<class 'function'> val=<function CombatAvatarMember.HasClientBuffByKind at 0x00000259DF64F5E0>
ATTR gclient.gameplay.logic_base.entities.combat_avatar.PlayerCombatAvatar.HasSpaceBlackHoleLocalCarrier type=<class 'function'> val=<function CombatAvatarMember.HasSpaceBlackHoleLocalCarrier at 0x00000259DF57B5E0>
ATTR gclient.gameplay.logic_base.entities.combat_avatar.PlayerCombatAvatar.HasTalent type=<class 'function'> val=<function CombatAvatarMember.HasTalent at 0x00000259DEDCB5E0>
ATTR gclient.gameplay.logic_base.entities.combat_avatar.PlayerCombatAvatar.HasTalentCode type=<class 'function'> val=<function CombatAvatarMember.HasTalentCode at 0x00000259DEDCB690>
ATTR gclient.gameplay.logic_base.entities.combat_avatar.PlayerCombatAvatar.HideAllEnemyToplogo type=<class 'function'> val=<function PlayerCombatAvatarMember.HideAllEnemyToplogo at 0x00000259DFC6B480>
ATTR gclient.gameplay.logic_base.entities.combat_avatar.PlayerCombatAvatar.HideForReasonEventPCPickUp type=<class 'function'> val=<function PlayerCombatAvatarMember.HideForReasonEventPCPickUp at 0x00000259DEF76AE0>
ATTR gclient.gameplay.logic_base.entities.combat_avatar.PlayerCombatAvatar.HouseRangeTriggerEnter type=<class 'function'> val=<function CombatAvatarMember.HouseRangeTriggerEnter at 0x00000259DFCEEA30>
ATTR gclient.gameplay.logic_base.entities.combat_avatar.PlayerCombatAvatar.IndoorTriggerEnter type=<class 'function'> val=<function CombatAvatarMember.IndoorTriggerEnter at 0x00000259DFCEE8D0>
ATTR gclient.gameplay.logic_base.entities.combat_avatar.PlayerCombatAvatar.InitAvatarModel type=<class 'function'> val=<function PlayerCombatAvatarMember.InitAvatarModel at 0x00000259DF64CCA0>
ATTR gclient.gameplay.logic_base.entities.combat_avatar.PlayerCombatAvatar.IsAvatar type=<class 'bool'> val=False
ATTR gclient.gameplay.logic_base.entities.combat_avatar.PlayerCombatAvatar.IsCombatAvatar type=<class 'bool'> val=True
ATTR gclient.gameplay.logic_base.entities.combat_avatar.PlayerCombatAvatar.IsCombatAvatarSniper type=<class 'bool'> val=False
ATTR gclient.gameplay.logic_base.entities.combat_avatar.PlayerCombatAvatar.IsCombatAvatarZombieXray type=<class 'bool'> val=False
ATTR gclient.gameplay.logic_base.entities.combat_avatar.PlayerCombatAvatar.IsDoubleEmoteBlockedByWall type=<class 'function'> val=<function PlayerCombatAvatarMember.IsDoubleEmoteBlockedByWall at 0x00000259DEF543B0>
ATTR gclient.gameplay.logic_base.entities.combat_avatar.PlayerCombatAvatar.IsDummyCombatAvatar type=<class 'bool'> val=False
ATTR gclient.gameplay.logic_base.entities.combat_avatar.PlayerCombatAvatar.IsEntityAttach type=<class 'bool'> val=False
ATTR gclient.gameplay.logic_base.entities.combat_avatar.PlayerCombatAvatar.IsEntityMaster type=<class 'bool'> val=False
ATTR gclient.gameplay.logic_base.entities.combat_avatar.PlayerCombatAvatar.IsFootball type=<class 'bool'> val=False
ATTR gclient.gameplay.logic_base.entities.combat_avatar.PlayerCombatAvatar.IsIceWall type=<class 'bool'> val=False
ATTR gclient.gameplay.logic_base.entities.combat_avatar.PlayerCombatAvatar.IsInShootingRangeChallenging type=<class 'function'> val=<function PlayerCombatAvatarMember.IsInShootingRangeChallenging at 0x00000259DF659850>
ATTR gclient.gameplay.logic_base.entities.combat_avatar.PlayerCombatAvatar.IsObserveAvatar type=<class 'bool'> val=False
ATTR gclient.gameplay.logic_base.entities.combat_avatar.PlayerCombatAvatar.IsPhyBall type=<class 'bool'> val=False
ATTR gclient.gameplay.logic_base.entities.combat_avatar.PlayerCombatAvatar.IsPlayerCombatAvatar type=<class 'bool'> val=True
ATTR gclient.gameplay.logic_base.entities.combat_avatar.PlayerCombatAvatar.IsPlayerObserveAvatar type=<class 'bool'> val=False
ATTR gclient.gameplay.logic_base.entities.combat_avatar.PlayerCombatAvatar.IsRobotCombatAvatar type=<class 'bool'> val=False
ATTR gclient.gameplay.logic_base.entities.combat_avatar.PlayerCombatAvatar.IsRobotCombatAvatarZombie type=<class 'bool'> val=False
ATTR gclient.gameplay.logic_base.entities.combat_avatar.PlayerCombatAvatar.IsSkywingParaPresentationActive type=<class 'function'> val=<function ParaAvatarMemberBase.IsSkywingParaPresentationActive at 0x00000259DDB373D0>
ATTR gclient.gameplay.logic_base.entities.combat_avatar.PlayerCombatAvatar.IsSoulAvatar type=<class 'bool'> val=False
ATTR gclient.gameplay.logic_base.entities.combat_avatar.PlayerCombatAvatar.IsSyncTransEntity type=<class 'bool'> val=False
ATTR gclient.gameplay.logic_base.entities.combat_avatar.PlayerCombatAvatar.IsVirtualInteractionEntity type=<class 'bool'> val=False
ATTR gclient.gameplay.logic_base.entities.combat_avatar.PlayerCombatAvatar.KillAvatar type=<class 'function'> val=<function CombatAvatarMember.KillAvatar at 0x00000259CFFE0720>
ATTR gclient.gameplay.logic_base.entities.combat_avatar.PlayerCombatAvatar.LerpUpdatePlayerSensitivity type=<class 'function'> val=<function PlayerCombatAvatarMember.LerpUpdatePlayerSensitivity at 0x00000259DF659590>
ATTR gclient.gameplay.logic_base.entities.combat_avatar.PlayerCombatAvatar.OnAddClientBuff type=<class 'function'> val=<function CombatAvatarMember.OnAddClientBuff at 0x00000259DF64F8A0>
ATTR gclient.gameplay.logic_base.entities.combat_avatar.PlayerCombatAvatar.OnAddClientBuffCategory type=<class 'function'> val=<function CombatAvatarMember.OnAddClientBuffCategory at 0x00000259DF64FA00>
ATTR gclient.gameplay.logic_base.entities.combat_avatar.PlayerCombatAvatar.OnAddClientBuffCategoryFlash type=<class 'function'> val=<function PlayerCombatAvatarMember.OnAddClientBuffCategoryFlash at 0x00000259DF6585C0>
ATTR gclient.gameplay.logic_base.entities.combat_avatar.PlayerCombatAvatar.OnAddClientBuffCategoryXray type=<class 'function'> val=<function PlayerCombatAvatarMember.OnAddClientBuffCategoryXray at 0x00000259DF658460>
ATTR gclient.gameplay.logic_base.entities.combat_avatar.PlayerCombatAvatar.OnAddClientUavMark type=<class 'function'> val=<function PlayerCombatAvatarMember.OnAddClientUavMark at 0x00000259DFC6BD70>
ATTR gclient.gameplay.logic_base.entities.combat_avatar.PlayerCombatAvatar.OnAvatarDyingMove type=<class 'function'> val=<function CombatAvatarMember.OnAvatarDyingMove at 0x00000259DF7200F0>
ATTR gclient.gameplay.logic_base.entities.combat_avatar.PlayerCombatAvatar.OnBombEffectParticleEvents type=<class 'function'> val=<function PlayerCombatAvatarMember.OnBombEffectParticleEvents at 0x00000259CFFE3530>
ATTR gclient.gameplay.logic_base.entities.combat_avatar.PlayerCombatAvatar.OnBotDamageToPlayer type=<class 'function'> val=<function PlayerCombatAvatarMember.OnBotDamageToPlayer at 0x00000259DEF19380>
ATTR gclient.gameplay.logic_base.entities.combat_avatar.PlayerCombatAvatar.OnBreakEnterAds type=<class 'function'> val=<function PlayerCombatAvatarMember.OnBreakEnterAds at 0x00000259DF73C5C0>
ATTR gclient.gameplay.logic_base.entities.combat_avatar.PlayerCombatAvatar.OnBreakEnterProne type=<class 'function'> val=<function PlayerCombatAvatarMember.OnBreakEnterProne at 0x00000259DF73CCA0>
ATTR gclient.gameplay.logic_base.entities.combat_avatar.PlayerCombatAvatar.OnBreakHighFall type=<class 'function'> val=<function PlayerCombatAvatarMember.OnBreakHighFall at 0x00000259DF73D4E0>
ATTR gclient.gameplay.logic_base.entities.combat_avatar.PlayerCombatAvatar.OnBreakPortableEquipment type=<class 'function'> val=<function PlayerCombatAvatarMember.OnBreakPortableEquipment at 0x00000259DF73D900>
ATTR gclient.gameplay.logic_base.entities.combat_avatar.PlayerCombatAvatar.OnClientBuffTick type=<class 'function'> val=<function PlayerCombatAvatarMember.OnClientBuffTick at 0x00000259DF64FED0>
ATTR gclient.gameplay.logic_base.entities.combat_avatar.PlayerCombatAvatar.OnCombatAvatarHeroIdChangeForBeard type=<class 'function'> val=<function PlayerCombatAvatarMember.OnCombatAvatarHeroIdChangeForBeard at 0x00000259DFC36F00>
ATTR gclient.gameplay.logic_base.entities.combat_avatar.PlayerCombatAvatar.OnDeviceOrientationChangedForGyroscope type=<class 'function'> val=<function PlayerCombatAvatarMember.OnDeviceOrientationChangedForGyroscope at 0x00000259DF726DA0>
ATTR gclient.gameplay.logic_base.entities.combat_avatar.PlayerCombatAvatar.OnEnterHouseTrigger type=<class 'function'> val=<function PlayerCombatAvatarMember.OnEnterHouseTrigger at 0x00000259DFCEEE50>
ATTR gclient.gameplay.logic_base.entities.combat_avatar.PlayerCombatAvatar.OnEnterInvincible type=<class 'function'> val=<function PlayerCombatAvatarMember.OnEnterInvincible at 0x00000259DFC6ADA0>
ATTR gclient.gameplay.logic_base.entities.combat_avatar.PlayerCombatAvatar.OnEnterLightAttackMode type=<class 'function'> val=<function PlayerCombatAvatarMember.OnEnterLightAttackMode at 0x00000259DFCD3110>
ATTR gclient.gameplay.logic_base.entities.combat_avatar.PlayerCombatAvatar.OnEnterStateAFFire type=<class 'function'> val=<function PlayerCombatAvatarMember.OnEnterStateAFFire at 0x00000259DF67C930>
ATTR gclient.gameplay.logic_base.entities.combat_avatar.PlayerCombatAvatar.OnEnterStateItemFail type=<class 'function'> val=<function PlayerCombatAvatarMember.OnEnterStateItemFail at 0x00000259DF576AE0>
ATTR gclient.gameplay.logic_base.entities.combat_avatar.PlayerCombatAvatar.OnEnterStateItemPreusing type=<class 'function'> val=<function PlayerCombatAvatarMember.OnEnterStateItemPreusing at 0x00000259DF576820>
ATTR gclient.gameplay.logic_base.entities.combat_avatar.PlayerCombatAvatar.OnEnterStateItemhold type=<class 'function'> val=<function PlayerCombatAvatarMember.OnEnterStateItemhold at 0x00000259DF576770>
ATTR gclient.gameplay.logic_base.entities.combat_avatar.PlayerCombatAvatar.OnEnterStateItemrecycle type=<class 'function'> val=<function PlayerCombatAvatarMember.OnEnterStateItemrecycle at 0x00000259DF576A30>
ATTR gclient.gameplay.logic_base.entities.combat_avatar.PlayerCombatAvatar.OnEnterStateItemusing type=<class 'function'> val=<function PlayerCombatAvatarMember.OnEnterStateItemusing at 0x00000259DF5768D0>
ATTR gclient.gameplay.logic_base.entities.combat_avatar.PlayerCombatAvatar.OnEnterWater type=<class 'function'> val=<function PlayerCombatAvatarMember.OnEnterWater at 0x00000259DEF19C70>
ATTR gclient.gameplay.logic_base.entities.combat_avatar.PlayerCombatAvatar.OnFireManuallyBegin type=<class 'function'> val=<function PlayerCombatAvatarMember.OnFireManuallyBegin at 0x00000259DF67CD50>
ATTR gclient.gameplay.logic_base.entities.combat_avatar.PlayerCombatAvatar.OnFireManuallyEnd type=<class 'function'> val=<function PlayerCombatAvatarMember.OnFireManuallyEnd at 0x00000259DF67CE00>
ATTR gclient.gameplay.logic_base.entities.combat_avatar.PlayerCombatAvatar.OnGainSkillTalents type=<class 'function'> val=<function PlayerCombatAvatarMember.OnGainSkillTalents at 0x00000259DF6E2B90>
ATTR gclient.gameplay.logic_base.entities.combat_avatar.PlayerCombatAvatar.OnListenToAvatarHelperId type=<class 'function'> val=<function PlayerCombatAvatarMember.OnListenToAvatarHelperId at 0x00000259DF64EB90>
ATTR gclient.gameplay.logic_base.entities.combat_avatar.PlayerCombatAvatar.OnMagicBulletLockStateEnter type=<class 'function'> val=<function PlayerCombatAvatarMember.OnMagicBulletLockStateEnter at 0x00000259DF65B690>
ATTR gclient.gameplay.logic_base.entities.combat_avatar.PlayerCombatAvatar.OnMegaFireWallPlaceEntityMove type=<class 'function'> val=<function CombatAvatarMember.OnMegaFireWallPlaceEntityMove at 0x00000259DFCC7CC0>
ATTR gclient.gameplay.logic_base.entities.combat_avatar.PlayerCombatAvatar.OnOtherPlayerShootGrapplingHook type=<class 'function'> val=<function CombatAvatarMember.OnOtherPlayerShootGrapplingHook at 0x00000259CFE3A8D0>
ATTR gclient.gameplay.logic_base.entities.combat_avatar.PlayerCombatAvatar.OnPerkTalentFull type=<class 'function'> val=<function PlayerCombatAvatarMember.OnPerkTalentFull at 0x00000259DF6E1BC0>
ATTR gclient.gameplay.logic_base.entities.combat_avatar.PlayerCombatAvatar.OnPlayerAttackBegin type=<class 'function'> val=<function PlayerCombatAvatarMember.OnPlayerAttackBegin at 0x00000259DFCD50C0>
ATTR gclient.gameplay.logic_base.entities.combat_avatar.PlayerCombatAvatar.OnPlayerAttackEnd type=<class 'function'> val=<function PlayerCombatAvatarMember.OnPlayerAttackEnd at 0x00000259DFCD5170>
ATTR gclient.gameplay.logic_base.entities.combat_avatar.PlayerCombatAvatar.OnPlayerCharCtrlChanged type=<class 'function'> val=<function PlayerCombatAvatarMember.OnPlayerCharCtrlChanged at 0x00000259DF64D900>
ATTR gclient.gameplay.logic_base.entities.combat_avatar.PlayerCombatAvatar.OnPlayerCombatAvatarHeroIdChangeForBeard type=<class 'function'> val=<function PlayerCombatAvatarMember.OnPlayerCombatAvatarHeroIdChangeForBeard at 0x00000259DFC36FB0>
ATTR gclient.gameplay.logic_base.entities.combat_avatar.PlayerCombatAvatar.OnPlayerCombatStateChangeForControlTarget type=<class 'function'> val=<function PlayerCombatAvatarMember.OnPlayerCombatStateChangeForControlTarget at 0x00000259DEFD7690>
ATTR gclient.gameplay.logic_base.entities.combat_avatar.PlayerCombatAvatar.OnPlayerDamageToBot type=<class 'function'> val=<function PlayerCombatAvatarMember.OnPlayerDamageToBot at 0x00000259DEF192D0>
ATTR gclient.gameplay.logic_base.entities.combat_avatar.PlayerCombatAvatar.OnPlayerDroneConnectLoadingFinished type=<class 'function'> val=<function PlayerCombatAvatarMember.OnPlayerDroneConnectLoadingFinished at 0x00000259DEF95C70>
ATTR gclient.gameplay.logic_base.entities.combat_avatar.PlayerCombatAvatar.OnPlayerDroneConnectLoadingStart type=<class 'function'> val=<function PlayerCombatAvatarMember.OnPlayerDroneConnectLoadingStart at 0x00000259DEF95BC0>
ATTR gclient.gameplay.logic_base.entities.combat_avatar.PlayerCombatAvatar.OnPlayerDroneExplodeStart type=<class 'function'> val=<function PlayerCombatAvatarMember.OnPlayerDroneExplodeStart at 0x00000259DEF96400>
ATTR gclient.gameplay.logic_base.entities.combat_avatar.PlayerCombatAvatar.OnPlayerDualFireBegin type=<class 'function'> val=<function PlayerCombatAvatarMember.OnPlayerDualFireBegin at 0x00000259DFCD4D50>
ATTR gclient.gameplay.logic_base.entities.combat_avatar.PlayerCombatAvatar.OnPlayerDualFireEnd type=<class 'function'> val=<function PlayerCombatAvatarMember.OnPlayerDualFireEnd at 0x00000259DFCD4E00>
ATTR gclient.gameplay.logic_base.entities.combat_avatar.PlayerCombatAvatar.OnPlayerEnterAds type=<class 'function'> val=<function PlayerCombatAvatarMember.OnPlayerEnterAds at 0x00000259DEEEE770>
ATTR gclient.gameplay.logic_base.entities.combat_avatar.PlayerCombatAvatar.OnPlayerEnterDroneControlling type=<class 'function'> val=<function PlayerCombatAvatarMember.OnPlayerEnterDroneControlling at 0x00000259DEF95DD0>
ATTR gclient.gameplay.logic_base.entities.combat_avatar.PlayerCombatAvatar.OnPlayerFireBegin type=<class 'function'> val=<function PlayerCombatAvatarMember.OnPlayerFireBegin at 0x00000259DFCD4BF0>
ATTR gclient.gameplay.logic_base.entities.combat_avatar.PlayerCombatAvatar.OnPlayerFireEnd type=<class 'function'> val=<function PlayerCombatAvatarMember.OnPlayerFireEnd at 0x00000259DFCD4CA0>
ATTR gclient.gameplay.logic_base.entities.combat_avatar.PlayerCombatAvatar.OnPlayerKillBot type=<class 'function'> val=<function PlayerCombatAvatarMember.OnPlayerKillBot at 0x00000259DEF194E0>
ATTR gclient.gameplay.logic_base.entities.combat_avatar.PlayerCombatAvatar.OnPlayerKilledByBot type=<class 'function'> val=<function PlayerCombatAvatarMember.OnPlayerKilledByBot at 0x00000259DEF19590>
ATTR gclient.gameplay.logic_base.entities.combat_avatar.PlayerCombatAvatar.OnPlayerOutAds type=<class 'function'> val=<function PlayerCombatAvatarMember.OnPlayerOutAds at 0x00000259DEEEE820>
ATTR gclient.gameplay.logic_base.entities.combat_avatar.PlayerCombatAvatar.OnPlayerParaStageChangedForBreakMedicine type=<class 'function'> val=<function PlayerCombatAvatarMember.OnPlayerParaStageChangedForBreakMedicine at 0x00000259DFCD8A90>
ATTR gclient.gameplay.logic_base.entities.combat_avatar.PlayerCombatAvatar.OnPlayerShotFired type=<class 'function'> val=<function PlayerCombatAvatarMember.OnPlayerShotFired at 0x00000259DEF19430>
ATTR gclient.gameplay.logic_base.entities.combat_avatar.PlayerCombatAvatar.OnPlayerSpellStrike type=<class 'function'> val=<function PlayerCombatAvatar.OnPlayerSpellStrike at 0x00000259DEFF1FE0>
ATTR gclient.gameplay.logic_base.entities.combat_avatar.PlayerCombatAvatar.OnPlayerVehicleChangedForExecute type=<class 'function'> val=<function PlayerCombatAvatarMember.OnPlayerVehicleChangedForExecute at 0x00000259DEF46560>
ATTR gclient.gameplay.logic_base.entities.combat_avatar.PlayerCombatAvatar.OnPlayerVehicleChangedForGyroscope type=<class 'function'> val=<function PlayerCombatAvatarMember.OnPlayerVehicleChangedForGyroscope at 0x00000259DF726F00>
ATTR gclient.gameplay.logic_base.entities.combat_avatar.PlayerCombatAvatar.OnRemoveClientBuff type=<class 'function'> val=<function CombatAvatarMember.OnRemoveClientBuff at 0x00000259DF64F950>
ATTR gclient.gameplay.logic_base.entities.combat_avatar.PlayerCombatAvatar.OnRemoveClientBuffCategory type=<class 'function'> val=<function CombatAvatarMember.OnRemoveClientBuffCategory at 0x00000259DF64FAB0>
ATTR gclient.gameplay.logic_base.entities.combat_avatar.PlayerCombatAvatar.OnRemoveClientBuffCategoryFlash type=<class 'function'> val=<function PlayerCombatAvatarMember.OnRemoveClientBuffCategoryFlash at 0x00000259DF658670>
ATTR gclient.gameplay.logic_base.entities.combat_avatar.PlayerCombatAvatar.OnRemoveClientBuffCategoryXray type=<class 'function'> val=<function PlayerCombatAvatarMember.OnRemoveClientBuffCategoryXray at 0x00000259DF658510>
ATTR gclient.gameplay.logic_base.entities.combat_avatar.PlayerCombatAvatar.OnRemoveClientUavMark type=<class 'function'> val=<function PlayerCombatAvatarMember.OnRemoveClientUavMark at 0x00000259DFC6BE20>
ATTR gclient.gameplay.logic_base.entities.combat_avatar.PlayerCombatAvatar.OnRotatePlaceEntity type=<class 'function'> val=<function CombatAvatarMember.OnRotatePlaceEntity at 0x00000259DFCC62A0>
ATTR gclient.gameplay.logic_base.entities.combat_avatar.PlayerCombatAvatar.OnShootingRangeIsChallengingChange type=<class 'function'> val=<function PlayerCombatAvatarMember.OnShootingRangeIsChallengingChange at 0x00000259DF6599B0>
ATTR gclient.gameplay.logic_base.entities.combat_avatar.PlayerCombatAvatar.OnSortAllPickupData type=<class 'function'> val=<function PlayerCombatAvatarMember.OnSortAllPickupData at 0x00000259DEF761F0>
ATTR gclient.gameplay.logic_base.entities.combat_avatar.PlayerCombatAvatar.OnSoulBallCure type=<class 'function'> val=<function PlayerCombatAvatarMember.OnSoulBallCure at 0x00000259DF579BC0>
ATTR gclient.gameplay.logic_base.entities.combat_avatar.PlayerCombatAvatar.OnTalentSlotChange type=<class 'function'> val=<function PlayerCombatAvatarMember.OnTalentSlotChange at 0x00000259DEF76140>
ATTR gclient.gameplay.logic_base.entities.combat_avatar.PlayerCombatAvatar.OnTotemTransferMapUpdate type=<class 'function'> val=<function CombatAvatarMember.OnTotemTransferMapUpdate at 0x00000259DF64C5C0>
ATTR gclient.gameplay.logic_base.entities.combat_avatar.PlayerCombatAvatar.OnWildShopBuyHallGunSuccess type=<class 'function'> val=<function PlayerCombatAvatarMember.OnWildShopBuyHallGunSuccess at 0x00000259DF6EA2A0>
ATTR gclient.gameplay.logic_base.entities.combat_avatar.PlayerCombatAvatar.PCTriggerEntityTick type=<class 'function'> val=<function PlayerCombatAvatarMember.PCTriggerEntityTick at 0x00000259DF64E6C0>
ATTR gclient.gameplay.logic_base.entities.combat_avatar.PlayerCombatAvatar.Pickup_Equip_Type_Map type=<class 'dict'> val={1: 'Gun', 11: 'Throwable', 12: 'Throwable', 14: 'Support', 16: 'Emergency_Needle', 17: 'Medicine'}
ATTR gclient.gameplay.logic_base.entities.combat_avatar.PlayerCombatAvatar.Pickup_Item_Type_Map type=<class 'dict'> val={101: 'Equip', 102: 'Ammo', 105: 'Coin', 109: 'Genecode', 112: 'BrokenTalentCore', 116: 'TacticalEnergy', 117: 'Coin', 122: 'Coin', 290: 'RecoverEnergyItem', 125: 'PerkTalent', 291: 'GrapplingHookGun'}
ATTR gclient.gameplay.logic_base.entities.combat_avatar.PlayerCombatAvatar.PlaceExplodeEntityTick type=<class 'function'> val=<function CombatAvatarMember.PlaceExplodeEntityTick at 0x00000259DFCC2B90>
ATTR gclient.gameplay.logic_base.entities.combat_avatar.PlayerCombatAvatar.PlaceFireWallEntityTick type=<class 'function'> val=<function CombatAvatarMember.PlaceFireWallEntityTick at 0x00000259DFCC75E0>
ATTR gclient.gameplay.logic_base.entities.combat_avatar.PlayerCombatAvatar.PlaceParanoiaEntityTick type=<class 'function'> val=<function CombatAvatarMember.PlaceParanoiaEntityTick at 0x00000259DFCC2610>
ATTR gclient.gameplay.logic_base.entities.combat_avatar.PlayerCombatAvatar.PlayExecuteSoundEvent type=<class 'function'> val=<function CombatAvatarMember.PlayExecuteSoundEvent at 0x00000259DEF1BE20>
ATTR gclient.gameplay.logic_base.entities.combat_avatar.PlayerCombatAvatar.PlayGeneralSoundEventById type=<class 'function'> val=<function CombatAvatarMember.PlayGeneralSoundEventById at 0x00000259DFCFC250>
ATTR gclient.gameplay.logic_base.entities.combat_avatar.PlayerCombatAvatar.PlayGrapplingHookRopeModelImp_avatar type=<class 'function'> val=<function CombatAvatarMember.PlayGrapplingHookRopeModelImp_avatar at 0x00000259CFE3ADA0>
ATTR gclient.gameplay.logic_base.entities.combat_avatar.PlayerCombatAvatar.PlayGunSoundEventById type=<class 'function'> val=<function CombatAvatarMember.PlayGunSoundEventById at 0x00000259DFCFC460>
ATTR gclient.gameplay.logic_base.entities.combat_avatar.PlayerCombatAvatar.PlayHitSoundEvent type=<class 'function'> val=<function CombatAvatarMember.PlayHitSoundEvent at 0x00000259DFCFC510>
ATTR gclient.gameplay.logic_base.entities.combat_avatar.PlayerCombatAvatar.PlaySoundOnAddOnlyPlayer type=<class 'function'> val=<function PlayerCombatAvatarMember.PlaySoundOnAddOnlyPlayer at 0x00000259DFC6B950>
ATTR gclient.gameplay.logic_base.entities.combat_avatar.PlayerCombatAvatar.PlayerCapsuleTriggerCb type=<class 'function'> val=<function PlayerCombatAvatarMember.PlayerCapsuleTriggerCb at 0x00000259DF64D6F0>
ATTR gclient.gameplay.logic_base.entities.combat_avatar.PlayerCombatAvatar.PlayerInputHandle_CancelMedicine type=<class 'function'> val=<function PlayerCombatAvatarMember.PlayerInputHandle_CancelMedicine at 0x00000259DEF0BED0>
ATTR gclient.gameplay.logic_base.entities.combat_avatar.PlayerCombatAvatar.PlayerInputHandle_ChangeSkyBoxDown type=<class 'function'> val=<function PlayerCombatAvatarMember.PlayerInputHandle_ChangeSkyBoxDown at 0x00000259DEF0B060>
ATTR gclient.gameplay.logic_base.entities.combat_avatar.PlayerCombatAvatar.PlayerInputHandle_ChangeSkyBoxUp type=<class 'function'> val=<function PlayerCombatAvatarMember.PlayerInputHandle_ChangeSkyBoxUp at 0x00000259DEF0B110>
ATTR gclient.gameplay.logic_base.entities.combat_avatar.PlayerCombatAvatar.PlayerInputHandle_CheckAndTakeMeleeWeapon type=<class 'function'> val=<function PlayerCombatAvatarMember.PlayerInputHandle_CheckAndTakeMeleeWeapon at 0x00000259DEF0ADA0>
ATTR gclient.gameplay.logic_base.entities.combat_avatar.PlayerCombatAvatar.PlayerInputHandle_ClosePickUpList type=<class 'function'> val=<function PlayerCombatAvatarMember.PlayerInputHandle_ClosePickUpList at 0x00000259DEF0A400>
ATTR gclient.gameplay.logic_base.entities.combat_avatar.PlayerCombatAvatar.PlayerInputHandle_GetInPushVehicle type=<class 'function'> val=<function PlayerCombatAvatarMember.PlayerInputHandle_GetInPushVehicle at 0x00000259DEF0B320>
ATTR gclient.gameplay.logic_base.entities.combat_avatar.PlayerCombatAvatar.PlayerInputHandle_GetInVehicle type=<class 'function'> val=<function PlayerCombatAvatarMember.PlayerInputHandle_GetInVehicle at 0x00000259DEF0B1C0>
ATTR gclient.gameplay.logic_base.entities.combat_avatar.PlayerCombatAvatar.PlayerInputHandle_GetInVehicleSeat type=<class 'function'> val=<function PlayerCombatAvatarMember.PlayerInputHandle_GetInVehicleSeat at 0x00000259DEF0B270>
ATTR gclient.gameplay.logic_base.entities.combat_avatar.PlayerCombatAvatar.PlayerInputHandle_GetOffVehicle type=<class 'function'> val=<function PlayerCombatAvatarMember.PlayerInputHandle_GetOffVehicle at 0x00000259DEF0B530>
ATTR gclient.gameplay.logic_base.entities.combat_avatar.PlayerCombatAvatar.PlayerInputHandle_GiveUpForRevive type=<class 'function'> val=<function PlayerCombatAvatarMember.PlayerInputHandle_GiveUpForRevive at 0x00000259DEF0B690>
ATTR gclient.gameplay.logic_base.entities.combat_avatar.PlayerCombatAvatar.PlayerInputHandle_GiveUpForReviveEnd type=<class 'function'> val=<function PlayerCombatAvatarMember.PlayerInputHandle_GiveUpForReviveEnd at 0x00000259DEF0B740>
ATTR gclient.gameplay.logic_base.entities.combat_avatar.PlayerCombatAvatar.PlayerInputHandle_InteractiveUIAction type=<class 'function'> val=<function PlayerCombatAvatarMember.PlayerInputHandle_InteractiveUIAction at 0x00000259DEF0B950>
ATTR gclient.gameplay.logic_base.entities.combat_avatar.PlayerCombatAvatar.PlayerInputHandle_InteractiveUIAction_End type=<class 'function'> val=<function PlayerCombatAvatarMember.PlayerInputHandle_InteractiveUIAction_End at 0x00000259DEF0B480>
ATTR gclient.gameplay.logic_base.entities.combat_avatar.PlayerCombatAvatar.PlayerInputHandle_InteractiveUIAction_Start type=<class 'function'> val=<function PlayerCombatAvatarMember.PlayerInputHandle_InteractiveUIAction_Start at 0x00000259DEF0B3D0>
ATTR gclient.gameplay.logic_base.entities.combat_avatar.PlayerCombatAvatar.PlayerInputHandle_LeanOutVehicle type=<class 'function'> val=<function PlayerCombatAvatarMember.PlayerInputHandle_LeanOutVehicle at 0x00000259DEF0B7F0>
ATTR gclient.gameplay.logic_base.entities.combat_avatar.PlayerCombatAvatar.PlayerInputHandle_OnCancelLoadingBar type=<class 'function'> val=<function PlayerCombatAvatarMember.PlayerInputHandle_OnCancelLoadingBar at 0x00000259DEF0B8A0>
ATTR gclient.gameplay.logic_base.entities.combat_avatar.PlayerCombatAvatar.PlayerInputHandle_OnClickMark type=<class 'function'> val=<function PlayerCombatAvatarMember.PlayerInputHandle_OnClickMark at 0x00000259DEF0A4B0>
ATTR gclient.gameplay.logic_base.entities.combat_avatar.PlayerCombatAvatar.PlayerInputHandle_OnClickMarkDouble type=<class 'function'> val=<function PlayerCombatAvatarMember.PlayerInputHandle_OnClickMarkDouble at 0x00000259DEF0A6C0>
ATTR gclient.gameplay.logic_base.entities.combat_avatar.PlayerCombatAvatar.PlayerInputHandle_OnEnterAds type=<class 'function'> val=<function _HotfixJurenFlyGamepadOnEnterAds at 0x00000259E1881FE0>
ATTR gclient.gameplay.logic_base.entities.combat_avatar.PlayerCombatAvatar.PlayerInputHandle_OnExitAds type=<class 'function'> val=<function _HotfixJurenFlyGamepadOnExitAds at 0x00000259E1882090>
ATTR gclient.gameplay.logic_base.entities.combat_avatar.PlayerCombatAvatar.PlayerInputHandle_OnLongMarkDown type=<class 'function'> val=<function PlayerCombatAvatarMember.PlayerInputHandle_OnLongMarkDown at 0x00000259DEF0A560>
ATTR gclient.gameplay.logic_base.entities.combat_avatar.PlayerCombatAvatar.PlayerInputHandle_OnLongMarkUp type=<class 'function'> val=<function PlayerCombatAvatarMember.PlayerInputHandle_OnLongMarkUp at 0x00000259DEF0A610>
ATTR gclient.gameplay.logic_base.entities.combat_avatar.PlayerCombatAvatar.PlayerInputHandle_OnLongMedikitItemDown type=<class 'function'> val=<function PlayerCombatAvatarMember.PlayerInputHandle_OnLongMedikitItemDown at 0x00000259DEF0A8D0>
ATTR gclient.gameplay.logic_base.entities.combat_avatar.PlayerCombatAvatar.PlayerInputHandle_OnLongMedikitItemUp type=<class 'function'> val=<function PlayerCombatAvatarMember.PlayerInputHandle_OnLongMedikitItemUp at 0x00000259DEF0A980>
ATTR gclient.gameplay.logic_base.entities.combat_avatar.PlayerCombatAvatar.PlayerInputHandle_OnLongMenuDown type=<class 'function'> val=<function PlayerCombatAvatarMember.PlayerInputHandle_OnLongMenuDown at 0x00000259DEF0B5E0>
ATTR gclient.gameplay.logic_base.entities.combat_avatar.PlayerCombatAvatar.PlayerInputHandle_OnLongThrowableWeaponDown type=<class 'function'> val=<function PlayerCombatAvatarMember.PlayerInputHandle_OnLongThrowableWeaponDown at 0x00000259DEF0AB90>
ATTR gclient.gameplay.logic_base.entities.combat_avatar.PlayerCombatAvatar.PlayerInputHandle_OnLongThrowableWeaponUp type=<class 'function'> val=<function PlayerCombatAvatarMember.PlayerInputHandle_OnLongThrowableWeaponUp at 0x00000259DEF0AC40>
ATTR gclient.gameplay.logic_base.entities.combat_avatar.PlayerCombatAvatar.PlayerInputHandle_OnMedikitItemUp type=<class 'function'> val=<function PlayerCombatAvatarMember.PlayerInputHandle_OnMedikitItemUp at 0x00000259DEF0A770>
ATTR gclient.gameplay.logic_base.entities.combat_avatar.PlayerCombatAvatar.PlayerInputHandle_OnOpenBackpack type=<class 'function'> val=<function PlayerCombatAvatarMember.PlayerInputHandle_OnOpenBackpack at 0x00000259DEF0BE20>
ATTR gclient.gameplay.logic_base.entities.combat_avatar.PlayerCombatAvatar.PlayerInputHandle_OnPlayerAttackForMouseL type=<class 'function'> val=<function PlayerCombatAvatarMember.PlayerInputHandle_OnPlayerAttackForMouseL at 0x00000259DEEFA8D0>
ATTR gclient.gameplay.logic_base.entities.combat_avatar.PlayerCombatAvatar.PlayerInputHandle_OnPlayerDualFireEndForMouseR type=<class 'function'> val=<function PlayerCombatAvatarMember.PlayerInputHandle_OnPlayerDualFireEndForMouseR at 0x00000259DEF09BC0>
ATTR gclient.gameplay.logic_base.entities.combat_avatar.PlayerCombatAvatar.PlayerInputHandle_OnPlayerDualFireForMouseR type=<class 'function'> val=<function PlayerCombatAvatarMember.PlayerInputHandle_OnPlayerDualFireForMouseR at 0x00000259DEF09900>
ATTR gclient.gameplay.logic_base.entities.combat_avatar.PlayerCombatAvatar.PlayerInputHandle_OnPlayerEndAttackForMouseL type=<class 'function'> val=<function PlayerCombatAvatarMember.PlayerInputHandle_OnPlayerEndAttackForMouseL at 0x00000259DEEFAB90>
ATTR gclient.gameplay.logic_base.entities.combat_avatar.PlayerCombatAvatar.PlayerInputHandle_OnReload type=<class 'function'> val=<function PlayerCombatAvatarMember.PlayerInputHandle_OnReload at 0x00000259DEF0A140>
ATTR gclient.gameplay.logic_base.entities.combat_avatar.PlayerCombatAvatar.PlayerInputHandle_OnReloadRelease type=<class 'function'> val=<function PlayerCombatAvatarMember.PlayerInputHandle_OnReloadRelease at 0x00000259DEF0A1F0>
ATTR gclient.gameplay.logic_base.entities.combat_avatar.PlayerCombatAvatar.PlayerInputHandle_OnScrollChangeGun type=<class 'function'> val=<function PlayerCombatAvatarMember.PlayerInputHandle_OnScrollChangeGun at 0x00000259DEF0ACF0>
ATTR gclient.gameplay.logic_base.entities.combat_avatar.PlayerCombatAvatar.PlayerInputHandle_OnThrowableWeaponUp type=<class 'function'> val=<function PlayerCombatAvatarMember.PlayerInputHandle_OnThrowableWeaponUp at 0x00000259DEF0AA30>
ATTR gclient.gameplay.logic_base.entities.combat_avatar.PlayerCombatAvatar.PlayerInputHandle_OnVehicleBackwardEnd type=<class 'function'> val=<function PlayerCombatAvatarMember.PlayerInputHandle_OnVehicleBackwardEnd at 0x00000259DEF0A090>
ATTR gclient.gameplay.logic_base.entities.combat_avatar.PlayerCombatAvatar.PlayerInputHandle_OnVehicleBackwardStart type=<class 'function'> val=<function PlayerCombatAvatarMember.PlayerInputHandle_OnVehicleBackwardStart at 0x00000259DEF09FE0>
ATTR gclient.gameplay.logic_base.entities.combat_avatar.PlayerCombatAvatar.PlayerInputHandle_OnVehicleForwardEnd type=<class 'function'> val=<function PlayerCombatAvatarMember.PlayerInputHandle_OnVehicleForwardEnd at 0x00000259DEF09F30>
ATTR gclient.gameplay.logic_base.entities.combat_avatar.PlayerCombatAvatar.PlayerInputHandle_OnVehicleForwardStart type=<class 'function'> val=<function PlayerCombatAvatarMember.PlayerInputHandle_OnVehicleForwardStart at 0x00000259DEF09E80>
ATTR gclient.gameplay.logic_base.entities.combat_avatar.PlayerCombatAvatar.PlayerInputHandle_OnVehicleJoystickMove type=<class 'function'> val=<function PlayerCombatAvatarMember.PlayerInputHandle_OnVehicleJoystickMove at 0x00000259DEF09DD0>
ATTR gclient.gameplay.logic_base.entities.combat_avatar.PlayerCombatAvatar.PlayerInputHandle_OpenEmoteWheelDown type=<class 'function'> val=<function PlayerCombatAvatarMember.PlayerInputHandle_OpenEmoteWheelDown at 0x00000259DEF0AF00>
ATTR gclient.gameplay.logic_base.entities.combat_avatar.PlayerCombatAvatar.PlayerInputHandle_OpenEmoteWheelUp type=<class 'function'> val=<function PlayerCombatAvatarMember.PlayerInputHandle_OpenEmoteWheelUp at 0x00000259DEF0AFB0>
ATTR gclient.gameplay.logic_base.entities.combat_avatar.PlayerCombatAvatar.PlayerInputHandle_OpenPickUpList type=<class 'function'> val=<function PlayerCombatAvatarMember.PlayerInputHandle_OpenPickUpList at 0x00000259DEF0A350>
ATTR gclient.gameplay.logic_base.entities.combat_avatar.PlayerCombatAvatar.PlayerInputHandle_PickupItem type=<class 'function'> val=<function PlayerCombatAvatarMember.PlayerInputHandle_PickupItem at 0x00000259DEF0BCC0>
ATTR gclient.gameplay.logic_base.entities.combat_avatar.PlayerCombatAvatar.PlayerInputHandle_QuickBuyRequest type=<class 'function'> val=<function PlayerCombatAvatarMember.PlayerInputHandle_QuickBuyRequest at 0x00000259DEF0BAB0>
ATTR gclient.gameplay.logic_base.entities.combat_avatar.PlayerCombatAvatar.PlayerInputHandle_QuickBuyTeammate type=<class 'function'> val=<function PlayerCombatAvatarMember.PlayerInputHandle_QuickBuyTeammate at 0x00000259DEF0BA00>
ATTR gclient.gameplay.logic_base.entities.combat_avatar.PlayerCombatAvatar.PlayerInputHandle_StartInspection type=<class 'function'> val=<function PlayerCombatAvatarMember.PlayerInputHandle_StartInspection at 0x00000259DEF0A2A0>
ATTR gclient.gameplay.logic_base.entities.combat_avatar.PlayerCombatAvatar.PlayerInput_AcceptReserve type=<class 'function'> val=<function PlayerCombatAvatarMember.PlayerInput_AcceptReserve at 0x00000259DEEF83B0>
ATTR gclient.gameplay.logic_base.entities.combat_avatar.PlayerCombatAvatar.PlayerInput_AskHelp type=<class 'function'> val=<function PlayerCombatAvatarMember.PlayerInput_AskHelp at 0x00000259DEEF8BF0>
ATTR gclient.gameplay.logic_base.entities.combat_avatar.PlayerCombatAvatar.PlayerInput_BalanceAnnouncement type=<class 'function'> val=<function PlayerCombatAvatarMember.PlayerInput_BalanceAnnouncement at 0x00000259DEEFA4B0>
ATTR gclient.gameplay.logic_base.entities.combat_avatar.PlayerCombatAvatar.PlayerInput_CancelExecution type=<class 'function'> val=<function PlayerCombatAvatarMember.PlayerInput_CancelExecution at 0x00000259DEEF8B40>
ATTR gclient.gameplay.logic_base.entities.combat_avatar.PlayerCombatAvatar.PlayerInput_CancelMedicine type=<class 'function'> val=<function PlayerCombatAvatarMember.PlayerInput_CancelMedicine at 0x00000259DEEF8040>
ATTR gclient.gameplay.logic_base.entities.combat_avatar.PlayerCombatAvatar.PlayerInput_CancelSelfHelp type=<class 'function'> val=<function PlayerCombatAvatarMember.PlayerInput_CancelSelfHelp at 0x00000259DEEF89E0>
ATTR gclient.gameplay.logic_base.entities.combat_avatar.PlayerCombatAvatar.PlayerInput_ChangeSeatOnVehicle type=<class 'function'> val=<function PlayerCombatAvatarMember.PlayerInput_ChangeSeatOnVehicle at 0x00000259DEEF4BF0>
ATTR gclient.gameplay.logic_base.entities.combat_avatar.PlayerCombatAvatar.PlayerInput_ChangeSkyBoxDown type=<class 'function'> val=<function PlayerCombatAvatarMember.PlayerInput_ChangeSkyBoxDown at 0x00000259DEEF7690>
ATTR gclient.gameplay.logic_base.entities.combat_avatar.PlayerCombatAvatar.PlayerInput_ChangeSkyBoxUp type=<class 'function'> val=<function PlayerCombatAvatarMember.PlayerInput_ChangeSkyBoxUp at 0x00000259DEEF7740>
ATTR gclient.gameplay.logic_base.entities.combat_avatar.PlayerCombatAvatar.PlayerInput_CheckAndTakeMeleeWeapon type=<class 'function'> val=<function PlayerCombatAvatarMember.PlayerInput_CheckAndTakeMeleeWeapon at 0x00000259DEEEDD20>
ATTR gclient.gameplay.logic_base.entities.combat_avatar.PlayerCombatAvatar.PlayerInput_CloseGameIntroduction type=<class 'function'> val=<function PlayerCombatAvatarMember.PlayerInput_CloseGameIntroduction at 0x00000259DEEF4510>
ATTR gclient.gameplay.logic_base.entities.combat_avatar.PlayerCombatAvatar.PlayerInput_ClosePickUpReplace type=<class 'function'> val=<function PlayerCombatAvatarMember.PlayerInput_ClosePickUpReplace at 0x00000259DEEF9640>
ATTR gclient.gameplay.logic_base.entities.combat_avatar.PlayerCombatAvatar.PlayerInput_DroneCureSelf type=<class 'function'> val=<function PlayerCombatAvatarMember.PlayerInput_DroneCureSelf at 0x00000259DEEF9A60>
ATTR gclient.gameplay.logic_base.entities.combat_avatar.PlayerCombatAvatar.PlayerInput_DroneDown type=<class 'function'> val=<function PlayerCombatAvatarMember.PlayerInput_DroneDown at 0x00000259DEEF6CF0>
ATTR gclient.gameplay.logic_base.entities.combat_avatar.PlayerCombatAvatar.PlayerInput_DroneDownEnd type=<class 'function'> val=<function PlayerCombatAvatarMember.PlayerInput_DroneDownEnd at 0x00000259DEEF6DA0>
ATTR gclient.gameplay.logic_base.entities.combat_avatar.PlayerCombatAvatar.PlayerInput_DroneUp type=<class 'function'> val=<function PlayerCombatAvatarMember.PlayerInput_DroneUp at 0x00000259DEEF6B90>
ATTR gclient.gameplay.logic_base.entities.combat_avatar.PlayerCombatAvatar.PlayerInput_DroneUpEnd type=<class 'function'> val=<function PlayerCombatAvatarMember.PlayerInput_DroneUpEnd at 0x00000259DEEF6C40>
ATTR gclient.gameplay.logic_base.entities.combat_avatar.PlayerCombatAvatar.PlayerInput_EmptyDown type=<class 'function'> val=<function PlayerCombatAvatarMember.PlayerInput_EmptyDown at 0x00000259DEEF9850>
ATTR gclient.gameplay.logic_base.entities.combat_avatar.PlayerCombatAvatar.PlayerInput_EmptyUp type=<class 'function'> val=<function PlayerCombatAvatarMember.PlayerInput_EmptyUp at 0x00000259DEEF9900>
ATTR gclient.gameplay.logic_base.entities.combat_avatar.PlayerCombatAvatar.PlayerInput_Execution type=<class 'function'> val=<function PlayerCombatAvatarMember.PlayerInput_Execution at 0x00000259DEEF7320>
ATTR gclient.gameplay.logic_base.entities.combat_avatar.PlayerCombatAvatar.PlayerInput_FireWallModeChange type=<class 'function'> val=<function PlayerCombatAvatarMember.PlayerInput_FireWallModeChange at 0x00000259DEEF4930>
ATTR gclient.gameplay.logic_base.entities.combat_avatar.PlayerCombatAvatar.PlayerInput_FpsExecution type=<class 'function'> val=<function PlayerCombatAvatarMember.PlayerInput_FpsExecution at 0x00000259DEEFA350>
ATTR gclient.gameplay.logic_base.entities.combat_avatar.PlayerCombatAvatar.PlayerInput_GameplayInstructions type=<class 'function'> val=<function PlayerCombatAvatarMember.PlayerInput_GameplayInstructions at 0x00000259DEEFA400>
ATTR gclient.gameplay.logic_base.entities.combat_avatar.PlayerCombatAvatar.PlayerInput_GetOffVehicle type=<class 'function'> val=<function PlayerCombatAvatarMember.PlayerInput_GetOffVehicle at 0x00000259DEEF4B40>
ATTR gclient.gameplay.logic_base.entities.combat_avatar.PlayerCombatAvatar.PlayerInput_GiveUpForRevive type=<class 'function'> val=<function PlayerCombatAvatarMember.PlayerInput_GiveUpForRevive at 0x00000259DEEF8670>
ATTR gclient.gameplay.logic_base.entities.combat_avatar.PlayerCombatAvatar.PlayerInput_GiveUpForReviveEnd type=<class 'function'> val=<function PlayerCombatAvatarMember.PlayerInput_GiveUpForReviveEnd at 0x00000259DEEF8720>
ATTR gclient.gameplay.logic_base.entities.combat_avatar.PlayerCombatAvatar.PlayerInput_HelicopterDown type=<class 'function'> val=<function PlayerCombatAvatarMember.PlayerInput_HelicopterDown at 0x00000259DEEF7E20>
ATTR gclient.gameplay.logic_base.entities.combat_avatar.PlayerCombatAvatar.PlayerInput_HelicopterDownEnd type=<class 'function'> val=<function PlayerCombatAvatarMember.PlayerInput_HelicopterDownEnd at 0x00000259DEEF7ED0>
ATTR gclient.gameplay.logic_base.entities.combat_avatar.PlayerCombatAvatar.PlayerInput_HelicopterUp type=<class 'function'> val=<function PlayerCombatAvatarMember.PlayerInput_HelicopterUp at 0x00000259DEEF7CC0>
ATTR gclient.gameplay.logic_base.entities.combat_avatar.PlayerCombatAvatar.PlayerInput_HelicopterUpEnd type=<class 'function'> val=<function PlayerCombatAvatarMember.PlayerInput_HelicopterUpEnd at 0x00000259DEEF7D70>
ATTR gclient.gameplay.logic_base.entities.combat_avatar.PlayerCombatAvatar.PlayerInput_HighlightMomentShare type=<class 'function'> val=<function PlayerCombatAvatarMember.PlayerInput_HighlightMomentShare at 0x00000259DEEFA560>
ATTR gclient.gameplay.logic_base.entities.combat_avatar.PlayerCombatAvatar.PlayerInput_InGameShortMsg type=<class 'function'> val=<function PlayerCombatAvatarMember.PlayerInput_InGameShortMsg at 0x00000259DEEF4460>
ATTR gclient.gameplay.logic_base.entities.combat_avatar.PlayerCombatAvatar.PlayerInput_InteractiveUIAction type=<class 'function'> val=<function PlayerCombatAvatarMember.PlayerInput_InteractiveUIAction at 0x00000259DEEF45C0>
ATTR gclient.gameplay.logic_base.entities.combat_avatar.PlayerCombatAvatar.PlayerInput_InteractiveUIAction_End type=<class 'function'> val=<function PlayerCombatAvatarMember.PlayerInput_InteractiveUIAction_End at 0x00000259DEEF4720>
ATTR gclient.gameplay.logic_base.entities.combat_avatar.PlayerCombatAvatar.PlayerInput_InteractiveUIAction_Start type=<class 'function'> val=<function PlayerCombatAvatarMember.PlayerInput_InteractiveUIAction_Start at 0x00000259DEEF4670>
ATTR gclient.gameplay.logic_base.entities.combat_avatar.PlayerCombatAvatar.PlayerInput_JoinDancingField type=<class 'function'> val=<function PlayerCombatAvatarMember.PlayerInput_JoinDancingField at 0x00000259DEEF9BC0>
ATTR gclient.gameplay.logic_base.entities.combat_avatar.PlayerCombatAvatar.PlayerInput_LeanOutVehicle type=<class 'function'> val=<function PlayerCombatAvatarMember.PlayerInput_LeanOutVehicle at 0x00000259DEEF4A90>
ATTR gclient.gameplay.logic_base.entities.combat_avatar.PlayerCombatAvatar.PlayerInput_LookAroundEnter type=<class 'function'> val=<function PlayerCombatAvatarMember.PlayerInput_LookAroundEnter at 0x00000259DEEF96F0>
ATTR gclient.gameplay.logic_base.entities.combat_avatar.PlayerCombatAvatar.PlayerInput_LookAroundExit type=<class 'function'> val=<function PlayerCombatAvatarMember.PlayerInput_LookAroundExit at 0x00000259DEEF97A0>
ATTR gclient.gameplay.logic_base.entities.combat_avatar.PlayerCombatAvatar.PlayerInput_MinimapLocatePosition type=<class 'function'> val=<function PlayerCombatAvatarMember.PlayerInput_MinimapLocatePosition at 0x00000259DEEF49E0>
ATTR gclient.gameplay.logic_base.entities.combat_avatar.PlayerCombatAvatar.PlayerInput_OnBackwardEnd type=<class 'function'> val=<function PlayerCombatAvatarMember.PlayerInput_OnBackwardEnd at 0x00000259DEEF54E0>
ATTR gclient.gameplay.logic_base.entities.combat_avatar.PlayerCombatAvatar.PlayerInput_OnBackwardStart type=<class 'function'> val=<function PlayerCombatAvatarMember.PlayerInput_OnBackwardStart at 0x00000259DEEF5430>
ATTR gclient.gameplay.logic_base.entities.combat_avatar.PlayerCombatAvatar.PlayerInput_OnCancelItemWheelDown type=<class 'function'> val=<function PlayerCombatAvatarMember.PlayerInput_OnCancelItemWheelDown at 0x00000259DEEEF1C0>
ATTR gclient.gameplay.logic_base.entities.combat_avatar.PlayerCombatAvatar.PlayerInput_OnCancelItemWheelUp type=<class 'function'> val=<function PlayerCombatAvatarMember.PlayerInput_OnCancelItemWheelUp at 0x00000259DEEEF270>
ATTR gclient.gameplay.logic_base.entities.combat_avatar.PlayerCombatAvatar.PlayerInput_OnCancelTotem type=<class 'function'> val=<function PlayerCombatAvatarMember.PlayerInput_OnCancelTotem at 0x00000259DEEFA2A0>
ATTR gclient.gameplay.logic_base.entities.combat_avatar.PlayerCombatAvatar.PlayerInput_OnChangeParachuteCameraMode type=<class 'function'> val=<function PlayerCombatAvatarMember.PlayerInput_OnChangeParachuteCameraMode at 0x00000259DEEF71C0>
ATTR gclient.gameplay.logic_base.entities.combat_avatar.PlayerCombatAvatar.PlayerInput_OnClickItemWheelDown type=<class 'function'> val=<function PlayerCombatAvatarMember.PlayerInput_OnClickItemWheelDown at 0x00000259DEEEF060>
ATTR gclient.gameplay.logic_base.entities.combat_avatar.PlayerCombatAvatar.PlayerInput_OnClickItemWheelUp type=<class 'function'> val=<function PlayerCombatAvatarMember.PlayerInput_OnClickItemWheelUp at 0x00000259DEEEF110>
ATTR gclient.gameplay.logic_base.entities.combat_avatar.PlayerCombatAvatar.PlayerInput_OnCrouchEnd type=<class 'function'> val=<function PlayerCombatAvatarMember.PlayerInput_OnCrouchEnd at 0x00000259DEEED590>
ATTR gclient.gameplay.logic_base.entities.combat_avatar.PlayerCombatAvatar.PlayerInput_OnCrouchOrSlide type=<class 'function'> val=<function PlayerCombatAvatarMember.PlayerInput_OnCrouchOrSlide at 0x00000259DEEED430>
ATTR gclient.gameplay.logic_base.entities.combat_avatar.PlayerCombatAvatar.PlayerInput_OnCrouchStart type=<class 'function'> val=<function PlayerCombatAvatarMember.PlayerInput_OnCrouchStart at 0x00000259DEEED4E0>
ATTR gclient.gameplay.logic_base.entities.combat_avatar.PlayerCombatAvatar.PlayerInput_OnDroneBackwardEnd type=<class 'function'> val=<function PlayerCombatAvatarMember.PlayerInput_OnDroneBackwardEnd at 0x00000259DEEF6820>
ATTR gclient.gameplay.logic_base.entities.combat_avatar.PlayerCombatAvatar.PlayerInput_OnDroneBackwardStart type=<class 'function'> val=<function PlayerCombatAvatarMember.PlayerInput_OnDroneBackwardStart at 0x00000259DEEF6770>
ATTR gclient.gameplay.logic_base.entities.combat_avatar.PlayerCombatAvatar.PlayerInput_OnDroneForwardEnd type=<class 'function'> val=<function PlayerCombatAvatarMember.PlayerInput_OnDroneForwardEnd at 0x00000259DEEF66C0>
ATTR gclient.gameplay.logic_base.entities.combat_avatar.PlayerCombatAvatar.PlayerInput_OnDroneForwardStart type=<class 'function'> val=<function PlayerCombatAvatarMember.PlayerInput_OnDroneForwardStart at 0x00000259DEEF6610>
ATTR gclient.gameplay.logic_base.entities.combat_avatar.PlayerCombatAvatar.PlayerInput_OnDroneLeftEnd type=<class 'function'> val=<function PlayerCombatAvatarMember.PlayerInput_OnDroneLeftEnd at 0x00000259DEEF6980>
ATTR gclient.gameplay.logic_base.entities.combat_avatar.PlayerCombatAvatar.PlayerInput_OnDroneLeftStart type=<class 'function'> val=<function PlayerCombatAvatarMember.PlayerInput_OnDroneLeftStart at 0x00000259DEEF68D0>
ATTR gclient.gameplay.logic_base.entities.combat_avatar.PlayerCombatAvatar.PlayerInput_OnDroneRightEnd type=<class 'function'> val=<function PlayerCombatAvatarMember.PlayerInput_OnDroneRightEnd at 0x00000259DEEF6AE0>
ATTR gclient.gameplay.logic_base.entities.combat_avatar.PlayerCombatAvatar.PlayerInput_OnDroneRightStart type=<class 'function'> val=<function PlayerCombatAvatarMember.PlayerInput_OnDroneRightStart at 0x00000259DEEF6A30>
ATTR gclient.gameplay.logic_base.entities.combat_avatar.PlayerCombatAvatar.PlayerInput_OnEnterAds type=<class 'function'> val=<function PlayerCombatAvatarMember.PlayerInput_OnEnterAds at 0x00000259DEEEE8D0>
ATTR gclient.gameplay.logic_base.entities.combat_avatar.PlayerCombatAvatar.PlayerInput_OnEnterChatDown type=<class 'function'> val=<function PlayerCombatAvatarMember.PlayerInput_OnEnterChatDown at 0x00000259DEEF8250>
ATTR gclient.gameplay.logic_base.entities.combat_avatar.PlayerCombatAvatar.PlayerInput_OnEnterChatUp type=<class 'function'> val=<function PlayerCombatAvatarMember.PlayerInput_OnEnterChatUp at 0x00000259DEEF8300>
ATTR gclient.gameplay.logic_base.entities.combat_avatar.PlayerCombatAvatar.PlayerInput_OnExitAds type=<class 'function'> val=<function PlayerCombatAvatarMember.PlayerInput_OnExitAds at 0x00000259DEEEE980>
ATTR gclient.gameplay.logic_base.entities.combat_avatar.PlayerCombatAvatar.PlayerInput_OnForwardEnd type=<class 'function'> val=<function PlayerCombatAvatarMember.PlayerInput_OnForwardEnd at 0x00000259DEEF5380>
ATTR gclient.gameplay.logic_base.entities.combat_avatar.PlayerCombatAvatar.PlayerInput_OnForwardStart type=<class 'function'> val=<function PlayerCombatAvatarMember.PlayerInput_OnForwardStart at 0x00000259DEEF52D0>
ATTR gclient.gameplay.logic_base.entities.combat_avatar.PlayerCombatAvatar.PlayerInput_OnGrapplinghookJump type=<class 'function'> val=<function PlayerCombatAvatarMember.PlayerInput_OnGrapplinghookJump at 0x00000259DEEF9D20>
ATTR gclient.gameplay.logic_base.entities.combat_avatar.PlayerCombatAvatar.PlayerInput_OnGrapplinghookUseDown type=<class 'function'> val=<function PlayerInput_OnGrapplinghookUseDown_804579 at 0x00000259DD4F4720>
ATTR gclient.gameplay.logic_base.entities.combat_avatar.PlayerCombatAvatar.PlayerInput_OnGrapplinghookUseUp type=<class 'function'> val=<function PlayerCombatAvatarMember.PlayerInput_OnGrapplinghookUseUp at 0x00000259DEEEFCC0>
ATTR gclient.gameplay.logic_base.entities.combat_avatar.PlayerCombatAvatar.PlayerInput_OnInspection type=<class 'function'> val=<function PlayerCombatAvatarMember.PlayerInput_OnInspection at 0x00000259DEEEE400>
ATTR gclient.gameplay.logic_base.entities.combat_avatar.PlayerCombatAvatar.PlayerInput_OnJump type=<class 'function'> val=<function PlayerCombatAvatarMember.PlayerInput_OnJump at 0x00000259DEEED7A0>
ATTR gclient.gameplay.logic_base.entities.combat_avatar.PlayerCombatAvatar.PlayerInput_OnJumpCheck type=<class 'function'> val=<function PlayerCombatAvatarMember.PlayerInput_OnJumpCheck at 0x00000259DEEED6F0>
ATTR gclient.gameplay.logic_base.entities.combat_avatar.PlayerCombatAvatar.PlayerInput_OnLeftEnd type=<class 'function'> val=<function PlayerCombatAvatarMember.PlayerInput_OnLeftEnd at 0x00000259DEEF5640>
ATTR gclient.gameplay.logic_base.entities.combat_avatar.PlayerCombatAvatar.PlayerInput_OnLeftStart type=<class 'function'> val=<function PlayerCombatAvatarMember.PlayerInput_OnLeftStart at 0x00000259DEEF5590>
ATTR gclient.gameplay.logic_base.entities.combat_avatar.PlayerCombatAvatar.PlayerInput_OnMedikitItemDown type=<class 'function'> val=<function PlayerCombatAvatarMember.PlayerInput_OnMedikitItemDown at 0x00000259DEEEF5E0>
ATTR gclient.gameplay.logic_base.entities.combat_avatar.PlayerCombatAvatar.PlayerInput_OnMedikitItemUp type=<class 'function'> val=<function PlayerCombatAvatarMember.PlayerInput_OnMedikitItemUp at 0x00000259DEEEF690>
ATTR gclient.gameplay.logic_base.entities.combat_avatar.PlayerCombatAvatar.PlayerInput_OnMeleeAttackEnd type=<class 'function'> val=<function PlayerCombatAvatarMember.PlayerInput_OnMeleeAttackEnd at 0x00000259DEEF4880>
ATTR gclient.gameplay.logic_base.entities.combat_avatar.PlayerCombatAvatar.PlayerInput_OnMeleeAttackStart type=<class 'function'> val=<function PlayerCombatAvatarMember.PlayerInput_OnMeleeAttackStart at 0x00000259DEEF47D0>
ATTR gclient.gameplay.logic_base.entities.combat_avatar.PlayerCombatAvatar.PlayerInput_OnOpenFastChat type=<class 'function'> val=<function PlayerCombatAvatarMember.PlayerInput_OnOpenFastChat at 0x00000259DEEF9E80>
ATTR gclient.gameplay.logic_base.entities.combat_avatar.PlayerCombatAvatar.PlayerInput_OnPlayerAttackForMouseL type=<class 'function'> val=<function PlayerCombatAvatarMember.PlayerInput_OnPlayerAttackForMouseL at 0x00000259DEEEE4B0>
ATTR gclient.gameplay.logic_base.entities.combat_avatar.PlayerCombatAvatar.PlayerInput_OnPlayerDualFireEndForMouseR type=<class 'function'> val=<function PlayerCombatAvatarMember.PlayerInput_OnPlayerDualFireEndForMouseR at 0x00000259DEEEE6C0>
ATTR gclient.gameplay.logic_base.entities.combat_avatar.PlayerCombatAvatar.PlayerInput_OnPlayerDualFireForMouseR type=<class 'function'> val=<function PlayerCombatAvatarMember.PlayerInput_OnPlayerDualFireForMouseR at 0x00000259DEEEE610>
ATTR gclient.gameplay.logic_base.entities.combat_avatar.PlayerCombatAvatar.PlayerInput_OnPlayerEndAttackForMouseL type=<class 'function'> val=<function PlayerCombatAvatarMember.PlayerInput_OnPlayerEndAttackForMouseL at 0x00000259DEEEE560>
ATTR gclient.gameplay.logic_base.entities.combat_avatar.PlayerCombatAvatar.PlayerInput_OnProne type=<class 'function'> val=<function PlayerCombatAvatarMember.PlayerInput_OnProne at 0x00000259DEEED380>
ATTR gclient.gameplay.logic_base.entities.combat_avatar.PlayerCombatAvatar.PlayerInput_OnReload type=<class 'function'> val=<function PlayerCombatAvatarMember.PlayerInput_OnReload at 0x00000259DEEEDF30>
ATTR gclient.gameplay.logic_base.entities.combat_avatar.PlayerCombatAvatar.PlayerInput_OnReloadRelease type=<class 'function'> val=<function PlayerCombatAvatarMember.PlayerInput_OnReloadRelease at 0x00000259DEEEE1F0>
ATTR gclient.gameplay.logic_base.entities.combat_avatar.PlayerCombatAvatar.PlayerInput_OnRequestTotemTransport type=<class 'function'> val=<function PlayerCombatAvatarMember.PlayerInput_OnRequestTotemTransport at 0x00000259DEEFA140>
ATTR gclient.gameplay.logic_base.entities.combat_avatar.PlayerCombatAvatar.PlayerInput_OnRequestTotemTransportAlive type=<class 'function'> val=<function PlayerCombatAvatarMember.PlayerInput_OnRequestTotemTransportAlive at 0x00000259DEEFA1F0>
ATTR gclient.gameplay.logic_base.entities.combat_avatar.PlayerCombatAvatar.PlayerInput_OnResetPCKeyTips type=<class 'function'> val=<function PlayerCombatAvatarMember.PlayerInput_OnResetPCKeyTips at 0x00000259DEEF7C10>
ATTR gclient.gameplay.logic_base.entities.combat_avatar.PlayerCombatAvatar.PlayerInput_OnRightEnd type=<class 'function'> val=<function PlayerCombatAvatarMember.PlayerInput_OnRightEnd at 0x00000259DEEF57A0>
ATTR gclient.gameplay.logic_base.entities.combat_avatar.PlayerCombatAvatar.PlayerInput_OnRightStart type=<class 'function'> val=<function PlayerCombatAvatarMember.PlayerInput_OnRightStart at 0x00000259DEEF56F0>
ATTR gclient.gameplay.logic_base.entities.combat_avatar.PlayerCombatAvatar.PlayerInput_OnScrollChangeGun type=<class 'function'> val=<function PlayerCombatAvatarMember.PlayerInput_OnScrollChangeGun at 0x00000259DEEEDB10>
ATTR gclient.gameplay.logic_base.entities.combat_avatar.PlayerCombatAvatar.PlayerInput_OnScrollPickUpListDown type=<class 'function'> val=<function PlayerCombatAvatarMember.PlayerInput_OnScrollPickUpListDown at 0x00000259DEEF7060>
ATTR gclient.gameplay.logic_base.entities.combat_avatar.PlayerCombatAvatar.PlayerInput_OnScrollPickUpListUp type=<class 'function'> val=<function PlayerCombatAvatarMember.PlayerInput_OnScrollPickUpListUp at 0x00000259DEEF7110>
ATTR gclient.gameplay.logic_base.entities.combat_avatar.PlayerCombatAvatar.PlayerInput_OnSecondJump type=<class 'function'> val=<function PlayerCombatAvatarMember.PlayerInput_OnSecondJump at 0x00000259DEEF9C70>
ATTR gclient.gameplay.logic_base.entities.combat_avatar.PlayerCombatAvatar.PlayerInput_OnSecondSkillDown type=<class 'function'> val=<function PlayerCombatAvatarMember.PlayerInput_OnSecondSkillDown at 0x00000259DEEF7AB0>
ATTR gclient.gameplay.logic_base.entities.combat_avatar.PlayerCombatAvatar.PlayerInput_OnSecondSkillUp type=<class 'function'> val=<function PlayerCombatAvatarMember.PlayerInput_OnSecondSkillUp at 0x00000259DEEF7B60>
ATTR gclient.gameplay.logic_base.entities.combat_avatar.PlayerCombatAvatar.PlayerInput_OnSelectDownMed type=<class 'function'> val=<function PlayerCombatAvatarMember.PlayerInput_OnSelectDownMed at 0x00000259DEEEF7F0>
ATTR gclient.gameplay.logic_base.entities.combat_avatar.PlayerCombatAvatar.PlayerInput_OnSelectDownThrowable type=<class 'function'> val=<function PlayerCombatAvatarMember.PlayerInput_OnSelectDownThrowable at 0x00000259DEEEEFB0>
ATTR gclient.gameplay.logic_base.entities.combat_avatar.PlayerCombatAvatar.PlayerInput_OnSelectTopMed type=<class 'function'> val=<function PlayerCombatAvatarMember.PlayerInput_OnSelectTopMed at 0x00000259DEEEF740>
ATTR gclient.gameplay.logic_base.entities.combat_avatar.PlayerCombatAvatar.PlayerInput_OnSelectTopThrowable type=<class 'function'> val=<function PlayerCombatAvatarMember.PlayerInput_OnSelectTopThrowable at 0x00000259DEEEEF00>
ATTR gclient.gameplay.logic_base.entities.combat_avatar.PlayerCombatAvatar.PlayerInput_OnSkillMeleeWeapon3UseDown type=<class 'function'> val=<function PlayerCombatAvatarMember.PlayerInput_OnSkillMeleeWeapon3UseDown at 0x00000259DEEEFED0>
ATTR gclient.gameplay.logic_base.entities.combat_avatar.PlayerCombatAvatar.PlayerInput_OnSkillMeleeWeapon3UseUp type=<class 'function'> val=<function PlayerCombatAvatarMember.PlayerInput_OnSkillMeleeWeapon3UseUp at 0x00000259DEEF4040>
ATTR gclient.gameplay.logic_base.entities.combat_avatar.PlayerCombatAvatar.PlayerInput_OnSkillWeapon3UseDown type=<class 'function'> val=<function PlayerCombatAvatarMember.PlayerInput_OnSkillWeapon3UseDown at 0x00000259DEEEFD70>
ATTR gclient.gameplay.logic_base.entities.combat_avatar.PlayerCombatAvatar.PlayerInput_OnSkillWeapon3UseUp type=<class 'function'> val=<function PlayerCombatAvatarMember.PlayerInput_OnSkillWeapon3UseUp at 0x00000259DEEEFE20>
ATTR gclient.gameplay.logic_base.entities.combat_avatar.PlayerCombatAvatar.PlayerInput_OnSkillWeapon4UseDown type=<class 'function'> val=<function PlayerCombatAvatarMember.PlayerInput_OnSkillWeapon4UseDown at 0x00000259DEEF40F0>
ATTR gclient.gameplay.logic_base.entities.combat_avatar.PlayerCombatAvatar.PlayerInput_OnSkillWeapon4UseUp type=<class 'function'> val=<function PlayerCombatAvatarMember.PlayerInput_OnSkillWeapon4UseUp at 0x00000259DEEF41A0>
ATTR gclient.gameplay.logic_base.entities.combat_avatar.PlayerCombatAvatar.PlayerInput_OnSkillWeaponUseDown type=<class 'function'> val=<function PlayerCombatAvatarMember.PlayerInput_OnSkillWeaponUseDown at 0x00000259DEEEF8A0>
ATTR gclient.gameplay.logic_base.entities.combat_avatar.PlayerCombatAvatar.PlayerInput_OnSkillWeaponUseUp type=<class 'function'> val=<function PlayerCombatAvatarMember.PlayerInput_OnSkillWeaponUseUp at 0x00000259DEEEF950>
ATTR gclient.gameplay.logic_base.entities.combat_avatar.PlayerCombatAvatar.PlayerInput_OnSlide type=<class 'function'> val=<function PlayerCombatAvatarMember.PlayerInput_OnSlide at 0x00000259DEEED640>
ATTR gclient.gameplay.logic_base.entities.combat_avatar.PlayerCombatAvatar.PlayerInput_OnSpikeTransfer type=<class 'function'> val=<function PlayerCombatAvatarMember.PlayerInput_OnSpikeTransfer at 0x00000259DEEF9DD0>
ATTR gclient.gameplay.logic_base.entities.combat_avatar.PlayerCombatAvatar.PlayerInput_OnSprint type=<class 'function'> val=<function PlayerCombatAvatarMember.PlayerInput_OnSprint at 0x00000259DEEED2D0>
ATTR gclient.gameplay.logic_base.entities.combat_avatar.PlayerCombatAvatar.PlayerInput_OnStartHorn type=<class 'function'> val=<function PlayerCombatAvatarMember.PlayerInput_OnStartHorn at 0x00000259DEEF4CA0>
ATTR gclient.gameplay.logic_base.entities.combat_avatar.PlayerCombatAvatar.PlayerInput_OnStopHorn type=<class 'function'> val=<function PlayerCombatAvatarMember.PlayerInput_OnStopHorn at 0x00000259DEEF4D50>
ATTR gclient.gameplay.logic_base.entities.combat_avatar.PlayerCombatAvatar.PlayerInput_OnSupportWeaponUse type=<class 'function'> val=<function PlayerCombatAvatarMember.PlayerInput_OnSupportWeaponUse at 0x00000259DEEF4F60>
ATTR gclient.gameplay.logic_base.entities.combat_avatar.PlayerCombatAvatar.PlayerInput_OnSwitchFireWallMode type=<class 'function'> val=<function PlayerCombatAvatarMember.PlayerInput_OnSwitchFireWallMode at 0x00000259DEEF99B0>
ATTR gclient.gameplay.logic_base.entities.combat_avatar.PlayerCombatAvatar.PlayerInput_OnTakeMainGunWeapon type=<class 'function'> val=<function PlayerCombatAvatarMember.PlayerInput_OnTakeMainGunWeapon at 0x00000259DEEEDBC0>
ATTR gclient.gameplay.logic_base.entities.combat_avatar.PlayerCombatAvatar.PlayerInput_OnTakePanPan type=<class 'function'> val=<function PlayerCombatAvatarMember.PlayerInput_OnTakePanPan at 0x00000259DEEF9FE0>
ATTR gclient.gameplay.logic_base.entities.combat_avatar.PlayerCombatAvatar.PlayerInput_OnTakeSubGunWeapon type=<class 'function'> val=<function PlayerCombatAvatarMember.PlayerInput_OnTakeSubGunWeapon at 0x00000259DEEEDC70>
ATTR gclient.gameplay.logic_base.entities.combat_avatar.PlayerCombatAvatar.PlayerInput_OnThrowableWeaponDown type=<class 'function'> val=<function PlayerCombatAvatarMember.PlayerInput_OnThrowableWeaponDown at 0x00000259DEEEEDA0>
ATTR gclient.gameplay.logic_base.entities.combat_avatar.PlayerCombatAvatar.PlayerInput_OnThrowableWeaponUp type=<class 'function'> val=<function PlayerCombatAvatarMember.PlayerInput_OnThrowableWeaponUp at 0x00000259DEEEEE50>
ATTR gclient.gameplay.logic_base.entities.combat_avatar.PlayerCombatAvatar.PlayerInput_OnToggleFpsMode type=<class 'function'> val=<function PlayerCombatAvatarMember.PlayerInput_OnToggleFpsMode at 0x00000259DEEF5010>
ATTR gclient.gameplay.logic_base.entities.combat_avatar.PlayerCombatAvatar.PlayerInput_OnUseArmor type=<class 'function'> val=<function PlayerCombatAvatarMember.PlayerInput_OnUseArmor at 0x00000259DEEEEA30>
ATTR gclient.gameplay.logic_base.entities.combat_avatar.PlayerCombatAvatar.PlayerInput_OnUseFastChat type=<class 'function'> val=<function PlayerCombatAvatarMember.PlayerInput_OnUseFastChat at 0x00000259DEEF9F30>
ATTR gclient.gameplay.logic_base.entities.combat_avatar.PlayerCombatAvatar.PlayerInput_OnUseSpecialSkill type=<class 'function'> val=<function PlayerCombatAvatarMember.PlayerInput_OnUseSpecialSkill at 0x00000259DEEF4250>
ATTR gclient.gameplay.logic_base.entities.combat_avatar.PlayerCombatAvatar.PlayerInput_OnVehicleBackwardEnd type=<class 'function'> val=<function PlayerCombatAvatarMember.PlayerInput_OnVehicleBackwardEnd at 0x00000259DEEF5C70>
ATTR gclient.gameplay.logic_base.entities.combat_avatar.PlayerCombatAvatar.PlayerInput_OnVehicleBackwardStart type=<class 'function'> val=<function PlayerCombatAvatarMember.PlayerInput_OnVehicleBackwardStart at 0x00000259DEEF5BC0>
ATTR gclient.gameplay.logic_base.entities.combat_avatar.PlayerCombatAvatar.PlayerInput_OnVehicleForwardEnd type=<class 'function'> val=<function PlayerCombatAvatarMember.PlayerInput_OnVehicleForwardEnd at 0x00000259DEEF5B10>
ATTR gclient.gameplay.logic_base.entities.combat_avatar.PlayerCombatAvatar.PlayerInput_OnVehicleForwardStart type=<class 'function'> val=<function PlayerCombatAvatarMember.PlayerInput_OnVehicleForwardStart at 0x00000259DEEF5A60>
ATTR gclient.gameplay.logic_base.entities.combat_avatar.PlayerCombatAvatar.PlayerInput_OnVehicleHandBrakeEnd type=<class 'function'> val=<function PlayerCombatAvatarMember.PlayerInput_OnVehicleHandBrakeEnd at 0x00000259DEEF6090>
ATTR gclient.gameplay.logic_base.entities.combat_avatar.PlayerCombatAvatar.PlayerInput_OnVehicleHandBrakeStart type=<class 'function'> val=<function PlayerCombatAvatarMember.PlayerInput_OnVehicleHandBrakeStart at 0x00000259DEEF5FE0>
ATTR gclient.gameplay.logic_base.entities.combat_avatar.PlayerCombatAvatar.PlayerInput_OnVehicleLeftEnd type=<class 'function'> val=<function PlayerCombatAvatarMember.PlayerInput_OnVehicleLeftEnd at 0x00000259DEEF5DD0>
ATTR gclient.gameplay.logic_base.entities.combat_avatar.PlayerCombatAvatar.PlayerInput_OnVehicleLeftStart type=<class 'function'> val=<function PlayerCombatAvatarMember.PlayerInput_OnVehicleLeftStart at 0x00000259DEEF5D20>
ATTR gclient.gameplay.logic_base.entities.combat_avatar.PlayerCombatAvatar.PlayerInput_OnVehiclePitchDownEnd type=<class 'function'> val=<function PlayerCombatAvatarMember.PlayerInput_OnVehiclePitchDownEnd at 0x00000259DEEF6400>
ATTR gclient.gameplay.logic_base.entities.combat_avatar.PlayerCombatAvatar.PlayerInput_OnVehiclePitchDownStart type=<class 'function'> val=<function PlayerCombatAvatarMember.PlayerInput_OnVehiclePitchDownStart at 0x00000259DEEF6350>
ATTR gclient.gameplay.logic_base.entities.combat_avatar.PlayerCombatAvatar.PlayerInput_OnVehiclePitchUpEnd type=<class 'function'> val=<function PlayerCombatAvatarMember.PlayerInput_OnVehiclePitchUpEnd at 0x00000259DEEF62A0>
ATTR gclient.gameplay.logic_base.entities.combat_avatar.PlayerCombatAvatar.PlayerInput_OnVehiclePitchUpStart type=<class 'function'> val=<function PlayerCombatAvatarMember.PlayerInput_OnVehiclePitchUpStart at 0x00000259DEEF61F0>
ATTR gclient.gameplay.logic_base.entities.combat_avatar.PlayerCombatAvatar.PlayerInput_OnVehicleResetOverturned type=<class 'function'> val=<function PlayerCombatAvatarMember.PlayerInput_OnVehicleResetOverturned at 0x00000259DEEF4E00>
ATTR gclient.gameplay.logic_base.entities.combat_avatar.PlayerCombatAvatar.PlayerInput_OnVehicleRightEnd type=<class 'function'> val=<function PlayerCombatAvatarMember.PlayerInput_OnVehicleRightEnd at 0x00000259DEEF5F30>
ATTR gclient.gameplay.logic_base.entities.combat_avatar.PlayerCombatAvatar.PlayerInput_OnVehicleRightStart type=<class 'function'> val=<function PlayerCombatAvatarMember.PlayerInput_OnVehicleRightStart at 0x00000259DEEF5E80>
ATTR gclient.gameplay.logic_base.entities.combat_avatar.PlayerCombatAvatar.PlayerInput_OpenClosePickUpList type=<class 'function'> val=<function PlayerCombatAvatarMember.PlayerInput_OpenClosePickUpList at 0x00000259DEEF6FB0>
ATTR gclient.gameplay.logic_base.entities.combat_avatar.PlayerCombatAvatar.PlayerInput_OpenEmoteWheelDown type=<class 'function'> val=<function PlayerCombatAvatarMember.PlayerInput_OpenEmoteWheelDown at 0x00000259DEEF7480>
ATTR gclient.gameplay.logic_base.entities.combat_avatar.PlayerCombatAvatar.PlayerInput_OpenEmoteWheelUp type=<class 'function'> val=<function PlayerCombatAvatarMember.PlayerInput_OpenEmoteWheelUp at 0x00000259DEEF7530>
ATTR gclient.gameplay.logic_base.entities.combat_avatar.PlayerCombatAvatar.PlayerInput_OpenSetting type=<class 'function'> val=<function PlayerCombatAvatarMember.PlayerInput_OpenSetting at 0x00000259DEEF7270>
ATTR gclient.gameplay.logic_base.entities.combat_avatar.PlayerCombatAvatar.PlayerInput_PickupItem type=<class 'function'> val=<function PlayerCombatAvatarMember.PlayerInput_PickupItem at 0x00000259DEEF6F00>
ATTR gclient.gameplay.logic_base.entities.combat_avatar.PlayerCombatAvatar.PlayerInput_PlayNormalEmote type=<class 'function'> val=<function PlayerCombatAvatarMember.PlayerInput_PlayNormalEmote at 0x00000259DEEF75E0>
ATTR gclient.gameplay.logic_base.entities.combat_avatar.PlayerCombatAvatar.PlayerInput_QuickBuyRequest type=<class 'function'> val=<function PlayerCombatAvatarMember.PlayerInput_QuickBuyRequest at 0x00000259DEEF81A0>
ATTR gclient.gameplay.logic_base.entities.combat_avatar.PlayerCombatAvatar.PlayerInput_QuickBuyTeammate type=<class 'function'> val=<function PlayerCombatAvatarMember.PlayerInput_QuickBuyTeammate at 0x00000259DEEF80F0>
ATTR gclient.gameplay.logic_base.entities.combat_avatar.PlayerCombatAvatar.PlayerInput_QuickUseMedicine type=<class 'function'> val=<function PlayerCombatAvatarMember.PlayerInput_QuickUseMedicine at 0x00000259DEEF8CA0>
ATTR gclient.gameplay.logic_base.entities.combat_avatar.PlayerCombatAvatar.PlayerInput_QuickUseThrowableDown type=<class 'function'> val=<function PlayerCombatAvatarMember.PlayerInput_QuickUseThrowableDown at 0x00000259DEEF8D50>
ATTR gclient.gameplay.logic_base.entities.combat_avatar.PlayerCombatAvatar.PlayerInput_QuickUseThrowableUp type=<class 'function'> val=<function PlayerCombatAvatarMember.PlayerInput_QuickUseThrowableUp at 0x00000259DEEF8E00>
ATTR gclient.gameplay.logic_base.entities.combat_avatar.PlayerCombatAvatar.PlayerInput_RefuseReserve type=<class 'function'> val=<function PlayerCombatAvatarMember.PlayerInput_RefuseReserve at 0x00000259DEEF8460>
ATTR gclient.gameplay.logic_base.entities.combat_avatar.PlayerCombatAvatar.PlayerInput_ReplyTeammateOneByCoins type=<class 'function'> val=<function PlayerCombatAvatarMember.PlayerInput_ReplyTeammateOneByCoins at 0x00000259DEEF8930>
ATTR gclient.gameplay.logic_base.entities.combat_avatar.PlayerCombatAvatar.PlayerInput_SeekHelp type=<class 'function'> val=<function PlayerCombatAvatarMember.PlayerInput_SeekHelp at 0x00000259DEEF43B0>
ATTR gclient.gameplay.logic_base.entities.combat_avatar.PlayerCombatAvatar.PlayerInput_SmartFDown type=<class 'function'> val=<function PlayerCombatAvatarMember.PlayerInput_SmartFDown at 0x00000259DEEF94E0>
ATTR gclient.gameplay.logic_base.entities.combat_avatar.PlayerCombatAvatar.PlayerInput_SmartFUp type=<class 'function'> val=<function PlayerCombatAvatarMember.PlayerInput_SmartFUp at 0x00000259DEEF9590>
ATTR gclient.gameplay.logic_base.entities.combat_avatar.PlayerCombatAvatar.PlayerInput_SpellSecondaryEnd type=<class 'function'> val=<function PlayerCombatAvatarMember.PlayerInput_SpellSecondaryEnd at 0x00000259DEEF7A00>
ATTR gclient.gameplay.logic_base.entities.combat_avatar.PlayerCombatAvatar.PlayerInput_SpellSecondaryStart type=<class 'function'> val=<function PlayerCombatAvatarMember.PlayerInput_SpellSecondaryStart at 0x00000259DEEF7950>
ATTR gclient.gameplay.logic_base.entities.combat_avatar.PlayerCombatAvatar.PlayerInput_TacticalItemEnd type=<class 'function'> val=<function PlayerCombatAvatarMember.PlayerInput_TacticalItemEnd at 0x00000259DEEFA6C0>
ATTR gclient.gameplay.logic_base.entities.combat_avatar.PlayerCombatAvatar.PlayerInput_TacticalItemStart type=<class 'function'> val=<function PlayerCombatAvatarMember.PlayerInput_TacticalItemStart at 0x00000259DEEFA610>
ATTR gclient.gameplay.logic_base.entities.combat_avatar.PlayerCombatAvatar.PlayerInput_ThankTeammate type=<class 'function'> val=<function PlayerCombatAvatarMember.PlayerInput_ThankTeammate at 0x00000259DEEF8A90>
ATTR gclient.gameplay.logic_base.entities.combat_avatar.PlayerCombatAvatar.PlayerInput_UseNeedle type=<class 'function'> val=<function PlayerCombatAvatarMember.PlayerInput_UseNeedle at 0x00000259DEEF4300>
ATTR gclient.gameplay.logic_base.entities.combat_avatar.PlayerCombatAvatar.PlayerTriggerCb type=<class 'function'> val=<function PlayerCombatAvatarMember.PlayerTriggerCb at 0x00000259DF64D7A0>
ATTR gclient.gameplay.logic_base.entities.combat_avatar.PlayerCombatAvatar.PrePlaceEntityTick type=<class 'function'> val=<function CombatAvatarMember.PrePlaceEntityTick at 0x00000259DFCC5F30>
ATTR gclient.gameplay.logic_base.entities.combat_avatar.PlayerCombatAvatar.PullPlayerFromMagicFieldModelInside type=<class 'function'> val=<function PlayerCombatAvatarMember.PullPlayerFromMagicFieldModelInside at 0x00000259DFCD92D0>
ATTR gclient.gameplay.logic_base.entities.combat_avatar.PlayerCombatAvatar.RecvTeammateAchievement type=<class 'function'> val=<function PlayerCombatAvatarMember.RecvTeammateAchievement at 0x00000259CFFE4460>
ATTR gclient.gameplay.logic_base.entities.combat_avatar.PlayerCombatAvatar.RefreshAllAssistAimParam type=<class 'function'> val=<function PlayerCombatAvatarMember.RefreshAllAssistAimParam at 0x00000259DF65B3D0>
ATTR gclient.gameplay.logic_base.entities.combat_avatar.PlayerCombatAvatar.RefreshAllFpsWeaponDecorates type=<class 'function'> val=<function PlayerCombatAvatarMember.RefreshAllFpsWeaponDecorates at 0x00000259DF64CF60>
ATTR gclient.gameplay.logic_base.entities.combat_avatar.PlayerCombatAvatar.RefreshAllTeammateTechState type=<class 'function'> val=<function PlayerCombatAvatarMember.RefreshAllTeammateTechState at 0x00000259DF64F060>
ATTR gclient.gameplay.logic_base.entities.combat_avatar.PlayerCombatAvatar.RefreshAllTeammateVolume type=<class 'function'> val=<function PlayerCombatAvatarMember.RefreshAllTeammateVolume at 0x00000259DF7447D0>
ATTR gclient.gameplay.logic_base.entities.combat_avatar.PlayerCombatAvatar.RefreshJumpBtnClimbWall type=<class 'function'> val=<function PlayerCombatAvatarMember.RefreshJumpBtnClimbWall at 0x00000259CFDEADA0>
ATTR gclient.gameplay.logic_base.entities.combat_avatar.PlayerCombatAvatar.RefreshJumpBtnClimbWallForJumpEnd type=<class 'function'> val=<function PlayerCombatAvatarMember.RefreshJumpBtnClimbWallForJumpEnd at 0x00000259CFDEAF00>
ATTR gclient.gameplay.logic_base.entities.combat_avatar.PlayerCombatAvatar.RemoveAllCameraEffect type=<class 'function'> val=<function CombatAvatarMember.RemoveAllCameraEffect at 0x00000259DFCC6770>
ATTR gclient.gameplay.logic_base.entities.combat_avatar.PlayerCombatAvatar.RemoveClientBuff type=<class 'function'> val=<function CombatAvatarMember.RemoveClientBuff at 0x00000259DF64F740>
ATTR gclient.gameplay.logic_base.entities.combat_avatar.PlayerCombatAvatar.RemoveClientBuffsByKind type=<class 'function'> val=<function CombatAvatarMember.RemoveClientBuffsByKind at 0x00000259DF64F7F0>
ATTR gclient.gameplay.logic_base.entities.combat_avatar.PlayerCombatAvatar.RemoveSnareFromSnareDict type=<class 'function'> val=<function CombatAvatarMember.RemoveSnareFromSnareDict at 0x00000259DF67FAB0>
ATTR gclient.gameplay.logic_base.entities.combat_avatar.PlayerCombatAvatar.RemoveTpsShowEntity type=<class 'function'> val=<function CombatAvatarMember.RemoveTpsShowEntity at 0x00000259DEF77530>
ATTR gclient.gameplay.logic_base.entities.combat_avatar.PlayerCombatAvatar.ReplayForAreaEntity type=<class 'function'> val=<function CombatAvatarMember.ReplayForAreaEntity at 0x00000259DF67E560>
ATTR gclient.gameplay.logic_base.entities.combat_avatar.PlayerCombatAvatar.ReplayForCombatAvatar type=<class 'function'> val=<function CombatAvatarMember.ReplayForCombatAvatar at 0x00000259DF67E610>
ATTR gclient.gameplay.logic_base.entities.combat_avatar.PlayerCombatAvatar.ReplaySyncClientStamp type=<class 'function'> val=<function CombatAvatarMember.ReplaySyncClientStamp at 0x00000259DF67DC70>
ATTR gclient.gameplay.logic_base.entities.combat_avatar.PlayerCombatAvatar.RequestHighSkyFreeFall type=<class 'function'> val=<function ParaPlayerAvatarCommonBase.RequestHighSkyFreeFall at 0x00000259DDB454E0>
ATTR gclient.gameplay.logic_base.entities.combat_avatar.PlayerCombatAvatar.RequestHighSkyFreeFallParachute type=<class 'function'> val=<function ParaPlayerAvatarCommonBase.RequestHighSkyFreeFallParachute at 0x00000259DDB45590>
ATTR gclient.gameplay.logic_base.entities.combat_avatar.PlayerCombatAvatar.RequireRefreshEntityPoseState type=<class 'function'> val=<function PlayerCombatAvatarMember.RequireRefreshEntityPoseState at 0x00000259DF64D640>
ATTR gclient.gameplay.logic_base.entities.combat_avatar.PlayerCombatAvatar.ResetByLocalconfigPlayerAvatarAssistAim type=<class 'function'> val=<function PlayerCombatAvatarMember.ResetByLocalconfigPlayerAvatarAssistAim at 0x00000259DF65BA00>
ATTR gclient.gameplay.logic_base.entities.combat_avatar.PlayerCombatAvatar.ResetJumpFallSpeed type=<class 'function'> val=<function PlayerCombatAvatarMember.ResetJumpFallSpeed at 0x00000259DF722A30>
ATTR gclient.gameplay.logic_base.entities.combat_avatar.PlayerCombatAvatar.SetAllCameraEffectVisible type=<class 'function'> val=<function PlayerCombatAvatarMember.SetAllCameraEffectVisible at 0x00000259DFCD2980>
ATTR gclient.gameplay.logic_base.entities.combat_avatar.PlayerCombatAvatar.SetShieldVoiceForCombatHallTeamChannel type=<class 'function'> val=<function PlayerCombatAvatarMember.SetShieldVoiceForCombatHallTeamChannel at 0x00000259DF744670>
ATTR gclient.gameplay.logic_base.entities.combat_avatar.PlayerCombatAvatar.ShowDoubleEmoteVisualEntity type=<class 'function'> val=<function PlayerCombatAvatarMember.ShowDoubleEmoteVisualEntity at 0x00000259DEF54510>
ATTR gclient.gameplay.logic_base.entities.combat_avatar.PlayerCombatAvatar.StartDoubleEmoteWallCheckTimer type=<class 'function'> val=<function PlayerCombatAvatarMember.StartDoubleEmoteWallCheckTimer at 0x00000259DEF54670>
ATTR gclient.gameplay.logic_base.entities.combat_avatar.PlayerCombatAvatar.StartSpaceBlackHoleLocalCarrier type=<class 'function'> val=<function CombatAvatarMember.StartSpaceBlackHoleLocalCarrier at 0x00000259DF57B480>
ATTR gclient.gameplay.logic_base.entities.combat_avatar.PlayerCombatAvatar.StopLucianTransferClient type=<class 'function'> val=<function PlayerCombatAvatarMember.StopLucianTransferClient at 0x00000259DFCD2400>
ATTR gclient.gameplay.logic_base.entities.combat_avatar.PlayerCombatAvatar.SwitchToFpsModeCallback type=<class 'function'> val=<function PlayerCombatAvatarMember.SwitchToFpsModeCallback at 0x00000259DF723E20>
ATTR gclient.gameplay.logic_base.entities.combat_avatar.PlayerCombatAvatar.TickCanShootPlayerForSound type=<class 'function'> val=<function CombatAvatarMember.TickCanShootPlayerForSound at 0x00000259DFCEE2A0>
ATTR gclient.gameplay.logic_base.entities.combat_avatar.PlayerCombatAvatar.TickDoubleEmoteWallCheck type=<class 'function'> val=<function PlayerCombatAvatarMember.TickDoubleEmoteWallCheck at 0x00000259DEF54460>
ATTR gclient.gameplay.logic_base.entities.combat_avatar.PlayerCombatAvatar.TickWallWeaponRaise type=<class 'function'> val=<function PlayerCombatAvatarMember.TickWallWeaponRaise at 0x00000259DEF84250>
ATTR gclient.gameplay.logic_base.entities.combat_avatar.PlayerCombatAvatar.TriggerJurenFlyLandOnPlayerJumpLand type=<class 'function'> val=<function TriggerJurenFlyLandOnPlayerJumpLand at 0x00000259DD4F77F0>
ATTR gclient.gameplay.logic_base.entities.combat_avatar.PlayerCombatAvatar.TryAttack_fall_hurt_spell type=<class 'function'> val=<function PlayerCombatAvatarMember.TryAttack_fall_hurt_spell at 0x00000259DFCD8250>
ATTR gclient.gameplay.logic_base.entities.combat_avatar.PlayerCombatAvatar.TryPlayJurenFlySlashWallHitEffect type=<class 'function'> val=<function PlayerCombatAvatarMember.TryPlayJurenFlySlashWallHitEffect at 0x00000259DFCED170>
ATTR gclient.gameplay.logic_base.entities.combat_avatar.PlayerCombatAvatar.UnLoadEventByEventKey type=<class 'function'> val=<function CombatAvatarMember.UnLoadEventByEventKey at 0x00000259DFCEFC10>
ATTR gclient.gameplay.logic_base.entities.combat_avatar.PlayerCombatAvatar.UpdateInvisibleAvatarsFrameLimit type=<class 'function'> val=<function PlayerCombatAvatarMember.UpdateInvisibleAvatarsFrameLimit at 0x00000259DF64CD50>
ATTR gclient.gameplay.logic_base.entities.combat_avatar.PlayerCombatAvatar.UpdatePlayerSensitivity type=<class 'function'> val=<function PlayerCombatAvatarMember.UpdatePlayerSensitivity at 0x00000259DF6594E0>
ATTR gclient.gameplay.logic_base.entities.combat_avatar.PlayerCombatAvatar.UpdatePlayerShootState type=<class 'function'> val=<function PlayerCombatAvatarMember.UpdatePlayerShootState at 0x00000259DF65AFB0>
ATTR gclient.gameplay.logic_base.entities.combat_avatar.PlayerCombatAvatar._ApplySkinPrePlaceEntityScale type=<class 'function'> val=<function CombatAvatarMember._ApplySkinPrePlaceEntityScale at 0x00000259DFCC5E80>
ATTR gclient.gameplay.logic_base.entities.combat_avatar.PlayerCombatAvatar._CanAutoPickUpForPerkTalent type=<class 'function'> val=<function PlayerCombatAvatarMember._CanAutoPickUpForPerkTalent at 0x00000259DF6E17A0>
ATTR gclient.gameplay.logic_base.entities.combat_avatar.PlayerCombatAvatar._CanShootEntity type=<class 'function'> val=<function PlayerCombatAvatarMember._CanShootEntity at 0x00000259DF64E560>
ATTR gclient.gameplay.logic_base.entities.combat_avatar.PlayerCombatAvatar._CancelExecuteSoundEvent type=<class 'function'> val=<function CombatAvatarMember._CancelExecuteSoundEvent at 0x00000259DEF1BD70>
ATTR gclient.gameplay.logic_base.entities.combat_avatar.PlayerCombatAvatar._CheckInteractionEntityValid type=<class 'function'> val=<function PlayerCombatAvatarMember._CheckInteractionEntityValid at 0x00000259DF64E2A0>
ATTR gclient.gameplay.logic_base.entities.combat_avatar.PlayerCombatAvatar._CreateExplodeEntity type=<class 'function'> val=<function CombatAvatarMember._CreateExplodeEntity at 0x00000259DFCC28D0>
ATTR gclient.gameplay.logic_base.entities.combat_avatar.PlayerCombatAvatar._CreateFireWallPlaceEntity type=<class 'function'> val=<function CombatAvatarMember._CreateFireWallPlaceEntity at 0x00000259DFCC73D0>
ATTR gclient.gameplay.logic_base.entities.combat_avatar.PlayerCombatAvatar._CreateParanoiaEntity type=<class 'function'> val=<function CombatAvatarMember._CreateParanoiaEntity at 0x00000259DFCC2560>
ATTR gclient.gameplay.logic_base.entities.combat_avatar.PlayerCombatAvatar._CreatePrePlaceEntity type=<class 'function'> val=<function CombatAvatarMember._CreatePrePlaceEntity at 0x00000259DFCC5C70>
ATTR gclient.gameplay.logic_base.entities.combat_avatar.PlayerCombatAvatar._DoorEnterForBuildingId type=<class 'function'> val=<function PlayerCombatAvatarMember._DoorEnterForBuildingId at 0x00000259DF64DE80>
ATTR gclient.gameplay.logic_base.entities.combat_avatar.PlayerCombatAvatar._DriveLocalParaGraphForSkywingPresentation type=<class 'function'> val=<function ParaAvatarMemberBase._DriveLocalParaGraphForSkywingPresentation at 0x00000259DDB378A0>
ATTR gclient.gameplay.logic_base.entities.combat_avatar.PlayerCombatAvatar._GetFireWallPlacePosition type=<class 'function'> val=<function CombatAvatarMember._GetFireWallPlacePosition at 0x00000259DFCC78A0>
ATTR gclient.gameplay.logic_base.entities.combat_avatar.PlayerCombatAvatar._GetInteractionEntityPriority type=<class 'function'> val=<function PlayerCombatAvatarMember._GetInteractionEntityPriority at 0x00000259DF64E140>
ATTR gclient.gameplay.logic_base.entities.combat_avatar.PlayerCombatAvatar._GetInteractionEntityPriorityPC type=<class 'function'> val=<function PlayerCombatAvatarMember._GetInteractionEntityPriorityPC at 0x00000259DF64E1F0>
ATTR gclient.gameplay.logic_base.entities.combat_avatar.PlayerCombatAvatar._GetSpaceGemBeamEffectLocalDirection type=<class 'function'> val=<function CombatAvatarMember._GetSpaceGemBeamEffectLocalDirection at 0x00000259DFCC1590>
ATTR gclient.gameplay.logic_base.entities.combat_avatar.PlayerCombatAvatar._GetWallWeaponRaiseContext type=<class 'function'> val=<function PlayerCombatAvatarMember._GetWallWeaponRaiseContext at 0x00000259DEF84040>
ATTR gclient.gameplay.logic_base.entities.combat_avatar.PlayerCombatAvatar._GetWallWeaponRaiseSweep type=<class 'function'> val=<function PlayerCombatAvatarMember._GetWallWeaponRaiseSweep at 0x00000259DEF841A0>
ATTR gclient.gameplay.logic_base.entities.combat_avatar.PlayerCombatAvatar._HideWeaponCaseForSkywingPresentation type=<class 'function'> val=<function ParaAvatarMemberBase._HideWeaponCaseForSkywingPresentation at 0x00000259DDB37950>
ATTR gclient.gameplay.logic_base.entities.combat_avatar.PlayerCombatAvatar._HideWeaponForSkywingPresentationOnAircraft type=<class 'function'> val=<function ParaAvatarMemberBase._HideWeaponForSkywingPresentationOnAircraft at 0x00000259DDB37A00>
ATTR gclient.gameplay.logic_base.entities.combat_avatar.PlayerCombatAvatar._OnChangeToFreeFall type=<class 'function'> val=<function ParaPlayerCombatAvatarMemberBase._OnChangeToFreeFall at 0x00000259DDB466C0>
ATTR gclient.gameplay.logic_base.entities.combat_avatar.PlayerCombatAvatar._OnPlayerFire_Bow type=<class 'function'> val=<function PlayerCombatAvatarMember._OnPlayerFire_Bow at 0x00000259DFCD4670>
ATTR gclient.gameplay.logic_base.entities.combat_avatar.PlayerCombatAvatar._OnPlayerFire_Launcher type=<class 'function'> val=<function PlayerCombatAvatarMember._OnPlayerFire_Launcher at 0x00000259DFCD45C0>
ATTR gclient.gameplay.logic_base.entities.combat_avatar.PlayerCombatAvatar._OnPlayerFire_Normal type=<class 'function'> val=<function PlayerCombatAvatarMember._OnPlayerFire_Normal at 0x00000259DFCD4720>
ATTR gclient.gameplay.logic_base.entities.combat_avatar.PlayerCombatAvatar._OnPlayerFire_ShotGun type=<class 'function'> val=<function PlayerCombatAvatarMember._OnPlayerFire_ShotGun at 0x00000259DFCD4A90>
ATTR gclient.gameplay.logic_base.entities.combat_avatar.PlayerCombatAvatar._OnPlayerFire_SingleShotGun type=<class 'function'> val=<function PlayerCombatAvatarMember._OnPlayerFire_SingleShotGun at 0x00000259DFCD4B40>
ATTR gclient.gameplay.logic_base.entities.combat_avatar.PlayerCombatAvatar._OnPlayerFire_Sniper type=<class 'function'> val=<function PlayerCombatAvatarMember._OnPlayerFire_Sniper at 0x00000259DFCD4510>
ATTR gclient.gameplay.logic_base.entities.combat_avatar.PlayerCombatAvatar._Pickup_Talent type=<class 'function'> val=<function PlayerCombatAvatarMember._Pickup_Talent at 0x00000259DF6E0F60>
ATTR gclient.gameplay.logic_base.entities.combat_avatar.PlayerCombatAvatar._PlayerCombatAvatarMember__post_component type=<class 'function'> val=<function PlayerCombatAvatarMember.__post_component at 0x00000259DEF47ED0>
ATTR gclient.gameplay.logic_base.entities.combat_avatar.PlayerCombatAvatar._RecommendRuleFor_BrokenTalentCore type=<class 'function'> val=<function PlayerCombatAvatarMember._RecommendRuleFor_BrokenTalentCore at 0x00000259DF6E2820>
ATTR gclient.gameplay.logic_base.entities.combat_avatar.PlayerCombatAvatar._RecommendRuleFor_PerkTalent type=<class 'function'> val=<function PlayerCombatAvatarMember._RecommendRuleFor_PerkTalent at 0x00000259DF6E2980>
ATTR gclient.gameplay.logic_base.entities.combat_avatar.PlayerCombatAvatar._RefreshSkywingPresentationGraphSync type=<class 'function'> val=<function ParaAvatarMemberBase._RefreshSkywingPresentationGraphSync at 0x00000259DDB377F0>
ATTR gclient.gameplay.logic_base.entities.combat_avatar.PlayerCombatAvatar._ReloadAllWeaponStart type=<class 'function'> val=<function PlayerCombatAvatarMember._ReloadAllWeaponStart at 0x00000259DEEEDE80>
ATTR gclient.gameplay.logic_base.entities.combat_avatar.PlayerCombatAvatar._ResetWallWeaponRaise type=<class 'function'> val=<function PlayerCombatAvatarMember._ResetWallWeaponRaise at 0x00000259DEF77E20>
ATTR gclient.gameplay.logic_base.entities.combat_avatar.PlayerCombatAvatar._RobotEndEngagement type=<class 'function'> val=<function PlayerCombatAvatarMember._RobotEndEngagement at 0x00000259DEF19170>
ATTR gclient.gameplay.logic_base.entities.combat_avatar.PlayerCombatAvatar._RobotGetOrCreateEngagement type=<class 'function'> val=<function PlayerCombatAvatarMember._RobotGetOrCreateEngagement at 0x00000259DEF19010>
ATTR gclient.gameplay.logic_base.entities.combat_avatar.PlayerCombatAvatar._SampleWallWeaponRaiseMuzzle type=<class 'function'> val=<function PlayerCombatAvatarMember._SampleWallWeaponRaiseMuzzle at 0x00000259DEF840F0>
ATTR gclient.gameplay.logic_base.entities.combat_avatar.PlayerCombatAvatar._SetCameraToFreeFall type=<class 'function'> val=<function ParaPlayerAvatarCommonBase._SetCameraToFreeFall at 0x00000259DDB44BF0>
ATTR gclient.gameplay.logic_base.entities.combat_avatar.PlayerCombatAvatar._SetWallWeaponRaiseRatio type=<class 'function'> val=<function PlayerCombatAvatarMember._SetWallWeaponRaiseRatio at 0x00000259DEF77ED0>
ATTR gclient.gameplay.logic_base.entities.combat_avatar.PlayerCombatAvatar._StartWallWeaponRaise type=<class 'function'> val=<function PlayerCombatAvatarMember._StartWallWeaponRaise at 0x00000259DEF77CC0>
ATTR gclient.gameplay.logic_base.entities.combat_avatar.PlayerCombatAvatar._StopWallWeaponRaise type=<class 'function'> val=<function PlayerCombatAvatarMember._StopWallWeaponRaise at 0x00000259DEF77D70>
ATTR gclient.gameplay.logic_base.entities.combat_avatar.PlayerCombatAvatar._UpdateGPAchievementsOnSettle type=<class 'function'> val=<function PlayerCombatAvatarMember._UpdateGPAchievementsOnSettle at 0x00000259CFFE1640>
ATTR gclient.gameplay.logic_base.entities.combat_avatar.PlayerCombatAvatar._addComponent type=<class 'method'> val=<bound method _addComponent of <class 'gclient.gameplay.logic_base.entities.combat_avatar.PlayerCombatAvatar'>>
ATTR gclient.gameplay.logic_base.entities.combat_avatar.PlayerCombatAvatar._callComponents type=<class 'function'> val=<function _callComponents at 0x00000259F18F9170>
ATTR gclient.gameplay.logic_base.entities.combat_avatar.PlayerCombatAvatar._delComponent type=<class 'method'> val=<bound method _delComponent of <class 'gclient.gameplay.logic_base.entities.combat_avatar.PlayerCombatAvatar'>>
ATTR gclient.gameplay.logic_base.entities.combat_avatar.PlayerCombatAvatar._finiComponents type=<class 'function'> val=<function _finiComponents at 0x00000259F18F9430>
ATTR gclient.gameplay.logic_base.entities.combat_avatar.PlayerCombatAvatar._hasComponents type=<class 'method'> val=<bound method _hasComponents of <class 'gclient.gameplay.logic_base.entities.combat_avatar.PlayerCombatAvatar'>>
ATTR gclient.gameplay.logic_base.entities.combat_avatar.PlayerCombatAvatar._initComponents type=<class 'function'> val=<function _initComponents at 0x00000259F18F9220>
ATTR gclient.gameplay.logic_base.entities.combat_avatar.PlayerCombatAvatar._on_refresh_global_movement_speed type=<class 'function'> val=<function PlayerCombatAvatarMember._on_refresh_global_movement_speed at 0x00000259DFCFDF30>
ATTR gclient.gameplay.logic_base.entities.combat_avatar.PlayerCombatAvatar._on_refresh_movement_speed type=<class 'function'> val=<function PlayerCombatAvatarMember._on_refresh_movement_speed at 0x00000259DFCFDDD0>
ATTR gclient.gameplay.logic_base.entities.combat_avatar.PlayerCombatAvatar._on_set_has_client type=<class 'function'> val=<function CombatAvatarMember._on_set_has_client at 0x00000259DF67D7A0>
ATTR gclient.gameplay.logic_base.entities.combat_avatar.PlayerCombatAvatar._on_set_para_lose_client type=<class 'function'> val=<function ParaAvatarMemberBase._on_set_para_lose_client at 0x00000259DDB44250>
ATTR gclient.gameplay.logic_base.entities.combat_avatar.PlayerCombatAvatar._postComponents type=<class 'function'> val=<function _postComponents at 0x00000259F18F92D0>
ATTR gclient.gameplay.logic_base.entities.combat_avatar.PlayerCombatAvatar._tickComponents type=<class 'function'> val=<function _tickComponents at 0x00000259F18F9380>
ATTR gclient.gameplay.logic_base.entities.combat_avatar.PlayerCombatAvatar.client_armor type=<class 'property'> val=<property object at 0x00000259CFFC7420>
ATTR gclient.gameplay.logic_base.entities.combat_avatar.PlayerCombatAvatar.entity_method type=<class 'function'> val=<function ClientEntity.entity_method at 0x00000259F5276DA0>
ATTR gclient.gameplay.logic_base.entities.combat_avatar.PlayerCombatAvatar.in_same_house_with_player type=<class 'property'> val=<property object at 0x00000259DFCE21B0>
ATTR gclient.gameplay.logic_base.entities.combat_avatar.PlayerCombatAvatar.init_from_dict type=<class 'function'> val=<function EntityMetaClass.replaceInitFromDict.<locals>.init_from_dict at 0x00000259DEFF2350>
ATTR gclient.gameplay.logic_base.entities.combat_avatar.PlayerCombatAvatar.is_fps_avatar type=<class 'bool'> val=True
ATTR gclient.gameplay.logic_base.entities.combat_avatar.PlayerCombatAvatar.is_replay_avatar type=<class 'bool'> val=False
ATTR gclient.gameplay.logic_base.entities.combat_avatar.PlayerCombatAvatar.missile_entity type=<class 'property'> val=<property object at 0x00000259DF6C5B70>
ATTR gclient.gameplay.logic_base.entities.combat_avatar.PlayerCombatAvatar.onEntityClassRegistered type=<class 'method'> val=<bound method ClientEntity.onEntityClassRegistered of <class 'gclient.gameplay.logic_base.entities.combat_avatar.PlayerCombatAvatar'>>
ATTR gclient.gameplay.logic_base.entities.combat_avatar.PlayerCombatAvatar.on_ent_out_sight type=<class 'function'> val=<function PlayerCombatAvatar.on_ent_out_sight at 0x00000259DEFF1D20>
ATTR gclient.gameplay.logic_base.entities.combat_avatar.PlayerCombatAvatar.on_enter_space type=<class 'function'> val=<function PlayerCombatAvatarMember.on_enter_space at 0x00000259DFC6C5C0>
ATTR gclient.gameplay.logic_base.entities.combat_avatar.PlayerCombatAvatar.on_set_space_center type=<class 'function'> val=<function ClientAreaEntity.on_set_space_center at 0x00000259C73D41A0>
ATTR gclient.gameplay.logic_base.entities.combat_avatar.PlayerCombatAvatar.place_entity type=<class 'property'> val=<property object at 0x00000259DFCBD300>
ATTR gclient.gameplay.logic_base.entities.combat_avatar.PlayerCombatAvatar.recon_drone_mark_ent_ids type=<class 'gshare.decorators.cached_property'> val=<gshare.decorators.cached_property object at 0x00000259DEF7F350>
ATTR gclient.gameplay.logic_base.entities.combat_avatar.PlayerCombatAvatar.thruster_pack_talent_data type=<class 'property'> val=<property object at 0x00000259CFE09850>
ATTR gclient.gameplay.logic_base.entities.combat_avatar.PlayerCombatAvatar.thruster_pack_talent_id type=<class 'property'> val=<property object at 0x00000259CFE09620>
ATTR gclient.gameplay.logic_base.entities.combat_avatar.PlayerCombatAvatar.thruster_talent_params type=<class 'property'> val=<property object at 0x00000259CFE09A30>
ATTR gclient.gameplay.logic_base.entities.combat_avatar.PlayerCombatAvatar.thruster_talent_proto type=<class 'property'> val=<property object at 0x00000259CFE098A0>
ATTR gclient.gameplay.logic_base.entities.combat_avatar.PlayerCombatAvatar.try_enter_ads type=<class 'property'> val=<property object at 0x00000259DFCBDB20>
ATTR gclient.gameplay.logic_base.entities.combat_avatar.PlayerCombatAvatar.watch_entity type=<class 'property'> val=<property object at 0x00000259DF681080>
ATTR gclient.gameplay.logic_base.entities.combat_avatar.PlayerCombatAvatar.weapon3p_missile_entity type=<class 'property'> val=<property object at 0x00000259DF6C5BC0>
MODULE_SCAN [('asiocore_64', 'entities', "<class 'builtin_function_or_method'>", '<built-in function entities>'), ('common', 'EntityManager', "<class 'module'>", "<module 'common.EntityManager' (C:\\Program Files (x86)\\bloodstrike\\Package\\Script\\Python/engine/common/EntityManager.py)>"), ('gshare', 'game_logic', "<class 'module'>", "<module 'gshare.game_logic' (C:\\Program Files (x86)\\bloodstrike\\Package\\Script\\Python/gshare/game_logic/__init__.py)>"), ('gclient.framework', 'entities', "<class 'module'>", "<module 'gclient.framework.entities' (C:\\Program Files (x86)\\bloodstrike\\Package\\Script\\Python/gclient/framework/entities/__init__.py)>"), ('common.EntityManager', 'EntityManager', "<class 'type'>", "<class 'common.EntityManager.EntityManager'>"), ('client.AsioGateClient', 'EntityManager', "<class 'type'>", "<class 'common.EntityManager.EntityManager'>"), ('gclient.data', 'game_logic_lockdown_data', "<class 'module'>", "<module 'gclient.data.game_logic_lockdown_data' (C:\\Program Files (x86)\\bloodstrike\\Package\\Script\\Python/gclient/data/game_logic_lockdown_data.py)>"), ('gclient.data', 'game_logic_moba_titan_2_transform_data', "<class 'module'>", "<module 'gclient.data.game_logic_moba_titan_2_transform_data' (C:\\Program Files (x86)\\bloodstrike\\Package\\Script\\Python/gclient/data/game_logic_moba_titan_2_transform_data.py)>"), ('gclient.data', 'game_logic_data', "<class 'module'>", "<module 'gclient.data.game_logic_data' (C:\\Program Files (x86)\\bloodstrike\\Package\\Script\\Python/gclient/data/game_logic_data.py)>"), ('gclient.data', 'game_logic_iterate_data', "<class 'module'>", "<module 'gclient.data.game_logic_iterate_data' (C:\\Program Files (x86)\\bloodstrike\\Package\\Script\\Python/gclient/data/game_logic_iterate_data.py)>"), ('gclient.data', 'game_logic_block_strike_data', "<class 'module'>", "<module 'gclient.data.game_logic_block_strike_data' (C:\\Program Files (x86)\\bloodstrike\\Package\\Script\\Python/gclient/data/game_logic_block_strike_data.py)>"), ('gclient.data', 'game_logic_moba_titan_2_config_data', "<class 'module'>", "<module 'gclient.data.game_logic_moba_titan_2_config_data' (C:\\Program Files (x86)\\bloodstrike\\Package\\Script\\Python/gclient/data/game_logic_moba_titan_2_config_data.py)>"), ('gclient.data', 'game_logic_football_data', "<class 'module'>", "<module 'gclient.data.game_logic_football_data' (C:\\Program Files (x86)\\bloodstrike\\Package\\Script\\Python/gclient/data/game_logic_football_data.py)>"), ('gclient.data', 'game_logic_armsrace_rebirth_data', "<class 'module'>", "<module 'gclient.data.game_logic_armsrace_rebirth_data' (C:\\Program Files (x86)\\bloodstrike\\Package\\Script\\Python/gclient/data/game_logic_armsrace_rebirth_data.py)>"), ('gclient.data', 'game_logic_hardpoint_data', "<class 'module'>", "<module 'gclient.data.game_logic_hardpoint_data' (C:\\Program Files (x86)\\bloodstrike\\Package\\Script\\Python/gclient/data/game_logic_hardpoint_data.py)>"), ('gclient.data', 'game_logic_teamdeathmatch_data', "<class 'module'>", "<module 'gclient.data.game_logic_teamdeathmatch_data' (C:\\Program Files (x86)\\bloodstrike\\Package\\Script\\Python/gclient/data/game_logic_teamdeathmatch_data.py)>"), ('gclient.data', 'game_logic_armsrace_data', "<class 'module'>", "<module 'gclient.data.game_logic_armsrace_data' (C:\\Program Files (x86)\\bloodstrike\\Package\\Script\\Python/gclient/data/game_logic_armsrace_data.py)>"), ('gclient.data', 'game_logic_armsrace_gun_data', "<class 'module'>", "<module 'gclient.data.game_logic_armsrace_gun_data' (C:\\Program Files (x86)\\bloodstrike\\Package\\Script\\Python/gclient/data/game_logic_armsrace_gun_data.py)>"), ('gclient.data', 'game_logic_squad_fight_data', "<class 'module'>", "<module 'gclient.data.game_logic_squad_fight_data' (C:\\Program Files (x86)\\bloodstrike\\Package\\Script\\Python/gclient/data/game_logic_squad_fight_data.py)>"), ('gclient.data', 'game_logic_squad_fight_iterate_data', "<class 'module'>", "<module 'gclient.data.game_logic_squad_fight_iterate_data' (C:\\Program Files (x86)\\bloodstrike\\Package\\Script\\Python/gclient/data/game_logic_squad_fight_iterate_data.py)>"), ('gclient.data', 'game_logic_blasting_data', "<class 'module'>", "<module 'gclient.data.game_logic_blasting_data' (C:\\Program Files (x86)\\bloodstrike\\Package\\Script\\Python/gclient/data/game_logic_blasting_data.py)>"), ('gclient.data', 'game_logic_hardpoint_stage_data', "<class 'module'>", "<module 'gclient.data.game_logic_hardpoint_stage_data' (C:\\Program Files (x86)\\bloodstrike\\Package\\Script\\Python/gclient/data/game_logic_hardpoint_stage_data.py)>"), ('gclient.data', 'game_logic_hardpoint_rebirth_data', "<class 'module'>", "<module 'gclient.data.game_logic_hardpoint_rebirth_data' (C:\\Program Files (x86)\\bloodstrike\\Package\\Script\\Python/gclient/data/game_logic_hardpoint_rebirth_data.py)>"), ('gclient.data', 'game_logic_lockdown_stage_data', "<class 'module'>", "<module 'gclient.data.game_logic_lockdown_stage_data' (C:\\Program Files (x86)\\bloodstrike\\Package\\Script\\Python/gclient/data/game_logic_lockdown_stage_data.py)>"), ('common.Entity', 'EntityManager', "<class 'type'>", "<class 'common.EntityManager.EntityManager'>"), ('gclient.gamesystem', 'entities', "<class 'module'>", "<module 'gclient.gamesystem.entities' (C:\\Program Files (x86)\\bloodstrike\\Package\\Script\\Python/gclient/gamesystem/entities/__init__.py)>"), ('gclient.data_lang.data_en', 'game_logic_lockdown_data', "<class 'module'>", "<module 'gclient.data_lang.data_en.game_logic_lockdown_data' (C:\\Program Files (x86)\\bloodstrike\\Package\\Script\\Python/gclient/data_lang/data_en/game_logic_lockdown_data.py)>"), ('gclient.data_lang.data_en', 'game_logic_moba_titan_2_transform_data', "<class 'module'>", "<module 'gclient.data_lang.data_en.game_logic_moba_titan_2_transform_data' (C:\\Program Files (x86)\\bloodstrike\\Package\\Script\\Python/gclient/data_lang/data_en/game_logic_moba_titan..."), ('gclient.entitylist', 'ENTITIES', "<class 'dict'>", "{'framework.entities.account': ('Account',), 'framework.entities.avatar': ('Avatar', 'PlayerAvatar'), 'framework.entities.space': ('Space',), 'framework.entities.camera': ('ReplayD..."), ('gclient.entitylist', 'GAME_LOGIC_ENTITIES', "<class 'dict'>", "{'Base': {'gameplay.game_logic_base': ('GameLogicBase', 'ReplayGameLogicBase', 'ReplayRoomGameLogicBase'), 'gameplay.logic_base.entities.combat_avatar': ('CombatAvatar', 'PlayerCom..."), ('gclient.entitylist', 'HAS_REGISTER_ENTITIES', "<class 'set'>", "{'Base', 'ShootingRange'}"), ('gclient.framework.entities.avatarmembers.cimp_space', 'IGNORE_AOI_ENTITIES', "<class 'set'>", "{'Avatar'}"), ('gclient.gamesystem.entities.avatarmembers.cimp_combat', 'EntityManager', "<class 'type'>", "<class 'common.EntityManager.EntityManager'>"), ('gclient.gamesystem.entities.avatarmembers.cimp_replay', 'EntityManager', "<class 'type'>", "<class 'common.EntityManager.EntityManager'>"), ('gshare.game_logic', 'igame_logic_leisure_base', "<class 'module'>", "<module 'gshare.game_logic.igame_logic_leisure_base' (C:\\Program Files (x86)\\bloodstrike\\Package\\Script\\Python/gshare/game_logic/igame_logic_leisure_base.py)>"), ('gshare.game_logic', 'igame_logic_contract_comp', "<class 'module'>", "<module 'gshare.game_logic.igame_logic_contract_comp' (C:\\Program Files (x86)\\bloodstrike\\Package\\Script\\Python/gshare/game_logic/igame_logic_contract_comp.py)>"), ('gshare.game_logic', 'igame_logic_parachute_comp', "<class 'module'>", "<module 'gshare.game_logic.igame_logic_parachute_comp' (C:\\Program Files (x86)\\bloodstrike\\Package\\Script\\Python/gshare/game_logic/igame_logic_parachute_comp.py)>"), ('gshare.game_logic', 'igame_logic_big_head', "<class 'module'>", "<module 'gshare.game_logic.igame_logic_big_head' (C:\\Program Files (x86)\\bloodstrike\\Package\\Script\\Python/gshare/game_logic/igame_logic_big_head.py)>"), ('gshare.game_logic', 'igame_logic_base', "<class 'module'>", "<module 'gshare.game_logic.igame_logic_base' (C...
END
BEGIN
OBJ common.EntityManager type=<class 'module'> val=<module 'common.EntityManager' (C:\Program Files (x86)\bloodstrike\Package\Script\Python/engine/common/EntityManager.py)>
DIR common.EntityManager ['COMPONENT', 'EntityManager', 'LogManager']
ATTR common.EntityManager.EntityManager type=<class 'type'> val=<class 'common.EntityManager.EntityManager'>
ATTR common.EntityManager.LogManager type=<class 'type'> val=<class 'mobilelog.LogManager.LogManager'>
OBJ common.EntityManager.EntityManager type=<class 'type'> val=<class 'common.EntityManager.EntityManager'>
DIR common.EntityManager.EntityManager ['_entities', '_ghosts', '_logger', '_refresh_entities', 'addentity', 'delentity', 'getentity', 'hasentity']
ATTR common.EntityManager.EntityManager._entities type=<class 'dict'> val={'AjDCIrilGhEBXtfh': <PlayerAvatar(AjDCIrilGhEBXtfh)>, 'anHc8gdJAQSVJxLV': <Space(anHc8gdJAQSVJxLV)>, 'anHdbwdJAQSVJzJt': <CombatTeamEntity_ShootingRange(anHdbwdJAQSVJzJt)>, 'anHdbwdJAQSVJzJa': <PlayerCombatAvatarShootingRange(anHdbwdJAQSVJzJa)>, 'anHc8gdJAQSVJxLW': <GameLogicShootingRange(anHc8gdJAQSVJxLW)>, 'anHc8gdJAQSVJxLw': <RobotCombatAvatarShootingRange(anHc8gdJAQSVJxLw)>, 'anHdbwdJAQSVJzJo': <CombatItemEntity(anHdbwdJAQSVJzJo)>, 'anHdbwdJAQSVJzJk': <CombatItemEntity(anHdbwdJAQSVJzJk)>, 'anHdbwdJAQSVJzJr': <CombatItemEntity(anHdbwdJAQSVJzJr)>, 'anHc8gdJAQSVJxLs': <RobotCombatAvatarShootingRange(anHc8gdJAQSVJxLs)>, 'anHdbwdJAQSVJzJp': <CombatItemEntity(anHdbwdJAQSVJzJp)>, 'anHc8gdJAQSV...
ATTR common.EntityManager.EntityManager._refresh_entities type=<class 'set'> val=set()
ATTR common.EntityManager.EntityManager.addentity type=<class 'function'> val=<function EntityManager.addentity at 0x000001702B3CDF30>
ATTR common.EntityManager.EntityManager.delentity type=<class 'function'> val=<function EntityManager.delentity at 0x000001702B3CC510>
ATTR common.EntityManager.EntityManager.getentity type=<class 'function'> val=<function EntityManager.getentity at 0x000001702865A400>
ATTR common.EntityManager.EntityManager.hasentity type=<class 'function'> val=<function EntityManager.hasentity at 0x000001702865A350>
OBJ common.Entity type=<class 'module'> val=<module 'common.Entity' (C:\Program Files (x86)\bloodstrike\Package\Script\Python/engine/common/Entity.py)>
DIR common.Entity ['ComponentHost', 'Entity', 'EntityManager', 'EntityMetaClass', 'IdManager', 'LogManager', 'NonexistentSwallower', 'PropertyMetaClass', 'Timer', 'asiocore', 'copy_rpc_decorator', 'py3compat', 'sys']
ATTR common.Entity.ComponentHost type=<class 'function'> val=<function ComponentHost at 0x0000017028659590>
ATTR common.Entity.Entity type=<class 'common.Entity.EntityMetaClass'> val=<class 'common.Entity.Entity'>
ATTR common.Entity.EntityManager type=<class 'type'> val=<class 'common.EntityManager.EntityManager'>
ATTR common.Entity.EntityMetaClass type=<class 'type'> val=<class 'common.Entity.EntityMetaClass'>
ATTR common.Entity.IdManager type=<class 'type'> val=<class 'common.IdManager.IdManager'>
ATTR common.Entity.LogManager type=<class 'type'> val=<class 'mobilelog.LogManager.LogManager'>
ATTR common.Entity.NonexistentSwallower type=<class 'type'> val=<class 'common.mobilecommon.NonexistentSwallower'>
OBJ common.Entity.Entity type=<class 'common.Entity.EntityMetaClass'> val=<class 'common.Entity.Entity'>
DIR common.Entity.Entity ['_addComponent', '_callComponents', '_delComponent', '_finiComponents', '_hasComponents', '_initComponents', '_on_timer', '_postComponents', '_tickComponents', 'add_repeat_timer', 'add_timer', 'area', 'cancel_timer', 'deactive', 'destroy', 'destroyObject', 'get_gtick', 'init_from_dict', 'is_deactived', 'is_destroyed', 'logger', 'onEntityClassRegistered', 'pre_reload_script', 'set_tick', 'setdefault', 'tick']
ATTR common.Entity.Entity._addComponent type=<class 'method'> val=<bound method _addComponent of <class 'common.Entity.Entity'>>
ATTR common.Entity.Entity._callComponents type=<class 'function'> val=<function _callComponents at 0x0000017028659170>
ATTR common.Entity.Entity._delComponent type=<class 'method'> val=<bound method _delComponent of <class 'common.Entity.Entity'>>
ATTR common.Entity.Entity._finiComponents type=<class 'function'> val=<function _finiComponents at 0x0000017028659430>
ATTR common.Entity.Entity._hasComponents type=<class 'method'> val=<bound method _hasComponents of <class 'common.Entity.Entity'>>
ATTR common.Entity.Entity._initComponents type=<class 'function'> val=<function _initComponents at 0x0000017028659220>
ATTR common.Entity.Entity._postComponents type=<class 'function'> val=<function _postComponents at 0x00000170286592D0>
ATTR common.Entity.Entity._tickComponents type=<class 'function'> val=<function _tickComponents at 0x0000017028659380>
ATTR common.Entity.Entity.init_from_dict type=<class 'function'> val=<function EntityMetaClass.replaceInitFromDict.<locals>.init_from_dict at 0x000001702E7722A0>
ATTR common.Entity.Entity.onEntityClassRegistered type=<class 'method'> val=<bound method Entity.onEntityClassRegistered of <class 'common.Entity.Entity'>>
OBJ common.Entity.EntityManager type=<class 'type'> val=<class 'common.EntityManager.EntityManager'>
DIR common.Entity.EntityManager ['_entities', '_ghosts', '_logger', '_refresh_entities', 'addentity', 'delentity', 'getentity', 'hasentity']
ATTR common.Entity.EntityManager._entities type=<class 'dict'> val={'AjDCIrilGhEBXtfh': <PlayerAvatar(AjDCIrilGhEBXtfh)>, 'anHc8gdJAQSVJxLV': <Space(anHc8gdJAQSVJxLV)>, 'anHdbwdJAQSVJzJt': <CombatTeamEntity_ShootingRange(anHdbwdJAQSVJzJt)>, 'anHdbwdJAQSVJzJa': <PlayerCombatAvatarShootingRange(anHdbwdJAQSVJzJa)>, 'anHc8gdJAQSVJxLW': <GameLogicShootingRange(anHc8gdJAQSVJxLW)>, 'anHc8gdJAQSVJxLw': <RobotCombatAvatarShootingRange(anHc8gdJAQSVJxLw)>, 'anHdbwdJAQSVJzJo': <CombatItemEntity(anHdbwdJAQSVJzJo)>, 'anHdbwdJAQSVJzJk': <CombatItemEntity(anHdbwdJAQSVJzJk)>, 'anHdbwdJAQSVJzJr': <CombatItemEntity(anHdbwdJAQSVJzJr)>, 'anHc8gdJAQSVJxLs': <RobotCombatAvatarShootingRange(anHc8gdJAQSVJxLs)>, 'anHdbwdJAQSVJzJp': <CombatItemEntity(anHdbwdJAQSVJzJp)>, 'anHc8gdJAQSV...
ATTR common.Entity.EntityManager._refresh_entities type=<class 'set'> val=set()
ATTR common.Entity.EntityManager.addentity type=<class 'function'> val=<function EntityManager.addentity at 0x000001702B3CDF30>
ATTR common.Entity.EntityManager.delentity type=<class 'function'> val=<function EntityManager.delentity at 0x000001702B3CC510>
ATTR common.Entity.EntityManager.getentity type=<class 'function'> val=<function EntityManager.getentity at 0x000001702865A400>
ATTR common.Entity.EntityManager.hasentity type=<class 'function'> val=<function EntityManager.hasentity at 0x000001702865A350>
OBJ common.EntityFactory type=<class 'module'> val=<module 'common.EntityFactory' (C:\Program Files (x86)\bloodstrike\Package\Script\Python/engine/common/EntityFactory.py)>
DIR common.EntityFactory ['EntityFactory', 'LogManager', 'PRESET_RPC_INDEXES', 'inspect', 'is_exposed_rpc', 'py3compat', 'register_rpc']
ATTR common.EntityFactory.EntityFactory type=<class 'type'> val=<class 'common.EntityFactory.EntityFactory'>
ATTR common.EntityFactory.LogManager type=<class 'type'> val=<class 'mobilelog.LogManager.LogManager'>
OBJ common.EntityFactory.EntityFactory type=<class 'type'> val=<class 'common.EntityFactory.EntityFactory'>
DIR common.EntityFactory.EntityFactory ['_instance', 'create_entity', 'get_entity_class', 'instance', 'register_entity', 'reregister_rpc']
ATTR common.EntityFactory.EntityFactory.create_entity type=<class 'function'> val=<function EntityFactory.create_entity at 0x0000017028658E00>
ATTR common.EntityFactory.EntityFactory.get_entity_class type=<class 'function'> val=<function EntityFactory.get_entity_class at 0x0000017028658D50>
ATTR common.EntityFactory.EntityFactory.register_entity type=<class 'function'> val=<function EntityFactory.register_entity at 0x0000017028658CA0>
OBJ client.ClientEntity type=<class 'module'> val=<module 'client.ClientEntity' (C:\Program Files (x86)\bloodstrike\Package\Script\Python/engine/client/ClientEntity.py)>
DIR client.ClientEntity ['AsioGateClient', 'AvatarEntity', 'BinData', 'CLIENT_STUB', 'ClientAreaEntity', 'ClientEntity', 'CustomMapType', 'Entity', 'EntityID', 'Float', 'INDEX2RPC', 'Int', 'List', 'PlayerEntity', 'Property', 'Str', 'asiocore', 'get_props_desc', 'is_rpc_method', 'regist_rpc_methods', 'rpc_call', 'rpc_method']
ATTR client.ClientEntity.AsioGateClient type=<class 'type'> val=<class 'client.AsioGateClient.AsioGateClient'>
ATTR client.ClientEntity.AvatarEntity type=<class 'common.Entity.EntityMetaClass'> val=<class 'client.ClientEntity.AvatarEntity'>
ATTR client.ClientEntity.ClientAreaEntity type=<class 'common.Entity.EntityMetaClass'> val=<class 'client.ClientEntity.ClientAreaEntity'>
ATTR client.ClientEntity.ClientEntity type=<class 'common.Entity.EntityMetaClass'> val=<class 'client.ClientEntity.ClientEntity'>
ATTR client.ClientEntity.CustomMapType type=<class 'common.classutils.CustomMapTypeMetaClass'> val=<class 'common.classutils.CustomMapType'>
ATTR client.ClientEntity.Entity type=<class 'common.Entity.EntityMetaClass'> val=<class 'common.Entity.Entity'>
ATTR client.ClientEntity.EntityID type=<class 'type'> val=<class 'entityid'>
ATTR client.ClientEntity.PlayerEntity type=<class 'common.Entity.EntityMetaClass'> val=<class 'client.ClientEntity.PlayerEntity'>
ATTR client.ClientEntity.rpc_call type=<class 'function'> val=<function rpc_call at 0x0000017028658720>
OBJ client.ClientEntity.ClientEntity type=<class 'common.Entity.EntityMetaClass'> val=<class 'client.ClientEntity.ClientEntity'>
DIR client.ClientEntity.ClientEntity ['_addComponent', '_callComponents', '_delComponent', '_finiComponents', '_hasComponents', '_initComponents', '_on_timer', '_orded_dispatch_rpc', '_postComponents', '_tickComponents', 'add_repeat_timer', 'add_timer', 'area', 'cancel_timer', 'deactive', 'destroy', 'destroyObject', 'entity_method', 'get_gtick', 'init_from_dict', 'is_deactived', 'is_destroyed', 'logger', 'onEntityClassRegistered', 'on_lose_server', 'on_setattr', 'pre_reload_script', 'set_server', 'set_tick', 'setdefault', 'tick']
ATTR client.ClientEntity.ClientEntity._addComponent type=<class 'method'> val=<bound method _addComponent of <class 'client.ClientEntity.ClientEntity'>>
ATTR client.ClientEntity.ClientEntity._callComponents type=<class 'function'> val=<function _callComponents at 0x0000017028659170>
ATTR client.ClientEntity.ClientEntity._delComponent type=<class 'method'> val=<bound method _delComponent of <class 'client.ClientEntity.ClientEntity'>>
ATTR client.ClientEntity.ClientEntity._finiComponents type=<class 'function'> val=<function _finiComponents at 0x0000017028659430>
ATTR client.ClientEntity.ClientEntity._hasComponents type=<class 'method'> val=<bound method _hasComponents of <class 'client.ClientEntity.ClientEntity'>>
ATTR client.ClientEntity.ClientEntity._initComponents type=<class 'function'> val=<function _initComponents at 0x0000017028659220>
ATTR client.ClientEntity.ClientEntity._postComponents type=<class 'function'> val=<function _postComponents at 0x00000170286592D0>
ATTR client.ClientEntity.ClientEntity._tickComponents type=<class 'function'> val=<function _tickComponents at 0x0000017028659380>
ATTR client.ClientEntity.ClientEntity.entity_method type=<class 'function'> val=<function ClientEntity.entity_method at 0x000001702E912DA0>
ATTR client.ClientEntity.ClientEntity.init_from_dict type=<class 'function'> val=<function EntityMetaClass.replaceInitFromDict.<locals>.init_from_dict at 0x000001702E913060>
ATTR client.ClientEntity.ClientEntity.onEntityClassRegistered type=<class 'method'> val=<bound method ClientEntity.onEntityClassRegistered of <class 'client.ClientEntity.ClientEntity'>>
OBJ client.ClientEntity.PlayerEntity type=<class 'common.Entity.EntityMetaClass'> val=<class 'client.ClientEntity.PlayerEntity'>
DIR client.ClientEntity.PlayerEntity ['_addComponent', '_callComponents', '_delComponent', '_finiComponents', '_hasComponents', '_initComponents', '_on_timer', '_orded_dispatch_rpc', '_postComponents', '_tickComponents', 'add_repeat_timer', 'add_timer', 'area', 'become_player', 'cancel_timer', 'deactive', 'destroy', 'destroyObject', 'entity_method', 'get_gtick', 'init_from_dict', 'is_deactived', 'is_destroyed', 'logger', 'onEntityClassRegistered', 'on_be_relayed', 'on_become_player', 'on_lose_server', 'on_relay_to', 'on_setattr', 'pre_reload_script', 'set_server', 'set_tick', 'setdefault', 'tick', 'update_reconnectkey']
ATTR client.ClientEntity.PlayerEntity._addComponent type=<class 'method'> val=<bound method _addComponent of <class 'client.ClientEntity.PlayerEntity'>>
ATTR client.ClientEntity.PlayerEntity._callComponents type=<class 'function'> val=<function _callComponents at 0x0000017028659170>
ATTR client.ClientEntity.PlayerEntity._delComponent type=<class 'method'> val=<bound method _delComponent of <class 'client.ClientEntity.PlayerEntity'>>
ATTR client.ClientEntity.PlayerEntity._finiComponents type=<class 'function'> val=<function _finiComponents at 0x0000017028659430>
ATTR client.ClientEntity.PlayerEntity._hasComponents type=<class 'method'> val=<bound method _hasComponents of <class 'client.ClientEntity.PlayerEntity'>>
ATTR client.ClientEntity.PlayerEntity._initComponents type=<class 'function'> val=<function _initComponents at 0x0000017028659220>
ATTR client.ClientEntity.PlayerEntity._postComponents type=<class 'function'> val=<function _postComponents at 0x00000170286592D0>
ATTR client.ClientEntity.PlayerEntity._tickComponents type=<class 'function'> val=<function _tickComponents at 0x0000017028659380>
ATTR client.ClientEntity.PlayerEntity.become_player type=<class 'function'> val=<function PlayerEntity.become_player at 0x000001702E81C510>
ATTR client.ClientEntity.PlayerEntity.entity_method type=<class 'function'> val=<function ClientEntity.entity_method at 0x000001702E912DA0>
ATTR client.ClientEntity.PlayerEntity.init_from_dict type=<class 'function'> val=<function EntityMetaClass.replaceInitFromDict.<locals>.init_from_dict at 0x000001702E81C880>
ATTR client.ClientEntity.PlayerEntity.onEntityClassRegistered type=<class 'method'> val=<bound method ClientEntity.onEntityClassRegistered of <class 'client.ClientEntity.PlayerEntity'>>
ATTR client.ClientEntity.PlayerEntity.on_become_player type=<class 'function'> val=<function PlayerEntity.on_become_player at 0x000001702E81C460>
OBJ client.ClientEntity.AvatarEntity type=<class 'common.Entity.EntityMetaClass'> val=<class 'client.ClientEntity.AvatarEntity'>
DIR client.ClientEntity.AvatarEntity ['Space', '_addComponent', '_callComponents', '_delComponent', '_finiComponents', '_hasComponents', '_initComponents', '_on_timer', '_orded_dispatch_rpc', '_postComponents', '_prepare_spectate', '_tickComponents', 'add_repeat_timer', 'add_timer', 'area', 'become_player', 'cancel_timer', 'deactive', 'destroy', 'destroyObject', 'dir', 'enter_world', 'entity_method', 'get_gtick', 'init_from_dict', 'is_deactived', 'is_destroyed', 'logger', 'onEntityClassRegistered', 'on_be_relayed', 'on_become_player', 'on_clear_space_center', 'on_del_space_data', 'on_dist_aoi_enter', 'on_ent_out_sight', 'on_enter_space', 'on_enter_world_level', 'on_leave_space', 'on_leave_world_level', 'on_lose_server', 'on_out_sight', 'on_play_spectator_finished', 'on_relay_to', 'on_set_space_center', 'on_set_space_data', 'on_setattr', 'on_spectator_leaved', 'on_speed', 'on_teleport_in', 'on_teleport_out', 'on_update_direction', 'on_update_position', 'on_update_position_and_direction', 'on_update_space_data', 'pos', 'position_uploader', 'pre_reload_script', 'set_server', 'set_tick', 'setdefault', 'space', 'speed', 'tick', 'update_reconnectkey', 'yaw']
ATTR client.ClientEntity.AvatarEntity._addComponent type=<class 'method'> val=<bound method _addComponent of <class 'client.ClientEntity.AvatarEntity'>>
ATTR client.ClientEntity.AvatarEntity._callComponents type=<class 'function'> val=<function _callComponents at 0x0000017028659170>
ATTR client.ClientEntity.AvatarEntity._delComponent type=<class 'method'> val=<bound method _delComponent of <class 'client.ClientEntity.AvatarEntity'>>
ATTR client.ClientEntity.AvatarEntity._finiComponents type=<class 'function'> val=<function _finiComponents at 0x0000017028659430>
ATTR client.ClientEntity.AvatarEntity._hasComponents type=<class 'method'> val=<bound method _hasComponents of <class 'client.ClientEntity.AvatarEntity'>>
ATTR client.ClientEntity.AvatarEntity._initComponents type=<class 'function'> val=<function _initComponents at 0x0000017028659220>
ATTR client.ClientEntity.AvatarEntity._postComponents type=<class 'function'> val=<function _postComponents at 0x00000170286592D0>
ATTR client.ClientEntity.AvatarEntity._tickComponents type=<class 'function'> val=<function _tickComponents at 0x0000017028659380>
ATTR client.ClientEntity.AvatarEntity.become_player type=<class 'function'> val=<function PlayerEntity.become_player at 0x000001702E81C510>
ATTR client.ClientEntity.AvatarEntity.enter_world type=<class 'function'> val=<function AvatarEntity.enter_world at 0x000001702E81CEB0>
ATTR client.ClientEntity.AvatarEntity.entity_method type=<class 'function'> val=<function ClientEntity.entity_method at 0x000001702E912DA0>
ATTR client.ClientEntity.AvatarEntity.init_from_dict type=<class 'function'> val=<function EntityMetaClass.replaceInitFromDict.<locals>.init_from_dict at 0x000001702E81D640>
ATTR client.ClientEntity.AvatarEntity.onEntityClassRegistered type=<class 'method'> val=<bound method ClientEntity.onEntityClassRegistered of <class 'client.ClientEntity.AvatarEntity'>>
ATTR client.ClientEntity.AvatarEntity.on_become_player type=<class 'function'> val=<function PlayerEntity.on_become_player at 0x000001702E81C460>
ATTR client.ClientEntity.AvatarEntity.on_clear_space_center type=<class 'function'> val=<function AvatarEntity.on_clear_space_center at 0x000001702E81CE00>
ATTR client.ClientEntity.AvatarEntity.on_dist_aoi_enter type=<class 'function'> val=<function AvatarEntity.on_dist_aoi_enter at 0x000001702E81CD50>
ATTR client.ClientEntity.AvatarEntity.on_ent_out_sight type=<class 'function'> val=<function AvatarEntity.on_ent_out_sight at 0x000001702E81D2D0>
ATTR client.ClientEntity.AvatarEntity.on_enter_space type=<class 'function'> val=<function AvatarEntity.on_enter_space at 0x000001702E81D170>
ATTR client.ClientEntity.AvatarEntity.on_enter_world_level type=<class 'function'> val=<function AvatarEntity.on_enter_world_level at 0x000001702E81CBF0>
ATTR client.ClientEntity.AvatarEntity.on_set_space_center type=<class 'function'> val=<function ClientAreaEntity.on_set_space_center at 0x000001702E81C1A0>
OBJ client.ClientEntity.ClientAreaEntity type=<class 'common.Entity.EntityMetaClass'> val=<class 'client.ClientEntity.ClientAreaEntity'>
DIR client.ClientEntity.ClientAreaEntity ['_addComponent', '_callComponents', '_delComponent', '_finiComponents', '_hasComponents', '_initComponents', '_on_timer', '_orded_dispatch_rpc', '_postComponents', '_tickComponents', 'add_repeat_timer', 'add_timer', 'area', 'cancel_timer', 'deactive', 'destroy', 'destroyObject', 'dir', 'entity_method', 'get_gtick', 'init_from_dict', 'is_deactived', 'is_destroyed', 'logger', 'onEntityClassRegistered', 'on_del_space_data', 'on_enter_space', 'on_leave_space', 'on_lose_server', 'on_out_sight', 'on_play_spectator_finished', 'on_set_space_center', 'on_set_space_data', 'on_setattr', 'on_speed', 'on_update_direction', 'on_update_position', 'on_update_position_and_direction', 'on_update_space_data', 'pos', 'pre_reload_script', 'set_server', 'set_tick', 'setdefault', 'space', 'speed', 'tick', 'yaw']
ATTR client.ClientEntity.ClientAreaEntity._addComponent type=<class 'method'> val=<bound method _addComponent of <class 'client.ClientEntity.ClientAreaEntity'>>
ATTR client.ClientEntity.ClientAreaEntity._callComponents type=<class 'function'> val=<function _callComponents at 0x0000017028659170>
ATTR client.ClientEntity.ClientAreaEntity._delComponent type=<class 'method'> val=<bound method _delComponent of <class 'client.ClientEntity.ClientAreaEntity'>>
ATTR client.ClientEntity.ClientAreaEntity._finiComponents type=<class 'function'> val=<function _finiComponents at 0x0000017028659430>
ATTR client.ClientEntity.ClientAreaEntity._hasComponents type=<class 'method'> val=<bound method _hasComponents of <class 'client.ClientEntity.ClientAreaEntity'>>
ATTR client.ClientEntity.ClientAreaEntity._initComponents type=<class 'function'> val=<function _initComponents at 0x0000017028659220>
ATTR client.ClientEntity.ClientAreaEntity._postComponents type=<class 'function'> val=<function _postComponents at 0x00000170286592D0>
ATTR client.ClientEntity.ClientAreaEntity._tickComponents type=<class 'function'> val=<function _tickComponents at 0x0000017028659380>
ATTR client.ClientEntity.ClientAreaEntity.entity_method type=<class 'function'> val=<function ClientEntity.entity_method at 0x000001702E912DA0>
ATTR client.ClientEntity.ClientAreaEntity.init_from_dict type=<class 'function'> val=<function EntityMetaClass.replaceInitFromDict.<locals>.init_from_dict at 0x000001702E81C300>
ATTR client.ClientEntity.ClientAreaEntity.onEntityClassRegistered type=<class 'method'> val=<bound method ClientEntity.onEntityClassRegistered of <class 'client.ClientEntity.ClientAreaEntity'>>
ATTR client.ClientEntity.ClientAreaEntity.on_enter_space type=<class 'function'> val=<function ClientAreaEntity.on_enter_space at 0x000001702E913950>
ATTR client.ClientEntity.ClientAreaEntity.on_set_space_center type=<class 'function'> val=<function ClientAreaEntity.on_set_space_center at 0x000001702E81C1A0>
OBJ gclient.gameplay.logic_base.entities.combat_avatar type=<class 'module'> val=<module 'gclient.gameplay.logic_base.entities.combat_avatar' (C:\Program Files (x86)\bloodstrike\Package\Script\Python/gclient/gameplay/logic_base/entities/combat_avatar.py)>
DIR gclient.gameplay.logic_base.entities.combat_avatar ['Bool', 'CLIENT_STUB', 'ClientAreaEntity', 'CombatAvatar', 'Components', 'Float', 'GlobalData', 'HighFrequencyProperties', 'MEngine', 'MType', 'NoPersistentTitles', 'PlayerCombatAvatar', 'Property', 'Tuple', 'cconst', 'combatavatarmembers', 'comp_beard', 'comp_climb_wall', 'comp_fly', 'comp_left_hand_special_weapon', 'comp_meow_dance', 'comp_parachute', 'comp_thruster_pack', 'consts', 'events', 'formula', 'math', 'pubsub', 'rpc_method', 'sys', 'time', 'with_tag']
ATTR gclient.gameplay.logic_base.entities.combat_avatar.ClientAreaEntity type=<class 'common.Entity.EntityMetaClass'> val=<class 'client.ClientEntity.ClientAreaEntity'>
ATTR gclient.gameplay.logic_base.entities.combat_avatar.CombatAvatar type=<class 'common.Entity.EntityMetaClass'> val=<class 'gclient.gameplay.logic_base.entities.combat_avatar.CombatAvatar'>
ATTR gclient.gameplay.logic_base.entities.combat_avatar.Components type=<class 'function'> val=<function ReplaceComponents.<locals>.Components at 0x000001703034EFB0>
ATTR gclient.gameplay.logic_base.entities.combat_avatar.NoPersistentTitles type=<class 'common.classutils.CustomListTypeMetaClass'> val=<class 'gshare.ititle.NoPersistentTitles'>
ATTR gclient.gameplay.logic_base.entities.combat_avatar.PlayerCombatAvatar type=<class 'common.Entity.EntityMetaClass'> val=<class 'gclient.gameplay.logic_base.entities.combat_avatar.PlayerCombatAvatar'>
ATTR gclient.gameplay.logic_base.entities.combat_avatar.combatavatarmembers type=<class 'module'> val=<module 'gclient.gameplay.logic_base.entities.combatavatarmembers' (C:\Program Files (x86)\bloodstrike\Package\Script\Python/gclient/gameplay/logic_base/entities/combatavatarmembers/__init__.py)>
ATTR gclient.gameplay.logic_base.entities.combat_avatar.comp_climb_wall type=<class 'module'> val=<module 'gclient.gameplay.logic_base.comps.comp_climb_wall' (C:\Program Files (x86)\bloodstrike\Package\Script\Python/gclient/gameplay/logic_base/comps/comp_climb_wall.py)>
ATTR gclient.gameplay.logic_base.entities.combat_avatar.events type=<class 'module'> val=<module 'gclient.framework.util.events' (C:\Program Files (x86)\bloodstrike\Package\Script\Python/gclient/framework/util/events.py)>
OBJ gclient.gameplay.logic_base.entities.combat_avatar.CombatAvatar type=<class 'common.Entity.EntityMetaClass'> val=<class 'gclient.gameplay.logic_base.entities.combat_avatar.CombatAvatar'>
DIR gclient.gameplay.logic_base.entities.combat_avatar.CombatAvatar ['AddAssassinateEffect', 'AddBeShootTechEffect', 'AddBuffSpell', 'AddCameraEffect', 'AddCameraEffectByBuff', 'AddClientBuff', 'AddHoldingTimer', 'AddSkeletonEffectByBuff', 'AddSnareToSnareDict', 'AddStoryTick', 'AddTechStateXray', 'AddTpsShowEntity', 'AddUavResidualBloodTip', 'AddWorldField', 'AddWrathSkillTimer', 'AdsFlashTick', 'ApplyCameraKeyframe', 'ApplyFilterMotionForEmote', 'ApplyFilterMotionForExecute', 'AttachToVehicle', 'BatchForwardSpellResult', 'BatchForwardSpellResultFull', 'BatchOnSpellResult', 'BatchOnSpellResultFull', 'BindHandToBody', 'BlastBombExplode', 'BroadcastSoundEvent', 'CacheModel', 'CacheMovingPlatformInfoForShow', 'CacheSoundID', 'CalAttrResult', 'CanDamageByMagicField', 'CanLimitFrameInvisible', 'CanRecycleCannon', 'CanShowEnemyToplogo', 'CanShowEnemyToplogoBar', 'CanShowToplogoBarWhenGetHit', 'CanTakeMaxDamage', 'CancelEmoteDetect', 'CancelGothicScan', 'CancelGrapplingHook', 'CancelHeartbeatResetTimer', 'CancelHoldTelescopeForFov', 'CancelMissileAttackIndicateTick', 'CancelRemoveCameraEffectTimer', 'CancelSamuraiSprintTick', 'ChangeCustomMaterial', 'ChangeFireWallSpellMode', 'ChangeRelayStateInfo', 'ChangeShaderGraphMaterial', 'ChangeSpellMode226', 'ChangeSpellMode227', 'ChangeSpellMode231', 'CheckAndGetSwitchDict', 'CheckBindBombReload', 'CheckCanTakeXdroidItem', 'CheckDoubleEmoteVisualEntity', 'CheckEmitterObstructValue', 'CheckGrapplingHookTargetTimer', 'CheckHeroSkinEffect', 'CheckInHouseWhenStateChange', 'CheckIsOutDoor', 'CheckPreloadExecuteThirdModel', 'CheckProne', 'CheckRefreshAdsFlash', 'CheckReset000ForMovingPlatform', 'CheckResetFilterForMovingPlatform', 'CheckThrusterPackOwnedState', 'CheckUavEnemyPosValid', 'ClearAllStoryTick', 'ClearArmorCameraEffects', 'ClearAssassinateEffect', 'ClearCloseParachuteAttachModel', 'ClearCloseParachuteEffect', 'ClearCureConnectingLine', 'ClearDirectionExplode', 'ClearElecticalFieldEffect', 'ClearFireWallPlaceEntity', 'ClearHeroSkinEffect', 'ClearHoldingTimer', 'ClearInactiveSpaceBlackHoleItemFsm', 'ClearJurenFlyAirSlashActive', 'ClearJurenFlyHookTitanTarget', 'ClearJurenFlyRuntimeState', 'ClearMegaFireWallPlaceEntity', 'ClearParanoiaEntity', 'ClearPlaceExplodeEntity', 'ClearPrePlaceEntity', 'ClearSpaceBlackHoleItemClientState', 'ClearSpaceBlackHoleItemFsm', 'ClearSpaceBlackHoleLocalCarrier', 'ClearSpaceBlackHoleSkillActive', 'ClearSpaceBlackHoleSkillActiveForTeardown', 'ClearSpaceBlackHoleSkillActiveState', 'ClearUnit', 'ClearWrathSkillTimer', 'CreateElecticalFieldEffect', 'CreateFi...
ATTR gclient.gameplay.logic_base.entities.combat_avatar.CombatAvatar.AddClientBuff type=<class 'function'> val=<function CombatAvatarMember.AddClientBuff at 0x0000017011113690>
ATTR gclient.gameplay.logic_base.entities.combat_avatar.CombatAvatar.AddSnareToSnareDict type=<class 'function'> val=<function CombatAvatarMember.AddSnareToSnareDict at 0x0000017010883A00>
ATTR gclient.gameplay.logic_base.entities.combat_avatar.CombatAvatar.AddTpsShowEntity type=<class 'function'> val=<function CombatAvatarMember.AddTpsShowEntity at 0x0000017010B37480>
ATTR gclient.gameplay.logic_base.entities.combat_avatar.CombatAvatar.BroadcastSoundEvent type=<class 'function'> val=<function CombatAvatarMember.BroadcastSoundEvent at 0x0000017010FF3B60>
ATTR gclient.gameplay.logic_base.entities.combat_avatar.CombatAvatar.ChangeFireWallSpellMode type=<class 'function'> val=<function CombatAvatarMember.ChangeFireWallSpellMode at 0x0000017010FCAE50>
ATTR gclient.gameplay.logic_base.entities.combat_avatar.CombatAvatar.CheckAndGetSwitchDict type=<class 'function'> val=<function CombatAvatarMember.CheckAndGetSwitchDict at 0x0000017011008040>
ATTR gclient.gameplay.logic_base.entities.combat_avatar.CombatAvatar.CheckDoubleEmoteVisualEntity type=<class 'function'> val=<function CombatAvatarMember.CheckDoubleEmoteVisualEntity at 0x0000017010B0B740>
ATTR gclient.gameplay.logic_base.entities.combat_avatar.CombatAvatar.ClearAllStoryTick type=<class 'function'> val=<function StoryTickComponent.ClearAllStoryTick at 0x000001702E999F30>
ATTR gclient.gameplay.logic_base.entities.combat_avatar.CombatAvatar.ClearFireWallPlaceEntity type=<class 'function'> val=<function CombatAvatarMember.ClearFireWallPlaceEntity at 0x0000017010FCB530>
ATTR gclient.gameplay.logic_base.entities.combat_avatar.CombatAvatar.ClearMegaFireWallPlaceEntity type=<class 'function'> val=<function CombatAvatarMember.ClearMegaFireWallPlaceEntity at 0x0000017010FCBB60>
ATTR gclient.gameplay.logic_base.entities.combat_avatar.CombatAvatar.ClearParanoiaEntity type=<class 'function'> val=<function CombatAvatarMember.ClearParanoiaEntity at 0x0000017010FB2400>
ATTR gclient.gameplay.logic_base.entities.combat_avatar.CombatAvatar.ClearPlaceExplodeEntity type=<class 'function'> val=<function CombatAvatarMember.ClearPlaceExplodeEntity at 0x0000017010FB2AE0>
ATTR gclient.gameplay.logic_base.entities.combat_avatar.CombatAvatar.ClearPrePlaceEntity type=<class 'function'> val=<function CombatAvatarMember.ClearPrePlaceEntity at 0x0000017010FC9DD0>
ATTR gclient.gameplay.logic_base.entities.combat_avatar.CombatAvatar.ClearSpaceBlackHoleItemClientState type=<class 'function'> val=<function CombatAvatarMember.ClearSpaceBlackHoleItemClientState at 0x000001701103BA00>
ATTR gclient.gameplay.logic_base.entities.combat_avatar.CombatAvatar.ClearSpaceBlackHoleLocalCarrier type=<class 'function'> val=<function CombatAvatarMember.ClearSpaceBlackHoleLocalCarrier at 0x000001701103B740>
ATTR gclient.gameplay.logic_base.entities.combat_avatar.CombatAvatar.CreateFireWallPlaceEntity type=<class 'function'> val=<function CombatAvatarMember.CreateFireWallPlaceEntity at 0x0000017010FCB320>
ATTR gclient.gameplay.logic_base.entities.combat_avatar.CombatAvatar.CreateMegaFireWallPlaceEntity type=<class 'function'> val=<function CombatAvatarMember.CreateMegaFireWallPlaceEntity at 0x0000017010FCBA00>
ATTR gclient.gameplay.logic_base.entities.combat_avatar.CombatAvatar.CreateParanoiaEntity type=<class 'function'> val=<function CombatAvatarMember.CreateParanoiaEntity at 0x0000017010FB2140>
ATTR gclient.gameplay.logic_base.entities.combat_avatar.CombatAvatar.CreatePrePlaceEntity type=<class 'function'> val=<function CombatAvatarMember.CreatePrePlaceEntity at 0x0000017010FC9A60>
ATTR gclient.gameplay.logic_base.entities.combat_avatar.CombatAvatar.DealScatterOffsetByTalent type=<class 'function'> val=<function CombatAvatarMember.DealScatterOffsetByTalent at 0x000001701098B740>
ATTR gclient.gameplay.logic_base.entities.combat_avatar.CombatAvatar.DoGrapplingHookAvatarFly type=<class 'function'> val=<function CombatAvatarMember.DoGrapplingHookAvatarFly at 0x000001700187AB90>
ATTR gclient.gameplay.logic_base.entities.combat_avatar.CombatAvatar.EnterKickUp type=<class 'function'> val=<function CombatAvatarMember.EnterKickUp at 0x0000017010B9B950>
ATTR gclient.gameplay.logic_base.entities.combat_avatar.CombatAvatar.EnterMeowDance type=<class 'function'> val=<function CombatAvatarMember.EnterMeowDance at 0x0000017010F35D20>
ATTR gclient.gameplay.logic_base.entities.combat_avatar.CombatAvatar.EnterTotemTransfer type=<class 'function'> val=<function CombatAvatarMember.EnterTotemTransfer at 0x0000017010FD1C70>
ATTR gclient.gameplay.logic_base.entities.combat_avatar.CombatAvatar.ExplodeSpaceBlackHoleLocalCarrier type=<class 'function'> val=<function CombatAvatarMember.ExplodeSpaceBlackHoleLocalCarrier at 0x000001701103B690>
ATTR gclient.gameplay.logic_base.entities.combat_avatar.CombatAvatar.FireTotemEndEvent type=<class 'function'> val=<function CombatAvatarMember.FireTotemEndEvent at 0x0000017010FD1BC0>
ATTR gclient.gameplay.logic_base.entities.combat_avatar.CombatAvatar.ForceDropAllWeaponForAvatar type=<class 'function'> val=<function CombatAvatarMember.ForceDropAllWeaponForAvatar at 0x0000017001A27740>
ATTR gclient.gameplay.logic_base.entities.combat_avatar.CombatAvatar.GetActiveSpaceBlackHoleEntity type=<class 'function'> val=<function CombatAvatarMember.GetActiveSpaceBlackHoleEntity at 0x000001701103BCC0>
ATTR gclient.gameplay.logic_base.entities.combat_avatar.CombatAvatar.GetEventByReplaceSound type=<class 'function'> val=<function CombatAvatarMember.GetEventByReplaceSound at 0x0000017010F68300>
ATTR gclient.gameplay.logic_base.entities.combat_avatar.CombatAvatar.GetFireWallPlacePosition type=<class 'function'> val=<function CombatAvatarMember.GetFireWallPlacePosition at 0x0000017010FCB7F0>
ATTR gclient.gameplay.logic_base.entities.combat_avatar.CombatAvatar.GetFireWallPlacePositionH type=<class 'function'> val=<function CombatAvatarMember.GetFireWallPlacePositionH at 0x0000017010FCB740>
ATTR gclient.gameplay.logic_base.entities.combat_avatar.CombatAvatar.GetFireWallPlacePositionV type=<class 'function'> val=<function CombatAvatarMember.GetFireWallPlacePositionV at 0x0000017010FCB690>
ATTR gclient.gameplay.logic_base.entities.combat_avatar.CombatAvatar.GetPrePlaceEntityPosition type=<class 'function'> val=<function CombatAvatarMember.GetPrePlaceEntityPosition at 0x0000017010FC9FE0>
ATTR gclient.gameplay.logic_base.entities.combat_avatar.CombatAvatar.GetPrePlaceEntityPosition225 type=<class 'function'> val=<function CombatAvatarMember.GetPrePlaceEntityPosition225 at 0x0000017010FCA090>
ATTR gclient.gameplay.logic_base.entities.combat_avatar.CombatAvatar.GetPrePlaceEntityPosition234 type=<class 'function'> val=<function CombatAvatarMember.GetPrePlaceEntityPosition234 at 0x0000017010FCA1F0>
ATTR gclient.gameplay.logic_base.entities.combat_avatar.CombatAvatar.GetPrePlaceEntityPosition510 type=<class 'function'> val=<function CombatAvatarMember.GetPrePlaceEntityPosition225 at 0x0000017010FCA090>
ATTR gclient.gameplay.logic_base.entities.combat_avatar.CombatAvatar.GetPrePlaceEntityPosition588 type=<class 'function'> val=<function CombatAvatarMember.GetPrePlaceEntityPosition588 at 0x0000017010FCA140>
ATTR gclient.gameplay.logic_base.entities.combat_avatar.CombatAvatar.GetRealEntityOfCurThrowWeapon type=<class 'function'> val=<function CombatAvatarMember.GetRealEntityOfCurThrowWeapon at 0x000001701097A980>
ATTR gclient.gameplay.logic_base.entities.combat_avatar.CombatAvatar.GetSpaceBlackHoleLocalCarrier type=<class 'function'> val=<function CombatAvatarMember.GetSpaceBlackHoleLocalCarrier at 0x000001701103B530>
ATTR gclient.gameplay.logic_base.entities.combat_avatar.CombatAvatar.GetSwitchValue_identity type=<class 'function'> val=<function CombatAvatarMember.GetSwitchValue_identity at 0x0000017011008930>
ATTR gclient.gameplay.logic_base.entities.combat_avatar.CombatAvatar.HasClientBuff type=<class 'function'> val=<function CombatAvatarMember.HasClientBuff at 0x0000017011113530>
ATTR gclient.gameplay.logic_base.entities.combat_avatar.CombatAvatar.HasClientBuffByKind type=<class 'function'> val=<function CombatAvatarMember.HasClientBuffByKind at 0x00000170111135E0>
ATTR gclient.gameplay.logic_base.entities.combat_avatar.CombatAvatar.HasSpaceBlackHoleLocalCarrier type=<class 'function'> val=<function CombatAvatarMember.HasSpaceBlackHoleLocalCarrier at 0x000001701103B5E0>
ATTR gclient.gameplay.logic_base.entities.combat_avatar.CombatAvatar.HasTalent type=<class 'function'> val=<function CombatAvatarMember.HasTalent at 0x000001701098B5E0>
ATTR gclient.gameplay.logic_base.entities.combat_avatar.CombatAvatar.HasTalentCode type=<class 'function'> val=<function CombatAvatarMember.HasTalentCode at 0x000001701098B690>
ATTR gclient.gameplay.logic_base.entities.combat_avatar.CombatAvatar.HouseRangeTriggerEnter type=<class 'function'> val=<function CombatAvatarMember.HouseRangeTriggerEnter at 0x0000017010FF2A30>
ATTR gclient.gameplay.logic_base.entities.combat_avatar.CombatAvatar.IndoorTriggerEnter type=<class 'function'> val=<function CombatAvatarMember.IndoorTriggerEnter at 0x0000017010FF28D0>
ATTR gclient.gameplay.logic_base.entities.combat_avatar.CombatAvatar.InitAvatarModel type=<class 'function'> val=<function CombatAvatarMember.InitAvatarModel at 0x000001701110FB60>
ATTR gclient.gameplay.logic_base.entities.combat_avatar.CombatAvatar.IsAvatar type=<class 'bool'> val=False
ATTR gclient.gameplay.logic_base.entities.combat_avatar.CombatAvatar.IsCombatAvatar type=<class 'bool'> val=True
ATTR gclient.gameplay.logic_base.entities.combat_avatar.CombatAvatar.IsCombatAvatarSniper type=<class 'bool'> val=False
ATTR gclient.gameplay.logic_base.entities.combat_avatar.CombatAvatar.IsCombatAvatarZombieXray type=<class 'bool'> val=False
ATTR gclient.gameplay.logic_base.entities.combat_avatar.CombatAvatar.IsDummyCombatAvatar type=<class 'bool'> val=False
ATTR gclient.gameplay.logic_base.entities.combat_avatar.CombatAvatar.IsEntityAttach type=<class 'bool'> val=False
ATTR gclient.gameplay.logic_base.entities.combat_avatar.CombatAvatar.IsEntityMaster type=<class 'bool'> val=False
ATTR gclient.gameplay.logic_base.entities.combat_avatar.CombatAvatar.IsFootball type=<class 'bool'> val=False
ATTR gclient.gameplay.logic_base.entities.combat_avatar.CombatAvatar.IsIceWall type=<class 'bool'> val=False
ATTR gclient.gameplay.logic_base.entities.combat_avatar.CombatAvatar.IsObserveAvatar type=<class 'bool'> val=False
ATTR gclient.gameplay.logic_base.entities.combat_avatar.CombatAvatar.IsPhyBall type=<class 'bool'> val=False
ATTR gclient.gameplay.logic_base.entities.combat_avatar.CombatAvatar.IsPlayerCombatAvatar type=<class 'bool'> val=False
ATTR gclient.gameplay.logic_base.entities.combat_avatar.CombatAvatar.IsPlayerObserveAvatar type=<class 'bool'> val=False
ATTR gclient.gameplay.logic_base.entities.combat_avatar.CombatAvatar.IsRobotCombatAvatar type=<class 'bool'> val=False
ATTR gclient.gameplay.logic_base.entities.combat_avatar.CombatAvatar.IsRobotCombatAvatarZombie type=<class 'bool'> val=False
ATTR gclient.gameplay.logic_base.entities.combat_avatar.CombatAvatar.IsSkywingParaPresentationActive type=<class 'function'> val=<function ParaAvatarMemberBase.IsSkywingParaPresentationActive at 0x00000170105873D0>
ATTR gclient.gameplay.logic_base.entities.combat_avatar.CombatAvatar.IsSoulAvatar type=<class 'bool'> val=False
ATTR gclient.gameplay.logic_base.entities.combat_avatar.CombatAvatar.IsSyncTransEntity type=<class 'bool'> val=False
ATTR gclient.gameplay.logic_base.entities.combat_avatar.CombatAvatar.IsVirtualInteractionEntity type=<class 'bool'> val=False
ATTR gclient.gameplay.logic_base.entities.combat_avatar.CombatAvatar.KillAvatar type=<class 'function'> val=<function CombatAvatarMember.KillAvatar at 0x0000017001A28720>
ATTR gclient.gameplay.logic_base.entities.combat_avatar.CombatAvatar.OnAddClientBuff type=<class 'function'> val=<function CombatAvatarMember.OnAddClientBuff at 0x00000170111138A0>
ATTR gclient.gameplay.logic_base.entities.combat_avatar.CombatAvatar.OnAddClientBuffCategory type=<class 'function'> val=<function CombatAvatarMember.OnAddClientBuffCategory at 0x0000017011113A00>
ATTR gclient.gameplay.logic_base.entities.combat_avatar.CombatAvatar.OnAddClientBuffCategoryFlash type=<class 'function'> val=<function CombatAvatarMember.OnAddClientBuffCategoryFlash at 0x0000017011113CC0>
ATTR gclient.gameplay.logic_base.entities.combat_avatar.CombatAvatar.OnAvatarDyingMove type=<class 'function'> val=<function CombatAvatarMember.OnAvatarDyingMove at 0x000001701092C0F0>
ATTR gclient.gameplay.logic_base.entities.combat_avatar.CombatAvatar.OnClientBuffTick type=<class 'function'> val=<function CombatAvatarMember.OnClientBuffTick at 0x0000017011113480>
ATTR gclient.gameplay.logic_base.entities.combat_avatar.CombatAvatar.OnEnterHouseTrigger type=<class 'function'> val=<function CombatAvatarMember.OnEnterHouseTrigger at 0x0000017010FF26C0>
ATTR gclient.gameplay.logic_base.entities.combat_avatar.CombatAvatar.OnEnterInvincible type=<class 'function'> val=<function CombatAvatarMember.OnEnterInvincible at 0x0000017010F37D70>
ATTR gclient.gameplay.logic_base.entities.combat_avatar.CombatAvatar.OnMegaFireWallPlaceEntityMove type=<class 'function'> val=<function CombatAvatarMember.OnMegaFireWallPlaceEntityMove at 0x0000017010FCBCC0>
ATTR gclient.gameplay.logic_base.entities.combat_avatar.CombatAvatar.OnOtherPlayerShootGrapplingHook type=<class 'function'> val=<function CombatAvatarMember.OnOtherPlayerShootGrapplingHook at 0x000001700187A8D0>
ATTR gclient.gameplay.logic_base.entities.combat_avatar.CombatAvatar.OnRemoveClientBuff type=<class 'function'> val=<function CombatAvatarMember.OnRemoveClientBuff at 0x0000017011113950>
ATTR gclient.gameplay.logic_base.entities.combat_avatar.CombatAvatar.OnRemoveClientBuffCategory type=<class 'function'> val=<function CombatAvatarMember.OnRemoveClientBuffCategory at 0x0000017011113AB0>
ATTR gclient.gameplay.logic_base.entities.combat_avatar.CombatAvatar.OnRemoveClientBuffCategoryFlash type=<class 'function'> val=<function CombatAvatarMember.OnRemoveClientBuffCategoryFlash at 0x0000017011113D70>
ATTR gclient.gameplay.logic_base.entities.combat_avatar.CombatAvatar.OnRotatePlaceEntity type=<class 'function'> val=<function CombatAvatarMember.OnRotatePlaceEntity at 0x0000017010FCA2A0>
ATTR gclient.gameplay.logic_base.entities.combat_avatar.CombatAvatar.OnTotemTransferMapUpdate type=<class 'function'> val=<function CombatAvatarMember.OnTotemTransferMapUpdate at 0x00000170111105C0>
ATTR gclient.gameplay.logic_base.entities.combat_avatar.CombatAvatar.PlaceExplodeEntityTick type=<class 'function'> val=<function CombatAvatarMember.PlaceExplodeEntityTick at 0x0000017010FB2B90>
ATTR gclient.gameplay.logic_base.entities.combat_avatar.CombatAvatar.PlaceFireWallEntityTick type=<class 'function'> val=<function CombatAvatarMember.PlaceFireWallEntityTick at 0x0000017010FCB5E0>
ATTR gclient.gameplay.logic_base.entities.combat_avatar.CombatAvatar.PlaceParanoiaEntityTick type=<class 'function'> val=<function CombatAvatarMember.PlaceParanoiaEntityTick at 0x0000017010FB2610>
ATTR gclient.gameplay.logic_base.entities.combat_avatar.CombatAvatar.PlayExecuteSoundEvent type=<class 'function'> val=<function CombatAvatarMember.PlayExecuteSoundEvent at 0x0000017010ADBE20>
ATTR gclient.gameplay.logic_base.entities.combat_avatar.CombatAvatar.PlayGeneralSoundEventById type=<class 'function'> val=<function CombatAvatarMember.PlayGeneralSoundEventById at 0x0000017011008250>
ATTR gclient.gameplay.logic_base.entities.combat_avatar.CombatAvatar.PlayGrapplingHookRopeModelImp_avatar type=<class 'function'> val=<function CombatAvatarMember.PlayGrapplingHookRopeModelImp_avatar at 0x000001700187ADA0>
ATTR gclient.gameplay.logic_base.entities.combat_avatar.CombatAvatar.PlayGunSoundEventById type=<class 'function'> val=<function CombatAvatarMember.PlayGunSoundEventById at 0x0000017011008460>
ATTR gclient.gameplay.logic_base.entities.combat_avatar.CombatAvatar.PlayHitSoundEvent type=<class 'function'> val=<function CombatAvatarMember.PlayHitSoundEvent at 0x0000017011008510>
ATTR gclient.gameplay.logic_base.entities.combat_avatar.CombatAvatar.PrePlaceEntityTick type=<class 'function'> val=<function CombatAvatarMember.PrePlaceEntityTick at 0x0000017010FC9F30>
ATTR gclient.gameplay.logic_base.entities.combat_avatar.CombatAvatar.RemoveAllCameraEffect type=<class 'function'> val=<function CombatAvatarMember.RemoveAllCameraEffect at 0x0000017010FCA770>
ATTR gclient.gameplay.logic_base.entities.combat_avatar.CombatAvatar.RemoveClientBuff type=<class 'function'> val=<function CombatAvatarMember.RemoveClientBuff at 0x0000017011113740>
ATTR gclient.gameplay.logic_base.entities.combat_avatar.CombatAvatar.RemoveClientBuffsByKind type=<class 'function'> val=<function CombatAvatarMember.RemoveClientBuffsByKind at 0x00000170111137F0>
ATTR gclient.gameplay.logic_base.entities.combat_avatar.CombatAvatar.RemoveSnareFromSnareDict type=<class 'function'> val=<function CombatAvatarMember.RemoveSnareFromSnareDict at 0x0000017010883AB0>
ATTR gclient.gameplay.logic_base.entities.combat_avatar.CombatAvatar.RemoveTpsShowEntity type=<class 'function'> val=<function CombatAvatarMember.RemoveTpsShowEntity at 0x0000017010B37530>
ATTR gclient.gameplay.logic_base.entities.combat_avatar.CombatAvatar.ReplayForAreaEntity type=<class 'function'> val=<function CombatAvatarMember.ReplayForAreaEntity at 0x0000017010882560>
ATTR gclient.gameplay.logic_base.entities.combat_avatar.CombatAvatar.ReplayForCombatAvatar type=<class 'function'> val=<function CombatAvatarMember.ReplayForCombatAvatar at 0x0000017010882610>
ATTR gclient.gameplay.logic_base.entities.combat_avatar.CombatAvatar.ReplaySyncClientStamp type=<class 'function'> val=<function CombatAvatarMember.ReplaySyncClientStamp at 0x0000017010881C70>
ATTR gclient.gameplay.logic_base.entities.combat_avatar.CombatAvatar.StartSpaceBlackHoleLocalCarrier type=<class 'function'> val=<function CombatAvatarMember.StartSpaceBlackHoleLocalCarrier at 0x000001701103B480>
ATTR gclient.gameplay.logic_base.entities.combat_avatar.CombatAvatar.TickCanShootPlayerForSound type=<class 'function'> val=<function CombatAvatarMember.TickCanShootPlayerForSound at 0x0000017010FF22A0>
ATTR gclient.gameplay.logic_base.entities.combat_avatar.CombatAvatar.UnLoadEventByEventKey type=<class 'function'> val=<function CombatAvatarMember.UnLoadEventByEventKey at 0x0000017010FF3C10>
ATTR gclient.gameplay.logic_base.entities.combat_avatar.CombatAvatar._ApplySkinPrePlaceEntityScale type=<class 'function'> val=<function CombatAvatarMember._ApplySkinPrePlaceEntityScale at 0x0000017010FC9E80>
ATTR gclient.gameplay.logic_base.entities.combat_avatar.CombatAvatar._CancelExecuteSoundEvent type=<class 'function'> val=<function CombatAvatarMember._CancelExecuteSoundEvent at 0x0000017010ADBD70>
ATTR gclient.gameplay.logic_base.entities.combat_avatar.CombatAvatar._CreateExplodeEntity type=<class 'function'> val=<function CombatAvatarMember._CreateExplodeEntity at 0x0000017010FB28D0>
ATTR gclient.gameplay.logic_base.entities.combat_avatar.CombatAvatar._CreateFireWallPlaceEntity type=<class 'function'> val=<function CombatAvatarMember._CreateFireWallPlaceEntity at 0x0000017010FCB3D0>
ATTR gclient.gameplay.logic_base.entities.combat_avatar.CombatAvatar._CreateParanoiaEntity type=<class 'function'> val=<function CombatAvatarMember._CreateParanoiaEntity at 0x0000017010FB2560>
ATTR gclient.gameplay.logic_base.entities.combat_avatar.CombatAvatar._CreatePrePlaceEntity type=<class 'function'> val=<function CombatAvatarMember._CreatePrePlaceEntity at 0x0000017010FC9C70>
ATTR gclient.gameplay.logic_base.entities.combat_avatar.CombatAvatar._DriveLocalParaGraphForSkywingPresentation type=<class 'function'> val=<function ParaAvatarMemberBase._DriveLocalParaGraphForSkywingPresentation at 0x00000170105878A0>
ATTR gclient.gameplay.logic_base.entities.combat_avatar.CombatAvatar._GetFireWallPlacePosition type=<class 'function'> val=<function CombatAvatarMember._GetFireWallPlacePosition at 0x0000017010FCB8A0>
ATTR gclient.gameplay.logic_base.entities.combat_avatar.CombatAvatar._GetSpaceGemBeamEffectLocalDirection type=<class 'function'> val=<function CombatAvatarMember._GetSpaceGemBeamEffectLocalDirection at 0x0000017010FB1590>
ATTR gclient.gameplay.logic_base.entities.combat_avatar.CombatAvatar._HideWeaponCaseForSkywingPresentation type=<class 'function'> val=<function ParaAvatarMemberBase._HideWeaponCaseForSkywingPresentation at 0x0000017010587950>
ATTR gclient.gameplay.logic_base.entities.combat_avatar.CombatAvatar._HideWeaponForSkywingPresentationOnAircraft type=<class 'function'> val=<function ParaAvatarMemberBase._HideWeaponForSkywingPresentationOnAircraft at 0x0000017010587A00>
ATTR gclient.gameplay.logic_base.entities.combat_avatar.CombatAvatar._OnChangeToFreeFall type=<class 'function'> val=<function ParaAvatarMemberBase._OnChangeToFreeFall at 0x0000017010587C10>
ATTR gclient.gameplay.logic_base.entities.combat_avatar.CombatAvatar._RefreshSkywingPresentationGraphSync type=<class 'function'> val=<function ParaAvatarMemberBase._RefreshSkywingPresentationGraphSync at 0x00000170105877F0>
ATTR gclient.gameplay.logic_base.entities.combat_avatar.CombatAvatar._addComponent type=<class 'method'> val=<bound method _addComponent of <class 'gclient.gameplay.logic_base.entities.combat_avatar.CombatAvatar'>>
ATTR gclient.gameplay.logic_base.entities.combat_avatar.CombatAvatar._callComponents type=<class 'function'> val=<function _callComponents at 0x0000017028659170>
ATTR gclient.gameplay.logic_base.entities.combat_avatar.CombatAvatar._delComponent type=<class 'method'> val=<bound method _delComponent of <class 'gclient.gameplay.logic_base.entities.combat_avatar.CombatAvatar'>>
ATTR gclient.gameplay.logic_base.entities.combat_avatar.CombatAvatar._finiComponents type=<class 'function'> val=<function _finiComponents at 0x0000017028659430>
ATTR gclient.gameplay.logic_base.entities.combat_avatar.CombatAvatar._hasComponents type=<class 'method'> val=<bound method _hasComponents of <class 'gclient.gameplay.logic_base.entities.combat_avatar.CombatAvatar'>>
ATTR gclient.gameplay.logic_base.entities.combat_avatar.CombatAvatar._initComponents type=<class 'function'> val=<function _initComponents at 0x0000017028659220>
ATTR gclient.gameplay.logic_base.entities.combat_avatar.CombatAvatar._on_set_has_client type=<class 'function'> val=<function CombatAvatarMember._on_set_has_client at 0x00000170108817A0>
ATTR gclient.gameplay.logic_base.entities.combat_avatar.CombatAvatar._on_set_para_lose_client type=<class 'function'> val=<function ParaAvatarMemberBase._on_set_para_lose_client at 0x000001701059C250>
ATTR gclient.gameplay.logic_base.entities.combat_avatar.CombatAvatar._postComponents type=<class 'function'> val=<function _postComponents at 0x00000170286592D0>
ATTR gclient.gameplay.logic_base.entities.combat_avatar.CombatAvatar._tickComponents type=<class 'function'> val=<function _tickComponents at 0x0000017028659380>
ATTR gclient.gameplay.logic_base.entities.combat_avatar.CombatAvatar.client_armor type=<class 'property'> val=<property object at 0x0000017001A03DD0>
ATTR gclient.gameplay.logic_base.entities.combat_avatar.CombatAvatar.entity_method type=<class 'function'> val=<function ClientEntity.entity_method at 0x000001702E912DA0>
ATTR gclient.gameplay.logic_base.entities.combat_avatar.CombatAvatar.in_same_house_with_player type=<class 'property'> val=<property object at 0x0000017010FDEC50>
ATTR gclient.gameplay.logic_base.entities.combat_avatar.CombatAvatar.init_from_dict type=<class 'function'> val=<function EntityMetaClass.replaceInitFromDict.<locals>.init_from_dict at 0x0000017010BB0D50>
ATTR gclient.gameplay.logic_base.entities.combat_avatar.CombatAvatar.is_fps_avatar type=<class 'bool'> val=False
ATTR gclient.gameplay.logic_base.entities.combat_avatar.CombatAvatar.is_replay_avatar type=<class 'bool'> val=False
ATTR gclient.gameplay.logic_base.entities.combat_avatar.CombatAvatar.missile_entity type=<class 'property'> val=<property object at 0x00000170108CA6B0>
ATTR gclient.gameplay.logic_base.entities.combat_avatar.CombatAvatar.onEntityClassRegistered type=<class 'method'> val=<bound method ClientEntity.onEntityClassRegistered of <class 'gclient.gameplay.logic_base.entities.combat_avatar.CombatAvatar'>>
ATTR gclient.gameplay.logic_base.entities.combat_avatar.CombatAvatar.on_ent_out_sight type=<class 'function'> val=<function CombatAvatar.on_ent_out_sight at 0x0000017010BB0B40>
ATTR gclient.gameplay.logic_base.entities.combat_avatar.CombatAvatar.on_enter_space type=<class 'function'> val=<function ClientAreaEntity.on_enter_space at 0x000001702E913950>
ATTR gclient.gameplay.logic_base.entities.combat_avatar.CombatAvatar.on_set_space_center type=<class 'function'> val=<function ClientAreaEntity.on_set_space_center at 0x000001702E81C1A0>
ATTR gclient.gameplay.logic_base.entities.combat_avatar.CombatAvatar.place_entity type=<class 'property'> val=<property object at 0x0000017010FB5DA0>
ATTR gclient.gameplay.logic_base.entities.combat_avatar.CombatAvatar.thruster_pack_talent_data type=<class 'property'> val=<property object at 0x0000017001846200>
ATTR gclient.gameplay.logic_base.entities.combat_avatar.CombatAvatar.thruster_pack_talent_id type=<class 'property'> val=<property object at 0x0000017001845FD0>
ATTR gclient.gameplay.logic_base.entities.combat_avatar.CombatAvatar.thruster_talent_params type=<class 'property'> val=<property object at 0x00000170018463E0>
ATTR gclient.gameplay.logic_base.entities.combat_avatar.CombatAvatar.thruster_talent_proto type=<class 'property'> val=<property object at 0x0000017001846250>
ATTR gclient.gameplay.logic_base.entities.combat_avatar.CombatAvatar.weapon3p_missile_entity type=<class 'property'> val=<property object at 0x00000170108CA700>
OBJ gclient.gameplay.logic_base.entities.combat_avatar.PlayerCombatAvatar type=<class 'common.Entity.EntityMetaClass'> val=<class 'gclient.gameplay.logic_base.entities.combat_avatar.PlayerCombatAvatar'>
DIR gclient.gameplay.logic_base.entities.combat_avatar.PlayerCombatAvatar ['ActiveAssistAimByMoveInputGate', 'ActiveAssistAimByWeapon', 'AddAssassinateEffect', 'AddAssistAimBanReason', 'AddBeShootTechEffect', 'AddBombPathEffect', 'AddBuffSpell', 'AddCameraEffect', 'AddCameraEffectByBuff', 'AddClientBuff', 'AddDelayShootReason', 'AddForceTpsReason', 'AddHallBackpackGun', 'AddHoldingTimer', 'AddNativeHotfix', 'AddSkeletonEffectByBuff', 'AddSnareToSnareDict', 'AddSoundTipsBanReason', 'AddSprintTrigger', 'AddStoryTick', 'AddStoryTickRaycastForMovingPlatform', 'AddSuperJumpChance', 'AddTechStateXray', 'AddTpsShowEntity', 'AddTrackBombLockTips', 'AddTrackTargetSearchTimer', 'AddUavResidualBloodTip', 'AddWeaponPart', 'AddWeaponPartByGunId', 'AddWorldField', 'AddWrathSkillTimer', 'AdjustAssistAim', 'AdjustBombContactEntityFadeDistance', 'AdjustBombEffectPathPitch', 'AdjustBombEffectPathSpeed', 'AdjustBombEffectPathStartPos', 'AdjustBombEffectPitch', 'AdsFlashTick', 'AfterPlayerWeaponListChange', 'AntiPenetrateDrawMovePath', 'ApplyCameraKeyframe', 'ApplyFilterMotionForEmote', 'ApplyFilterMotionForExecute', 'ApplyForceFrameForAccelToCurVehicle', 'ApplyHallBackpack', 'AttachToVehicle', 'AutoDriveVehicle', 'AutoEnterAdsState', 'AutoMarkItem', 'AutoPickupItemImpl', 'AutoPickupItemPCImpl', 'AutoPickupItemPCTimer', 'AutoSendIntervalCheckStatic', 'AutoSendIntervalOnTick', 'AutoSendIntervalSetInterval', 'AutoTryDualGunAttack', 'AutoTryGunAttack', 'BatchForwardSpellResult', 'BatchForwardSpellResultFull', 'BatchOnSpellResult', 'BatchOnSpellResultFull', 'BeGothicScan', 'BindHandToBody', 'BlastBombExplode', 'BreakDancingCureByState', 'BreakEmoteByState', 'BreakSwim', 'BroadcastDeadHiddenUI', 'BroadcastDyingHiddenUI', 'BroadcastSoundEvent', 'BuyPersonalStoreItem', 'BuyPersonalStoreTeammate', 'BuySupportItems', 'BuySupportResult', 'CacheDealSpellResultRpc', 'CacheModel', 'CacheMovingPlatformInfoForShow', 'CacheSoundID', 'CalAttrResult', 'CalcDistanceVehicle', 'CalcDistanceWalk', 'CalculateBombEffectPath', 'CalculateMagicBulletHit', 'CallClientSpectatorCamera', 'CallClientSpectatorRhs', 'CallClientSpectatorSpellResult', 'CallClientSpectators', 'CallGameLogic', 'CallServerAnyTime', 'CallServerGameLogic', 'CallServerOffline', 'CallServerOld', 'CallServerPacked', 'CameraRotateOnKnock', 'CameraRotateOnVehicle', 'CanBuyItemInBackpack', 'CanCacheEmptyItemKey', 'CanChangeSkyBox', 'CanControlDrone', 'CanDamageByMagicField', 'CanDropItemByGuid', 'CanEnableMikeForChannel', 'CanEnableVoiceForChannel', 'CanEnterStateItemusing', 'CanJoinChannel', 'CanJurenFlyAirSla...
ATTR gclient.gameplay.logic_base.entities.combat_avatar.PlayerCombatAvatar.AddClientBuff type=<class 'function'> val=<function PlayerCombatAvatarMember.AddClientBuff at 0x0000017011120040>
ATTR gclient.gameplay.logic_base.entities.combat_avatar.PlayerCombatAvatar.AddHallBackpackGun type=<class 'function'> val=<function PlayerCombatAvatarMember.AddHallBackpackGun at 0x000001701098AE50>
ATTR gclient.gameplay.logic_base.entities.combat_avatar.PlayerCombatAvatar.AddSnareToSnareDict type=<class 'function'> val=<function CombatAvatarMember.AddSnareToSnareDict at 0x0000017010883A00>
ATTR gclient.gameplay.logic_base.entities.combat_avatar.PlayerCombatAvatar.AddTpsShowEntity type=<class 'function'> val=<function CombatAvatarMember.AddTpsShowEntity at 0x0000017010B37480>
ATTR gclient.gameplay.logic_base.entities.combat_avatar.PlayerCombatAvatar.AdjustBombContactEntityFadeDistance type=<class 'function'> val=<function PlayerCombatAvatarMember.AdjustBombContactEntityFadeDistance at 0x0000017001A2B480>
ATTR gclient.gameplay.logic_base.entities.combat_avatar.PlayerCombatAvatar.AfterPlayerWeaponListChange type=<class 'function'> val=<function PlayerCombatAvatarMember.AfterPlayerWeaponListChange at 0x0000017011121170>
ATTR gclient.gameplay.logic_base.entities.combat_avatar.PlayerCombatAvatar.ApplyHallBackpack type=<class 'function'> val=<function PlayerCombatAvatarMember.ApplyHallBackpack at 0x000001701098ADA0>
ATTR gclient.gameplay.logic_base.entities.combat_avatar.PlayerCombatAvatar.AutoEnterAdsState type=<class 'function'> val=<function PlayerCombatAvatarMember.AutoEnterAdsState at 0x0000017010FD5E80>
ATTR gclient.gameplay.logic_base.entities.combat_avatar.PlayerCombatAvatar.BroadcastSoundEvent type=<class 'function'> val=<function CombatAvatarMember.BroadcastSoundEvent at 0x0000017010FF3B60>
ATTR gclient.gameplay.logic_base.entities.combat_avatar.PlayerCombatAvatar.CallClientSpectatorCamera type=<class 'function'> val=<function PlayerCombatAvatarMember.CallClientSpectatorCamera at 0x0000017010BA2F00>
ATTR gclient.gameplay.logic_base.entities.combat_avatar.PlayerCombatAvatar.CallClientSpectatorRhs type=<class 'function'> val=<function PlayerCombatAvatarMember.CallClientSpectatorRhs at 0x0000017010BA3060>
ATTR gclient.gameplay.logic_base.entities.combat_avatar.PlayerCombatAvatar.CallClientSpectatorSpellResult type=<class 'function'> val=<function PlayerCombatAvatarMember.CallClientSpectatorSpellResult at 0x0000017010BA2FB0>
ATTR gclient.gameplay.logic_base.entities.combat_avatar.PlayerCombatAvatar.CallClientSpectators type=<class 'function'> val=<function PlayerCombatAvatarMember.CallClientSpectators at 0x0000017010BA2E50>
ATTR gclient.gameplay.logic_base.entities.combat_avatar.PlayerCombatAvatar.CallGameLogic type=<class 'function'> val=<function PlayerCombatAvatarMember.CallGameLogic at 0x0000017010F6C7D0>
ATTR gclient.gameplay.logic_base.entities.combat_avatar.PlayerCombatAvatar.CallServerAnyTime type=<class 'function'> val=<function PlayerCombatAvatar.CallServerAnyTime at 0x0000017010BB1380>
ATTR gclient.gameplay.logic_base.entities.combat_avatar.PlayerCombatAvatar.CallServerGameLogic type=<class 'function'> val=<function PlayerCombatAvatarMember.CallServerGameLogic at 0x0000017010F6C720>
ATTR gclient.gameplay.logic_base.entities.combat_avatar.PlayerCombatAvatar.CallServerOffline type=<class 'function'> val=<function PlayerCombatAvatar.CallServerOffline at 0x0000017010BB1220>
ATTR gclient.gameplay.logic_base.entities.combat_avatar.PlayerCombatAvatar.CallServerOld type=<class 'function'> val=<function PlayerCombatAvatar.CallServerOld at 0x0000017010BB12D0>
ATTR gclient.gameplay.logic_base.entities.combat_avatar.PlayerCombatAvatar.CallServerPacked type=<class 'function'> val=<function PlayerCombatAvatarMember.CallServerPacked at 0x000001701092D6F0>
ATTR gclient.gameplay.logic_base.entities.combat_avatar.PlayerCombatAvatar.CanEnterStateItemusing type=<class 'function'> val=<function PlayerCombatAvatarMember.CanEnterStateItemusing at 0x0000017011035E80>
ATTR gclient.gameplay.logic_base.entities.combat_avatar.PlayerCombatAvatar.CancelDoubleEmoteWallCheckTimer type=<class 'function'> val=<function PlayerCombatAvatarMember.CancelDoubleEmoteWallCheckTimer at 0x0000017010B1C720>
ATTR gclient.gameplay.logic_base.entities.combat_avatar.PlayerCombatAvatar.ChangeFireWallSpellMode type=<class 'function'> val=<function CombatAvatarMember.ChangeFireWallSpellMode at 0x0000017010FCAE50>
ATTR gclient.gameplay.logic_base.entities.combat_avatar.PlayerCombatAvatar.ChangeLefthandWeaponClientAhead type=<class 'function'> val=<function PlayerCombatAvatarMember.ChangeLefthandWeaponClientAhead at 0x000001701097BA00>
ATTR gclient.gameplay.logic_base.entities.combat_avatar.PlayerCombatAvatar.ChangeSpecWeaponClientAhead type=<class 'function'> val=<function PlayerCombatAvatarMember.ChangeSpecWeaponClientAhead at 0x000001701097B950>
ATTR gclient.gameplay.logic_base.entities.combat_avatar.PlayerCombatAvatar.ChangeWeaponClientAhead type=<class 'function'> val=<function PlayerCombatAvatarMember.ChangeWeaponClientAhead at 0x000001701097B8A0>
ATTR gclient.gameplay.logic_base.entities.combat_avatar.PlayerCombatAvatar.CheckAndGetSwitchDict type=<class 'function'> val=<function CombatAvatarMember.CheckAndGetSwitchDict at 0x0000017011008040>
ATTR gclient.gameplay.logic_base.entities.combat_avatar.PlayerCombatAvatar.CheckCanEnterAds type=<class 'function'> val=<function PlayerCombatAvatarMember.CheckCanEnterAds at 0x0000017010FD5850>
ATTR gclient.gameplay.logic_base.entities.combat_avatar.PlayerCombatAvatar.CheckCanEnterStateRelationship type=<class 'function'> val=<function PlayerCombatAvatarMember.CheckCanEnterStateRelationship at 0x0000017010933740>
ATTR gclient.gameplay.logic_base.entities.combat_avatar.PlayerCombatAvatar.CheckCanEnterStateRelationshipForAction type=<class 'function'> val=<function PlayerCombatAvatarMember.CheckCanEnterStateRelationshipForAction at 0x00000170109337F0>
ATTR gclient.gameplay.logic_base.entities.combat_avatar.PlayerCombatAvatar.CheckCanEnterSwim type=<class 'function'> val=<function PlayerCombatAvatarMember.CheckCanEnterSwim at 0x0000017010AD9DD0>
ATTR gclient.gameplay.logic_base.entities.combat_avatar.PlayerCombatAvatar.CheckDissolvingOnEnterExecute type=<class 'function'> val=<function PlayerCombatAvatarMember.CheckDissolvingOnEnterExecute at 0x0000017010B09430>
ATTR gclient.gameplay.logic_base.entities.combat_avatar.PlayerCombatAvatar.CheckDoubleEmoteVisualEntity type=<class 'function'> val=<function PlayerCombatAvatarMember.CheckDoubleEmoteVisualEntity at 0x0000017010B1C250>
ATTR gclient.gameplay.logic_base.entities.combat_avatar.PlayerCombatAvatar.CheckEmoteVisualEntity type=<class 'function'> val=<function PlayerCombatAvatarMember.CheckEmoteVisualEntity at 0x0000017010B1C1A0>
ATTR gclient.gameplay.logic_base.entities.combat_avatar.PlayerCombatAvatar.CheckEntityForGetOnPlatform type=<class 'function'> val=<function PlayerCombatAvatarMember.CheckEntityForGetOnPlatform at 0x00000170109950C0>
ATTR gclient.gameplay.logic_base.entities.combat_avatar.PlayerCombatAvatar.CheckPlayerHitTargetEntity type=<class 'function'> val=<function PlayerCombatAvatarMember.CheckPlayerHitTargetEntity at 0x0000017011112980>
ATTR gclient.gameplay.logic_base.entities.combat_avatar.PlayerCombatAvatar.CheckPlayerSprintDoor type=<class 'function'> val=<function PlayerCombatAvatarMember.CheckPlayerSprintDoor at 0x0000017011111FE0>
ATTR gclient.gameplay.logic_base.entities.combat_avatar.PlayerCombatAvatar.CheckTalentRemoteShotDamageUp type=<class 'function'> val=<function PlayerCombatAvatarMember.CheckTalentRemoteShotDamageUp at 0x000001701098B8A0>
ATTR gclient.gameplay.logic_base.entities.combat_avatar.PlayerCombatAvatar.CheckThrusterPackOnPlayerJumpEnd type=<class 'function'> val=<function PlayerCombatAvatarMemberThrusterPack.CheckThrusterPackOnPlayerJumpEnd at 0x00000170018652D0>
ATTR gclient.gameplay.logic_base.entities.combat_avatar.PlayerCombatAvatar.CheckThrusterPackOnPlayerJumpLand type=<class 'function'> val=<function PlayerCombatAvatarMemberThrusterPack.CheckThrusterPackOnPlayerJumpLand at 0x00000170018659B0>
ATTR gclient.gameplay.logic_base.entities.combat_avatar.PlayerCombatAvatar.CheckThrusterPackOnPlayerParaStageChange type=<class 'function'> val=<function PlayerCombatAvatarMemberThrusterPack.CheckThrusterPackOnPlayerParaStageChange at 0x0000017001865590>
ATTR gclient.gameplay.logic_base.entities.combat_avatar.PlayerCombatAvatar.CheckThrusterPackOnPlayerStateChanged type=<class 'function'> val=<function PlayerCombatAvatarMemberThrusterPack.CheckThrusterPackOnPlayerStateChanged at 0x0000017001865E80>
ATTR gclient.gameplay.logic_base.entities.combat_avatar.PlayerCombatAvatar.CheckThrusterPackOnPlayerTalentDataUnitChanged type=<class 'function'> val=<function PlayerCombatAvatarMemberThrusterPack.CheckThrusterPackOnPlayerTalentDataUnitChanged at 0x0000017001865640>
ATTR gclient.gameplay.logic_base.entities.combat_avatar.PlayerCombatAvatar.CheckThrusterPackOnTalentSlotChange type=<class 'function'> val=<function PlayerCombatAvatarMemberThrusterPack.CheckThrusterPackOnTalentSlotChange at 0x0000017001865850>
ATTR gclient.gameplay.logic_base.entities.combat_avatar.PlayerCombatAvatar.ClearAllStoryTick type=<class 'function'> val=<function StoryTickComponent.ClearAllStoryTick at 0x000001702E999F30>
ATTR gclient.gameplay.logic_base.entities.combat_avatar.PlayerCombatAvatar.ClearControlPlayerOnDead type=<class 'function'> val=<function PlayerCombatAvatarMember.ClearControlPlayerOnDead at 0x0000017001A29C70>
ATTR gclient.gameplay.logic_base.entities.combat_avatar.PlayerCombatAvatar.ClearFireWallPlaceEntity type=<class 'function'> val=<function CombatAvatarMember.ClearFireWallPlaceEntity at 0x0000017010FCB530>
ATTR gclient.gameplay.logic_base.entities.combat_avatar.PlayerCombatAvatar.ClearMegaFireWallPlaceEntity type=<class 'function'> val=<function CombatAvatarMember.ClearMegaFireWallPlaceEntity at 0x0000017010FCBB60>
ATTR gclient.gameplay.logic_base.entities.combat_avatar.PlayerCombatAvatar.ClearParanoiaEntity type=<class 'function'> val=<function CombatAvatarMember.ClearParanoiaEntity at 0x0000017010FB2400>
ATTR gclient.gameplay.logic_base.entities.combat_avatar.PlayerCombatAvatar.ClearPlaceExplodeEntity type=<class 'function'> val=<function CombatAvatarMember.ClearPlaceExplodeEntity at 0x0000017010FB2AE0>
ATTR gclient.gameplay.logic_base.entities.combat_avatar.PlayerCombatAvatar.ClearPrePlaceEntity type=<class 'function'> val=<function CombatAvatarMember.ClearPrePlaceEntity at 0x0000017010FC9DD0>
ATTR gclient.gameplay.logic_base.entities.combat_avatar.PlayerCombatAvatar.ClearSpaceBlackHoleItemClientState type=<class 'function'> val=<function CombatAvatarMember.ClearSpaceBlackHoleItemClientState at 0x000001701103BA00>
ATTR gclient.gameplay.logic_base.entities.combat_avatar.PlayerCombatAvatar.ClearSpaceBlackHoleLocalCarrier type=<class 'function'> val=<function CombatAvatarMember.ClearSpaceBlackHoleLocalCarrier at 0x000001701103B740>
ATTR gclient.gameplay.logic_base.entities.combat_avatar.PlayerCombatAvatar.ClientAddCameraEffect type=<class 'function'> val=<function PlayerCombatAvatarMember.ClientAddCameraEffect at 0x0000017010FD9590>
ATTR gclient.gameplay.logic_base.entities.combat_avatar.PlayerCombatAvatar.ClientAdjustPosition type=<class 'function'> val=<function PlayerCombatAvatarMember.ClientAdjustPosition at 0x0000017011110B40>
ATTR gclient.gameplay.logic_base.entities.combat_avatar.PlayerCombatAvatar.ClientGetOffMovingPlatform type=<class 'function'> val=<function PlayerCombatAvatarMember.ClientGetOffMovingPlatform at 0x0000017010995220>
ATTR gclient.gameplay.logic_base.entities.combat_avatar.PlayerCombatAvatar.ClientGetOnMovingPlatform type=<class 'function'> val=<function PlayerCombatAvatarMember.ClientGetOnMovingPlatform at 0x0000017010995170>
ATTR gclient.gameplay.logic_base.entities.combat_avatar.PlayerCombatAvatar.ClientRemoveCameraEffect type=<class 'function'> val=<function PlayerCombatAvatarMember.ClientRemoveCameraEffect at 0x0000017010FD9640>
ATTR gclient.gameplay.logic_base.entities.combat_avatar.PlayerCombatAvatar.ClientSpellStop type=<class 'function'> val=<function PlayerCombatAvatarMember.ClientSpellStop at 0x0000017010FD8670>
ATTR gclient.gameplay.logic_base.entities.combat_avatar.PlayerCombatAvatar.CorrectCurrentWeapons type=<class 'function'> val=<function PlayerCombatAvatarMember.CorrectCurrentWeapons at 0x0000017010988460>
ATTR gclient.gameplay.logic_base.entities.combat_avatar.PlayerCombatAvatar.CreateFireWallPlaceEntity type=<class 'function'> val=<function CombatAvatarMember.CreateFireWallPlaceEntity at 0x0000017010FCB320>
ATTR gclient.gameplay.logic_base.entities.combat_avatar.PlayerCombatAvatar.CreateMegaFireWallPlaceEntity type=<class 'function'> val=<function CombatAvatarMember.CreateMegaFireWallPlaceEntity at 0x0000017010FCBA00>
ATTR gclient.gameplay.logic_base.entities.combat_avatar.PlayerCombatAvatar.CreateParanoiaEntity type=<class 'function'> val=<function CombatAvatarMember.CreateParanoiaEntity at 0x0000017010FB2140>
ATTR gclient.gameplay.logic_base.entities.combat_avatar.PlayerCombatAvatar.CreatePrePlaceEntity type=<class 'function'> val=<function CombatAvatarMember.CreatePrePlaceEntity at 0x0000017010FC9A60>
ATTR gclient.gameplay.logic_base.entities.combat_avatar.PlayerCombatAvatar.DealCheckCanEnterStateRelationshipByTalent type=<class 'function'> val=<function PlayerCombatAvatarMember.DealCheckCanEnterStateRelationshipByTalent at 0x000001701098BAB0>
ATTR gclient.gameplay.logic_base.entities.combat_avatar.PlayerCombatAvatar.DealJumpVelocityYByTalent type=<class 'function'> val=<function PlayerCombatAvatarMember.DealJumpVelocityYByTalent at 0x000001701098BA00>
ATTR gclient.gameplay.logic_base.entities.combat_avatar.PlayerCombatAvatar.DealRecoilDataByTalent type=<class 'function'> val=<function PlayerCombatAvatarMember.DealRecoilDataByTalent at 0x000001701098B7F0>
ATTR gclient.gameplay.logic_base.entities.combat_avatar.PlayerCombatAvatar.DealScatterOffsetByTalent type=<class 'function'> val=<function PlayerCombatAvatarMember.DealScatterOffsetByTalent at 0x000001701098B950>
ATTR gclient.gameplay.logic_base.entities.combat_avatar.PlayerCombatAvatar.DealStopSprintByTalent type=<class 'function'> val=<function PlayerCombatAvatarMember.DealStopSprintByTalent at 0x000001701098BB60>
ATTR gclient.gameplay.logic_base.entities.combat_avatar.PlayerCombatAvatar.DebugDisableDumpPlayerPos type=<class 'function'> val=<function PlayerCombatAvatarMember.DebugDisableDumpPlayerPos at 0x0000017001A2C1A0>
ATTR gclient.gameplay.logic_base.entities.combat_avatar.PlayerCombatAvatar.DebugDumpPlayerPosOnTick type=<class 'function'> val=<function PlayerCombatAvatarMember.DebugDumpPlayerPosOnTick at 0x0000017001A2C250>
ATTR gclient.gameplay.logic_base.entities.combat_avatar.PlayerCombatAvatar.DebugEnableDumpPlayerPos type=<class 'function'> val=<function PlayerCombatAvatarMember.DebugEnableDumpPlayerPos at 0x0000017001A2BED0>
ATTR gclient.gameplay.logic_base.entities.combat_avatar.PlayerCombatAvatar.DestroyDoubleEmoteVisualEntity type=<class 'function'> val=<function PlayerCombatAvatarMember.DestroyDoubleEmoteVisualEntity at 0x0000017010B1C5C0>
ATTR gclient.gameplay.logic_base.entities.combat_avatar.PlayerCombatAvatar.DoBeforeEnterSwim type=<class 'function'> val=<function PlayerCombatAvatarMember.DoBeforeEnterSwim at 0x0000017010AD9D20>
ATTR gclient.gameplay.logic_base.entities.combat_avatar.PlayerCombatAvatar.DoEnterDancingCureState type=<class 'function'> val=<function PlayerCombatAvatarMember.DoEnterDancingCureState at 0x0000017010BA0300>
ATTR gclient.gameplay.logic_base.entities.combat_avatar.PlayerCombatAvatar.DoGrapplingHookAvatarFly type=<class 'function'> val=<function CombatAvatarMember.DoGrapplingHookAvatarFly at 0x000001700187AB90>
ATTR gclient.gameplay.logic_base.entities.combat_avatar.PlayerCombatAvatar.EnableCallServerNew type=<class 'function'> val=<function PlayerCombatAvatar.EnableCallServerNew at 0x0000017010BB1170>
ATTR gclient.gameplay.logic_base.entities.combat_avatar.PlayerCombatAvatar.EnterAdsState type=<class 'function'> val=<function PlayerCombatAvatarMember.EnterAdsState at 0x0000017010FD5C70>
ATTR gclient.gameplay.logic_base.entities.combat_avatar.PlayerCombatAvatar.EnterAdsStateByFire type=<class 'function'> val=<function PlayerCombatAvatarMember.EnterAdsStateByFire at 0x0000017010FD5DD0>
ATTR gclient.gameplay.logic_base.entities.combat_avatar.PlayerCombatAvatar.EnterDancingCureState type=<class 'function'> val=<function PlayerCombatAvatarMember.EnterDancingCureState at 0x0000017010BA0670>
ATTR gclient.gameplay.logic_base.entities.combat_avatar.PlayerCombatAvatar.EnterDissolvingOnEnterExecute type=<class 'function'> val=<function PlayerCombatAvatarMember.EnterDissolvingOnEnterExecute at 0x0000017010B094E0>
ATTR gclient.gameplay.logic_base.entities.combat_avatar.PlayerCombatAvatar.EnterDissolvingOnPhysicCollisionCb type=<class 'function'> val=<function PlayerCombatAvatarMember.EnterDissolvingOnPhysicCollisionCb at 0x0000017010B09590>
ATTR gclient.gameplay.logic_base.entities.combat_avatar.PlayerCombatAvatar.EnterDyingEnemies type=<class 'function'> val=<function PlayerCombatAvatarMember.EnterDyingEnemies at 0x0000017010B09F30>
ATTR gclient.gameplay.logic_base.entities.combat_avatar.PlayerCombatAvatar.EnterEmoteState type=<class 'function'> val=<function PlayerCombatAvatarMember.EnterEmoteState at 0x0000017010B1CCA0>
ATTR gclient.gameplay.logic_base.entities.combat_avatar.PlayerCombatAvatar.EnterHallEmoteState type=<class 'function'> val=<function PlayerCombatAvatarMember.EnterHallEmoteState at 0x0000017010B1CB40>
ATTR gclient.gameplay.logic_base.entities.combat_avatar.PlayerCombatAvatar.EnterKickUp type=<class 'function'> val=<function PlayerCombatAvatarMember.EnterKickUp at 0x0000017010B9BB60>
ATTR gclient.gameplay.logic_base.entities.combat_avatar.PlayerCombatAvatar.EnterMeowDance type=<class 'function'> val=<function PlayerCombatAvatarMember.EnterMeowDance at 0x0000017010F36090>
ATTR gclient.gameplay.logic_base.entities.combat_avatar.PlayerCombatAvatar.EnterStateItemhold type=<class 'function'> val=<function PlayerCombatAvatarMember.EnterStateItemhold at 0x0000017011036610>
ATTR gclient.gameplay.logic_base.entities.combat_avatar.PlayerCombatAvatar.EnterStateItemrecycle type=<class 'function'> val=<function PlayerCombatAvatarMember.EnterStateItemrecycle at 0x0000017011036980>
ATTR gclient.gameplay.logic_base.entities.combat_avatar.PlayerCombatAvatar.EnterSwim type=<class 'function'> val=<function PlayerCombatAvatarMember.EnterSwim at 0x0000017010AD9E80>
ATTR gclient.gameplay.logic_base.entities.combat_avatar.PlayerCombatAvatar.EnterTeammateDancingField type=<class 'function'> val=<function PlayerCombatAvatarMember.EnterTeammateDancingField at 0x0000017010FD8D50>
ATTR gclient.gameplay.logic_base.entities.combat_avatar.PlayerCombatAvatar.EnterTempFirstPersonView type=<class 'function'> val=<function PlayerCombatAvatarMember.EnterTempFirstPersonView at 0x000001701092FED0>
ATTR gclient.gameplay.logic_base.entities.combat_avatar.PlayerCombatAvatar.EnterTotemTransfer type=<class 'function'> val=<function CombatAvatarMember.EnterTotemTransfer at 0x0000017010FD1C70>
ATTR gclient.gameplay.logic_base.entities.combat_avatar.PlayerCombatAvatar.EntityEnterPlayerTrigger type=<class 'function'> val=<function PlayerCombatAvatarMember.EntityEnterPlayerTrigger at 0x0000017011111F30>
ATTR gclient.gameplay.logic_base.entities.combat_avatar.PlayerCombatAvatar.ExitAllTempFirstPersonView type=<class 'function'> val=<function PlayerCombatAvatarMember.ExitAllTempFirstPersonView at 0x00000170109300F0>
ATTR gclient.gameplay.logic_base.entities.combat_avatar.PlayerCombatAvatar.ExplodeSpaceBlackHoleLocalCarrier type=<class 'function'> val=<function CombatAvatarMember.ExplodeSpaceBlackHoleLocalCarrier at 0x000001701103B690>
ATTR gclient.gameplay.logic_base.entities.combat_avatar.PlayerCombatAvatar.FireTotemEndEvent type=<class 'function'> val=<function CombatAvatarMember.FireTotemEndEvent at 0x0000017010FD1BC0>
ATTR gclient.gameplay.logic_base.entities.combat_avatar.PlayerCombatAvatar.FollowAvatarEmote type=<class 'function'> val=<function PlayerCombatAvatarMember.FollowAvatarEmote at 0x0000017010B1C9E0>
ATTR gclient.gameplay.logic_base.entities.combat_avatar.PlayerCombatAvatar.FollowerEnterDoubleEmote type=<class 'function'> val=<function PlayerCombatAvatarMember.FollowerEnterDoubleEmote at 0x0000017010B1CD50>
ATTR gclient.gameplay.logic_base.entities.combat_avatar.PlayerCombatAvatar.ForceDropAllWeaponForAvatar type=<class 'function'> val=<function CombatAvatarMember.ForceDropAllWeaponForAvatar at 0x0000017001A27740>
ATTR gclient.gameplay.logic_base.entities.combat_avatar.PlayerCombatAvatar.GetActiveSpaceBlackHoleEntity type=<class 'function'> val=<function CombatAvatarMember.GetActiveSpaceBlackHoleEntity at 0x000001701103BCC0>
ATTR gclient.gameplay.logic_base.entities.combat_avatar.PlayerCombatAvatar.GetBigMapCtrl type=<class 'function'> val=<function PlayerCombatAvatarMember.GetBigMapCtrl at 0x0000017010ABAE50>
ATTR gclient.gameplay.logic_base.entities.combat_avatar.PlayerCombatAvatar.GetBombPathEffectLocalStartPos type=<class 'function'> val=<function PlayerCombatAvatarMember.GetBombPathEffectLocalStartPos at 0x0000017001A2B5E0>
ATTR gclient.gameplay.logic_base.entities.combat_avatar.PlayerCombatAvatar.GetEventByReplaceSound type=<class 'function'> val=<function CombatAvatarMember.GetEventByReplaceSound at 0x0000017010F68300>
ATTR gclient.gameplay.logic_base.entities.combat_avatar.PlayerCombatAvatar.GetFireWallPlacePosition type=<class 'function'> val=<function CombatAvatarMember.GetFireWallPlacePosition at 0x0000017010FCB7F0>
ATTR gclient.gameplay.logic_base.entities.combat_avatar.PlayerCombatAvatar.GetFireWallPlacePositionH type=<class 'function'> val=<function CombatAvatarMember.GetFireWallPlacePositionH at 0x0000017010FCB740>
ATTR gclient.gameplay.logic_base.entities.combat_avatar.PlayerCombatAvatar.GetFireWallPlacePositionV type=<class 'function'> val=<function CombatAvatarMember.GetFireWallPlacePositionV at 0x0000017010FCB690>
ATTR gclient.gameplay.logic_base.entities.combat_avatar.PlayerCombatAvatar.GetJurenFlySlashClosestPointOnSegment type=<class 'function'> val=<function PlayerCombatAvatarMember.GetJurenFlySlashClosestPointOnSegment at 0x0000017010FF0F60>
ATTR gclient.gameplay.logic_base.entities.combat_avatar.PlayerCombatAvatar.GetJurenFlySlashSegmentHitInfo type=<class 'function'> val=<function PlayerCombatAvatarMember.GetJurenFlySlashSegmentHitInfo at 0x0000017010FF1010>
ATTR gclient.gameplay.logic_base.entities.combat_avatar.PlayerCombatAvatar.GetPrePlaceEntityPosition type=<class 'function'> val=<function CombatAvatarMember.GetPrePlaceEntityPosition at 0x0000017010FC9FE0>
ATTR gclient.gameplay.logic_base.entities.combat_avatar.PlayerCombatAvatar.GetPrePlaceEntityPosition225 type=<class 'function'> val=<function CombatAvatarMember.GetPrePlaceEntityPosition225 at 0x0000017010FCA090>
ATTR gclient.gameplay.logic_base.entities.combat_avatar.PlayerCombatAvatar.GetPrePlaceEntityPosition234 type=<class 'function'> val=<function CombatAvatarMember.GetPrePlaceEntityPosition234 at 0x0000017010FCA1F0>
ATTR gclient.gameplay.logic_base.entities.combat_avatar.PlayerCombatAvatar.GetPrePlaceEntityPosition510 type=<class 'function'> val=<function CombatAvatarMember.GetPrePlaceEntityPosition225 at 0x0000017010FCA090>
ATTR gclient.gameplay.logic_base.entities.combat_avatar.PlayerCombatAvatar.GetPrePlaceEntityPosition588 type=<class 'function'> val=<function CombatAvatarMember.GetPrePlaceEntityPosition588 at 0x0000017010FCA140>
ATTR gclient.gameplay.logic_base.entities.combat_avatar.PlayerCombatAvatar.GetRealEntityOfCurThrowWeapon type=<class 'function'> val=<function CombatAvatarMember.GetRealEntityOfCurThrowWeapon at 0x000001701097A980>
ATTR gclient.gameplay.logic_base.entities.combat_avatar.PlayerCombatAvatar.GetSpaceBlackHoleLocalCarrier type=<class 'function'> val=<function CombatAvatarMember.GetSpaceBlackHoleLocalCarrier at 0x000001701103B530>
ATTR gclient.gameplay.logic_base.entities.combat_avatar.PlayerCombatAvatar.GetSwitchValue_identity type=<class 'function'> val=<function CombatAvatarMember.GetSwitchValue_identity at 0x0000017011008930>
ATTR gclient.gameplay.logic_base.entities.combat_avatar.PlayerCombatAvatar.GetTriggerEntity type=<class 'function'> val=<function PlayerCombatAvatarMember.GetTriggerEntity at 0x0000017011112350>
ATTR gclient.gameplay.logic_base.entities.combat_avatar.PlayerCombatAvatar.GetValidTriggerEntityList type=<class 'function'> val=<function PlayerCombatAvatarMember.GetValidTriggerEntityList at 0x0000017011112610>
ATTR gclient.gameplay.logic_base.entities.combat_avatar.PlayerCombatAvatar.HasClientBuff type=<class 'function'> val=<function CombatAvatarMember.HasClientBuff at 0x0000017011113530>
ATTR gclient.gameplay.logic_base.entities.combat_avatar.PlayerCombatAvatar.HasClientBuffByKind type=<class 'function'> val=<function CombatAvatarMember.HasClientBuffByKind at 0x00000170111135E0>
ATTR gclient.gameplay.logic_base.entities.combat_avatar.PlayerCombatAvatar.HasSpaceBlackHoleLocalCarrier type=<class 'function'> val=<function CombatAvatarMember.HasSpaceBlackHoleLocalCarrier at 0x000001701103B5E0>
ATTR gclient.gameplay.logic_base.entities.combat_avatar.PlayerCombatAvatar.HasTalent type=<class 'function'> val=<function CombatAvatarMember.HasTalent at 0x000001701098B5E0>
ATTR gclient.gameplay.logic_base.entities.combat_avatar.PlayerCombatAvatar.HasTalentCode type=<class 'function'> val=<function CombatAvatarMember.HasTalentCode at 0x000001701098B690>
ATTR gclient.gameplay.logic_base.entities.combat_avatar.PlayerCombatAvatar.HideAllEnemyToplogo type=<class 'function'> val=<function PlayerCombatAvatarMember.HideAllEnemyToplogo at 0x0000017010F6B480>
ATTR gclient.gameplay.logic_base.entities.combat_avatar.PlayerCombatAvatar.HideForReasonEventPCPickUp type=<class 'function'> val=<function PlayerCombatAvatarMember.HideForReasonEventPCPickUp at 0x0000017010B36AE0>
ATTR gclient.gameplay.logic_base.entities.combat_avatar.PlayerCombatAvatar.HouseRangeTriggerEnter type=<class 'function'> val=<function CombatAvatarMember.HouseRangeTriggerEnter at 0x0000017010FF2A30>
ATTR gclient.gameplay.logic_base.entities.combat_avatar.PlayerCombatAvatar.IndoorTriggerEnter type=<class 'function'> val=<function CombatAvatarMember.IndoorTriggerEnter at 0x0000017010FF28D0>
ATTR gclient.gameplay.logic_base.entities.combat_avatar.PlayerCombatAvatar.InitAvatarModel type=<class 'function'> val=<function PlayerCombatAvatarMember.InitAvatarModel at 0x0000017011110CA0>
ATTR gclient.gameplay.logic_base.entities.combat_avatar.PlayerCombatAvatar.IsAvatar type=<class 'bool'> val=False
ATTR gclient.gameplay.logic_base.entities.combat_avatar.PlayerCombatAvatar.IsCombatAvatar type=<class 'bool'> val=True
ATTR gclient.gameplay.logic_base.entities.combat_avatar.PlayerCombatAvatar.IsCombatAvatarSniper type=<class 'bool'> val=False
ATTR gclient.gameplay.logic_base.entities.combat_avatar.PlayerCombatAvatar.IsCombatAvatarZombieXray type=<class 'bool'> val=False
ATTR gclient.gameplay.logic_base.entities.combat_avatar.PlayerCombatAvatar.IsDoubleEmoteBlockedByWall type=<class 'function'> val=<function PlayerCombatAvatarMember.IsDoubleEmoteBlockedByWall at 0x0000017010B1C3B0>
ATTR gclient.gameplay.logic_base.entities.combat_avatar.PlayerCombatAvatar.IsDummyCombatAvatar type=<class 'bool'> val=False
ATTR gclient.gameplay.logic_base.entities.combat_avatar.PlayerCombatAvatar.IsEntityAttach type=<class 'bool'> val=False
ATTR gclient.gameplay.logic_base.entities.combat_avatar.PlayerCombatAvatar.IsEntityMaster type=<class 'bool'> val=False
ATTR gclient.gameplay.logic_base.entities.combat_avatar.PlayerCombatAvatar.IsFootball type=<class 'bool'> val=False
ATTR gclient.gameplay.logic_base.entities.combat_avatar.PlayerCombatAvatar.IsIceWall type=<class 'bool'> val=False
ATTR gclient.gameplay.logic_base.entities.combat_avatar.PlayerCombatAvatar.IsInShootingRangeChallenging type=<class 'function'> val=<function PlayerCombatAvatarMember.IsInShootingRangeChallenging at 0x0000017011121850>
ATTR gclient.gameplay.logic_base.entities.combat_avatar.PlayerCombatAvatar.IsObserveAvatar type=<class 'bool'> val=False
ATTR gclient.gameplay.logic_base.entities.combat_avatar.PlayerCombatAvatar.IsPhyBall type=<class 'bool'> val=False
ATTR gclient.gameplay.logic_base.entities.combat_avatar.PlayerCombatAvatar.IsPlayerCombatAvatar type=<class 'bool'> val=True
ATTR gclient.gameplay.logic_base.entities.combat_avatar.PlayerCombatAvatar.IsPlayerObserveAvatar type=<class 'bool'> val=False
ATTR gclient.gameplay.logic_base.entities.combat_avatar.PlayerCombatAvatar.IsRobotCombatAvatar type=<class 'bool'> val=False
ATTR gclient.gameplay.logic_base.entities.combat_avatar.PlayerCombatAvatar.IsRobotCombatAvatarZombie type=<class 'bool'> val=False
ATTR gclient.gameplay.logic_base.entities.combat_avatar.PlayerCombatAvatar.IsSkywingParaPresentationActive type=<class 'function'> val=<function ParaAvatarMemberBase.IsSkywingParaPresentationActive at 0x00000170105873D0>
ATTR gclient.gameplay.logic_base.entities.combat_avatar.PlayerCombatAvatar.IsSoulAvatar type=<class 'bool'> val=False
ATTR gclient.gameplay.logic_base.entities.combat_avatar.PlayerCombatAvatar.IsSyncTransEntity type=<class 'bool'> val=False
ATTR gclient.gameplay.logic_base.entities.combat_avatar.PlayerCombatAvatar.IsVirtualInteractionEntity type=<class 'bool'> val=False
ATTR gclient.gameplay.logic_base.entities.combat_avatar.PlayerCombatAvatar.KillAvatar type=<class 'function'> val=<function CombatAvatarMember.KillAvatar at 0x0000017001A28720>
ATTR gclient.gameplay.logic_base.entities.combat_avatar.PlayerCombatAvatar.LerpUpdatePlayerSensitivity type=<class 'function'> val=<function PlayerCombatAvatarMember.LerpUpdatePlayerSensitivity at 0x0000017011121590>
ATTR gclient.gameplay.logic_base.entities.combat_avatar.PlayerCombatAvatar.OnAddClientBuff type=<class 'function'> val=<function CombatAvatarMember.OnAddClientBuff at 0x00000170111138A0>
ATTR gclient.gameplay.logic_base.entities.combat_avatar.PlayerCombatAvatar.OnAddClientBuffCategory type=<class 'function'> val=<function CombatAvatarMember.OnAddClientBuffCategory at 0x0000017011113A00>
ATTR gclient.gameplay.logic_base.entities.combat_avatar.PlayerCombatAvatar.OnAddClientBuffCategoryFlash type=<class 'function'> val=<function PlayerCombatAvatarMember.OnAddClientBuffCategoryFlash at 0x00000170111205C0>
ATTR gclient.gameplay.logic_base.entities.combat_avatar.PlayerCombatAvatar.OnAddClientBuffCategoryXray type=<class 'function'> val=<function PlayerCombatAvatarMember.OnAddClientBuffCategoryXray at 0x0000017011120460>
ATTR gclient.gameplay.logic_base.entities.combat_avatar.PlayerCombatAvatar.OnAddClientUavMark type=<class 'function'> val=<function PlayerCombatAvatarMember.OnAddClientUavMark at 0x0000017010F6BD70>
ATTR gclient.gameplay.logic_base.entities.combat_avatar.PlayerCombatAvatar.OnAvatarDyingMove type=<class 'function'> val=<function CombatAvatarMember.OnAvatarDyingMove at 0x000001701092C0F0>
ATTR gclient.gameplay.logic_base.entities.combat_avatar.PlayerCombatAvatar.OnBombEffectParticleEvents type=<class 'function'> val=<function PlayerCombatAvatarMember.OnBombEffectParticleEvents at 0x0000017001A2B530>
ATTR gclient.gameplay.logic_base.entities.combat_avatar.PlayerCombatAvatar.OnBotDamageToPlayer type=<class 'function'> val=<function PlayerCombatAvatarMember.OnBotDamageToPlayer at 0x0000017010AD9380>
ATTR gclient.gameplay.logic_base.entities.combat_avatar.PlayerCombatAvatar.OnBreakEnterAds type=<class 'function'> val=<function PlayerCombatAvatarMember.OnBreakEnterAds at 0x000001701093C5C0>
ATTR gclient.gameplay.logic_base.entities.combat_avatar.PlayerCombatAvatar.OnBreakEnterProne type=<class 'function'> val=<function PlayerCombatAvatarMember.OnBreakEnterProne at 0x000001701093CCA0>
ATTR gclient.gameplay.logic_base.entities.combat_avatar.PlayerCombatAvatar.OnBreakHighFall type=<class 'function'> val=<function PlayerCombatAvatarMember.OnBreakHighFall at 0x000001701093D4E0>
ATTR gclient.gameplay.logic_base.entities.combat_avatar.PlayerCombatAvatar.OnBreakPortableEquipment type=<class 'function'> val=<function PlayerCombatAvatarMember.OnBreakPortableEquipment at 0x000001701093D900>
ATTR gclient.gameplay.logic_base.entities.combat_avatar.PlayerCombatAvatar.OnClientBuffTick type=<class 'function'> val=<function PlayerCombatAvatarMember.OnClientBuffTick at 0x0000017011113ED0>
ATTR gclient.gameplay.logic_base.entities.combat_avatar.PlayerCombatAvatar.OnCombatAvatarHeroIdChangeForBeard type=<class 'function'> val=<function PlayerCombatAvatarMember.OnCombatAvatarHeroIdChangeForBeard at 0x0000017010F36F00>
ATTR gclient.gameplay.logic_base.entities.combat_avatar.PlayerCombatAvatar.OnDeviceOrientationChangedForGyroscope type=<class 'function'> val=<function PlayerCombatAvatarMember.OnDeviceOrientationChangedForGyroscope at 0x0000017010932DA0>
ATTR gclient.gameplay.logic_base.entities.combat_avatar.PlayerCombatAvatar.OnEnterHouseTrigger type=<class 'function'> val=<function PlayerCombatAvatarMember.OnEnterHouseTrigger at 0x0000017010FF2E50>
ATTR gclient.gameplay.logic_base.entities.combat_avatar.PlayerCombatAvatar.OnEnterInvincible type=<class 'function'> val=<function PlayerCombatAvatarMember.OnEnterInvincible at 0x0000017010F6ADA0>
ATTR gclient.gameplay.logic_base.entities.combat_avatar.PlayerCombatAvatar.OnEnterLightAttackMode type=<class 'function'> val=<function PlayerCombatAvatarMember.OnEnterLightAttackMode at 0x0000017010FD3110>
ATTR gclient.gameplay.logic_base.entities.combat_avatar.PlayerCombatAvatar.OnEnterStateAFFire type=<class 'function'> val=<function PlayerCombatAvatarMember.OnEnterStateAFFire at 0x0000017010880930>
ATTR gclient.gameplay.logic_base.entities.combat_avatar.PlayerCombatAvatar.OnEnterStateItemFail type=<class 'function'> val=<function PlayerCombatAvatarMember.OnEnterStateItemFail at 0x0000017011036AE0>
ATTR gclient.gameplay.logic_base.entities.combat_avatar.PlayerCombatAvatar.OnEnterStateItemPreusing type=<class 'function'> val=<function PlayerCombatAvatarMember.OnEnterStateItemPreusing at 0x0000017011036820>
ATTR gclient.gameplay.logic_base.entities.combat_avatar.PlayerCombatAvatar.OnEnterStateItemhold type=<class 'function'> val=<function PlayerCombatAvatarMember.OnEnterStateItemhold at 0x0000017011036770>
ATTR gclient.gameplay.logic_base.entities.combat_avatar.PlayerCombatAvatar.OnEnterStateItemrecycle type=<class 'function'> val=<function PlayerCombatAvatarMember.OnEnterStateItemrecycle at 0x0000017011036A30>
ATTR gclient.gameplay.logic_base.entities.combat_avatar.PlayerCombatAvatar.OnEnterStateItemusing type=<class 'function'> val=<function PlayerCombatAvatarMember.OnEnterStateItemusing at 0x00000170110368D0>
ATTR gclient.gameplay.logic_base.entities.combat_avatar.PlayerCombatAvatar.OnEnterWater type=<class 'function'> val=<function PlayerCombatAvatarMember.OnEnterWater at 0x0000017010AD9C70>
ATTR gclient.gameplay.logic_base.entities.combat_avatar.PlayerCombatAvatar.OnFireManuallyBegin type=<class 'function'> val=<function PlayerCombatAvatarMember.OnFireManuallyBegin at 0x0000017010880D50>
ATTR gclient.gameplay.logic_base.entities.combat_avatar.PlayerCombatAvatar.OnFireManuallyEnd type=<class 'function'> val=<function PlayerCombatAvatarMember.OnFireManuallyEnd at 0x0000017010880E00>
ATTR gclient.gameplay.logic_base.entities.combat_avatar.PlayerCombatAvatar.OnGainSkillTalents type=<class 'function'> val=<function PlayerCombatAvatarMember.OnGainSkillTalents at 0x00000170108E2B90>
ATTR gclient.gameplay.logic_base.entities.combat_avatar.PlayerCombatAvatar.OnListenToAvatarHelperId type=<class 'function'> val=<function PlayerCombatAvatarMember.OnListenToAvatarHelperId at 0x0000017011112B90>
ATTR gclient.gameplay.logic_base.entities.combat_avatar.PlayerCombatAvatar.OnMagicBulletLockStateEnter type=<class 'function'> val=<function PlayerCombatAvatarMember.OnMagicBulletLockStateEnter at 0x0000017011123690>
ATTR gclient.gameplay.logic_base.entities.combat_avatar.PlayerCombatAvatar.OnMegaFireWallPlaceEntityMove type=<class 'function'> val=<function CombatAvatarMember.OnMegaFireWallPlaceEntityMove at 0x0000017010FCBCC0>
ATTR gclient.gameplay.logic_base.entities.combat_avatar.PlayerCombatAvatar.OnOtherPlayerShootGrapplingHook type=<class 'function'> val=<function CombatAvatarMember.OnOtherPlayerShootGrapplingHook at 0x000001700187A8D0>
ATTR gclient.gameplay.logic_base.entities.combat_avatar.PlayerCombatAvatar.OnPerkTalentFull type=<class 'function'> val=<function PlayerCombatAvatarMember.OnPerkTalentFull at 0x00000170108E1BC0>
ATTR gclient.gameplay.logic_base.entities.combat_avatar.PlayerCombatAvatar.OnPlayerAttackBegin type=<class 'function'> val=<function PlayerCombatAvatarMember.OnPlayerAttackBegin at 0x0000017010FD50C0>
ATTR gclient.gameplay.logic_base.entities.combat_avatar.PlayerCombatAvatar.OnPlayerAttackEnd type=<class 'function'> val=<function PlayerCombatAvatarMember.OnPlayerAttackEnd at 0x0000017010FD5170>
ATTR gclient.gameplay.logic_base.entities.combat_avatar.PlayerCombatAvatar.OnPlayerCharCtrlChanged type=<class 'function'> val=<function PlayerCombatAvatarMember.OnPlayerCharCtrlChanged at 0x0000017011111900>
ATTR gclient.gameplay.logic_base.entities.combat_avatar.PlayerCombatAvatar.OnPlayerCombatAvatarHeroIdChangeForBeard type=<class 'function'> val=<function PlayerCombatAvatarMember.OnPlayerCombatAvatarHeroIdChangeForBeard at 0x0000017010F36FB0>
ATTR gclient.gameplay.logic_base.entities.combat_avatar.PlayerCombatAvatar.OnPlayerCombatStateChangeForControlTarget type=<class 'function'> val=<function PlayerCombatAvatarMember.OnPlayerCombatStateChangeForControlTarget at 0x0000017010B9B690>
ATTR gclient.gameplay.logic_base.entities.combat_avatar.PlayerCombatAvatar.OnPlayerDamageToBot type=<class 'function'> val=<function PlayerCombatAvatarMember.OnPlayerDamageToBot at 0x0000017010AD92D0>
ATTR gclient.gameplay.logic_base.entities.combat_avatar.PlayerCombatAvatar.OnPlayerDroneConnectLoadingFinished type=<class 'function'> val=<function PlayerCombatAvatarMember.OnPlayerDroneConnectLoadingFinished at 0x0000017010B5DC70>
ATTR gclient.gameplay.logic_base.entities.combat_avatar.PlayerCombatAvatar.OnPlayerDroneConnectLoadingStart type=<class 'function'> val=<function PlayerCombatAvatarMember.OnPlayerDroneConnectLoadingStart at 0x0000017010B5DBC0>
ATTR gclient.gameplay.logic_base.entities.combat_avatar.PlayerCombatAvatar.OnPlayerDroneExplodeStart type=<class 'function'> val=<function PlayerCombatAvatarMember.OnPlayerDroneExplodeStart at 0x0000017010B5E400>
ATTR gclient.gameplay.logic_base.entities.combat_avatar.PlayerCombatAvatar.OnPlayerDualFireBegin type=<class 'function'> val=<function PlayerCombatAvatarMember.OnPlayerDualFireBegin at 0x0000017010FD4D50>
ATTR gclient.gameplay.logic_base.entities.combat_avatar.PlayerCombatAvatar.OnPlayerDualFireEnd type=<class 'function'> val=<function PlayerCombatAvatarMember.OnPlayerDualFireEnd at 0x0000017010FD4E00>
ATTR gclient.gameplay.logic_base.entities.combat_avatar.PlayerCombatAvatar.OnPlayerEnterAds type=<class 'function'> val=<function PlayerCombatAvatarMember.OnPlayerEnterAds at 0x0000017010AB6770>
ATTR gclient.gameplay.logic_base.entities.combat_avatar.PlayerCombatAvatar.OnPlayerEnterDroneControlling type=<class 'function'> val=<function PlayerCombatAvatarMember.OnPlayerEnterDroneControlling at 0x0000017010B5DDD0>
ATTR gclient.gameplay.logic_base.entities.combat_avatar.PlayerCombatAvatar.OnPlayerFireBegin type=<class 'function'> val=<function PlayerCombatAvatarMember.OnPlayerFireBegin at 0x0000017010FD4BF0>
ATTR gclient.gameplay.logic_base.entities.combat_avatar.PlayerCombatAvatar.OnPlayerFireEnd type=<class 'function'> val=<function PlayerCombatAvatarMember.OnPlayerFireEnd at 0x0000017010FD4CA0>
ATTR gclient.gameplay.logic_base.entities.combat_avatar.PlayerCombatAvatar.OnPlayerKillBot type=<class 'function'> val=<function PlayerCombatAvatarMember.OnPlayerKillBot at 0x0000017010AD94E0>
ATTR gclient.gameplay.logic_base.entities.combat_avatar.PlayerCombatAvatar.OnPlayerKilledByBot type=<class 'function'> val=<function PlayerCombatAvatarMember.OnPlayerKilledByBot at 0x0000017010AD9590>
ATTR gclient.gameplay.logic_base.entities.combat_avatar.PlayerCombatAvatar.OnPlayerOutAds type=<class 'function'> val=<function PlayerCombatAvatarMember.OnPlayerOutAds at 0x0000017010AB6820>
ATTR gclient.gameplay.logic_base.entities.combat_avatar.PlayerCombatAvatar.OnPlayerParaStageChangedForBreakMedicine type=<class 'function'> val=<function PlayerCombatAvatarMember.OnPlayerParaStageChangedForBreakMedicine at 0x0000017010FD8A90>
ATTR gclient.gameplay.logic_base.entities.combat_avatar.PlayerCombatAvatar.OnPlayerShotFired type=<class 'function'> val=<function PlayerCombatAvatarMember.OnPlayerShotFired at 0x0000017010AD9430>
ATTR gclient.gameplay.logic_base.entities.combat_avatar.PlayerCombatAvatar.OnPlayerSpellStrike type=<class 'function'> val=<function PlayerCombatAvatar.OnPlayerSpellStrike at 0x0000017010BB1FE0>
ATTR gclient.gameplay.logic_base.entities.combat_avatar.PlayerCombatAvatar.OnPlayerVehicleChangedForExecute type=<class 'function'> val=<function PlayerCombatAvatarMember.OnPlayerVehicleChangedForExecute at 0x0000017010B0A560>
ATTR gclient.gameplay.logic_base.entities.combat_avatar.PlayerCombatAvatar.OnPlayerVehicleChangedForGyroscope type=<class 'function'> val=<function PlayerCombatAvatarMember.OnPlayerVehicleChangedForGyroscope at 0x0000017010932F00>
ATTR gclient.gameplay.logic_base.entities.combat_avatar.PlayerCombatAvatar.OnRemoveClientBuff type=<class 'function'> val=<function CombatAvatarMember.OnRemoveClientBuff at 0x0000017011113950>
ATTR gclient.gameplay.logic_base.entities.combat_avatar.PlayerCombatAvatar.OnRemoveClientBuffCategory type=<class 'function'> val=<function CombatAvatarMember.OnRemoveClientBuffCategory at 0x0000017011113AB0>
ATTR gclient.gameplay.logic_base.entities.combat_avatar.PlayerCombatAvatar.OnRemoveClientBuffCategoryFlash type=<class 'function'> val=<function PlayerCombatAvatarMember.OnRemoveClientBuffCategoryFlash at 0x0000017011120670>
ATTR gclient.gameplay.logic_base.entities.combat_avatar.PlayerCombatAvatar.OnRemoveClientBuffCategoryXray type=<class 'function'> val=<function PlayerCombatAvatarMember.OnRemoveClientBuffCategoryXray at 0x0000017011120510>
ATTR gclient.gameplay.logic_base.entities.combat_avatar.PlayerCombatAvatar.OnRemoveClientUavMark type=<class 'function'> val=<function PlayerCombatAvatarMember.OnRemoveClientUavMark at 0x0000017010F6BE20>
ATTR gclient.gameplay.logic_base.entities.combat_avatar.PlayerCombatAvatar.OnRotatePlaceEntity type=<class 'function'> val=<function CombatAvatarMember.OnRotatePlaceEntity at 0x0000017010FCA2A0>
ATTR gclient.gameplay.logic_base.entities.combat_avatar.PlayerCombatAvatar.OnShootingRangeIsChallengingChange type=<class 'function'> val=<function PlayerCombatAvatarMember.OnShootingRangeIsChallengingChange at 0x00000170111219B0>
ATTR gclient.gameplay.logic_base.entities.combat_avatar.PlayerCombatAvatar.OnSortAllPickupData type=<class 'function'> val=<function PlayerCombatAvatarMember.OnSortAllPickupData at 0x0000017010B361F0>
ATTR gclient.gameplay.logic_base.entities.combat_avatar.PlayerCombatAvatar.OnSoulBallCure type=<class 'function'> val=<function PlayerCombatAvatarMember.OnSoulBallCure at 0x0000017011039BC0>
ATTR gclient.gameplay.logic_base.entities.combat_avatar.PlayerCombatAvatar.OnTalentSlotChange type=<class 'function'> val=<function PlayerCombatAvatarMember.OnTalentSlotChange at 0x0000017010B36140>
ATTR gclient.gameplay.logic_base.entities.combat_avatar.PlayerCombatAvatar.OnTotemTransferMapUpdate type=<class 'function'> val=<function CombatAvatarMember.OnTotemTransferMapUpdate at 0x00000170111105C0>
ATTR gclient.gameplay.logic_base.entities.combat_avatar.PlayerCombatAvatar.OnWildShopBuyHallGunSuccess type=<class 'function'> val=<function PlayerCombatAvatarMember.OnWildShopBuyHallGunSuccess at 0x00000170108EA2A0>
ATTR gclient.gameplay.logic_base.entities.combat_avatar.PlayerCombatAvatar.PCTriggerEntityTick type=<class 'function'> val=<function PlayerCombatAvatarMember.PCTriggerEntityTick at 0x00000170111126C0>
ATTR gclient.gameplay.logic_base.entities.combat_avatar.PlayerCombatAvatar.Pickup_Equip_Type_Map type=<class 'dict'> val={1: 'Gun', 11: 'Throwable', 12: 'Throwable', 14: 'Support', 16: 'Emergency_Needle', 17: 'Medicine'}
ATTR gclient.gameplay.logic_base.entities.combat_avatar.PlayerCombatAvatar.Pickup_Item_Type_Map type=<class 'dict'> val={101: 'Equip', 102: 'Ammo', 105: 'Coin', 109: 'Genecode', 112: 'BrokenTalentCore', 116: 'TacticalEnergy', 117: 'Coin', 122: 'Coin', 290: 'RecoverEnergyItem', 125: 'PerkTalent', 291: 'GrapplingHookGun'}
ATTR gclient.gameplay.logic_base.entities.combat_avatar.PlayerCombatAvatar.PlaceExplodeEntityTick type=<class 'function'> val=<function CombatAvatarMember.PlaceExplodeEntityTick at 0x0000017010FB2B90>
ATTR gclient.gameplay.logic_base.entities.combat_avatar.PlayerCombatAvatar.PlaceFireWallEntityTick type=<class 'function'> val=<function CombatAvatarMember.PlaceFireWallEntityTick at 0x0000017010FCB5E0>
ATTR gclient.gameplay.logic_base.entities.combat_avatar.PlayerCombatAvatar.PlaceParanoiaEntityTick type=<class 'function'> val=<function CombatAvatarMember.PlaceParanoiaEntityTick at 0x0000017010FB2610>
ATTR gclient.gameplay.logic_base.entities.combat_avatar.PlayerCombatAvatar.PlayExecuteSoundEvent type=<class 'function'> val=<function CombatAvatarMember.PlayExecuteSoundEvent at 0x0000017010ADBE20>
ATTR gclient.gameplay.logic_base.entities.combat_avatar.PlayerCombatAvatar.PlayGeneralSoundEventById type=<class 'function'> val=<function CombatAvatarMember.PlayGeneralSoundEventById at 0x0000017011008250>
ATTR gclient.gameplay.logic_base.entities.combat_avatar.PlayerCombatAvatar.PlayGrapplingHookRopeModelImp_avatar type=<class 'function'> val=<function CombatAvatarMember.PlayGrapplingHookRopeModelImp_avatar at 0x000001700187ADA0>
ATTR gclient.gameplay.logic_base.entities.combat_avatar.PlayerCombatAvatar.PlayGunSoundEventById type=<class 'function'> val=<function CombatAvatarMember.PlayGunSoundEventById at 0x0000017011008460>
ATTR gclient.gameplay.logic_base.entities.combat_avatar.PlayerCombatAvatar.PlayHitSoundEvent type=<class 'function'> val=<function CombatAvatarMember.PlayHitSoundEvent at 0x0000017011008510>
ATTR gclient.gameplay.logic_base.entities.combat_avatar.PlayerCombatAvatar.PlaySoundOnAddOnlyPlayer type=<class 'function'> val=<function PlayerCombatAvatarMember.PlaySoundOnAddOnlyPlayer at 0x0000017010F6B950>
ATTR gclient.gameplay.logic_base.entities.combat_avatar.PlayerCombatAvatar.PlayerCapsuleTriggerCb type=<class 'function'> val=<function PlayerCombatAvatarMember.PlayerCapsuleTriggerCb at 0x00000170111116F0>
ATTR gclient.gameplay.logic_base.entities.combat_avatar.PlayerCombatAvatar.PlayerInputHandle_CancelMedicine type=<class 'function'> val=<function PlayerCombatAvatarMember.PlayerInputHandle_CancelMedicine at 0x0000017010ACBED0>
ATTR gclient.gameplay.logic_base.entities.combat_avatar.PlayerCombatAvatar.PlayerInputHandle_ChangeSkyBoxDown type=<class 'function'> val=<function PlayerCombatAvatarMember.PlayerInputHandle_ChangeSkyBoxDown at 0x0000017010ACB060>
ATTR gclient.gameplay.logic_base.entities.combat_avatar.PlayerCombatAvatar.PlayerInputHandle_ChangeSkyBoxUp type=<class 'function'> val=<function PlayerCombatAvatarMember.PlayerInputHandle_ChangeSkyBoxUp at 0x0000017010ACB110>
ATTR gclient.gameplay.logic_base.entities.combat_avatar.PlayerCombatAvatar.PlayerInputHandle_CheckAndTakeMeleeWeapon type=<class 'function'> val=<function PlayerCombatAvatarMember.PlayerInputHandle_CheckAndTakeMeleeWeapon at 0x0000017010ACADA0>
ATTR gclient.gameplay.logic_base.entities.combat_avatar.PlayerCombatAvatar.PlayerInputHandle_ClosePickUpList type=<class 'function'> val=<function PlayerCombatAvatarMember.PlayerInputHandle_ClosePickUpList at 0x0000017010ACA400>
ATTR gclient.gameplay.logic_base.entities.combat_avatar.PlayerCombatAvatar.PlayerInputHandle_GetInPushVehicle type=<class 'function'> val=<function PlayerCombatAvatarMember.PlayerInputHandle_GetInPushVehicle at 0x0000017010ACB320>
ATTR gclient.gameplay.logic_base.entities.combat_avatar.PlayerCombatAvatar.PlayerInputHandle_GetInVehicle type=<class 'function'> val=<function PlayerCombatAvatarMember.PlayerInputHandle_GetInVehicle at 0x0000017010ACB1C0>
ATTR gclient.gameplay.logic_base.entities.combat_avatar.PlayerCombatAvatar.PlayerInputHandle_GetInVehicleSeat type=<class 'function'> val=<function PlayerCombatAvatarMember.PlayerInputHandle_GetInVehicleSeat at 0x0000017010ACB270>
ATTR gclient.gameplay.logic_base.entities.combat_avatar.PlayerCombatAvatar.PlayerInputHandle_GetOffVehicle type=<class 'function'> val=<function PlayerCombatAvatarMember.PlayerInputHandle_GetOffVehicle at 0x0000017010ACB530>
ATTR gclient.gameplay.logic_base.entities.combat_avatar.PlayerCombatAvatar.PlayerInputHandle_GiveUpForRevive type=<class 'function'> val=<function PlayerCombatAvatarMember.PlayerInputHandle_GiveUpForRevive at 0x0000017010ACB690>
ATTR gclient.gameplay.logic_base.entities.combat_avatar.PlayerCombatAvatar.PlayerInputHandle_GiveUpForReviveEnd type=<class 'function'> val=<function PlayerCombatAvatarMember.PlayerInputHandle_GiveUpForReviveEnd at 0x0000017010ACB740>
ATTR gclient.gameplay.logic_base.entities.combat_avatar.PlayerCombatAvatar.PlayerInputHandle_InteractiveUIAction type=<class 'function'> val=<function PlayerCombatAvatarMember.PlayerInputHandle_InteractiveUIAction at 0x0000017010ACB950>
ATTR gclient.gameplay.logic_base.entities.combat_avatar.PlayerCombatAvatar.PlayerInputHandle_InteractiveUIAction_End type=<class 'function'> val=<function PlayerCombatAvatarMember.PlayerInputHandle_InteractiveUIAction_End at 0x0000017010ACB480>
ATTR gclient.gameplay.logic_base.entities.combat_avatar.PlayerCombatAvatar.PlayerInputHandle_InteractiveUIAction_Start type=<class 'function'> val=<function PlayerCombatAvatarMember.PlayerInputHandle_InteractiveUIAction_Start at 0x0000017010ACB3D0>
ATTR gclient.gameplay.logic_base.entities.combat_avatar.PlayerCombatAvatar.PlayerInputHandle_LeanOutVehicle type=<class 'function'> val=<function PlayerCombatAvatarMember.PlayerInputHandle_LeanOutVehicle at 0x0000017010ACB7F0>
ATTR gclient.gameplay.logic_base.entities.combat_avatar.PlayerCombatAvatar.PlayerInputHandle_OnCancelLoadingBar type=<class 'function'> val=<function PlayerCombatAvatarMember.PlayerInputHandle_OnCancelLoadingBar at 0x0000017010ACB8A0>
ATTR gclient.gameplay.logic_base.entities.combat_avatar.PlayerCombatAvatar.PlayerInputHandle_OnClickMark type=<class 'function'> val=<function PlayerCombatAvatarMember.PlayerInputHandle_OnClickMark at 0x0000017010ACA4B0>
ATTR gclient.gameplay.logic_base.entities.combat_avatar.PlayerCombatAvatar.PlayerInputHandle_OnClickMarkDouble type=<class 'function'> val=<function PlayerCombatAvatarMember.PlayerInputHandle_OnClickMarkDouble at 0x0000017010ACA6C0>
ATTR gclient.gameplay.logic_base.entities.combat_avatar.PlayerCombatAvatar.PlayerInputHandle_OnEnterAds type=<class 'function'> val=<function _HotfixJurenFlyGamepadOnEnterAds at 0x0000017013345FE0>
ATTR gclient.gameplay.logic_base.entities.combat_avatar.PlayerCombatAvatar.PlayerInputHandle_OnExitAds type=<class 'function'> val=<function _HotfixJurenFlyGamepadOnExitAds at 0x0000017013346090>
ATTR gclient.gameplay.logic_base.entities.combat_avatar.PlayerCombatAvatar.PlayerInputHandle_OnLongMarkDown type=<class 'function'> val=<function PlayerCombatAvatarMember.PlayerInputHandle_OnLongMarkDown at 0x0000017010ACA560>
ATTR gclient.gameplay.logic_base.entities.combat_avatar.PlayerCombatAvatar.PlayerInputHandle_OnLongMarkUp type=<class 'function'> val=<function PlayerCombatAvatarMember.PlayerInputHandle_OnLongMarkUp at 0x0000017010ACA610>
ATTR gclient.gameplay.logic_base.entities.combat_avatar.PlayerCombatAvatar.PlayerInputHandle_OnLongMedikitItemDown type=<class 'function'> val=<function PlayerCombatAvatarMember.PlayerInputHandle_OnLongMedikitItemDown at 0x0000017010ACA8D0>
ATTR gclient.gameplay.logic_base.entities.combat_avatar.PlayerCombatAvatar.PlayerInputHandle_OnLongMedikitItemUp type=<class 'function'> val=<function PlayerCombatAvatarMember.PlayerInputHandle_OnLongMedikitItemUp at 0x0000017010ACA980>
ATTR gclient.gameplay.logic_base.entities.combat_avatar.PlayerCombatAvatar.PlayerInputHandle_OnLongMenuDown type=<class 'function'> val=<function PlayerCombatAvatarMember.PlayerInputHandle_OnLongMenuDown at 0x0000017010ACB5E0>
ATTR gclient.gameplay.logic_base.entities.combat_avatar.PlayerCombatAvatar.PlayerInputHandle_OnLongThrowableWeaponDown type=<class 'function'> val=<function PlayerCombatAvatarMember.PlayerInputHandle_OnLongThrowableWeaponDown at 0x0000017010ACAB90>
ATTR gclient.gameplay.logic_base.entities.combat_avatar.PlayerCombatAvatar.PlayerInputHandle_OnLongThrowableWeaponUp type=<class 'function'> val=<function PlayerCombatAvatarMember.PlayerInputHandle_OnLongThrowableWeaponUp at 0x0000017010ACAC40>
ATTR gclient.gameplay.logic_base.entities.combat_avatar.PlayerCombatAvatar.PlayerInputHandle_OnMedikitItemUp type=<class 'function'> val=<function PlayerCombatAvatarMember.PlayerInputHandle_OnMedikitItemUp at 0x0000017010ACA770>
ATTR gclient.gameplay.logic_base.entities.combat_avatar.PlayerCombatAvatar.PlayerInputHandle_OnOpenBackpack type=<class 'function'> val=<function PlayerCombatAvatarMember.PlayerInputHandle_OnOpenBackpack at 0x0000017010ACBE20>
ATTR gclient.gameplay.logic_base.entities.combat_avatar.PlayerCombatAvatar.PlayerInputHandle_OnPlayerAttackForMouseL type=<class 'function'> val=<function PlayerCombatAvatarMember.PlayerInputHandle_OnPlayerAttackForMouseL at 0x0000017010ABE8D0>
ATTR gclient.gameplay.logic_base.entities.combat_avatar.PlayerCombatAvatar.PlayerInputHandle_OnPlayerDualFireEndForMouseR type=<class 'function'> val=<function PlayerCombatAvatarMember.PlayerInputHandle_OnPlayerDualFireEndForMouseR at 0x0000017010AC9BC0>
ATTR gclient.gameplay.logic_base.entities.combat_avatar.PlayerCombatAvatar.PlayerInputHandle_OnPlayerDualFireForMouseR type=<class 'function'> val=<function PlayerCombatAvatarMember.PlayerInputHandle_OnPlayerDualFireForMouseR at 0x0000017010AC9900>
ATTR gclient.gameplay.logic_base.entities.combat_avatar.PlayerCombatAvatar.PlayerInputHandle_OnPlayerEndAttackForMouseL type=<class 'function'> val=<function PlayerCombatAvatarMember.PlayerInputHandle_OnPlayerEndAttackForMouseL at 0x0000017010ABEB90>
ATTR gclient.gameplay.logic_base.entities.combat_avatar.PlayerCombatAvatar.PlayerInputHandle_OnReload type=<class 'function'> val=<function PlayerCombatAvatarMember.PlayerInputHandle_OnReload at 0x0000017010ACA140>
ATTR gclient.gameplay.logic_base.entities.combat_avatar.PlayerCombatAvatar.PlayerInputHandle_OnReloadRelease type=<class 'function'> val=<function PlayerCombatAvatarMember.PlayerInputHandle_OnReloadRelease at 0x0000017010ACA1F0>
ATTR gclient.gameplay.logic_base.entities.combat_avatar.PlayerCombatAvatar.PlayerInputHandle_OnScrollChangeGun type=<class 'function'> val=<function PlayerCombatAvatarMember.PlayerInputHandle_OnScrollChangeGun at 0x0000017010ACACF0>
ATTR gclient.gameplay.logic_base.entities.combat_avatar.PlayerCombatAvatar.PlayerInputHandle_OnThrowableWeaponUp type=<class 'function'> val=<function PlayerCombatAvatarMember.PlayerInputHandle_OnThrowableWeaponUp at 0x0000017010ACAA30>
ATTR gclient.gameplay.logic_base.entities.combat_avatar.PlayerCombatAvatar.PlayerInputHandle_OnVehicleBackwardEnd type=<class 'function'> val=<function PlayerCombatAvatarMember.PlayerInputHandle_OnVehicleBackwardEnd at 0x0000017010ACA090>
ATTR gclient.gameplay.logic_base.entities.combat_avatar.PlayerCombatAvatar.PlayerInputHandle_OnVehicleBackwardStart type=<class 'function'> val=<function PlayerCombatAvatarMember.PlayerInputHandle_OnVehicleBackwardStart at 0x0000017010AC9FE0>
ATTR gclient.gameplay.logic_base.entities.combat_avatar.PlayerCombatAvatar.PlayerInputHandle_OnVehicleForwardEnd type=<class 'function'> val=<function PlayerCombatAvatarMember.PlayerInputHandle_OnVehicleForwardEnd at 0x0000017010AC9F30>
ATTR gclient.gameplay.logic_base.entities.combat_avatar.PlayerCombatAvatar.PlayerInputHandle_OnVehicleForwardStart type=<class 'function'> val=<function PlayerCombatAvatarMember.PlayerInputHandle_OnVehicleForwardStart at 0x0000017010AC9E80>
ATTR gclient.gameplay.logic_base.entities.combat_avatar.PlayerCombatAvatar.PlayerInputHandle_OnVehicleJoystickMove type=<class 'function'> val=<function PlayerCombatAvatarMember.PlayerInputHandle_OnVehicleJoystickMove at 0x0000017010AC9DD0>
ATTR gclient.gameplay.logic_base.entities.combat_avatar.PlayerCombatAvatar.PlayerInputHandle_OpenEmoteWheelDown type=<class 'function'> val=<function PlayerCombatAvatarMember.PlayerInputHandle_OpenEmoteWheelDown at 0x0000017010ACAF00>
ATTR gclient.gameplay.logic_base.entities.combat_avatar.PlayerCombatAvatar.PlayerInputHandle_OpenEmoteWheelUp type=<class 'function'> val=<function PlayerCombatAvatarMember.PlayerInputHandle_OpenEmoteWheelUp at 0x0000017010ACAFB0>
ATTR gclient.gameplay.logic_base.entities.combat_avatar.PlayerCombatAvatar.PlayerInputHandle_OpenPickUpList type=<class 'function'> val=<function PlayerCombatAvatarMember.PlayerInputHandle_OpenPickUpList at 0x0000017010ACA350>
ATTR gclient.gameplay.logic_base.entities.combat_avatar.PlayerCombatAvatar.PlayerInputHandle_PickupItem type=<class 'function'> val=<function PlayerCombatAvatarMember.PlayerInputHandle_PickupItem at 0x0000017010ACBCC0>
ATTR gclient.gameplay.logic_base.entities.combat_avatar.PlayerCombatAvatar.PlayerInputHandle_QuickBuyRequest type=<class 'function'> val=<function PlayerCombatAvatarMember.PlayerInputHandle_QuickBuyRequest at 0x0000017010ACBAB0>
ATTR gclient.gameplay.logic_base.entities.combat_avatar.PlayerCombatAvatar.PlayerInputHandle_QuickBuyTeammate type=<class 'function'> val=<function PlayerCombatAvatarMember.PlayerInputHandle_QuickBuyTeammate at 0x0000017010ACBA00>
ATTR gclient.gameplay.logic_base.entities.combat_avatar.PlayerCombatAvatar.PlayerInputHandle_StartInspection type=<class 'function'> val=<function PlayerCombatAvatarMember.PlayerInputHandle_StartInspection at 0x0000017010ACA2A0>
ATTR gclient.gameplay.logic_base.entities.combat_avatar.PlayerCombatAvatar.PlayerInput_AcceptReserve type=<class 'function'> val=<function PlayerCombatAvatarMember.PlayerInput_AcceptReserve at 0x0000017010ABC3B0>
ATTR gclient.gameplay.logic_base.entities.combat_avatar.PlayerCombatAvatar.PlayerInput_AskHelp type=<class 'function'> val=<function PlayerCombatAvatarMember.PlayerInput_AskHelp at 0x0000017010ABCBF0>
ATTR gclient.gameplay.logic_base.entities.combat_avatar.PlayerCombatAvatar.PlayerInput_BalanceAnnouncement type=<class 'function'> val=<function PlayerCombatAvatarMember.PlayerInput_BalanceAnnouncement at 0x0000017010ABE4B0>
ATTR gclient.gameplay.logic_base.entities.combat_avatar.PlayerCombatAvatar.PlayerInput_CancelExecution type=<class 'function'> val=<function PlayerCombatAvatarMember.PlayerInput_CancelExecution at 0x0000017010ABCB40>
ATTR gclient.gameplay.logic_base.entities.combat_avatar.PlayerCombatAvatar.PlayerInput_CancelMedicine type=<class 'function'> val=<function PlayerCombatAvatarMember.PlayerInput_CancelMedicine at 0x0000017010ABC040>
ATTR gclient.gameplay.logic_base.entities.combat_avatar.PlayerCombatAvatar.PlayerInput_CancelSelfHelp type=<class 'function'> val=<function PlayerCombatAvatarMember.PlayerInput_CancelSelfHelp at 0x0000017010ABC9E0>
ATTR gclient.gameplay.logic_base.entities.combat_avatar.PlayerCombatAvatar.PlayerInput_ChangeSeatOnVehicle type=<class 'function'> val=<function PlayerCombatAvatarMember.PlayerInput_ChangeSeatOnVehicle at 0x0000017010AB8BF0>
ATTR gclient.gameplay.logic_base.entities.combat_avatar.PlayerCombatAvatar.PlayerInput_ChangeSkyBoxDown type=<class 'function'> val=<function PlayerCombatAvatarMember.PlayerInput_ChangeSkyBoxDown at 0x0000017010ABB690>
ATTR gclient.gameplay.logic_base.entities.combat_avatar.PlayerCombatAvatar.PlayerInput_ChangeSkyBoxUp type=<class 'function'> val=<function PlayerCombatAvatarMember.PlayerInput_ChangeSkyBoxUp at 0x0000017010ABB740>
ATTR gclient.gameplay.logic_base.entities.combat_avatar.PlayerCombatAvatar.PlayerInput_CheckAndTakeMeleeWeapon type=<class 'function'> val=<function PlayerCombatAvatarMember.PlayerInput_CheckAndTakeMeleeWeapon at 0x0000017010AB5D20>
ATTR gclient.gameplay.logic_base.entities.combat_avatar.PlayerCombatAvatar.PlayerInput_CloseGameIntroduction type=<class 'function'> val=<function PlayerCombatAvatarMember.PlayerInput_CloseGameIntroduction at 0x0000017010AB8510>
ATTR gclient.gameplay.logic_base.entities.combat_avatar.PlayerCombatAvatar.PlayerInput_ClosePickUpReplace type=<class 'function'> val=<function PlayerCombatAvatarMember.PlayerInput_ClosePickUpReplace at 0x0000017010ABD640>
ATTR gclient.gameplay.logic_base.entities.combat_avatar.PlayerCombatAvatar.PlayerInput_DroneCureSelf type=<class 'function'> val=<function PlayerCombatAvatarMember.PlayerInput_DroneCureSelf at 0x0000017010ABDA60>
ATTR gclient.gameplay.logic_base.entities.combat_avatar.PlayerCombatAvatar.PlayerInput_DroneDown type=<class 'function'> val=<function PlayerCombatAvatarMember.PlayerInput_DroneDown at 0x0000017010ABACF0>
ATTR gclient.gameplay.logic_base.entities.combat_avatar.PlayerCombatAvatar.PlayerInput_DroneDownEnd type=<class 'function'> val=<function PlayerCombatAvatarMember.PlayerInput_DroneDownEnd at 0x0000017010ABADA0>
ATTR gclient.gameplay.logic_base.entities.combat_avatar.PlayerCombatAvatar.PlayerInput_DroneUp type=<class 'function'> val=<function PlayerCombatAvatarMember.PlayerInput_DroneUp at 0x0000017010ABAB90>
ATTR gclient.gameplay.logic_base.entities.combat_avatar.PlayerCombatAvatar.PlayerInput_DroneUpEnd type=<class 'function'> val=<function PlayerCombatAvatarMember.PlayerInput_DroneUpEnd at 0x0000017010ABAC40>
ATTR gclient.gameplay.logic_base.entities.combat_avatar.PlayerCombatAvatar.PlayerInput_EmptyDown type=<class 'function'> val=<function PlayerCombatAvatarMember.PlayerInput_EmptyDown at 0x0000017010ABD850>
ATTR gclient.gameplay.logic_base.entities.combat_avatar.PlayerCombatAvatar.PlayerInput_EmptyUp type=<class 'function'> val=<function PlayerCombatAvatarMember.PlayerInput_EmptyUp at 0x0000017010ABD900>
ATTR gclient.gameplay.logic_base.entities.combat_avatar.PlayerCombatAvatar.PlayerInput_Execution type=<class 'function'> val=<function PlayerCombatAvatarMember.PlayerInput_Execution at 0x0000017010ABB320>
ATTR gclient.gameplay.logic_base.entities.combat_avatar.PlayerCombatAvatar.PlayerInput_FireWallModeChange type=<class 'function'> val=<function PlayerCombatAvatarMember.PlayerInput_FireWallModeChange at 0x0000017010AB8930>
ATTR gclient.gameplay.logic_base.entities.combat_avatar.PlayerCombatAvatar.PlayerInput_FpsExecution type=<class 'function'> val=<function PlayerCombatAvatarMember.PlayerInput_FpsExecution at 0x0000017010ABE350>
ATTR gclient.gameplay.logic_base.entities.combat_avatar.PlayerCombatAvatar.PlayerInput_GameplayInstructions type=<class 'function'> val=<function PlayerCombatAvatarMember.PlayerInput_GameplayInstructions at 0x0000017010ABE400>
ATTR gclient.gameplay.logic_base.entities.combat_avatar.PlayerCombatAvatar.PlayerInput_GetOffVehicle type=<class 'function'> val=<function PlayerCombatAvatarMember.PlayerInput_GetOffVehicle at 0x0000017010AB8B40>
ATTR gclient.gameplay.logic_base.entities.combat_avatar.PlayerCombatAvatar.PlayerInput_GiveUpForRevive type=<class 'function'> val=<function PlayerCombatAvatarMember.PlayerInput_GiveUpForRevive at 0x0000017010ABC670>
ATTR gclient.gameplay.logic_base.entities.combat_avatar.PlayerCombatAvatar.PlayerInput_GiveUpForReviveEnd type=<class 'function'> val=<function PlayerCombatAvatarMember.PlayerInput_GiveUpForReviveEnd at 0x0000017010ABC720>
ATTR gclient.gameplay.logic_base.entities.combat_avatar.PlayerCombatAvatar.PlayerInput_HelicopterDown type=<class 'function'> val=<function PlayerCombatAvatarMember.PlayerInput_HelicopterDown at 0x0000017010ABBE20>
ATTR gclient.gameplay.logic_base.entities.combat_avatar.PlayerCombatAvatar.PlayerInput_HelicopterDownEnd type=<class 'function'> val=<function PlayerCombatAvatarMember.PlayerInput_HelicopterDownEnd at 0x0000017010ABBED0>
ATTR gclient.gameplay.logic_base.entities.combat_avatar.PlayerCombatAvatar.PlayerInput_HelicopterUp type=<class 'function'> val=<function PlayerCombatAvatarMember.PlayerInput_HelicopterUp at 0x0000017010ABBCC0>
ATTR gclient.gameplay.logic_base.entities.combat_avatar.PlayerCombatAvatar.PlayerInput_HelicopterUpEnd type=<class 'function'> val=<function PlayerCombatAvatarMember.PlayerInput_HelicopterUpEnd at 0x0000017010ABBD70>
ATTR gclient.gameplay.logic_base.entities.combat_avatar.PlayerCombatAvatar.PlayerInput_HighlightMomentShare type=<class 'function'> val=<function PlayerCombatAvatarMember.PlayerInput_HighlightMomentShare at 0x0000017010ABE560>
ATTR gclient.gameplay.logic_base.entities.combat_avatar.PlayerCombatAvatar.PlayerInput_InGameShortMsg type=<class 'function'> val=<function PlayerCombatAvatarMember.PlayerInput_InGameShortMsg at 0x0000017010AB8460>
ATTR gclient.gameplay.logic_base.entities.combat_avatar.PlayerCombatAvatar.PlayerInput_InteractiveUIAction type=<class 'function'> val=<function PlayerCombatAvatarMember.PlayerInput_InteractiveUIAction at 0x0000017010AB85C0>
ATTR gclient.gameplay.logic_base.entities.combat_avatar.PlayerCombatAvatar.PlayerInput_InteractiveUIAction_End type=<class 'function'> val=<function PlayerCombatAvatarMember.PlayerInput_InteractiveUIAction_End at 0x0000017010AB8720>
ATTR gclient.gameplay.logic_base.entities.combat_avatar.PlayerCombatAvatar.PlayerInput_InteractiveUIAction_Start type=<class 'function'> val=<function PlayerCombatAvatarMember.PlayerInput_InteractiveUIAction_Start at 0x0000017010AB8670>
ATTR gclient.gameplay.logic_base.entities.combat_avatar.PlayerCombatAvatar.PlayerInput_JoinDancingField type=<class 'function'> val=<function PlayerCombatAvatarMember.PlayerInput_JoinDancingField at 0x0000017010ABDBC0>
ATTR gclient.gameplay.logic_base.entities.combat_avatar.PlayerCombatAvatar.PlayerInput_LeanOutVehicle type=<class 'function'> val=<function PlayerCombatAvatarMember.PlayerInput_LeanOutVehicle at 0x0000017010AB8A90>
ATTR gclient.gameplay.logic_base.entities.combat_avatar.PlayerCombatAvatar.PlayerInput_LookAroundEnter type=<class 'function'> val=<function PlayerCombatAvatarMember.PlayerInput_LookAroundEnter at 0x0000017010ABD6F0>
ATTR gclient.gameplay.logic_base.entities.combat_avatar.PlayerCombatAvatar.PlayerInput_LookAroundExit type=<class 'function'> val=<function PlayerCombatAvatarMember.PlayerInput_LookAroundExit at 0x0000017010ABD7A0>
ATTR gclient.gameplay.logic_base.entities.combat_avatar.PlayerCombatAvatar.PlayerInput_MinimapLocatePosition type=<class 'function'> val=<function PlayerCombatAvatarMember.PlayerInput_MinimapLocatePosition at 0x0000017010AB89E0>
ATTR gclient.gameplay.logic_base.entities.combat_avatar.PlayerCombatAvatar.PlayerInput_OnBackwardEnd type=<class 'function'> val=<function PlayerCombatAvatarMember.PlayerInput_OnBackwardEnd at 0x0000017010AB94E0>
ATTR gclient.gameplay.logic_base.entities.combat_avatar.PlayerCombatAvatar.PlayerInput_OnBackwardStart type=<class 'function'> val=<function PlayerCombatAvatarMember.PlayerInput_OnBackwardStart at 0x0000017010AB9430>
ATTR gclient.gameplay.logic_base.entities.combat_avatar.PlayerCombatAvatar.PlayerInput_OnCancelItemWheelDown type=<class 'function'> val=<function PlayerCombatAvatarMember.PlayerInput_OnCancelItemWheelDown at 0x0000017010AB71C0>
ATTR gclient.gameplay.logic_base.entities.combat_avatar.PlayerCombatAvatar.PlayerInput_OnCancelItemWheelUp type=<class 'function'> val=<function PlayerCombatAvatarMember.PlayerInput_OnCancelItemWheelUp at 0x0000017010AB7270>
ATTR gclient.gameplay.logic_base.entities.combat_avatar.PlayerCombatAvatar.PlayerInput_OnCancelTotem type=<class 'function'> val=<function PlayerCombatAvatarMember.PlayerInput_OnCancelTotem at 0x0000017010ABE2A0>
ATTR gclient.gameplay.logic_base.entities.combat_avatar.PlayerCombatAvatar.PlayerInput_OnChangeParachuteCameraMode type=<class 'function'> val=<function PlayerCombatAvatarMember.PlayerInput_OnChangeParachuteCameraMode at 0x0000017010ABB1C0>
ATTR gclient.gameplay.logic_base.entities.combat_avatar.PlayerCombatAvatar.PlayerInput_OnClickItemWheelDown type=<class 'function'> val=<function PlayerCombatAvatarMember.PlayerInput_OnClickItemWheelDown at 0x0000017010AB7060>
ATTR gclient.gameplay.logic_base.entities.combat_avatar.PlayerCombatAvatar.PlayerInput_OnClickItemWheelUp type=<class 'function'> val=<function PlayerCombatAvatarMember.PlayerInput_OnClickItemWheelUp at 0x0000017010AB7110>
ATTR gclient.gameplay.logic_base.entities.combat_avatar.PlayerCombatAvatar.PlayerInput_OnCrouchEnd type=<class 'function'> val=<function PlayerCombatAvatarMember.PlayerInput_OnCrouchEnd at 0x0000017010AB5590>
ATTR gclient.gameplay.logic_base.entities.combat_avatar.PlayerCombatAvatar.PlayerInput_OnCrouchOrSlide type=<class 'function'> val=<function PlayerCombatAvatarMember.PlayerInput_OnCrouchOrSlide at 0x0000017010AB5430>
ATTR gclient.gameplay.logic_base.entities.combat_avatar.PlayerCombatAvatar.PlayerInput_OnCrouchStart type=<class 'function'> val=<function PlayerCombatAvatarMember.PlayerInput_OnCrouchStart at 0x0000017010AB54E0>
ATTR gclient.gameplay.logic_base.entities.combat_avatar.PlayerCombatAvatar.PlayerInput_OnDroneBackwardEnd type=<class 'function'> val=<function PlayerCombatAvatarMember.PlayerInput_OnDroneBackwardEnd at 0x0000017010ABA820>
ATTR gclient.gameplay.logic_base.entities.combat_avatar.PlayerCombatAvatar.PlayerInput_OnDroneBackwardStart type=<class 'function'> val=<function PlayerCombatAvatarMember.PlayerInput_OnDroneBackwardStart at 0x0000017010ABA770>
ATTR gclient.gameplay.logic_base.entities.combat_avatar.PlayerCombatAvatar.PlayerInput_OnDroneForwardEnd type=<class 'function'> val=<function PlayerCombatAvatarMember.PlayerInput_OnDroneForwardEnd at 0x0000017010ABA6C0>
ATTR gclient.gameplay.logic_base.entities.combat_avatar.PlayerCombatAvatar.PlayerInput_OnDroneForwardStart type=<class 'function'> val=<function PlayerCombatAvatarMember.PlayerInput_OnDroneForwardStart at 0x0000017010ABA610>
ATTR gclient.gameplay.logic_base.entities.combat_avatar.PlayerCombatAvatar.PlayerInput_OnDroneLeftEnd type=<class 'function'> val=<function PlayerCombatAvatarMember.PlayerInput_OnDroneLeftEnd at 0x0000017010ABA980>
ATTR gclient.gameplay.logic_base.entities.combat_avatar.PlayerCombatAvatar.PlayerInput_OnDroneLeftStart type=<class 'function'> val=<function PlayerCombatAvatarMember.PlayerInput_OnDroneLeftStart at 0x0000017010ABA8D0>
ATTR gclient.gameplay.logic_base.entities.combat_avatar.PlayerCombatAvatar.PlayerInput_OnDroneRightEnd type=<class 'function'> val=<function PlayerCombatAvatarMember.PlayerInput_OnDroneRightEnd at 0x0000017010ABAAE0>
ATTR gclient.gameplay.logic_base.entities.combat_avatar.PlayerCombatAvatar.PlayerInput_OnDroneRightStart type=<class 'function'> val=<function PlayerCombatAvatarMember.PlayerInput_OnDroneRightStart at 0x0000017010ABAA30>
ATTR gclient.gameplay.logic_base.entities.combat_avatar.PlayerCombatAvatar.PlayerInput_OnEnterAds type=<class 'function'> val=<function PlayerCombatAvatarMember.PlayerInput_OnEnterAds at 0x0000017010AB68D0>
ATTR gclient.gameplay.logic_base.entities.combat_avatar.PlayerCombatAvatar.PlayerInput_OnEnterChatDown type=<class 'function'> val=<function PlayerCombatAvatarMember.PlayerInput_OnEnterChatDown at 0x0000017010ABC250>
ATTR gclient.gameplay.logic_base.entities.combat_avatar.PlayerCombatAvatar.PlayerInput_OnEnterChatUp type=<class 'function'> val=<function PlayerCombatAvatarMember.PlayerInput_OnEnterChatUp at 0x0000017010ABC300>
ATTR gclient.gameplay.logic_base.entities.combat_avatar.PlayerCombatAvatar.PlayerInput_OnExitAds type=<class 'function'> val=<function PlayerCombatAvatarMember.PlayerInput_OnExitAds at 0x0000017010AB6980>
ATTR gclient.gameplay.logic_base.entities.combat_avatar.PlayerCombatAvatar.PlayerInput_OnForwardEnd type=<class 'function'> val=<function PlayerCombatAvatarMember.PlayerInput_OnForwardEnd at 0x0000017010AB9380>
ATTR gclient.gameplay.logic_base.entities.combat_avatar.PlayerCombatAvatar.PlayerInput_OnForwardStart type=<class 'function'> val=<function PlayerCombatAvatarMember.PlayerInput_OnForwardStart at 0x0000017010AB92D0>
ATTR gclient.gameplay.logic_base.entities.combat_avatar.PlayerCombatAvatar.PlayerInput_OnGrapplinghookJump type=<class 'function'> val=<function PlayerCombatAvatarMember.PlayerInput_OnGrapplinghookJump at 0x0000017010ABDD20>
ATTR gclient.gameplay.logic_base.entities.combat_avatar.PlayerCombatAvatar.PlayerInput_OnGrapplinghookUseDown type=<class 'function'> val=<function PlayerInput_OnGrapplinghookUseDown_804579 at 0x000001709FD475E0>
ATTR gclient.gameplay.logic_base.entities.combat_avatar.PlayerCombatAvatar.PlayerInput_OnGrapplinghookUseUp type=<class 'function'> val=<function PlayerCombatAvatarMember.PlayerInput_OnGrapplinghookUseUp at 0x0000017010AB7CC0>
ATTR gclient.gameplay.logic_base.entities.combat_avatar.PlayerCombatAvatar.PlayerInput_OnInspection type=<class 'function'> val=<function PlayerCombatAvatarMember.PlayerInput_OnInspection at 0x0000017010AB6400>
ATTR gclient.gameplay.logic_base.entities.combat_avatar.PlayerCombatAvatar.PlayerInput_OnJump type=<class 'function'> val=<function PlayerCombatAvatarMember.PlayerInput_OnJump at 0x0000017010AB57A0>
ATTR gclient.gameplay.logic_base.entities.combat_avatar.PlayerCombatAvatar.PlayerInput_OnJumpCheck type=<class 'function'> val=<function PlayerCombatAvatarMember.PlayerInput_OnJumpCheck at 0x0000017010AB56F0>
ATTR gclient.gameplay.logic_base.entities.combat_avatar.PlayerCombatAvatar.PlayerInput_OnLeftEnd type=<class 'function'> val=<function PlayerCombatAvatarMember.PlayerInput_OnLeftEnd at 0x0000017010AB9640>
ATTR gclient.gameplay.logic_base.entities.combat_avatar.PlayerCombatAvatar.PlayerInput_OnLeftStart type=<class 'function'> val=<function PlayerCombatAvatarMember.PlayerInput_OnLeftStart at 0x0000017010AB9590>
ATTR gclient.gameplay.logic_base.entities.combat_avatar.PlayerCombatAvatar.PlayerInput_OnMedikitItemDown type=<class 'function'> val=<function PlayerCombatAvatarMember.PlayerInput_OnMedikitItemDown at 0x0000017010AB75E0>
ATTR gclient.gameplay.logic_base.entities.combat_avatar.PlayerCombatAvatar.PlayerInput_OnMedikitItemUp type=<class 'function'> val=<function PlayerCombatAvatarMember.PlayerInput_OnMedikitItemUp at 0x0000017010AB7690>
ATTR gclient.gameplay.logic_base.entities.combat_avatar.PlayerCombatAvatar.PlayerInput_OnMeleeAttackEnd type=<class 'function'> val=<function PlayerCombatAvatarMember.PlayerInput_OnMeleeAttackEnd at 0x0000017010AB8880>
ATTR gclient.gameplay.logic_base.entities.combat_avatar.PlayerCombatAvatar.PlayerInput_OnMeleeAttackStart type=<class 'function'> val=<function PlayerCombatAvatarMember.PlayerInput_OnMeleeAttackStart at 0x0000017010AB87D0>
ATTR gclient.gameplay.logic_base.entities.combat_avatar.PlayerCombatAvatar.PlayerInput_OnOpenFastChat type=<class 'function'> val=<function PlayerCombatAvatarMember.PlayerInput_OnOpenFastChat at 0x0000017010ABDE80>
ATTR gclient.gameplay.logic_base.entities.combat_avatar.PlayerCombatAvatar.PlayerInput_OnPlayerAttackForMouseL type=<class 'function'> val=<function PlayerCombatAvatarMember.PlayerInput_OnPlayerAttackForMouseL at 0x0000017010AB64B0>
ATTR gclient.gameplay.logic_base.entities.combat_avatar.PlayerCombatAvatar.PlayerInput_OnPlayerDualFireEndForMouseR type=<class 'function'> val=<function PlayerCombatAvatarMember.PlayerInput_OnPlayerDualFireEndForMouseR at 0x0000017010AB66C0>
ATTR gclient.gameplay.logic_base.entities.combat_avatar.PlayerCombatAvatar.PlayerInput_OnPlayerDualFireForMouseR type=<class 'function'> val=<function PlayerCombatAvatarMember.PlayerInput_OnPlayerDualFireForMouseR at 0x0000017010AB6610>
ATTR gclient.gameplay.logic_base.entities.combat_avatar.PlayerCombatAvatar.PlayerInput_OnPlayerEndAttackForMouseL type=<class 'function'> val=<function PlayerCombatAvatarMember.PlayerInput_OnPlayerEndAttackForMouseL at 0x0000017010AB6560>
ATTR gclient.gameplay.logic_base.entities.combat_avatar.PlayerCombatAvatar.PlayerInput_OnProne type=<class 'function'> val=<function PlayerCombatAvatarMember.PlayerInput_OnProne at 0x0000017010AB5380>
ATTR gclient.gameplay.logic_base.entities.combat_avatar.PlayerCombatAvatar.PlayerInput_OnReload type=<class 'function'> val=<function PlayerCombatAvatarMember.PlayerInput_OnReload at 0x0000017010AB5F30>
ATTR gclient.gameplay.logic_base.entities.combat_avatar.PlayerCombatAvatar.PlayerInput_OnReloadRelease type=<class 'function'> val=<function PlayerCombatAvatarMember.PlayerInput_OnReloadRelease at 0x0000017010AB61F0>
ATTR gclient.gameplay.logic_base.entities.combat_avatar.PlayerCombatAvatar.PlayerInput_OnRequestTotemTransport type=<class 'function'> val=<function PlayerCombatAvatarMember.PlayerInput_OnRequestTotemTransport at 0x0000017010ABE140>
ATTR gclient.gameplay.logic_base.entities.combat_avatar.PlayerCombatAvatar.PlayerInput_OnRequestTotemTransportAlive type=<class 'function'> val=<function PlayerCombatAvatarMember.PlayerInput_OnRequestTotemTransportAlive at 0x0000017010ABE1F0>
ATTR gclient.gameplay.logic_base.entities.combat_avatar.PlayerCombatAvatar.PlayerInput_OnResetPCKeyTips type=<class 'function'> val=<function PlayerCombatAvatarMember.PlayerInput_OnResetPCKeyTips at 0x0000017010ABBC10>
ATTR gclient.gameplay.logic_base.entities.combat_avatar.PlayerCombatAvatar.PlayerInput_OnRightEnd type=<class 'function'> val=<function PlayerCombatAvatarMember.PlayerInput_OnRightEnd at 0x0000017010AB97A0>
ATTR gclient.gameplay.logic_base.entities.combat_avatar.PlayerCombatAvatar.PlayerInput_OnRightStart type=<class 'function'> val=<function PlayerCombatAvatarMember.PlayerInput_OnRightStart at 0x0000017010AB96F0>
ATTR gclient.gameplay.logic_base.entities.combat_avatar.PlayerCombatAvatar.PlayerInput_OnScrollChangeGun type=<class 'function'> val=<function PlayerCombatAvatarMember.PlayerInput_OnScrollChangeGun at 0x0000017010AB5B10>
ATTR gclient.gameplay.logic_base.entities.combat_avatar.PlayerCombatAvatar.PlayerInput_OnScrollPickUpListDown type=<class 'function'> val=<function PlayerCombatAvatarMember.PlayerInput_OnScrollPickUpListDown at 0x0000017010ABB060>
ATTR gclient.gameplay.logic_base.entities.combat_avatar.PlayerCombatAvatar.PlayerInput_OnScrollPickUpListUp type=<class 'function'> val=<function PlayerCombatAvatarMember.PlayerInput_OnScrollPickUpListUp at 0x0000017010ABB110>
ATTR gclient.gameplay.logic_base.entities.combat_avatar.PlayerCombatAvatar.PlayerInput_OnSecondJump type=<class 'function'> val=<function PlayerCombatAvatarMember.PlayerInput_OnSecondJump at 0x0000017010ABDC70>
ATTR gclient.gameplay.logic_base.entities.combat_avatar.PlayerCombatAvatar.PlayerInput_OnSecondSkillDown type=<class 'function'> val=<function PlayerCombatAvatarMember.PlayerInput_OnSecondSkillDown at 0x0000017010ABBAB0>
ATTR gclient.gameplay.logic_base.entities.combat_avatar.PlayerCombatAvatar.PlayerInput_OnSecondSkillUp type=<class 'function'> val=<function PlayerCombatAvatarMember.PlayerInput_OnSecondSkillUp at 0x0000017010ABBB60>
ATTR gclient.gameplay.logic_base.entities.combat_avatar.PlayerCombatAvatar.PlayerInput_OnSelectDownMed type=<class 'function'> val=<function PlayerCombatAvatarMember.PlayerInput_OnSelectDownMed at 0x0000017010AB77F0>
ATTR gclient.gameplay.logic_base.entities.combat_avatar.PlayerCombatAvatar.PlayerInput_OnSelectDownThrowable type=<class 'function'> val=<function PlayerCombatAvatarMember.PlayerInput_OnSelectDownThrowable at 0x0000017010AB6FB0>
ATTR gclient.gameplay.logic_base.entities.combat_avatar.PlayerCombatAvatar.PlayerInput_OnSelectTopMed type=<class 'function'> val=<function PlayerCombatAvatarMember.PlayerInput_OnSelectTopMed at 0x0000017010AB7740>
ATTR gclient.gameplay.logic_base.entities.combat_avatar.PlayerCombatAvatar.PlayerInput_OnSelectTopThrowable type=<class 'function'> val=<function PlayerCombatAvatarMember.PlayerInput_OnSelectTopThrowable at 0x0000017010AB6F00>
ATTR gclient.gameplay.logic_base.entities.combat_avatar.PlayerCombatAvatar.PlayerInput_OnSkillMeleeWeapon3UseDown type=<class 'function'> val=<function PlayerCombatAvatarMember.PlayerInput_OnSkillMeleeWeapon3UseDown at 0x0000017010AB7ED0>
ATTR gclient.gameplay.logic_base.entities.combat_avatar.PlayerCombatAvatar.PlayerInput_OnSkillMeleeWeapon3UseUp type=<class 'function'> val=<function PlayerCombatAvatarMember.PlayerInput_OnSkillMeleeWeapon3UseUp at 0x0000017010AB8040>
ATTR gclient.gameplay.logic_base.entities.combat_avatar.PlayerCombatAvatar.PlayerInput_OnSkillWeapon3UseDown type=<class 'function'> val=<function PlayerCombatAvatarMember.PlayerInput_OnSkillWeapon3UseDown at 0x0000017010AB7D70>
ATTR gclient.gameplay.logic_base.entities.combat_avatar.PlayerCombatAvatar.PlayerInput_OnSkillWeapon3UseUp type=<class 'function'> val=<function PlayerCombatAvatarMember.PlayerInput_OnSkillWeapon3UseUp at 0x0000017010AB7E20>
ATTR gclient.gameplay.logic_base.entities.combat_avatar.PlayerCombatAvatar.PlayerInput_OnSkillWeapon4UseDown type=<class 'function'> val=<function PlayerCombatAvatarMember.PlayerInput_OnSkillWeapon4UseDown at 0x0000017010AB80F0>
ATTR gclient.gameplay.logic_base.entities.combat_avatar.PlayerCombatAvatar.PlayerInput_OnSkillWeapon4UseUp type=<class 'function'> val=<function PlayerCombatAvatarMember.PlayerInput_OnSkillWeapon4UseUp at 0x0000017010AB81A0>
ATTR gclient.gameplay.logic_base.entities.combat_avatar.PlayerCombatAvatar.PlayerInput_OnSkillWeaponUseDown type=<class 'function'> val=<function PlayerCombatAvatarMember.PlayerInput_OnSkillWeaponUseDown at 0x0000017010AB78A0>
ATTR gclient.gameplay.logic_base.entities.combat_avatar.PlayerCombatAvatar.PlayerInput_OnSkillWeaponUseUp type=<class 'function'> val=<function PlayerCombatAvatarMember.PlayerInput_OnSkillWeaponUseUp at 0x0000017010AB7950>
ATTR gclient.gameplay.logic_base.entities.combat_avatar.PlayerCombatAvatar.PlayerInput_OnSlide type=<class 'function'> val=<function PlayerCombatAvatarMember.PlayerInput_OnSlide at 0x0000017010AB5640>
ATTR gclient.gameplay.logic_base.entities.combat_avatar.PlayerCombatAvatar.PlayerInput_OnSpikeTransfer type=<class 'function'> val=<function PlayerCombatAvatarMember.PlayerInput_OnSpikeTransfer at 0x0000017010ABDDD0>
ATTR gclient.gameplay.logic_base.entities.combat_avatar.PlayerCombatAvatar.PlayerInput_OnSprint type=<class 'function'> val=<function PlayerCombatAvatarMember.PlayerInput_OnSprint at 0x0000017010AB52D0>
ATTR gclient.gameplay.logic_base.entities.combat_avatar.PlayerCombatAvatar.PlayerInput_OnStartHorn type=<class 'function'> val=<function PlayerCombatAvatarMember.PlayerInput_OnStartHorn at 0x0000017010AB8CA0>
ATTR gclient.gameplay.logic_base.entities.combat_avatar.PlayerCombatAvatar.PlayerInput_OnStopHorn type=<class 'function'> val=<function PlayerCombatAvatarMember.PlayerInput_OnStopHorn at 0x0000017010AB8D50>
ATTR gclient.gameplay.logic_base.entities.combat_avatar.PlayerCombatAvatar.PlayerInput_OnSupportWeaponUse type=<class 'function'> val=<function PlayerCombatAvatarMember.PlayerInput_OnSupportWeaponUse at 0x0000017010AB8F60>
ATTR gclient.gameplay.logic_base.entities.combat_avatar.PlayerCombatAvatar.PlayerInput_OnSwitchFireWallMode type=<class 'function'> val=<function PlayerCombatAvatarMember.PlayerInput_OnSwitchFireWallMode at 0x0000017010ABD9B0>
ATTR gclient.gameplay.logic_base.entities.combat_avatar.PlayerCombatAvatar.PlayerInput_OnTakeMainGunWeapon type=<class 'function'> val=<function PlayerCombatAvatarMember.PlayerInput_OnTakeMainGunWeapon at 0x0000017010AB5BC0>
ATTR gclient.gameplay.logic_base.entities.combat_avatar.PlayerCombatAvatar.PlayerInput_OnTakePanPan type=<class 'function'> val=<function PlayerCombatAvatarMember.PlayerInput_OnTakePanPan at 0x0000017010ABDFE0>
ATTR gclient.gameplay.logic_base.entities.combat_avatar.PlayerCombatAvatar.PlayerInput_OnTakeSubGunWeapon type=<class 'function'> val=<function PlayerCombatAvatarMember.PlayerInput_OnTakeSubGunWeapon at 0x0000017010AB5C70>
ATTR gclient.gameplay.logic_base.entities.combat_avatar.PlayerCombatAvatar.PlayerInput_OnThrowableWeaponDown type=<class 'function'> val=<function PlayerCombatAvatarMember.PlayerInput_OnThrowableWeaponDown at 0x0000017010AB6DA0>
ATTR gclient.gameplay.logic_base.entities.combat_avatar.PlayerCombatAvatar.PlayerInput_OnThrowableWeaponUp type=<class 'function'> val=<function PlayerCombatAvatarMember.PlayerInput_OnThrowableWeaponUp at 0x0000017010AB6E50>
ATTR gclient.gameplay.logic_base.entities.combat_avatar.PlayerCombatAvatar.PlayerInput_OnToggleFpsMode type=<class 'function'> val=<function PlayerCombatAvatarMember.PlayerInput_OnToggleFpsMode at 0x0000017010AB9010>
ATTR gclient.gameplay.logic_base.entities.combat_avatar.PlayerCombatAvatar.PlayerInput_OnUseArmor type=<class 'function'> val=<function PlayerCombatAvatarMember.PlayerInput_OnUseArmor at 0x0000017010AB6A30>
ATTR gclient.gameplay.logic_base.entities.combat_avatar.PlayerCombatAvatar.PlayerInput_OnUseFastChat type=<class 'function'> val=<function PlayerCombatAvatarMember.PlayerInput_OnUseFastChat at 0x0000017010ABDF30>
ATTR gclient.gameplay.logic_base.entities.combat_avatar.PlayerCombatAvatar.PlayerInput_OnUseSpecialSkill type=<class 'function'> val=<function PlayerCombatAvatarMember.PlayerInput_OnUseSpecialSkill at 0x0000017010AB8250>
ATTR gclient.gameplay.logic_base.entities.combat_avatar.PlayerCombatAvatar.PlayerInput_OnVehicleBackwardEnd type=<class 'function'> val=<function PlayerCombatAvatarMember.PlayerInput_OnVehicleBackwardEnd at 0x0000017010AB9C70>
ATTR gclient.gameplay.logic_base.entities.combat_avatar.PlayerCombatAvatar.PlayerInput_OnVehicleBackwardStart type=<class 'function'> val=<function PlayerCombatAvatarMember.PlayerInput_OnVehicleBackwardStart at 0x0000017010AB9BC0>
ATTR gclient.gameplay.logic_base.entities.combat_avatar.PlayerCombatAvatar.PlayerInput_OnVehicleForwardEnd type=<class 'function'> val=<function PlayerCombatAvatarMember.PlayerInput_OnVehicleForwardEnd at 0x0000017010AB9B10>
ATTR gclient.gameplay.logic_base.entities.combat_avatar.PlayerCombatAvatar.PlayerInput_OnVehicleForwardStart type=<class 'function'> val=<function PlayerCombatAvatarMember.PlayerInput_OnVehicleForwardStart at 0x0000017010AB9A60>
ATTR gclient.gameplay.logic_base.entities.combat_avatar.PlayerCombatAvatar.PlayerInput_OnVehicleHandBrakeEnd type=<class 'function'> val=<function PlayerCombatAvatarMember.PlayerInput_OnVehicleHandBrakeEnd at 0x0000017010ABA090>
ATTR gclient.gameplay.logic_base.entities.combat_avatar.PlayerCombatAvatar.PlayerInput_OnVehicleHandBrakeStart type=<class 'function'> val=<function PlayerCombatAvatarMember.PlayerInput_OnVehicleHandBrakeStart at 0x0000017010AB9FE0>
ATTR gclient.gameplay.logic_base.entities.combat_avatar.PlayerCombatAvatar.PlayerInput_OnVehicleLeftEnd type=<class 'function'> val=<function PlayerCombatAvatarMember.PlayerInput_OnVehicleLeftEnd at 0x0000017010AB9DD0>
ATTR gclient.gameplay.logic_base.entities.combat_avatar.PlayerCombatAvatar.PlayerInput_OnVehicleLeftStart type=<class 'function'> val=<function PlayerCombatAvatarMember.PlayerInput_OnVehicleLeftStart at 0x0000017010AB9D20>
ATTR gclient.gameplay.logic_base.entities.combat_avatar.PlayerCombatAvatar.PlayerInput_OnVehiclePitchDownEnd type=<class 'function'> val=<function PlayerCombatAvatarMember.PlayerInput_OnVehiclePitchDownEnd at 0x0000017010ABA400>
ATTR gclient.gameplay.logic_base.entities.combat_avatar.PlayerCombatAvatar.PlayerInput_OnVehiclePitchDownStart type=<class 'function'> val=<function PlayerCombatAvatarMember.PlayerInput_OnVehiclePitchDownStart at 0x0000017010ABA350>
ATTR gclient.gameplay.logic_base.entities.combat_avatar.PlayerCombatAvatar.PlayerInput_OnVehiclePitchUpEnd type=<class 'function'> val=<function PlayerCombatAvatarMember.PlayerInput_OnVehiclePitchUpEnd at 0x0000017010ABA2A0>
ATTR gclient.gameplay.logic_base.entities.combat_avatar.PlayerCombatAvatar.PlayerInput_OnVehiclePitchUpStart type=<class 'function'> val=<function PlayerCombatAvatarMember.PlayerInput_OnVehiclePitchUpStart at 0x0000017010ABA1F0>
ATTR gclient.gameplay.logic_base.entities.combat_avatar.PlayerCombatAvatar.PlayerInput_OnVehicleResetOverturned type=<class 'function'> val=<function PlayerCombatAvatarMember.PlayerInput_OnVehicleResetOverturned at 0x0000017010AB8E00>
ATTR gclient.gameplay.logic_base.entities.combat_avatar.PlayerCombatAvatar.PlayerInput_OnVehicleRightEnd type=<class 'function'> val=<function PlayerCombatAvatarMember.PlayerInput_OnVehicleRightEnd at 0x0000017010AB9F30>
ATTR gclient.gameplay.logic_base.entities.combat_avatar.PlayerCombatAvatar.PlayerInput_OnVehicleRightStart type=<class 'function'> val=<function PlayerCombatAvatarMember.PlayerInput_OnVehicleRightStart at 0x0000017010AB9E80>
ATTR gclient.gameplay.logic_base.entities.combat_avatar.PlayerCombatAvatar.PlayerInput_OpenClosePickUpList type=<class 'function'> val=<function PlayerCombatAvatarMember.PlayerInput_OpenClosePickUpList at 0x0000017010ABAFB0>
ATTR gclient.gameplay.logic_base.entities.combat_avatar.PlayerCombatAvatar.PlayerInput_OpenEmoteWheelDown type=<class 'function'> val=<function PlayerCombatAvatarMember.PlayerInput_OpenEmoteWheelDown at 0x0000017010ABB480>
ATTR gclient.gameplay.logic_base.entities.combat_avatar.PlayerCombatAvatar.PlayerInput_OpenEmoteWheelUp type=<class 'function'> val=<function PlayerCombatAvatarMember.PlayerInput_OpenEmoteWheelUp at 0x0000017010ABB530>
ATTR gclient.gameplay.logic_base.entities.combat_avatar.PlayerCombatAvatar.PlayerInput_OpenSetting type=<class 'function'> val=<function PlayerCombatAvatarMember.PlayerInput_OpenSetting at 0x0000017010ABB270>
ATTR gclient.gameplay.logic_base.entities.combat_avatar.PlayerCombatAvatar.PlayerInput_PickupItem type=<class 'function'> val=<function PlayerCombatAvatarMember.PlayerInput_PickupItem at 0x0000017010ABAF00>
ATTR gclient.gameplay.logic_base.entities.combat_avatar.PlayerCombatAvatar.PlayerInput_PlayNormalEmote type=<class 'function'> val=<function PlayerCombatAvatarMember.PlayerInput_PlayNormalEmote at 0x0000017010ABB5E0>
ATTR gclient.gameplay.logic_base.entities.combat_avatar.PlayerCombatAvatar.PlayerInput_QuickBuyRequest type=<class 'function'> val=<function PlayerCombatAvatarMember.PlayerInput_QuickBuyRequest at 0x0000017010ABC1A0>
ATTR gclient.gameplay.logic_base.entities.combat_avatar.PlayerCombatAvatar.PlayerInput_QuickBuyTeammate type=<class 'function'> val=<function PlayerCombatAvatarMember.PlayerInput_QuickBuyTeammate at 0x0000017010ABC0F0>
ATTR gclient.gameplay.logic_base.entities.combat_avatar.PlayerCombatAvatar.PlayerInput_QuickUseMedicine type=<class 'function'> val=<function PlayerCombatAvatarMember.PlayerInput_QuickUseMedicine at 0x0000017010ABCCA0>
ATTR gclient.gameplay.logic_base.entities.combat_avatar.PlayerCombatAvatar.PlayerInput_QuickUseThrowableDown type=<class 'function'> val=<function PlayerCombatAvatarMember.PlayerInput_QuickUseThrowableDown at 0x0000017010ABCD50>
ATTR gclient.gameplay.logic_base.entities.combat_avatar.PlayerCombatAvatar.PlayerInput_QuickUseThrowableUp type=<class 'function'> val=<function PlayerCombatAvatarMember.PlayerInput_QuickUseThrowableUp at 0x0000017010ABCE00>
ATTR gclient.gameplay.logic_base.entities.combat_avatar.PlayerCombatAvatar.PlayerInput_RefuseReserve type=<class 'function'> val=<function PlayerCombatAvatarMember.PlayerInput_RefuseReserve at 0x0000017010ABC460>
ATTR gclient.gameplay.logic_base.entities.combat_avatar.PlayerCombatAvatar.PlayerInput_ReplyTeammateOneByCoins type=<class 'function'> val=<function PlayerCombatAvatarMember.PlayerInput_ReplyTeammateOneByCoins at 0x0000017010ABC930>
ATTR gclient.gameplay.logic_base.entities.combat_avatar.PlayerCombatAvatar.PlayerInput_SeekHelp type=<class 'function'> val=<function PlayerCombatAvatarMember.PlayerInput_SeekHelp at 0x0000017010AB83B0>
ATTR gclient.gameplay.logic_base.entities.combat_avatar.PlayerCombatAvatar.PlayerInput_SmartFDown type=<class 'function'> val=<function PlayerCombatAvatarMember.PlayerInput_SmartFDown at 0x0000017010ABD4E0>
ATTR gclient.gameplay.logic_base.entities.combat_avatar.PlayerCombatAvatar.PlayerInput_SmartFUp type=<class 'function'> val=<function PlayerCombatAvatarMember.PlayerInput_SmartFUp at 0x0000017010ABD590>
ATTR gclient.gameplay.logic_base.entities.combat_avatar.PlayerCombatAvatar.PlayerInput_SpellSecondaryEnd type=<class 'function'> val=<function PlayerCombatAvatarMember.PlayerInput_SpellSecondaryEnd at 0x0000017010ABBA00>
ATTR gclient.gameplay.logic_base.entities.combat_avatar.PlayerCombatAvatar.PlayerInput_SpellSecondaryStart type=<class 'function'> val=<function PlayerCombatAvatarMember.PlayerInput_SpellSecondaryStart at 0x0000017010ABB950>
ATTR gclient.gameplay.logic_base.entities.combat_avatar.PlayerCombatAvatar.PlayerInput_TacticalItemEnd type=<class 'function'> val=<function PlayerCombatAvatarMember.PlayerInput_TacticalItemEnd at 0x0000017010ABE6C0>
ATTR gclient.gameplay.logic_base.entities.combat_avatar.PlayerCombatAvatar.PlayerInput_TacticalItemStart type=<class 'function'> val=<function PlayerCombatAvatarMember.PlayerInput_TacticalItemStart at 0x0000017010ABE610>
ATTR gclient.gameplay.logic_base.entities.combat_avatar.PlayerCombatAvatar.PlayerInput_ThankTeammate type=<class 'function'> val=<function PlayerCombatAvatarMember.PlayerInput_ThankTeammate at 0x0000017010ABCA90>
ATTR gclient.gameplay.logic_base.entities.combat_avatar.PlayerCombatAvatar.PlayerInput_UseNeedle type=<class 'function'> val=<function PlayerCombatAvatarMember.PlayerInput_UseNeedle at 0x0000017010AB8300>
ATTR gclient.gameplay.logic_base.entities.combat_avatar.PlayerCombatAvatar.PlayerTriggerCb type=<class 'function'> val=<function PlayerCombatAvatarMember.PlayerTriggerCb at 0x00000170111117A0>
ATTR gclient.gameplay.logic_base.entities.combat_avatar.PlayerCombatAvatar.PrePlaceEntityTick type=<class 'function'> val=<function CombatAvatarMember.PrePlaceEntityTick at 0x0000017010FC9F30>
ATTR gclient.gameplay.logic_base.entities.combat_avatar.PlayerCombatAvatar.PullPlayerFromMagicFieldModelInside type=<class 'function'> val=<function PlayerCombatAvatarMember.PullPlayerFromMagicFieldModelInside at 0x0000017010FD92D0>
ATTR gclient.gameplay.logic_base.entities.combat_avatar.PlayerCombatAvatar.RecvTeammateAchievement type=<class 'function'> val=<function PlayerCombatAvatarMember.RecvTeammateAchievement at 0x0000017001A2C460>
ATTR gclient.gameplay.logic_base.entities.combat_avatar.PlayerCombatAvatar.RefreshAllAssistAimParam type=<class 'function'> val=<function PlayerCombatAvatarMember.RefreshAllAssistAimParam at 0x00000170111233D0>
ATTR gclient.gameplay.logic_base.entities.combat_avatar.PlayerCombatAvatar.RefreshAllFpsWeaponDecorates type=<class 'function'> val=<function PlayerCombatAvatarMember.RefreshAllFpsWeaponDecorates at 0x0000017011110F60>
ATTR gclient.gameplay.logic_base.entities.combat_avatar.PlayerCombatAvatar.RefreshAllTeammateTechState type=<class 'function'> val=<function PlayerCombatAvatarMember.RefreshAllTeammateTechState at 0x0000017011113060>
ATTR gclient.gameplay.logic_base.entities.combat_avatar.PlayerCombatAvatar.RefreshAllTeammateVolume type=<class 'function'> val=<function PlayerCombatAvatarMember.RefreshAllTeammateVolume at 0x00000170109507D0>
ATTR gclient.gameplay.logic_base.entities.combat_avatar.PlayerCombatAvatar.RefreshJumpBtnClimbWall type=<class 'function'> val=<function PlayerCombatAvatarMember.RefreshJumpBtnClimbWall at 0x000001700182EDA0>
ATTR gclient.gameplay.logic_base.entities.combat_avatar.PlayerCombatAvatar.RefreshJumpBtnClimbWallForJumpEnd type=<class 'function'> val=<function PlayerCombatAvatarMember.RefreshJumpBtnClimbWallForJumpEnd at 0x000001700182EF00>
ATTR gclient.gameplay.logic_base.entities.combat_avatar.PlayerCombatAvatar.RemoveAllCameraEffect type=<class 'function'> val=<function CombatAvatarMember.RemoveAllCameraEffect at 0x0000017010FCA770>
ATTR gclient.gameplay.logic_base.entities.combat_avatar.PlayerCombatAvatar.RemoveClientBuff type=<class 'function'> val=<function CombatAvatarMember.RemoveClientBuff at 0x0000017011113740>
ATTR gclient.gameplay.logic_base.entities.combat_avatar.PlayerCombatAvatar.RemoveClientBuffsByKind type=<class 'function'> val=<function CombatAvatarMember.RemoveClientBuffsByKind at 0x00000170111137F0>
ATTR gclient.gameplay.logic_base.entities.combat_avatar.PlayerCombatAvatar.RemoveSnareFromSnareDict type=<class 'function'> val=<function CombatAvatarMember.RemoveSnareFromSnareDict at 0x0000017010883AB0>
ATTR gclient.gameplay.logic_base.entities.combat_avatar.PlayerCombatAvatar.RemoveTpsShowEntity type=<class 'function'> val=<function CombatAvatarMember.RemoveTpsShowEntity at 0x0000017010B37530>
ATTR gclient.gameplay.logic_base.entities.combat_avatar.PlayerCombatAvatar.ReplayForAreaEntity type=<class 'function'> val=<function CombatAvatarMember.ReplayForAreaEntity at 0x0000017010882560>
ATTR gclient.gameplay.logic_base.entities.combat_avatar.PlayerCombatAvatar.ReplayForCombatAvatar type=<class 'function'> val=<function CombatAvatarMember.ReplayForCombatAvatar at 0x0000017010882610>
ATTR gclient.gameplay.logic_base.entities.combat_avatar.PlayerCombatAvatar.ReplaySyncClientStamp type=<class 'function'> val=<function CombatAvatarMember.ReplaySyncClientStamp at 0x0000017010881C70>
ATTR gclient.gameplay.logic_base.entities.combat_avatar.PlayerCombatAvatar.RequestHighSkyFreeFall type=<class 'function'> val=<function ParaPlayerAvatarCommonBase.RequestHighSkyFreeFall at 0x000001701059D4E0>
ATTR gclient.gameplay.logic_base.entities.combat_avatar.PlayerCombatAvatar.RequestHighSkyFreeFallParachute type=<class 'function'> val=<function ParaPlayerAvatarCommonBase.RequestHighSkyFreeFallParachute at 0x000001701059D590>
ATTR gclient.gameplay.logic_base.entities.combat_avatar.PlayerCombatAvatar.RequireRefreshEntityPoseState type=<class 'function'> val=<function PlayerCombatAvatarMember.RequireRefreshEntityPoseState at 0x0000017011111640>
ATTR gclient.gameplay.logic_base.entities.combat_avatar.PlayerCombatAvatar.ResetByLocalconfigPlayerAvatarAssistAim type=<class 'function'> val=<function PlayerCombatAvatarMember.ResetByLocalconfigPlayerAvatarAssistAim at 0x0000017011123A00>
ATTR gclient.gameplay.logic_base.entities.combat_avatar.PlayerCombatAvatar.ResetJumpFallSpeed type=<class 'function'> val=<function PlayerCombatAvatarMember.ResetJumpFallSpeed at 0x000001701092EA30>
ATTR gclient.gameplay.logic_base.entities.combat_avatar.PlayerCombatAvatar.SetAllCameraEffectVisible type=<class 'function'> val=<function PlayerCombatAvatarMember.SetAllCameraEffectVisible at 0x0000017010FD2980>
ATTR gclient.gameplay.logic_base.entities.combat_avatar.PlayerCombatAvatar.SetShieldVoiceForCombatHallTeamChannel type=<class 'function'> val=<function PlayerCombatAvatarMember.SetShieldVoiceForCombatHallTeamChannel at 0x0000017010950670>
ATTR gclient.gameplay.logic_base.entities.combat_avatar.PlayerCombatAvatar.ShowDoubleEmoteVisualEntity type=<class 'function'> val=<function PlayerCombatAvatarMember.ShowDoubleEmoteVisualEntity at 0x0000017010B1C510>
ATTR gclient.gameplay.logic_base.entities.combat_avatar.PlayerCombatAvatar.StartDoubleEmoteWallCheckTimer type=<class 'function'> val=<function PlayerCombatAvatarMember.StartDoubleEmoteWallCheckTimer at 0x0000017010B1C670>
ATTR gclient.gameplay.logic_base.entities.combat_avatar.PlayerCombatAvatar.StartSpaceBlackHoleLocalCarrier type=<class 'function'> val=<function CombatAvatarMember.StartSpaceBlackHoleLocalCarrier at 0x000001701103B480>
ATTR gclient.gameplay.logic_base.entities.combat_avatar.PlayerCombatAvatar.StopLucianTransferClient type=<class 'function'> val=<function PlayerCombatAvatarMember.StopLucianTransferClient at 0x0000017010FD2400>
ATTR gclient.gameplay.logic_base.entities.combat_avatar.PlayerCombatAvatar.SwitchToFpsModeCallback type=<class 'function'> val=<function PlayerCombatAvatarMember.SwitchToFpsModeCallback at 0x000001701092FE20>
ATTR gclient.gameplay.logic_base.entities.combat_avatar.PlayerCombatAvatar.TickCanShootPlayerForSound type=<class 'function'> val=<function CombatAvatarMember.TickCanShootPlayerForSound at 0x0000017010FF22A0>
ATTR gclient.gameplay.logic_base.entities.combat_avatar.PlayerCombatAvatar.TickDoubleEmoteWallCheck type=<class 'function'> val=<function PlayerCombatAvatarMember.TickDoubleEmoteWallCheck at 0x0000017010B1C460>
ATTR gclient.gameplay.logic_base.entities.combat_avatar.PlayerCombatAvatar.TickWallWeaponRaise type=<class 'function'> val=<function PlayerCombatAvatarMember.TickWallWeaponRaise at 0x0000017010B44250>
ATTR gclient.gameplay.logic_base.entities.combat_avatar.PlayerCombatAvatar.TriggerJurenFlyLandOnPlayerJumpLand type=<class 'function'> val=<function TriggerJurenFlyLandOnPlayerJumpLand at 0x0000017086478EB0>
ATTR gclient.gameplay.logic_base.entities.combat_avatar.PlayerCombatAvatar.TryAttack_fall_hurt_spell type=<class 'function'> val=<function PlayerCombatAvatarMember.TryAttack_fall_hurt_spell at 0x0000017010FD8250>
ATTR gclient.gameplay.logic_base.entities.combat_avatar.PlayerCombatAvatar.TryPlayJurenFlySlashWallHitEffect type=<class 'function'> val=<function PlayerCombatAvatarMember.TryPlayJurenFlySlashWallHitEffect at 0x0000017010FF1170>
ATTR gclient.gameplay.logic_base.entities.combat_avatar.PlayerCombatAvatar.UnLoadEventByEventKey type=<class 'function'> val=<function CombatAvatarMember.UnLoadEventByEventKey at 0x0000017010FF3C10>
ATTR gclient.gameplay.logic_base.entities.combat_avatar.PlayerCombatAvatar.UpdateInvisibleAvatarsFrameLimit type=<class 'function'> val=<function PlayerCombatAvatarMember.UpdateInvisibleAvatarsFrameLimit at 0x0000017011110D50>
ATTR gclient.gameplay.logic_base.entities.combat_avatar.PlayerCombatAvatar.UpdatePlayerSensitivity type=<class 'function'> val=<function PlayerCombatAvatarMember.UpdatePlayerSensitivity at 0x00000170111214E0>
ATTR gclient.gameplay.logic_base.entities.combat_avatar.PlayerCombatAvatar.UpdatePlayerShootState type=<class 'function'> val=<function PlayerCombatAvatarMember.UpdatePlayerShootState at 0x0000017011122FB0>
ATTR gclient.gameplay.logic_base.entities.combat_avatar.PlayerCombatAvatar._ApplySkinPrePlaceEntityScale type=<class 'function'> val=<function CombatAvatarMember._ApplySkinPrePlaceEntityScale at 0x0000017010FC9E80>
ATTR gclient.gameplay.logic_base.entities.combat_avatar.PlayerCombatAvatar._CanAutoPickUpForPerkTalent type=<class 'function'> val=<function PlayerCombatAvatarMember._CanAutoPickUpForPerkTalent at 0x00000170108E17A0>
ATTR gclient.gameplay.logic_base.entities.combat_avatar.PlayerCombatAvatar._CanShootEntity type=<class 'function'> val=<function PlayerCombatAvatarMember._CanShootEntity at 0x0000017011112560>
ATTR gclient.gameplay.logic_base.entities.combat_avatar.PlayerCombatAvatar._CancelExecuteSoundEvent type=<class 'function'> val=<function CombatAvatarMember._CancelExecuteSoundEvent at 0x0000017010ADBD70>
ATTR gclient.gameplay.logic_base.entities.combat_avatar.PlayerCombatAvatar._CheckInteractionEntityValid type=<class 'function'> val=<function PlayerCombatAvatarMember._CheckInteractionEntityValid at 0x00000170111122A0>
ATTR gclient.gameplay.logic_base.entities.combat_avatar.PlayerCombatAvatar._CreateExplodeEntity type=<class 'function'> val=<function CombatAvatarMember._CreateExplodeEntity at 0x0000017010FB28D0>
ATTR gclient.gameplay.logic_base.entities.combat_avatar.PlayerCombatAvatar._CreateFireWallPlaceEntity type=<class 'function'> val=<function CombatAvatarMember._CreateFireWallPlaceEntity at 0x0000017010FCB3D0>
ATTR gclient.gameplay.logic_base.entities.combat_avatar.PlayerCombatAvatar._CreateParanoiaEntity type=<class 'function'> val=<function CombatAvatarMember._CreateParanoiaEntity at 0x0000017010FB2560>
ATTR gclient.gameplay.logic_base.entities.combat_avatar.PlayerCombatAvatar._CreatePrePlaceEntity type=<class 'function'> val=<function CombatAvatarMember._CreatePrePlaceEntity at 0x0000017010FC9C70>
ATTR gclient.gameplay.logic_base.entities.combat_avatar.PlayerCombatAvatar._DoorEnterForBuildingId type=<class 'function'> val=<function PlayerCombatAvatarMember._DoorEnterForBuildingId at 0x0000017011111E80>
ATTR gclient.gameplay.logic_base.entities.combat_avatar.PlayerCombatAvatar._DriveLocalParaGraphForSkywingPresentation type=<class 'function'> val=<function ParaAvatarMemberBase._DriveLocalParaGraphForSkywingPresentation at 0x00000170105878A0>
ATTR gclient.gameplay.logic_base.entities.combat_avatar.PlayerCombatAvatar._GetFireWallPlacePosition type=<class 'function'> val=<function CombatAvatarMember._GetFireWallPlacePosition at 0x0000017010FCB8A0>
ATTR gclient.gameplay.logic_base.entities.combat_avatar.PlayerCombatAvatar._GetInteractionEntityPriority type=<class 'function'> val=<function PlayerCombatAvatarMember._GetInteractionEntityPriority at 0x0000017011112140>
ATTR gclient.gameplay.logic_base.entities.combat_avatar.PlayerCombatAvatar._GetInteractionEntityPriorityPC type=<class 'function'> val=<function PlayerCombatAvatarMember._GetInteractionEntityPriorityPC at 0x00000170111121F0>
ATTR gclient.gameplay.logic_base.entities.combat_avatar.PlayerCombatAvatar._GetSpaceGemBeamEffectLocalDirection type=<class 'function'> val=<function CombatAvatarMember._GetSpaceGemBeamEffectLocalDirection at 0x0000017010FB1590>
ATTR gclient.gameplay.logic_base.entities.combat_avatar.PlayerCombatAvatar._GetWallWeaponRaiseContext type=<class 'function'> val=<function PlayerCombatAvatarMember._GetWallWeaponRaiseContext at 0x0000017010B44040>
ATTR gclient.gameplay.logic_base.entities.combat_avatar.PlayerCombatAvatar._GetWallWeaponRaiseSweep type=<class 'function'> val=<function PlayerCombatAvatarMember._GetWallWeaponRaiseSweep at 0x0000017010B441A0>
ATTR gclient.gameplay.logic_base.entities.combat_avatar.PlayerCombatAvatar._HideWeaponCaseForSkywingPresentation type=<class 'function'> val=<function ParaAvatarMemberBase._HideWeaponCaseForSkywingPresentation at 0x0000017010587950>
ATTR gclient.gameplay.logic_base.entities.combat_avatar.PlayerCombatAvatar._HideWeaponForSkywingPresentationOnAircraft type=<class 'function'> val=<function ParaAvatarMemberBase._HideWeaponForSkywingPresentationOnAircraft at 0x0000017010587A00>
ATTR gclient.gameplay.logic_base.entities.combat_avatar.PlayerCombatAvatar._OnChangeToFreeFall type=<class 'function'> val=<function ParaPlayerCombatAvatarMemberBase._OnChangeToFreeFall at 0x000001701059E6C0>
ATTR gclient.gameplay.logic_base.entities.combat_avatar.PlayerCombatAvatar._OnPlayerFire_Bow type=<class 'function'> val=<function PlayerCombatAvatarMember._OnPlayerFire_Bow at 0x0000017010FD4670>
ATTR gclient.gameplay.logic_base.entities.combat_avatar.PlayerCombatAvatar._OnPlayerFire_Launcher type=<class 'function'> val=<function PlayerCombatAvatarMember._OnPlayerFire_Launcher at 0x0000017010FD45C0>
ATTR gclient.gameplay.logic_base.entities.combat_avatar.PlayerCombatAvatar._OnPlayerFire_Normal type=<class 'function'> val=<function PlayerCombatAvatarMember._OnPlayerFire_Normal at 0x0000017010FD4720>
ATTR gclient.gameplay.logic_base.entities.combat_avatar.PlayerCombatAvatar._OnPlayerFire_ShotGun type=<class 'function'> val=<function PlayerCombatAvatarMember._OnPlayerFire_ShotGun at 0x0000017010FD4A90>
ATTR gclient.gameplay.logic_base.entities.combat_avatar.PlayerCombatAvatar._OnPlayerFire_SingleShotGun type=<class 'function'> val=<function PlayerCombatAvatarMember._OnPlayerFire_SingleShotGun at 0x0000017010FD4B40>
ATTR gclient.gameplay.logic_base.entities.combat_avatar.PlayerCombatAvatar._OnPlayerFire_Sniper type=<class 'function'> val=<function PlayerCombatAvatarMember._OnPlayerFire_Sniper at 0x0000017010FD4510>
ATTR gclient.gameplay.logic_base.entities.combat_avatar.PlayerCombatAvatar._Pickup_Talent type=<class 'function'> val=<function PlayerCombatAvatarMember._Pickup_Talent at 0x00000170108E0F60>
ATTR gclient.gameplay.logic_base.entities.combat_avatar.PlayerCombatAvatar._PlayerCombatAvatarMember__post_component type=<class 'function'> val=<function PlayerCombatAvatarMember.__post_component at 0x0000017010B0BED0>
ATTR gclient.gameplay.logic_base.entities.combat_avatar.PlayerCombatAvatar._RecommendRuleFor_BrokenTalentCore type=<class 'function'> val=<function PlayerCombatAvatarMember._RecommendRuleFor_BrokenTalentCore at 0x00000170108E2820>
ATTR gclient.gameplay.logic_base.entities.combat_avatar.PlayerCombatAvatar._RecommendRuleFor_PerkTalent type=<class 'function'> val=<function PlayerCombatAvatarMember._RecommendRuleFor_PerkTalent at 0x00000170108E2980>
ATTR gclient.gameplay.logic_base.entities.combat_avatar.PlayerCombatAvatar._RefreshSkywingPresentationGraphSync type=<class 'function'> val=<function ParaAvatarMemberBase._RefreshSkywingPresentationGraphSync at 0x00000170105877F0>
ATTR gclient.gameplay.logic_base.entities.combat_avatar.PlayerCombatAvatar._ReloadAllWeaponStart type=<class 'function'> val=<function PlayerCombatAvatarMember._ReloadAllWeaponStart at 0x0000017010AB5E80>
ATTR gclient.gameplay.logic_base.entities.combat_avatar.PlayerCombatAvatar._ResetWallWeaponRaise type=<class 'function'> val=<function PlayerCombatAvatarMember._ResetWallWeaponRaise at 0x0000017010B37E20>
ATTR gclient.gameplay.logic_base.entities.combat_avatar.PlayerCombatAvatar._RobotEndEngagement type=<class 'function'> val=<function PlayerCombatAvatarMember._RobotEndEngagement at 0x0000017010AD9170>
ATTR gclient.gameplay.logic_base.entities.combat_avatar.PlayerCombatAvatar._RobotGetOrCreateEngagement type=<class 'function'> val=<function PlayerCombatAvatarMember._RobotGetOrCreateEngagement at 0x0000017010AD9010>
ATTR gclient.gameplay.logic_base.entities.combat_avatar.PlayerCombatAvatar._SampleWallWeaponRaiseMuzzle type=<class 'function'> val=<function PlayerCombatAvatarMember._SampleWallWeaponRaiseMuzzle at 0x0000017010B440F0>
ATTR gclient.gameplay.logic_base.entities.combat_avatar.PlayerCombatAvatar._SetCameraToFreeFall type=<class 'function'> val=<function ParaPlayerAvatarCommonBase._SetCameraToFreeFall at 0x000001701059CBF0>
ATTR gclient.gameplay.logic_base.entities.combat_avatar.PlayerCombatAvatar._SetWallWeaponRaiseRatio type=<class 'function'> val=<function PlayerCombatAvatarMember._SetWallWeaponRaiseRatio at 0x0000017010B37ED0>
ATTR gclient.gameplay.logic_base.entities.combat_avatar.PlayerCombatAvatar._StartWallWeaponRaise type=<class 'function'> val=<function PlayerCombatAvatarMember._StartWallWeaponRaise at 0x0000017010B37CC0>
ATTR gclient.gameplay.logic_base.entities.combat_avatar.PlayerCombatAvatar._StopWallWeaponRaise type=<class 'function'> val=<function PlayerCombatAvatarMember._StopWallWeaponRaise at 0x0000017010B37D70>
ATTR gclient.gameplay.logic_base.entities.combat_avatar.PlayerCombatAvatar._UpdateGPAchievementsOnSettle type=<class 'function'> val=<function PlayerCombatAvatarMember._UpdateGPAchievementsOnSettle at 0x0000017001A29640>
ATTR gclient.gameplay.logic_base.entities.combat_avatar.PlayerCombatAvatar._addComponent type=<class 'method'> val=<bound method _addComponent of <class 'gclient.gameplay.logic_base.entities.combat_avatar.PlayerCombatAvatar'>>
ATTR gclient.gameplay.logic_base.entities.combat_avatar.PlayerCombatAvatar._callComponents type=<class 'function'> val=<function _callComponents at 0x0000017028659170>
ATTR gclient.gameplay.logic_base.entities.combat_avatar.PlayerCombatAvatar._delComponent type=<class 'method'> val=<bound method _delComponent of <class 'gclient.gameplay.logic_base.entities.combat_avatar.PlayerCombatAvatar'>>
ATTR gclient.gameplay.logic_base.entities.combat_avatar.PlayerCombatAvatar._finiComponents type=<class 'function'> val=<function _finiComponents at 0x0000017028659430>
ATTR gclient.gameplay.logic_base.entities.combat_avatar.PlayerCombatAvatar._hasComponents type=<class 'method'> val=<bound method _hasComponents of <class 'gclient.gameplay.logic_base.entities.combat_avatar.PlayerCombatAvatar'>>
ATTR gclient.gameplay.logic_base.entities.combat_avatar.PlayerCombatAvatar._initComponents type=<class 'function'> val=<function _initComponents at 0x0000017028659220>
ATTR gclient.gameplay.logic_base.entities.combat_avatar.PlayerCombatAvatar._on_refresh_global_movement_speed type=<class 'function'> val=<function PlayerCombatAvatarMember._on_refresh_global_movement_speed at 0x0000017011009F30>
ATTR gclient.gameplay.logic_base.entities.combat_avatar.PlayerCombatAvatar._on_refresh_movement_speed type=<class 'function'> val=<function PlayerCombatAvatarMember._on_refresh_movement_speed at 0x0000017011009DD0>
ATTR gclient.gameplay.logic_base.entities.combat_avatar.PlayerCombatAvatar._on_set_has_client type=<class 'function'> val=<function CombatAvatarMember._on_set_has_client at 0x00000170108817A0>
ATTR gclient.gameplay.logic_base.entities.combat_avatar.PlayerCombatAvatar._on_set_para_lose_client type=<class 'function'> val=<function ParaAvatarMemberBase._on_set_para_lose_client at 0x000001701059C250>
ATTR gclient.gameplay.logic_base.entities.combat_avatar.PlayerCombatAvatar._postComponents type=<class 'function'> val=<function _postComponents at 0x00000170286592D0>
ATTR gclient.gameplay.logic_base.entities.combat_avatar.PlayerCombatAvatar._tickComponents type=<class 'function'> val=<function _tickComponents at 0x0000017028659380>
ATTR gclient.gameplay.logic_base.entities.combat_avatar.PlayerCombatAvatar.client_armor type=<class 'property'> val=<property object at 0x0000017001A03DD0>
ATTR gclient.gameplay.logic_base.entities.combat_avatar.PlayerCombatAvatar.entity_method type=<class 'function'> val=<function ClientEntity.entity_method at 0x000001702E912DA0>
ATTR gclient.gameplay.logic_base.entities.combat_avatar.PlayerCombatAvatar.in_same_house_with_player type=<class 'property'> val=<property object at 0x0000017010FDEC50>
ATTR gclient.gameplay.logic_base.entities.combat_avatar.PlayerCombatAvatar.init_from_dict type=<class 'function'> val=<function EntityMetaClass.replaceInitFromDict.<locals>.init_from_dict at 0x0000017010BB2350>
ATTR gclient.gameplay.logic_base.entities.combat_avatar.PlayerCombatAvatar.is_fps_avatar type=<class 'bool'> val=True
ATTR gclient.gameplay.logic_base.entities.combat_avatar.PlayerCombatAvatar.is_replay_avatar type=<class 'bool'> val=False
ATTR gclient.gameplay.logic_base.entities.combat_avatar.PlayerCombatAvatar.missile_entity type=<class 'property'> val=<property object at 0x00000170108CA6B0>
ATTR gclient.gameplay.logic_base.entities.combat_avatar.PlayerCombatAvatar.onEntityClassRegistered type=<class 'method'> val=<bound method ClientEntity.onEntityClassRegistered of <class 'gclient.gameplay.logic_base.entities.combat_avatar.PlayerCombatAvatar'>>
ATTR gclient.gameplay.logic_base.entities.combat_avatar.PlayerCombatAvatar.on_ent_out_sight type=<class 'function'> val=<function PlayerCombatAvatar.on_ent_out_sight at 0x0000017010BB1D20>
ATTR gclient.gameplay.logic_base.entities.combat_avatar.PlayerCombatAvatar.on_enter_space type=<class 'function'> val=<function PlayerCombatAvatarMember.on_enter_space at 0x0000017010F6C5C0>
ATTR gclient.gameplay.logic_base.entities.combat_avatar.PlayerCombatAvatar.on_set_space_center type=<class 'function'> val=<function ClientAreaEntity.on_set_space_center at 0x000001702E81C1A0>
ATTR gclient.gameplay.logic_base.entities.combat_avatar.PlayerCombatAvatar.place_entity type=<class 'property'> val=<property object at 0x0000017010FB5DA0>
ATTR gclient.gameplay.logic_base.entities.combat_avatar.PlayerCombatAvatar.recon_drone_mark_ent_ids type=<class 'gshare.decorators.cached_property'> val=<gshare.decorators.cached_property object at 0x0000017010B434D0>
ATTR gclient.gameplay.logic_base.entities.combat_avatar.PlayerCombatAvatar.thruster_pack_talent_data type=<class 'property'> val=<property object at 0x0000017001846200>
ATTR gclient.gameplay.logic_base.entities.combat_avatar.PlayerCombatAvatar.thruster_pack_talent_id type=<class 'property'> val=<property object at 0x0000017001845FD0>
ATTR gclient.gameplay.logic_base.entities.combat_avatar.PlayerCombatAvatar.thruster_talent_params type=<class 'property'> val=<property object at 0x00000170018463E0>
ATTR gclient.gameplay.logic_base.entities.combat_avatar.PlayerCombatAvatar.thruster_talent_proto type=<class 'property'> val=<property object at 0x0000017001846250>
ATTR gclient.gameplay.logic_base.entities.combat_avatar.PlayerCombatAvatar.try_enter_ads type=<class 'property'> val=<property object at 0x0000017010FB65C0>
ATTR gclient.gameplay.logic_base.entities.combat_avatar.PlayerCombatAvatar.watch_entity type=<class 'property'> val=<property object at 0x000001701087DBC0>
ATTR gclient.gameplay.logic_base.entities.combat_avatar.PlayerCombatAvatar.weapon3p_missile_entity type=<class 'property'> val=<property object at 0x00000170108CA700>
MODULE_SCAN [('__main__', '_ctf_native_entities', "<class 'function'>", '<function _ctf_native_entities at 0x00000170880A45C0>'), ('__main__', 'EntityManager', "<class 'type'>", "<class 'common.EntityManager.EntityManager'>"), ('asiocore_64', 'entities', "<class 'builtin_function_or_method'>", '<built-in function entities>'), ('common', 'EntityManager', "<class 'module'>", "<module 'common.EntityManager' (C:\\Program Files (x86)\\bloodstrike\\Package\\Script\\Python/engine/common/EntityManager.py)>"), ('gshare', 'game_logic', "<class 'module'>", "<module 'gshare.game_logic' (C:\\Program Files (x86)\\bloodstrike\\Package\\Script\\Python/gshare/game_logic/__init__.py)>"), ('gclient.framework', 'entities', "<class 'module'>", "<module 'gclient.framework.entities' (C:\\Program Files (x86)\\bloodstrike\\Package\\Script\\Python/gclient/framework/entities/__init__.py)>"), ('common.EntityManager', 'EntityManager', "<class 'type'>", "<class 'common.EntityManager.EntityManager'>"), ('client.AsioGateClient', 'EntityManager', "<class 'type'>", "<class 'common.EntityManager.EntityManager'>"), ('gclient.data', 'game_logic_lockdown_data', "<class 'module'>", "<module 'gclient.data.game_logic_lockdown_data' (C:\\Program Files (x86)\\bloodstrike\\Package\\Script\\Python/gclient/data/game_logic_lockdown_data.py)>"), ('gclient.data', 'game_logic_moba_titan_2_transform_data', "<class 'module'>", "<module 'gclient.data.game_logic_moba_titan_2_transform_data' (C:\\Program Files (x86)\\bloodstrike\\Package\\Script\\Python/gclient/data/game_logic_moba_titan_2_transform_data.py)>"), ('gclient.data', 'game_logic_data', "<class 'module'>", "<module 'gclient.data.game_logic_data' (C:\\Program Files (x86)\\bloodstrike\\Package\\Script\\Python/gclient/data/game_logic_data.py)>"), ('gclient.data', 'game_logic_iterate_data', "<class 'module'>", "<module 'gclient.data.game_logic_iterate_data' (C:\\Program Files (x86)\\bloodstrike\\Package\\Script\\Python/gclient/data/game_logic_iterate_data.py)>"), ('gclient.data', 'game_logic_block_strike_data', "<class 'module'>", "<module 'gclient.data.game_logic_block_strike_data' (C:\\Program Files (x86)\\bloodstrike\\Package\\Script\\Python/gclient/data/game_logic_block_strike_data.py)>"), ('gclient.data', 'game_logic_moba_titan_2_config_data', "<class 'module'>", "<module 'gclient.data.game_logic_moba_titan_2_config_data' (C:\\Program Files (x86)\\bloodstrike\\Package\\Script\\Python/gclient/data/game_logic_moba_titan_2_config_data.py)>"), ('gclient.data', 'game_logic_football_data', "<class 'module'>", "<module 'gclient.data.game_logic_football_data' (C:\\Program Files (x86)\\bloodstrike\\Package\\Script\\Python/gclient/data/game_logic_football_data.py)>"), ('gclient.data', 'game_logic_armsrace_rebirth_data', "<class 'module'>", "<module 'gclient.data.game_logic_armsrace_rebirth_data' (C:\\Program Files (x86)\\bloodstrike\\Package\\Script\\Python/gclient/data/game_logic_armsrace_rebirth_data.py)>"), ('gclient.data', 'game_logic_hardpoint_data', "<class 'module'>", "<module 'gclient.data.game_logic_hardpoint_data' (C:\\Program Files (x86)\\bloodstrike\\Package\\Script\\Python/gclient/data/game_logic_hardpoint_data.py)>"), ('gclient.data', 'game_logic_teamdeathmatch_data', "<class 'module'>", "<module 'gclient.data.game_logic_teamdeathmatch_data' (C:\\Program Files (x86)\\bloodstrike\\Package\\Script\\Python/gclient/data/game_logic_teamdeathmatch_data.py)>"), ('gclient.data', 'game_logic_armsrace_data', "<class 'module'>", "<module 'gclient.data.game_logic_armsrace_data' (C:\\Program Files (x86)\\bloodstrike\\Package\\Script\\Python/gclient/data/game_logic_armsrace_data.py)>"), ('gclient.data', 'game_logic_armsrace_gun_data', "<class 'module'>", "<module 'gclient.data.game_logic_armsrace_gun_data' (C:\\Program Files (x86)\\bloodstrike\\Package\\Script\\Python/gclient/data/game_logic_armsrace_gun_data.py)>"), ('gclient.data', 'game_logic_squad_fight_data', "<class 'module'>", "<module 'gclient.data.game_logic_squad_fight_data' (C:\\Program Files (x86)\\bloodstrike\\Package\\Script\\Python/gclient/data/game_logic_squad_fight_data.py)>"), ('gclient.data', 'game_logic_squad_fight_iterate_data', "<class 'module'>", "<module 'gclient.data.game_logic_squad_fight_iterate_data' (C:\\Program Files (x86)\\bloodstrike\\Package\\Script\\Python/gclient/data/game_logic_squad_fight_iterate_data.py)>"), ('gclient.data', 'game_logic_blasting_data', "<class 'module'>", "<module 'gclient.data.game_logic_blasting_data' (C:\\Program Files (x86)\\bloodstrike\\Package\\Script\\Python/gclient/data/game_logic_blasting_data.py)>"), ('gclient.data', 'game_logic_hardpoint_stage_data', "<class 'module'>", "<module 'gclient.data.game_logic_hardpoint_stage_data' (C:\\Program Files (x86)\\bloodstrike\\Package\\Script\\Python/gclient/data/game_logic_hardpoint_stage_data.py)>"), ('gclient.data', 'game_logic_hardpoint_rebirth_data', "<class 'module'>", "<module 'gclient.data.game_logic_hardpoint_rebirth_data' (C:\\Program Files (x86)\\bloodstrike\\Package\\Script\\Python/gclient/data/game_logic_hardpoint_rebirth_data.py)>"), ('gclient.data', 'game_logic_lockdown_stage_data', "<class 'module'>", "<module 'gclient.data.game_logic_lockdown_stage_data' (C:\\Program Files (x86)\\bloodstrike\\Package\\Script\\Python/gclient/data/game_logic_lockdown_stage_data.py)>"), ('common.Entity', 'EntityManager', "<class 'type'>", "<class 'common.EntityManager.EntityManager'>"), ('gclient.gamesystem', 'entities', "<class 'module'>", "<module 'gclient.gamesystem.entities' (C:\\Program Files (x86)\\bloodstrike\\Package\\Script\\Python/gclient/gamesystem/entities/__init__.py)>"), ('gclient.data_lang.data_en', 'game_logic_lockdown_data', "<class 'module'>", "<module 'gclient.data_lang.data_en.game_logic_lockdown_data' (C:\\Program Files (x86)\\bloodstrike\\Package\\Script\\Python/gclient/data_lang/data_en/game_logic_lockdown_data.py)>"), ('gclient.data_lang.data_en', 'game_logic_moba_titan_2_transform_data', "<class 'module'>", "<module 'gclient.data_lang.data_en.game_logic_moba_titan_2_transform_data' (C:\\Program Files (x86)\\bloodstrike\\Package\\Script\\Python/gclient/data_lang/data_en/game_logic_moba_titan..."), ('gclient.entitylist', 'ENTITIES', "<class 'dict'>", "{'framework.entities.account': ('Account',), 'framework.entities.avatar': ('Avatar', 'PlayerAvatar'), 'framework.entities.space': ('Space',), 'framework.entities.camera': ('ReplayD..."), ('gclient.entitylist', 'GAME_LOGIC_ENTITIES', "<class 'dict'>", "{'Base': {'gameplay.game_logic_base': ('GameLogicBase', 'ReplayGameLogicBase', 'ReplayRoomGameLogicBase'), 'gameplay.logic_base.entities.combat_avatar': ('CombatAvatar', 'PlayerCom..."), ('gclient.entitylist', 'HAS_REGISTER_ENTITIES', "<class 'set'>", "{'ShootingRange', 'Moba', 'Base'}"), ('gclient.framework.entities.avatarmembers.cimp_space', 'IGNORE_AOI_ENTITIES', "<class 'set'>", "{'Avatar'}"), ('gclient.gamesystem.entities.avatarmembers.cimp_combat', 'EntityManager', "<class 'type'>", "<class 'common.EntityManager.EntityManager'>"), ('gclient.gamesystem.entities.avatarmembers.cimp_replay', 'EntityManager', "<class 'type'>", "<class 'common.EntityManager.EntityManager'>"), ('gshare.game_logic', 'igame_logic_leisure_base', "<class 'module'>", "<module 'gshare.game_logic.igame_logic_leisure_base' (C:\\Program Files (x86)\\bloodstrike\\Package\\Script\\Python/gshare/game_logic/igame_logic_leisure_base.py)>"), ('gshare.game_logic', 'igame_logic_contract_comp', "<class 'module'>", "<module 'gshare.game_logic.igame_logic_contract_comp' (C:\\Program Files (x86)\\bloodstrike\\Package\\Script\\Python/gshare/game_logic/igame_logic_contract_comp.py)>"), ('gshare.game_logic', 'igame_logic_parachute_comp', "<class 'module'>", "<module 'gshare.game_logic.igame_logic_parachute_comp' (C:\\Program Files (x86)\\bloodstrike\\Package\\Script\\Python/gshare/game_logic/igame_logic_parachute_comp.py)>"), ('gshare.game_logic', 'igame_logic_big_head', "<class 'module'>", "<module 'gshare.game_logic.igame_logic_big_head...
END
