BEGIN 1785810904.070046
robots=6
EnsureShootingRangeToplogo -> True
ShowEnemyToplogo -> None
DrawReconDroneMarkFrame -> None
robot[anFL9UsxNr+4vr8u].panel_frame: <gclient.framework.ui.widgets.ui_node.UINode object(Layout) at 0x25A0335D7F0> type=<class 'gclient.framework.ui.widgets.ui_node.UINode'>
robot[anFL9UsxNr+4vr8u].panel_frame.visible=True
robot[anFL9UsxNr+4vr8u].panel_frame.opacity=255
robot[anFL9UsxNr+4vr8u].panel_frame.scale=0.5867859125137329
robot[anFL9UsxNr+4vr8u].panel_frame.scale_x=0.5867858886711526
robot[anFL9UsxNr+4vr8u].panel_frame.scale_y=0.5867858886711526
robot[anFL9UsxNr+4vr8u].panel_frame.widget=<ccui.Layout object at 0x00000259F7501950>
robot[anFL9UsxNr+4vr8u].panel_frame.getName()='panel_frame'
robot[anFL9UsxNr+4vr8u].panel_frame.GetWidth()=58.0
robot[anFL9UsxNr+4vr8u].panel_frame.GetHeight()=152.0
robot[anFL9UsxNr+4vr8u].panel_frame.getContentSize()=Size(58.000000, 152.000000)
robot[anFL9UsxNr+4vr8u].panel_frame.GetRealContentSize()=Size(34.033585, 89.191460)
robot[anFL9UsxNr+4vr8u].panel_frame.getPosition()=Vec2(0.000000, 0.000000)
robot[anFL9UsxNr+4vr8u].panel_frame.getPositionX()=0.0
robot[anFL9UsxNr+4vr8u].panel_frame.getPositionY()=0.0
robot[anFL9UsxNr+4vr8u].panel_frame.getAnchorPoint()=Vec2(0.500000, 0.500000)
robot[anFL9UsxNr+4vr8u].panel_frame.GetWorldPosition()=Vec2(334.661407, 331.829559)
robot[anFL9UsxNr+4vr8u].panel_frame.getScale()=0.5867859125137329
robot[anFL9UsxNr+4vr8u].panel_frame.getScaleX()=0.5867859125137329
robot[anFL9UsxNr+4vr8u].panel_frame.getScaleY()=0.5867859125137329
robot[anFL9UsxNr+4vr8u].panel_frame.IsAncestorsVisible()=True
robot[anFL9UsxNr+4vr8u].panel_frame.isVisible()=True
robot[anFL9UsxNr+4vr8u].panel_frame.getChildrenCount()=3
robot[anFL9UsxNr+4vr8u].panel_frame.interesting=['AddChild', 'CheckPosInView', 'EnablePressScale', 'GetHeight', 'GetRealContentSize', 'GetWidth', 'GetWorldPosition', 'GetWorldPositionLeftBottom', 'GetWorldPositionPercent', 'IsAncestorsVisible', 'IsWorldPosInNodeBound', 'SCRATCH_CARD_IMAGE_NAME', 'SCRATCH_CARD_TOUCH_NAME', 'SetChildrenClippingEnabled', 'SetChildrenClippingType', 'SetHeight', 'SetPosition', 'SetPositionX', 'SetPositionY', 'SetWidth', 'SetWidthHeight', 'SetWorldPosition', 'SetWorldPositionPercent', '_pos_began', 'addChild', 'child', 'childex', 'getContentSize', 'rchild', 'rchildex', 'scale', 'scale_x', 'scale_y', 'setContentSize', 'setZoomChildren', 'visible', 'zoomChildren']
robot[anFL9UsxNr+4vr8u].panel_frame.widget: <ccui.Layout object at 0x00000259F7501950> type=<class 'ccui.Layout'>
robot[anFL9UsxNr+4vr8u].panel_frame.widget.getName()='panel_frame'
robot[anFL9UsxNr+4vr8u].panel_frame.widget.getContentSize()=Size(58.000000, 152.000000)
robot[anFL9UsxNr+4vr8u].panel_frame.widget.getPosition()=Vec2(0.000000, 0.000000)
robot[anFL9UsxNr+4vr8u].panel_frame.widget.getPositionX()=0.0
robot[anFL9UsxNr+4vr8u].panel_frame.widget.getPositionY()=0.0
robot[anFL9UsxNr+4vr8u].panel_frame.widget.getAnchorPoint()=Vec2(0.500000, 0.500000)
robot[anFL9UsxNr+4vr8u].panel_frame.widget.getScale()=0.5867859125137329
robot[anFL9UsxNr+4vr8u].panel_frame.widget.getScaleX()=0.5867859125137329
robot[anFL9UsxNr+4vr8u].panel_frame.widget.getScaleY()=0.5867859125137329
robot[anFL9UsxNr+4vr8u].panel_frame.widget.isVisible()=True
robot[anFL9UsxNr+4vr8u].panel_frame.widget.getChildrenCount()=3
robot[anFL9UsxNr+4vr8u].panel_frame.widget.interesting=['addChild', 'addChildByIndex', 'addProtectedChild', 'convertProxyChildrenToChildren', 'copyClonedWidgetChildren', 'copyNodeClonedChildren', 'doLayout', 'enableFontScale', 'enableFontScaleRecursively', 'forceDoLayout', 'getAnchorPoint', 'getAnchorPointInPoints', 'getBackGroundImageTextureSize', 'getChildByName', 'getChildByTag', 'getChildren', 'getChildrenCount', 'getContentSize', 'getCustomSize', 'getLayoutParameter', 'getLayoutSize', 'getLayoutType', 'getLayoutUnits', 'getName', 'getNodeSpaceTouchBeganPosition', 'getNodeSpaceTouchEndPosition', 'getNodeSpaceTouchMovePosition', 'getNormalizedPosition', 'getPosition', 'getPosition3D', 'getPositionPercent', 'getPositionType', 'getPositionX', 'getPositionY', 'getPositionZ', 'getProtectedChildByTag', 'getProtectedChildren', 'getScale', 'getScaleX', 'getScaleY', 'getScaleZ', 'getSizePercent', 'getSizeType', 'getTouchBeganPosition', 'getTouchEndPosition', 'getTouchMovePosition', 'getVirtualRendererSize', 'getWindowPosition', 'getWorldPosition', 'ignoreAnchorPointForPosition', 'ignoreContentAdaptWithSize', 'isBackGroundImageScale9Enabled', 'isIgnoreAnchorPointForPosition', 'isIgnoreContentAdaptWithSize', 'isLayoutComponentEnabled', 'isUnifySizeEnabled', 'isUseProxyChild', 'isVisible', 'refreshLayout', 'removeAllChildren', 'removeAllProtectedChildren', 'removeAllProtectedChildrenWithCleanup', 'removeAllProxyChildren', 'removeChild', 'removeChildByName', 'removeChildByTag', 'removeProtectedChild', 'removeProtectedChildByTag', 'reorderChild', 'reorderProtectedChild', 'requestDoLayout', 'setAnchorPoint', 'setBackGroundImageScale9Enabled', 'setChildrenRecursivelyDisableSwallowTouches', 'setContentSize', 'setLayoutComponentEnabled', 'setLayoutParameter', 'setLayoutType', 'setLayoutUnits', 'setName', 'setNormalizedPosition', 'setPosition', 'setPosition3D', 'setPositionPercent', 'setPositionType', 'setPositionX', 'setPositionY', 'setPositionZ', 'setScale', 'setScaleX', 'setScaleY', 'setScaleZ', 'setSizePercent', 'setSizeType', 'setUnifySizeEnabled', 'setUseProxyChild', 'setVisible', 'sortAllChildren', 'sortAllChildrenByTag', 'updateLayoutChildrenClippingType', 'updateSizeAndPosition']
robot[anFL9UsxNr+4vr8u].panel_frame.widget.children_count=3
robot[anFL9UsxNr+4vr8u].panel_frame.widget.child[0]: <ccui.ImageView object at 0x0000025A03359A30> type=<class 'ccui.ImageView'>
robot[anFL9UsxNr+4vr8u].panel_frame.widget.child[0].getName()='img_bg'
robot[anFL9UsxNr+4vr8u].panel_frame.widget.child[0].getContentSize()=Size(200.000000, 300.000000)
robot[anFL9UsxNr+4vr8u].panel_frame.widget.child[0].getPosition()=Vec2(29.000000, 76.000000)
robot[anFL9UsxNr+4vr8u].panel_frame.widget.child[0].getPositionX()=29.0
robot[anFL9UsxNr+4vr8u].panel_frame.widget.child[0].getPositionY()=76.0
robot[anFL9UsxNr+4vr8u].panel_frame.widget.child[0].getAnchorPoint()=Vec2(0.500000, 0.500000)
robot[anFL9UsxNr+4vr8u].panel_frame.widget.child[0].getScale()=0.699999988079071
robot[anFL9UsxNr+4vr8u].panel_frame.widget.child[0].getScaleX()=0.699999988079071
robot[anFL9UsxNr+4vr8u].panel_frame.widget.child[0].getScaleY()=0.699999988079071
robot[anFL9UsxNr+4vr8u].panel_frame.widget.child[0].isVisible()=True
robot[anFL9UsxNr+4vr8u].panel_frame.widget.child[0].getChildrenCount()=0
robot[anFL9UsxNr+4vr8u].panel_frame.widget.child[0].interesting=['addChild', 'addChildByIndex', 'addProtectedChild', 'convertProxyChildrenToChildren', 'copyClonedWidgetChildren', 'copyNodeClonedChildren', 'enableFontScale', 'enableFontScaleRecursively', 'getAnchorPoint', 'getAnchorPointInPoints', 'getChildByName', 'getChildByTag', 'getChildren', 'getChildrenCount', 'getContentSize', 'getCustomSize', 'getLayoutParameter', 'getLayoutSize', 'getName', 'getNodeSpaceTouchBeganPosition', 'getNodeSpaceTouchEndPosition', 'getNodeSpaceTouchMovePosition', 'getNormalizedPosition', 'getPosition', 'getPosition3D', 'getPositionPercent', 'getPositionType', 'getPositionX', 'getPositionY', 'getPositionZ', 'getProtectedChildByTag', 'getProtectedChildren', 'getScale', 'getScaleX', 'getScaleY', 'getScaleZ', 'getSizePercent', 'getSizeType', 'getTouchBeganPosition', 'getTouchEndPosition', 'getTouchMovePosition', 'getVirtualRendererSize', 'getWindowPosition', 'getWorldPosition', 'ignoreAnchorPointForPosition', 'ignoreContentAdaptWithSize', 'isIgnoreAnchorPointForPosition', 'isIgnoreContentAdaptWithSize', 'isLayoutComponentEnabled', 'isScale9Enabled', 'isUnifySizeEnabled', 'isUseProxyChild', 'isVisible', 'refreshLayout', 'removeAllChildren', 'removeAllProtectedChildren', 'removeAllProtectedChildrenWithCleanup', 'removeAllProxyChildren', 'removeChild', 'removeChildByName', 'removeChildByTag', 'removeProtectedChild', 'removeProtectedChildByTag', 'reorderChild', 'reorderProtectedChild', 'resizeContentSize', 'setAnchorPoint', 'setCameraQuadName', 'setChildrenRecursivelyDisableSwallowTouches', 'setContentSize', 'setExternalImageBySize', 'setLayoutComponentEnabled', 'setLayoutParameter', 'setLiveRoomName', 'setName', 'setNormalizedPosition', 'setPosition', 'setPosition3D', 'setPositionPercent', 'setPositionType', 'setPositionX', 'setPositionY', 'setPositionZ', 'setScale', 'setScale9Enabled', 'setScaleX', 'setScaleY', 'setScaleZ', 'setShowRoomName', 'setSizePercent', 'setSizeType', 'setTrajectoryName', 'setUnifySizeEnabled', 'setUseProxyChild', 'setVisible', 'sortAllChildren', 'updateLayoutChildrenClippingType', 'updateSizeAndPosition']
robot[anFL9UsxNr+4vr8u].panel_frame.widget.child[0].children_count=0
robot[anFL9UsxNr+4vr8u].panel_frame.widget.child[1]: <ccui.ImageView object at 0x0000025A0335BF10> type=<class 'ccui.ImageView'>
robot[anFL9UsxNr+4vr8u].panel_frame.widget.child[1].getName()='img_bg_0'
robot[anFL9UsxNr+4vr8u].panel_frame.widget.child[1].getContentSize()=Size(200.000000, 300.000000)
robot[anFL9UsxNr+4vr8u].panel_frame.widget.child[1].getPosition()=Vec2(29.000000, 76.000000)
robot[anFL9UsxNr+4vr8u].panel_frame.widget.child[1].getPositionX()=29.0
robot[anFL9UsxNr+4vr8u].panel_frame.widget.child[1].getPositionY()=76.0
robot[anFL9UsxNr+4vr8u].panel_frame.widget.child[1].getAnchorPoint()=Vec2(0.500000, 0.500000)
robot[anFL9UsxNr+4vr8u].panel_frame.widget.child[1].getScale()=0.699999988079071
robot[anFL9UsxNr+4vr8u].panel_frame.widget.child[1].getScaleX()=0.699999988079071
robot[anFL9UsxNr+4vr8u].panel_frame.widget.child[1].getScaleY()=0.699999988079071
robot[anFL9UsxNr+4vr8u].panel_frame.widget.child[1].isVisible()=True
robot[anFL9UsxNr+4vr8u].panel_frame.widget.child[1].getChildrenCount()=0
robot[anFL9UsxNr+4vr8u].panel_frame.widget.child[1].interesting=['addChild', 'addChildByIndex', 'addProtectedChild', 'convertProxyChildrenToChildren', 'copyClonedWidgetChildren', 'copyNodeClonedChildren', 'enableFontScale', 'enableFontScaleRecursively', 'getAnchorPoint', 'getAnchorPointInPoints', 'getChildByName', 'getChildByTag', 'getChildren', 'getChildrenCount', 'getContentSize', 'getCustomSize', 'getLayoutParameter', 'getLayoutSize', 'getName', 'getNodeSpaceTouchBeganPosition', 'getNodeSpaceTouchEndPosition', 'getNodeSpaceTouchMovePosition', 'getNormalizedPosition', 'getPosition', 'getPosition3D', 'getPositionPercent', 'getPositionType', 'getPositionX', 'getPositionY', 'getPositionZ', 'getProtectedChildByTag', 'getProtectedChildren', 'getScale', 'getScaleX', 'getScaleY', 'getScaleZ', 'getSizePercent', 'getSizeType', 'getTouchBeganPosition', 'getTouchEndPosition', 'getTouchMovePosition', 'getVirtualRendererSize', 'getWindowPosition', 'getWorldPosition', 'ignoreAnchorPointForPosition', 'ignoreContentAdaptWithSize', 'isIgnoreAnchorPointForPosition', 'isIgnoreContentAdaptWithSize', 'isLayoutComponentEnabled', 'isScale9Enabled', 'isUnifySizeEnabled', 'isUseProxyChild', 'isVisible', 'refreshLayout', 'removeAllChildren', 'removeAllProtectedChildren', 'removeAllProtectedChildrenWithCleanup', 'removeAllProxyChildren', 'removeChild', 'removeChildByName', 'removeChildByTag', 'removeProtectedChild', 'removeProtectedChildByTag', 'reorderChild', 'reorderProtectedChild', 'resizeContentSize', 'setAnchorPoint', 'setCameraQuadName', 'setChildrenRecursivelyDisableSwallowTouches', 'setContentSize', 'setExternalImageBySize', 'setLayoutComponentEnabled', 'setLayoutParameter', 'setLiveRoomName', 'setName', 'setNormalizedPosition', 'setPosition', 'setPosition3D', 'setPositionPercent', 'setPositionType', 'setPositionX', 'setPositionY', 'setPositionZ', 'setScale', 'setScale9Enabled', 'setScaleX', 'setScaleY', 'setScaleZ', 'setShowRoomName', 'setSizePercent', 'setSizeType', 'setTrajectoryName', 'setUnifySizeEnabled', 'setUseProxyChild', 'setVisible', 'sortAllChildren', 'updateLayoutChildrenClippingType', 'updateSizeAndPosition']
robot[anFL9UsxNr+4vr8u].panel_frame.widget.child[1].children_count=0
robot[anFL9UsxNr+4vr8u].panel_frame.widget.child[2]: <ccui.ImageView object at 0x00000259D7DBC6B0> type=<class 'ccui.ImageView'>
robot[anFL9UsxNr+4vr8u].panel_frame.widget.child[2].getName()='img_bg_0_0'
robot[anFL9UsxNr+4vr8u].panel_frame.widget.child[2].getContentSize()=Size(200.000000, 300.000000)
robot[anFL9UsxNr+4vr8u].panel_frame.widget.child[2].getPosition()=Vec2(29.000000, 76.000000)
robot[anFL9UsxNr+4vr8u].panel_frame.widget.child[2].getPositionX()=29.0
robot[anFL9UsxNr+4vr8u].panel_frame.widget.child[2].getPositionY()=76.0
robot[anFL9UsxNr+4vr8u].panel_frame.widget.child[2].getAnchorPoint()=Vec2(0.500000, 0.500000)
robot[anFL9UsxNr+4vr8u].panel_frame.widget.child[2].getScale()=0.699999988079071
robot[anFL9UsxNr+4vr8u].panel_frame.widget.child[2].getScaleX()=0.699999988079071
robot[anFL9UsxNr+4vr8u].panel_frame.widget.child[2].getScaleY()=0.699999988079071
robot[anFL9UsxNr+4vr8u].panel_frame.widget.child[2].isVisible()=True
robot[anFL9UsxNr+4vr8u].panel_frame.widget.child[2].getChildrenCount()=0
robot[anFL9UsxNr+4vr8u].panel_frame.widget.child[2].interesting=['addChild', 'addChildByIndex', 'addProtectedChild', 'convertProxyChildrenToChildren', 'copyClonedWidgetChildren', 'copyNodeClonedChildren', 'enableFontScale', 'enableFontScaleRecursively', 'getAnchorPoint', 'getAnchorPointInPoints', 'getChildByName', 'getChildByTag', 'getChildren', 'getChildrenCount', 'getContentSize', 'getCustomSize', 'getLayoutParameter', 'getLayoutSize', 'getName', 'getNodeSpaceTouchBeganPosition', 'getNodeSpaceTouchEndPosition', 'getNodeSpaceTouchMovePosition', 'getNormalizedPosition', 'getPosition', 'getPosition3D', 'getPositionPercent', 'getPositionType', 'getPositionX', 'getPositionY', 'getPositionZ', 'getProtectedChildByTag', 'getProtectedChildren', 'getScale', 'getScaleX', 'getScaleY', 'getScaleZ', 'getSizePercent', 'getSizeType', 'getTouchBeganPosition', 'getTouchEndPosition', 'getTouchMovePosition', 'getVirtualRendererSize', 'getWindowPosition', 'getWorldPosition', 'ignoreAnchorPointForPosition', 'ignoreContentAdaptWithSize', 'isIgnoreAnchorPointForPosition', 'isIgnoreContentAdaptWithSize', 'isLayoutComponentEnabled', 'isScale9Enabled', 'isUnifySizeEnabled', 'isUseProxyChild', 'isVisible', 'refreshLayout', 'removeAllChildren', 'removeAllProtectedChildren', 'removeAllProtectedChildrenWithCleanup', 'removeAllProxyChildren', 'removeChild', 'removeChildByName', 'removeChildByTag', 'removeProtectedChild', 'removeProtectedChildByTag', 'reorderChild', 'reorderProtectedChild', 'resizeContentSize', 'setAnchorPoint', 'setCameraQuadName', 'setChildrenRecursivelyDisableSwallowTouches', 'setContentSize', 'setExternalImageBySize', 'setLayoutComponentEnabled', 'setLayoutParameter', 'setLiveRoomName', 'setName', 'setNormalizedPosition', 'setPosition', 'setPosition3D', 'setPositionPercent', 'setPositionType', 'setPositionX', 'setPositionY', 'setPositionZ', 'setScale', 'setScale9Enabled', 'setScaleX', 'setScaleY', 'setScaleZ', 'setShowRoomName', 'setSizePercent', 'setSizeType', 'setTrajectoryName', 'setUnifySizeEnabled', 'setUseProxyChild', 'setVisible', 'sortAllChildren', 'updateLayoutChildrenClippingType', 'updateSizeAndPosition']
robot[anFL9UsxNr+4vr8u].panel_frame.widget.child[2].children_count=0
robot[anFL9UsxNr+4vr8u].panel_frame.children_count=3
robot[anFL9UsxNr+4vr8u].panel_frame.child[0]: <ccui.ImageView object at 0x0000025A03359A30> type=<class 'ccui.ImageView'>
robot[anFL9UsxNr+4vr8u].panel_frame.child[0].getName()='img_bg'
robot[anFL9UsxNr+4vr8u].panel_frame.child[0].getContentSize()=Size(200.000000, 300.000000)
robot[anFL9UsxNr+4vr8u].panel_frame.child[0].getPosition()=Vec2(29.000000, 76.000000)
robot[anFL9UsxNr+4vr8u].panel_frame.child[0].getPositionX()=29.0
robot[anFL9UsxNr+4vr8u].panel_frame.child[0].getPositionY()=76.0
robot[anFL9UsxNr+4vr8u].panel_frame.child[0].getAnchorPoint()=Vec2(0.500000, 0.500000)
robot[anFL9UsxNr+4vr8u].panel_frame.child[0].getScale()=0.699999988079071
robot[anFL9UsxNr+4vr8u].panel_frame.child[0].getScaleX()=0.699999988079071
robot[anFL9UsxNr+4vr8u].panel_frame.child[0].getScaleY()=0.699999988079071
robot[anFL9UsxNr+4vr8u].panel_frame.child[0].isVisible()=True
robot[anFL9UsxNr+4vr8u].panel_frame.child[0].getChildrenCount()=0
robot[anFL9UsxNr+4vr8u].panel_frame.child[0].interesting=['addChild', 'addChildByIndex', 'addProtectedChild', 'convertProxyChildrenToChildren', 'copyClonedWidgetChildren', 'copyNodeClonedChildren', 'enableFontScale', 'enableFontScaleRecursively', 'getAnchorPoint', 'getAnchorPointInPoints', 'getChildByName', 'getChildByTag', 'getChildren', 'getChildrenCount', 'getContentSize', 'getCustomSize', 'getLayoutParameter', 'getLayoutSize', 'getName', 'getNodeSpaceTouchBeganPosition', 'getNodeSpaceTouchEndPosition', 'getNodeSpaceTouchMovePosition', 'getNormalizedPosition', 'getPosition', 'getPosition3D', 'getPositionPercent', 'getPositionType', 'getPositionX', 'getPositionY', 'getPositionZ', 'getProtectedChildByTag', 'getProtectedChildren', 'getScale', 'getScaleX', 'getScaleY', 'getScaleZ', 'getSizePercent', 'getSizeType', 'getTouchBeganPosition', 'getTouchEndPosition', 'getTouchMovePosition', 'getVirtualRendererSize', 'getWindowPosition', 'getWorldPosition', 'ignoreAnchorPointForPosition', 'ignoreContentAdaptWithSize', 'isIgnoreAnchorPointForPosition', 'isIgnoreContentAdaptWithSize', 'isLayoutComponentEnabled', 'isScale9Enabled', 'isUnifySizeEnabled', 'isUseProxyChild', 'isVisible', 'refreshLayout', 'removeAllChildren', 'removeAllProtectedChildren', 'removeAllProtectedChildrenWithCleanup', 'removeAllProxyChildren', 'removeChild', 'removeChildByName', 'removeChildByTag', 'removeProtectedChild', 'removeProtectedChildByTag', 'reorderChild', 'reorderProtectedChild', 'resizeContentSize', 'setAnchorPoint', 'setCameraQuadName', 'setChildrenRecursivelyDisableSwallowTouches', 'setContentSize', 'setExternalImageBySize', 'setLayoutComponentEnabled', 'setLayoutParameter', 'setLiveRoomName', 'setName', 'setNormalizedPosition', 'setPosition', 'setPosition3D', 'setPositionPercent', 'setPositionType', 'setPositionX', 'setPositionY', 'setPositionZ', 'setScale', 'setScale9Enabled', 'setScaleX', 'setScaleY', 'setScaleZ', 'setShowRoomName', 'setSizePercent', 'setSizeType', 'setTrajectoryName', 'setUnifySizeEnabled', 'setUseProxyChild', 'setVisible', 'sortAllChildren', 'updateLayoutChildrenClippingType', 'updateSizeAndPosition']
robot[anFL9UsxNr+4vr8u].panel_frame.child[0].children_count=0
robot[anFL9UsxNr+4vr8u].panel_frame.child[1]: <ccui.ImageView object at 0x0000025A0335BF10> type=<class 'ccui.ImageView'>
robot[anFL9UsxNr+4vr8u].panel_frame.child[1].getName()='img_bg_0'
robot[anFL9UsxNr+4vr8u].panel_frame.child[1].getContentSize()=Size(200.000000, 300.000000)
robot[anFL9UsxNr+4vr8u].panel_frame.child[1].getPosition()=Vec2(29.000000, 76.000000)
robot[anFL9UsxNr+4vr8u].panel_frame.child[1].getPositionX()=29.0
robot[anFL9UsxNr+4vr8u].panel_frame.child[1].getPositionY()=76.0
robot[anFL9UsxNr+4vr8u].panel_frame.child[1].getAnchorPoint()=Vec2(0.500000, 0.500000)
robot[anFL9UsxNr+4vr8u].panel_frame.child[1].getScale()=0.699999988079071
robot[anFL9UsxNr+4vr8u].panel_frame.child[1].getScaleX()=0.699999988079071
robot[anFL9UsxNr+4vr8u].panel_frame.child[1].getScaleY()=0.699999988079071
robot[anFL9UsxNr+4vr8u].panel_frame.child[1].isVisible()=True
robot[anFL9UsxNr+4vr8u].panel_frame.child[1].getChildrenCount()=0
robot[anFL9UsxNr+4vr8u].panel_frame.child[1].interesting=['addChild', 'addChildByIndex', 'addProtectedChild', 'convertProxyChildrenToChildren', 'copyClonedWidgetChildren', 'copyNodeClonedChildren', 'enableFontScale', 'enableFontScaleRecursively', 'getAnchorPoint', 'getAnchorPointInPoints', 'getChildByName', 'getChildByTag', 'getChildren', 'getChildrenCount', 'getContentSize', 'getCustomSize', 'getLayoutParameter', 'getLayoutSize', 'getName', 'getNodeSpaceTouchBeganPosition', 'getNodeSpaceTouchEndPosition', 'getNodeSpaceTouchMovePosition', 'getNormalizedPosition', 'getPosition', 'getPosition3D', 'getPositionPercent', 'getPositionType', 'getPositionX', 'getPositionY', 'getPositionZ', 'getProtectedChildByTag', 'getProtectedChildren', 'getScale', 'getScaleX', 'getScaleY', 'getScaleZ', 'getSizePercent', 'getSizeType', 'getTouchBeganPosition', 'getTouchEndPosition', 'getTouchMovePosition', 'getVirtualRendererSize', 'getWindowPosition', 'getWorldPosition', 'ignoreAnchorPointForPosition', 'ignoreContentAdaptWithSize', 'isIgnoreAnchorPointForPosition', 'isIgnoreContentAdaptWithSize', 'isLayoutComponentEnabled', 'isScale9Enabled', 'isUnifySizeEnabled', 'isUseProxyChild', 'isVisible', 'refreshLayout', 'removeAllChildren', 'removeAllProtectedChildren', 'removeAllProtectedChildrenWithCleanup', 'removeAllProxyChildren', 'removeChild', 'removeChildByName', 'removeChildByTag', 'removeProtectedChild', 'removeProtectedChildByTag', 'reorderChild', 'reorderProtectedChild', 'resizeContentSize', 'setAnchorPoint', 'setCameraQuadName', 'setChildrenRecursivelyDisableSwallowTouches', 'setContentSize', 'setExternalImageBySize', 'setLayoutComponentEnabled', 'setLayoutParameter', 'setLiveRoomName', 'setName', 'setNormalizedPosition', 'setPosition', 'setPosition3D', 'setPositionPercent', 'setPositionType', 'setPositionX', 'setPositionY', 'setPositionZ', 'setScale', 'setScale9Enabled', 'setScaleX', 'setScaleY', 'setScaleZ', 'setShowRoomName', 'setSizePercent', 'setSizeType', 'setTrajectoryName', 'setUnifySizeEnabled', 'setUseProxyChild', 'setVisible', 'sortAllChildren', 'updateLayoutChildrenClippingType', 'updateSizeAndPosition']
robot[anFL9UsxNr+4vr8u].panel_frame.child[1].children_count=0
robot[anFL9UsxNr+4vr8u].panel_frame.child[2]: <ccui.ImageView object at 0x00000259D7DBC6B0> type=<class 'ccui.ImageView'>
robot[anFL9UsxNr+4vr8u].panel_frame.child[2].getName()='img_bg_0_0'
robot[anFL9UsxNr+4vr8u].panel_frame.child[2].getContentSize()=Size(200.000000, 300.000000)
robot[anFL9UsxNr+4vr8u].panel_frame.child[2].getPosition()=Vec2(29.000000, 76.000000)
robot[anFL9UsxNr+4vr8u].panel_frame.child[2].getPositionX()=29.0
robot[anFL9UsxNr+4vr8u].panel_frame.child[2].getPositionY()=76.0
robot[anFL9UsxNr+4vr8u].panel_frame.child[2].getAnchorPoint()=Vec2(0.500000, 0.500000)
robot[anFL9UsxNr+4vr8u].panel_frame.child[2].getScale()=0.699999988079071
robot[anFL9UsxNr+4vr8u].panel_frame.child[2].getScaleX()=0.699999988079071
robot[anFL9UsxNr+4vr8u].panel_frame.child[2].getScaleY()=0.699999988079071
robot[anFL9UsxNr+4vr8u].panel_frame.child[2].isVisible()=True
robot[anFL9UsxNr+4vr8u].panel_frame.child[2].getChildrenCount()=0
robot[anFL9UsxNr+4vr8u].panel_frame.child[2].interesting=['addChild', 'addChildByIndex', 'addProtectedChild', 'convertProxyChildrenToChildren', 'copyClonedWidgetChildren', 'copyNodeClonedChildren', 'enableFontScale', 'enableFontScaleRecursively', 'getAnchorPoint', 'getAnchorPointInPoints', 'getChildByName', 'getChildByTag', 'getChildren', 'getChildrenCount', 'getContentSize', 'getCustomSize', 'getLayoutParameter', 'getLayoutSize', 'getName', 'getNodeSpaceTouchBeganPosition', 'getNodeSpaceTouchEndPosition', 'getNodeSpaceTouchMovePosition', 'getNormalizedPosition', 'getPosition', 'getPosition3D', 'getPositionPercent', 'getPositionType', 'getPositionX', 'getPositionY', 'getPositionZ', 'getProtectedChildByTag', 'getProtectedChildren', 'getScale', 'getScaleX', 'getScaleY', 'getScaleZ', 'getSizePercent', 'getSizeType', 'getTouchBeganPosition', 'getTouchEndPosition', 'getTouchMovePosition', 'getVirtualRendererSize', 'getWindowPosition', 'getWorldPosition', 'ignoreAnchorPointForPosition', 'ignoreContentAdaptWithSize', 'isIgnoreAnchorPointForPosition', 'isIgnoreContentAdaptWithSize', 'isLayoutComponentEnabled', 'isScale9Enabled', 'isUnifySizeEnabled', 'isUseProxyChild', 'isVisible', 'refreshLayout', 'removeAllChildren', 'removeAllProtectedChildren', 'removeAllProtectedChildrenWithCleanup', 'removeAllProxyChildren', 'removeChild', 'removeChildByName', 'removeChildByTag', 'removeProtectedChild', 'removeProtectedChildByTag', 'reorderChild', 'reorderProtectedChild', 'resizeContentSize', 'setAnchorPoint', 'setCameraQuadName', 'setChildrenRecursivelyDisableSwallowTouches', 'setContentSize', 'setExternalImageBySize', 'setLayoutComponentEnabled', 'setLayoutParameter', 'setLiveRoomName', 'setName', 'setNormalizedPosition', 'setPosition', 'setPosition3D', 'setPositionPercent', 'setPositionType', 'setPositionX', 'setPositionY', 'setPositionZ', 'setScale', 'setScale9Enabled', 'setScaleX', 'setScaleY', 'setScaleZ', 'setShowRoomName', 'setSizePercent', 'setSizeType', 'setTrajectoryName', 'setUnifySizeEnabled', 'setUseProxyChild', 'setVisible', 'sortAllChildren', 'updateLayoutChildrenClippingType', 'updateSizeAndPosition']
robot[anFL9UsxNr+4vr8u].panel_frame.child[2].children_count=0
robot[anFL9UsxNr+4vr8u].panel_frame.seek('panel_frame') -> <gclient.framework.ui.widgets.ui_node.UINode object(Swallower) at 0x25A032EBE00> type=<class 'gclient.framework.ui.widgets.ui_node.UINode'>
robot[anFL9UsxNr+4vr8u].panel_frame.seek.panel_frame: <gclient.framework.ui.widgets.ui_node.UINode object(Swallower) at 0x25A032EBE00> type=<class 'gclient.framework.ui.widgets.ui_node.UINode'>
robot[anFL9UsxNr+4vr8u].panel_frame.seek.panel_frame.visible=<gshare.utils.Swallower object at 0x00000259D7DA7390>
robot[anFL9UsxNr+4vr8u].panel_frame.seek.panel_frame.opacity=<gshare.utils.Swallower object at 0x00000259D7DA7390>
robot[anFL9UsxNr+4vr8u].panel_frame.seek.panel_frame.scale=<gshare.utils.Swallower object at 0x00000259D7DA7390>
robot[anFL9UsxNr+4vr8u].panel_frame.seek.panel_frame.scale_x=<gshare.utils.Swallower object at 0x00000259D7DA7390>
robot[anFL9UsxNr+4vr8u].panel_frame.seek.panel_frame.scale_y=<gshare.utils.Swallower object at 0x00000259D7DA7390>
robot[anFL9UsxNr+4vr8u].panel_frame.seek.panel_frame.x=<gshare.utils.Swallower object at 0x00000259D7DA7390>
robot[anFL9UsxNr+4vr8u].panel_frame.seek.panel_frame.y=<gshare.utils.Swallower object at 0x00000259D7DA7390>
robot[anFL9UsxNr+4vr8u].panel_frame.seek.panel_frame.width=<gshare.utils.Swallower object at 0x00000259D7DA7390>
robot[anFL9UsxNr+4vr8u].panel_frame.seek.panel_frame.height=<gshare.utils.Swallower object at 0x00000259D7DA7390>
robot[anFL9UsxNr+4vr8u].panel_frame.seek.panel_frame.widget=<gshare.utils.Swallower object at 0x00000259D7DA7390>
robot[anFL9UsxNr+4vr8u].panel_frame.seek.panel_frame.getName()=<gshare.utils.Swallower object at 0x00000259D7DA7390>
robot[anFL9UsxNr+4vr8u].panel_frame.seek.panel_frame.GetName()=<gshare.utils.Swallower object at 0x00000259D7DA7390>
robot[anFL9UsxNr+4vr8u].panel_frame.seek.panel_frame.GetWidth()=<gshare.utils.Swallower object at 0x00000259D7DA7390>
robot[anFL9UsxNr+4vr8u].panel_frame.seek.panel_frame.GetHeight()=<gshare.utils.Swallower object at 0x00000259D7DA7390>
robot[anFL9UsxNr+4vr8u].panel_frame.seek.panel_frame.getContentSize()=<gshare.utils.Swallower object at 0x00000259D7DA7390>
robot[anFL9UsxNr+4vr8u].panel_frame.seek.panel_frame.GetRealContentSize()=Size(1.000000, 1.000000)
robot[anFL9UsxNr+4vr8u].panel_frame.seek.panel_frame.getPosition()=<gshare.utils.Swallower object at 0x00000259D7DA7390>
robot[anFL9UsxNr+4vr8u].panel_frame.seek.panel_frame.GetPosition()=<gshare.utils.Swallower object at 0x00000259D7DA7390>
robot[anFL9UsxNr+4vr8u].panel_frame.seek.panel_frame.getPositionX()=<gshare.utils.Swallower object at 0x00000259D7DA7390>
robot[anFL9UsxNr+4vr8u].panel_frame.seek.panel_frame.getPositionY()=<gshare.utils.Swallower object at 0x00000259D7DA7390>
robot[anFL9UsxNr+4vr8u].panel_frame.seek.panel_frame.getAnchorPoint()=<gshare.utils.Swallower object at 0x00000259D7DA7390>
robot[anFL9UsxNr+4vr8u].panel_frame.seek.panel_frame.GetWorldPosition()=<gshare.utils.Swallower object at 0x00000259D7DA7390>
robot[anFL9UsxNr+4vr8u].panel_frame.seek.panel_frame.getScale()=<gshare.utils.Swallower object at 0x00000259D7DA7390>
robot[anFL9UsxNr+4vr8u].panel_frame.seek.panel_frame.getScaleX()=<gshare.utils.Swallower object at 0x00000259D7DA7390>
robot[anFL9UsxNr+4vr8u].panel_frame.seek.panel_frame.getScaleY()=<gshare.utils.Swallower object at 0x00000259D7DA7390>
robot[anFL9UsxNr+4vr8u].panel_frame.seek.panel_frame.IsAncestorsVisible()=False
robot[anFL9UsxNr+4vr8u].panel_frame.seek.panel_frame.isVisible()=<gshare.utils.Swallower object at 0x00000259D7DA7390>
robot[anFL9UsxNr+4vr8u].panel_frame.seek.panel_frame.getChildrenCount()=<gshare.utils.Swallower object at 0x00000259D7DA7390>
robot[anFL9UsxNr+4vr8u].panel_frame.seek.panel_frame.interesting=['AddChild', 'CheckPosInView', 'EnablePressScale', 'GetHeight', 'GetRealContentSize', 'GetWidth', 'GetWorldPosition', 'GetWorldPositionLeftBottom', 'GetWorldPositionPercent', 'IsAncestorsVisible', 'IsWorldPosInNodeBound', 'SCRATCH_CARD_IMAGE_NAME', 'SCRATCH_CARD_TOUCH_NAME', 'SetChildrenClippingEnabled', 'SetChildrenClippingType', 'SetHeight', 'SetPosition', 'SetPositionX', 'SetPositionY', 'SetWidth', 'SetWidthHeight', 'SetWorldPosition', 'SetWorldPositionPercent', '_pos_began', 'addChild', 'child', 'childex', 'getContentSize', 'rchild', 'rchildex', 'scale', 'setContentSize', 'setZoomChildren', 'visible', 'zoomChildren']
robot[anFL9UsxNr+4vr8u].panel_frame.seek('img_frame') -> <gclient.framework.ui.widgets.ui_node.UINode object(Swallower) at 0x25A032B8D70> type=<class 'gclient.framework.ui.widgets.ui_node.UINode'>
robot[anFL9UsxNr+4vr8u].panel_frame.seek.img_frame: <gclient.framework.ui.widgets.ui_node.UINode object(Swallower) at 0x25A032B8D70> type=<class 'gclient.framework.ui.widgets.ui_node.UINode'>
robot[anFL9UsxNr+4vr8u].panel_frame.seek.img_frame.visible=<gshare.utils.Swallower object at 0x0000025A174A7A70>
robot[anFL9UsxNr+4vr8u].panel_frame.seek.img_frame.opacity=<gshare.utils.Swallower object at 0x0000025A174A7A70>
robot[anFL9UsxNr+4vr8u].panel_frame.seek.img_frame.scale=<gshare.utils.Swallower object at 0x0000025A174A7A70>
robot[anFL9UsxNr+4vr8u].panel_frame.seek.img_frame.scale_x=<gshare.utils.Swallower object at 0x0000025A174A7A70>
robot[anFL9UsxNr+4vr8u].panel_frame.seek.img_frame.scale_y=<gshare.utils.Swallower object at 0x0000025A174A7A70>
robot[anFL9UsxNr+4vr8u].panel_frame.seek.img_frame.x=<gshare.utils.Swallower object at 0x0000025A174A7A70>
robot[anFL9UsxNr+4vr8u].panel_frame.seek.img_frame.y=<gshare.utils.Swallower object at 0x0000025A174A7A70>
robot[anFL9UsxNr+4vr8u].panel_frame.seek.img_frame.width=<gshare.utils.Swallower object at 0x0000025A174A7A70>
robot[anFL9UsxNr+4vr8u].panel_frame.seek.img_frame.height=<gshare.utils.Swallower object at 0x0000025A174A7A70>
robot[anFL9UsxNr+4vr8u].panel_frame.seek.img_frame.widget=<gshare.utils.Swallower object at 0x0000025A174A7A70>
robot[anFL9UsxNr+4vr8u].panel_frame.seek.img_frame.getName()=<gshare.utils.Swallower object at 0x0000025A174A7A70>
robot[anFL9UsxNr+4vr8u].panel_frame.seek.img_frame.GetName()=<gshare.utils.Swallower object at 0x0000025A174A7A70>
robot[anFL9UsxNr+4vr8u].panel_frame.seek.img_frame.GetWidth()=<gshare.utils.Swallower object at 0x0000025A174A7A70>
robot[anFL9UsxNr+4vr8u].panel_frame.seek.img_frame.GetHeight()=<gshare.utils.Swallower object at 0x0000025A174A7A70>
robot[anFL9UsxNr+4vr8u].panel_frame.seek.img_frame.getContentSize()=<gshare.utils.Swallower object at 0x0000025A174A7A70>
robot[anFL9UsxNr+4vr8u].panel_frame.seek.img_frame.GetRealContentSize()=Size(1.000000, 1.000000)
robot[anFL9UsxNr+4vr8u].panel_frame.seek.img_frame.getPosition()=<gshare.utils.Swallower object at 0x0000025A174A7A70>
robot[anFL9UsxNr+4vr8u].panel_frame.seek.img_frame.GetPosition()=<gshare.utils.Swallower object at 0x0000025A174A7A70>
robot[anFL9UsxNr+4vr8u].panel_frame.seek.img_frame.getPositionX()=<gshare.utils.Swallower object at 0x0000025A174A7A70>
robot[anFL9UsxNr+4vr8u].panel_frame.seek.img_frame.getPositionY()=<gshare.utils.Swallower object at 0x0000025A174A7A70>
robot[anFL9UsxNr+4vr8u].panel_frame.seek.img_frame.getAnchorPoint()=<gshare.utils.Swallower object at 0x0000025A174A7A70>
robot[anFL9UsxNr+4vr8u].panel_frame.seek.img_frame.GetWorldPosition()=<gshare.utils.Swallower object at 0x0000025A174A7A70>
robot[anFL9UsxNr+4vr8u].panel_frame.seek.img_frame.getScale()=<gshare.utils.Swallower object at 0x0000025A174A7A70>
robot[anFL9UsxNr+4vr8u].panel_frame.seek.img_frame.getScaleX()=<gshare.utils.Swallower object at 0x0000025A174A7A70>
robot[anFL9UsxNr+4vr8u].panel_frame.seek.img_frame.getScaleY()=<gshare.utils.Swallower object at 0x0000025A174A7A70>
robot[anFL9UsxNr+4vr8u].panel_frame.seek.img_frame.IsAncestorsVisible()=False
robot[anFL9UsxNr+4vr8u].panel_frame.seek.img_frame.isVisible()=<gshare.utils.Swallower object at 0x0000025A174A7A70>
robot[anFL9UsxNr+4vr8u].panel_frame.seek.img_frame.getChildrenCount()=<gshare.utils.Swallower object at 0x0000025A174A7A70>
robot[anFL9UsxNr+4vr8u].panel_frame.seek.img_frame.interesting=['AddChild', 'CheckPosInView', 'EnablePressScale', 'GetHeight', 'GetRealContentSize', 'GetWidth', 'GetWorldPosition', 'GetWorldPositionLeftBottom', 'GetWorldPositionPercent', 'IsAncestorsVisible', 'IsWorldPosInNodeBound', 'SCRATCH_CARD_IMAGE_NAME', 'SCRATCH_CARD_TOUCH_NAME', 'SetChildrenClippingEnabled', 'SetChildrenClippingType', 'SetHeight', 'SetPosition', 'SetPositionX', 'SetPositionY', 'SetWidth', 'SetWidthHeight', 'SetWorldPosition', 'SetWorldPositionPercent', '_pos_began', 'addChild', 'child', 'childex', 'getContentSize', 'rchild', 'rchildex', 'scale', 'setContentSize', 'setZoomChildren', 'visible', 'zoomChildren']
robot[anFL9UsxNr+4vr8u].panel_frame.seek('red_frame') -> <gclient.framework.ui.widgets.ui_node.UINode object(Swallower) at 0x25A032EBE00> type=<class 'gclient.framework.ui.widgets.ui_node.UINode'>
robot[anFL9UsxNr+4vr8u].panel_frame.seek.red_frame: <gclient.framework.ui.widgets.ui_node.UINode object(Swallower) at 0x25A032EBE00> type=<class 'gclient.framework.ui.widgets.ui_node.UINode'>
robot[anFL9UsxNr+4vr8u].panel_frame.seek.red_frame.visible=<gshare.utils.Swallower object at 0x00000259D7DA7390>
robot[anFL9UsxNr+4vr8u].panel_frame.seek.red_frame.opacity=<gshare.utils.Swallower object at 0x00000259D7DA7390>
robot[anFL9UsxNr+4vr8u].panel_frame.seek.red_frame.scale=<gshare.utils.Swallower object at 0x00000259D7DA7390>
robot[anFL9UsxNr+4vr8u].panel_frame.seek.red_frame.scale_x=<gshare.utils.Swallower object at 0x00000259D7DA7390>
robot[anFL9UsxNr+4vr8u].panel_frame.seek.red_frame.scale_y=<gshare.utils.Swallower object at 0x00000259D7DA7390>
robot[anFL9UsxNr+4vr8u].panel_frame.seek.red_frame.x=<gshare.utils.Swallower object at 0x00000259D7DA7390>
robot[anFL9UsxNr+4vr8u].panel_frame.seek.red_frame.y=<gshare.utils.Swallower object at 0x00000259D7DA7390>
robot[anFL9UsxNr+4vr8u].panel_frame.seek.red_frame.width=<gshare.utils.Swallower object at 0x00000259D7DA7390>
robot[anFL9UsxNr+4vr8u].panel_frame.seek.red_frame.height=<gshare.utils.Swallower object at 0x00000259D7DA7390>
robot[anFL9UsxNr+4vr8u].panel_frame.seek.red_frame.widget=<gshare.utils.Swallower object at 0x00000259D7DA7390>
robot[anFL9UsxNr+4vr8u].panel_frame.seek.red_frame.getName()=<gshare.utils.Swallower object at 0x00000259D7DA7390>
robot[anFL9UsxNr+4vr8u].panel_frame.seek.red_frame.GetName()=<gshare.utils.Swallower object at 0x00000259D7DA7390>
robot[anFL9UsxNr+4vr8u].panel_frame.seek.red_frame.GetWidth()=<gshare.utils.Swallower object at 0x00000259D7DA7390>
robot[anFL9UsxNr+4vr8u].panel_frame.seek.red_frame.GetHeight()=<gshare.utils.Swallower object at 0x00000259D7DA7390>
robot[anFL9UsxNr+4vr8u].panel_frame.seek.red_frame.getContentSize()=<gshare.utils.Swallower object at 0x00000259D7DA7390>
robot[anFL9UsxNr+4vr8u].panel_frame.seek.red_frame.GetRealContentSize()=Size(1.000000, 1.000000)
robot[anFL9UsxNr+4vr8u].panel_frame.seek.red_frame.getPosition()=<gshare.utils.Swallower object at 0x00000259D7DA7390>
robot[anFL9UsxNr+4vr8u].panel_frame.seek.red_frame.GetPosition()=<gshare.utils.Swallower object at 0x00000259D7DA7390>
robot[anFL9UsxNr+4vr8u].panel_frame.seek.red_frame.getPositionX()=<gshare.utils.Swallower object at 0x00000259D7DA7390>
robot[anFL9UsxNr+4vr8u].panel_frame.seek.red_frame.getPositionY()=<gshare.utils.Swallower object at 0x00000259D7DA7390>
robot[anFL9UsxNr+4vr8u].panel_frame.seek.red_frame.getAnchorPoint()=<gshare.utils.Swallower object at 0x00000259D7DA7390>
robot[anFL9UsxNr+4vr8u].panel_frame.seek.red_frame.GetWorldPosition()=<gshare.utils.Swallower object at 0x00000259D7DA7390>
robot[anFL9UsxNr+4vr8u].panel_frame.seek.red_frame.getScale()=<gshare.utils.Swallower object at 0x00000259D7DA7390>
robot[anFL9UsxNr+4vr8u].panel_frame.seek.red_frame.getScaleX()=<gshare.utils.Swallower object at 0x00000259D7DA7390>
robot[anFL9UsxNr+4vr8u].panel_frame.seek.red_frame.getScaleY()=<gshare.utils.Swallower object at 0x00000259D7DA7390>
robot[anFL9UsxNr+4vr8u].panel_frame.seek.red_frame.IsAncestorsVisible()=False
robot[anFL9UsxNr+4vr8u].panel_frame.seek.red_frame.isVisible()=<gshare.utils.Swallower object at 0x00000259D7DA7390>
robot[anFL9UsxNr+4vr8u].panel_frame.seek.red_frame.getChildrenCount()=<gshare.utils.Swallower object at 0x00000259D7DA7390>
robot[anFL9UsxNr+4vr8u].panel_frame.seek.red_frame.interesting=['AddChild', 'CheckPosInView', 'EnablePressScale', 'GetHeight', 'GetRealContentSize', 'GetWidth', 'GetWorldPosition', 'GetWorldPositionLeftBottom', 'GetWorldPositionPercent', 'IsAncestorsVisible', 'IsWorldPosInNodeBound', 'SCRATCH_CARD_IMAGE_NAME', 'SCRATCH_CARD_TOUCH_NAME', 'SetChildrenClippingEnabled', 'SetChildrenClippingType', 'SetHeight', 'SetPosition', 'SetPositionX', 'SetPositionY', 'SetWidth', 'SetWidthHeight', 'SetWorldPosition', 'SetWorldPositionPercent', '_pos_began', 'addChild', 'child', 'childex', 'getContentSize', 'rchild', 'rchildex', 'scale', 'setContentSize', 'setZoomChildren', 'visible', 'zoomChildren']
robot[anFL9UsxNr+4vr8u].panel_frame.seek('img_red_frame') -> <gclient.framework.ui.widgets.ui_node.UINode object(Swallower) at 0x25A032B8D70> type=<class 'gclient.framework.ui.widgets.ui_node.UINode'>
robot[anFL9UsxNr+4vr8u].panel_frame.seek.img_red_frame: <gclient.framework.ui.widgets.ui_node.UINode object(Swallower) at 0x25A032B8D70> type=<class 'gclient.framework.ui.widgets.ui_node.UINode'>
robot[anFL9UsxNr+4vr8u].panel_frame.seek.img_red_frame.visible=<gshare.utils.Swallower object at 0x0000025A174A7A70>
robot[anFL9UsxNr+4vr8u].panel_frame.seek.img_red_frame.opacity=<gshare.utils.Swallower object at 0x0000025A174A7A70>
robot[anFL9UsxNr+4vr8u].panel_frame.seek.img_red_frame.scale=<gshare.utils.Swallower object at 0x0000025A174A7A70>
robot[anFL9UsxNr+4vr8u].panel_frame.seek.img_red_frame.scale_x=<gshare.utils.Swallower object at 0x0000025A174A7A70>
robot[anFL9UsxNr+4vr8u].panel_frame.seek.img_red_frame.scale_y=<gshare.utils.Swallower object at 0x0000025A174A7A70>
robot[anFL9UsxNr+4vr8u].panel_frame.seek.img_red_frame.x=<gshare.utils.Swallower object at 0x0000025A174A7A70>
robot[anFL9UsxNr+4vr8u].panel_frame.seek.img_red_frame.y=<gshare.utils.Swallower object at 0x0000025A174A7A70>
robot[anFL9UsxNr+4vr8u].panel_frame.seek.img_red_frame.width=<gshare.utils.Swallower object at 0x0000025A174A7A70>
robot[anFL9UsxNr+4vr8u].panel_frame.seek.img_red_frame.height=<gshare.utils.Swallower object at 0x0000025A174A7A70>
robot[anFL9UsxNr+4vr8u].panel_frame.seek.img_red_frame.widget=<gshare.utils.Swallower object at 0x0000025A174A7A70>
robot[anFL9UsxNr+4vr8u].panel_frame.seek.img_red_frame.getName()=<gshare.utils.Swallower object at 0x0000025A174A7A70>
robot[anFL9UsxNr+4vr8u].panel_frame.seek.img_red_frame.GetName()=<gshare.utils.Swallower object at 0x0000025A174A7A70>
robot[anFL9UsxNr+4vr8u].panel_frame.seek.img_red_frame.GetWidth()=<gshare.utils.Swallower object at 0x0000025A174A7A70>
robot[anFL9UsxNr+4vr8u].panel_frame.seek.img_red_frame.GetHeight()=<gshare.utils.Swallower object at 0x0000025A174A7A70>
robot[anFL9UsxNr+4vr8u].panel_frame.seek.img_red_frame.getContentSize()=<gshare.utils.Swallower object at 0x0000025A174A7A70>
robot[anFL9UsxNr+4vr8u].panel_frame.seek.img_red_frame.GetRealContentSize()=Size(1.000000, 1.000000)
robot[anFL9UsxNr+4vr8u].panel_frame.seek.img_red_frame.getPosition()=<gshare.utils.Swallower object at 0x0000025A174A7A70>
robot[anFL9UsxNr+4vr8u].panel_frame.seek.img_red_frame.GetPosition()=<gshare.utils.Swallower object at 0x0000025A174A7A70>
robot[anFL9UsxNr+4vr8u].panel_frame.seek.img_red_frame.getPositionX()=<gshare.utils.Swallower object at 0x0000025A174A7A70>
robot[anFL9UsxNr+4vr8u].panel_frame.seek.img_red_frame.getPositionY()=<gshare.utils.Swallower object at 0x0000025A174A7A70>
robot[anFL9UsxNr+4vr8u].panel_frame.seek.img_red_frame.getAnchorPoint()=<gshare.utils.Swallower object at 0x0000025A174A7A70>
robot[anFL9UsxNr+4vr8u].panel_frame.seek.img_red_frame.GetWorldPosition()=<gshare.utils.Swallower object at 0x0000025A174A7A70>
robot[anFL9UsxNr+4vr8u].panel_frame.seek.img_red_frame.getScale()=<gshare.utils.Swallower object at 0x0000025A174A7A70>
robot[anFL9UsxNr+4vr8u].panel_frame.seek.img_red_frame.getScaleX()=<gshare.utils.Swallower object at 0x0000025A174A7A70>
robot[anFL9UsxNr+4vr8u].panel_frame.seek.img_red_frame.getScaleY()=<gshare.utils.Swallower object at 0x0000025A174A7A70>
robot[anFL9UsxNr+4vr8u].panel_frame.seek.img_red_frame.IsAncestorsVisible()=False
robot[anFL9UsxNr+4vr8u].panel_frame.seek.img_red_frame.isVisible()=<gshare.utils.Swallower object at 0x0000025A174A7A70>
robot[anFL9UsxNr+4vr8u].panel_frame.seek.img_red_frame.getChildrenCount()=<gshare.utils.Swallower object at 0x0000025A174A7A70>
robot[anFL9UsxNr+4vr8u].panel_frame.seek.img_red_frame.interesting=['AddChild', 'CheckPosInView', 'EnablePressScale', 'GetHeight', 'GetRealContentSize', 'GetWidth', 'GetWorldPosition', 'GetWorldPositionLeftBottom', 'GetWorldPositionPercent', 'IsAncestorsVisible', 'IsWorldPosInNodeBound', 'SCRATCH_CARD_IMAGE_NAME', 'SCRATCH_CARD_TOUCH_NAME', 'SetChildrenClippingEnabled', 'SetChildrenClippingType', 'SetHeight', 'SetPosition', 'SetPositionX', 'SetPositionY', 'SetWidth', 'SetWidthHeight', 'SetWorldPosition', 'SetWorldPositionPercent', '_pos_began', 'addChild', 'child', 'childex', 'getContentSize', 'rchild', 'rchildex', 'scale', 'setContentSize', 'setZoomChildren', 'visible', 'zoomChildren']
robot[anFL9UsxNr+4vr8u].panel_frame.seek('frame') -> <gclient.framework.ui.widgets.ui_node.UINode object(Swallower) at 0x25A032EBE00> type=<class 'gclient.framework.ui.widgets.ui_node.UINode'>
robot[anFL9UsxNr+4vr8u].panel_frame.seek.frame: <gclient.framework.ui.widgets.ui_node.UINode object(Swallower) at 0x25A032EBE00> type=<class 'gclient.framework.ui.widgets.ui_node.UINode'>
robot[anFL9UsxNr+4vr8u].panel_frame.seek.frame.visible=<gshare.utils.Swallower object at 0x00000259D7DA7390>
robot[anFL9UsxNr+4vr8u].panel_frame.seek.frame.opacity=<gshare.utils.Swallower object at 0x00000259D7DA7390>
robot[anFL9UsxNr+4vr8u].panel_frame.seek.frame.scale=<gshare.utils.Swallower object at 0x00000259D7DA7390>
robot[anFL9UsxNr+4vr8u].panel_frame.seek.frame.scale_x=<gshare.utils.Swallower object at 0x00000259D7DA7390>
robot[anFL9UsxNr+4vr8u].panel_frame.seek.frame.scale_y=<gshare.utils.Swallower object at 0x00000259D7DA7390>
robot[anFL9UsxNr+4vr8u].panel_frame.seek.frame.x=<gshare.utils.Swallower object at 0x00000259D7DA7390>
robot[anFL9UsxNr+4vr8u].panel_frame.seek.frame.y=<gshare.utils.Swallower object at 0x00000259D7DA7390>
robot[anFL9UsxNr+4vr8u].panel_frame.seek.frame.width=<gshare.utils.Swallower object at 0x00000259D7DA7390>
robot[anFL9UsxNr+4vr8u].panel_frame.seek.frame.height=<gshare.utils.Swallower object at 0x00000259D7DA7390>
robot[anFL9UsxNr+4vr8u].panel_frame.seek.frame.widget=<gshare.utils.Swallower object at 0x00000259D7DA7390>
robot[anFL9UsxNr+4vr8u].panel_frame.seek.frame.getName()=<gshare.utils.Swallower object at 0x00000259D7DA7390>
robot[anFL9UsxNr+4vr8u].panel_frame.seek.frame.GetName()=<gshare.utils.Swallower object at 0x00000259D7DA7390>
robot[anFL9UsxNr+4vr8u].panel_frame.seek.frame.GetWidth()=<gshare.utils.Swallower object at 0x00000259D7DA7390>
robot[anFL9UsxNr+4vr8u].panel_frame.seek.frame.GetHeight()=<gshare.utils.Swallower object at 0x00000259D7DA7390>
robot[anFL9UsxNr+4vr8u].panel_frame.seek.frame.getContentSize()=<gshare.utils.Swallower object at 0x00000259D7DA7390>
robot[anFL9UsxNr+4vr8u].panel_frame.seek.frame.GetRealContentSize()=Size(1.000000, 1.000000)
robot[anFL9UsxNr+4vr8u].panel_frame.seek.frame.getPosition()=<gshare.utils.Swallower object at 0x00000259D7DA7390>
robot[anFL9UsxNr+4vr8u].panel_frame.seek.frame.GetPosition()=<gshare.utils.Swallower object at 0x00000259D7DA7390>
robot[anFL9UsxNr+4vr8u].panel_frame.seek.frame.getPositionX()=<gshare.utils.Swallower object at 0x00000259D7DA7390>
robot[anFL9UsxNr+4vr8u].panel_frame.seek.frame.getPositionY()=<gshare.utils.Swallower object at 0x00000259D7DA7390>
robot[anFL9UsxNr+4vr8u].panel_frame.seek.frame.getAnchorPoint()=<gshare.utils.Swallower object at 0x00000259D7DA7390>
robot[anFL9UsxNr+4vr8u].panel_frame.seek.frame.GetWorldPosition()=<gshare.utils.Swallower object at 0x00000259D7DA7390>
robot[anFL9UsxNr+4vr8u].panel_frame.seek.frame.getScale()=<gshare.utils.Swallower object at 0x00000259D7DA7390>
robot[anFL9UsxNr+4vr8u].panel_frame.seek.frame.getScaleX()=<gshare.utils.Swallower object at 0x00000259D7DA7390>
robot[anFL9UsxNr+4vr8u].panel_frame.seek.frame.getScaleY()=<gshare.utils.Swallower object at 0x00000259D7DA7390>
robot[anFL9UsxNr+4vr8u].panel_frame.seek.frame.IsAncestorsVisible()=False
robot[anFL9UsxNr+4vr8u].panel_frame.seek.frame.isVisible()=<gshare.utils.Swallower object at 0x00000259D7DA7390>
robot[anFL9UsxNr+4vr8u].panel_frame.seek.frame.getChildrenCount()=<gshare.utils.Swallower object at 0x00000259D7DA7390>
robot[anFL9UsxNr+4vr8u].panel_frame.seek.frame.interesting=['AddChild', 'CheckPosInView', 'EnablePressScale', 'GetHeight', 'GetRealContentSize', 'GetWidth', 'GetWorldPosition', 'GetWorldPositionLeftBottom', 'GetWorldPositionPercent', 'IsAncestorsVisible', 'IsWorldPosInNodeBound', 'SCRATCH_CARD_IMAGE_NAME', 'SCRATCH_CARD_TOUCH_NAME', 'SetChildrenClippingEnabled', 'SetChildrenClippingType', 'SetHeight', 'SetPosition', 'SetPositionX', 'SetPositionY', 'SetWidth', 'SetWidthHeight', 'SetWorldPosition', 'SetWorldPositionPercent', '_pos_began', 'addChild', 'child', 'childex', 'getContentSize', 'rchild', 'rchildex', 'scale', 'setContentSize', 'setZoomChildren', 'visible', 'zoomChildren']
robot[anFL9UsxNr+4vr8u].panel_frame.seek('left') -> <gclient.framework.ui.widgets.ui_node.UINode object(Swallower) at 0x25A032B8D70> type=<class 'gclient.framework.ui.widgets.ui_node.UINode'>
robot[anFL9UsxNr+4vr8u].panel_frame.seek.left: <gclient.framework.ui.widgets.ui_node.UINode object(Swallower) at 0x25A032B8D70> type=<class 'gclient.framework.ui.widgets.ui_node.UINode'>
robot[anFL9UsxNr+4vr8u].panel_frame.seek.left.visible=<gshare.utils.Swallower object at 0x0000025A17417C50>
robot[anFL9UsxNr+4vr8u].panel_frame.seek.left.opacity=<gshare.utils.Swallower object at 0x0000025A17417C50>
robot[anFL9UsxNr+4vr8u].panel_frame.seek.left.scale=<gshare.utils.Swallower object at 0x0000025A17417C50>
robot[anFL9UsxNr+4vr8u].panel_frame.seek.left.scale_x=<gshare.utils.Swallower object at 0x0000025A17417C50>
robot[anFL9UsxNr+4vr8u].panel_frame.seek.left.scale_y=<gshare.utils.Swallower object at 0x0000025A17417C50>
robot[anFL9UsxNr+4vr8u].panel_frame.seek.left.x=<gshare.utils.Swallower object at 0x0000025A17417C50>
robot[anFL9UsxNr+4vr8u].panel_frame.seek.left.y=<gshare.utils.Swallower object at 0x0000025A17417C50>
robot[anFL9UsxNr+4vr8u].panel_frame.seek.left.width=<gshare.utils.Swallower object at 0x0000025A17417C50>
robot[anFL9UsxNr+4vr8u].panel_frame.seek.left.height=<gshare.utils.Swallower object at 0x0000025A17417C50>
robot[anFL9UsxNr+4vr8u].panel_frame.seek.left.widget=<gshare.utils.Swallower object at 0x0000025A17417C50>
robot[anFL9UsxNr+4vr8u].panel_frame.seek.left.getName()=<gshare.utils.Swallower object at 0x0000025A17417C50>
robot[anFL9UsxNr+4vr8u].panel_frame.seek.left.GetName()=<gshare.utils.Swallower object at 0x0000025A17417C50>
robot[anFL9UsxNr+4vr8u].panel_frame.seek.left.GetWidth()=<gshare.utils.Swallower object at 0x0000025A17417C50>
robot[anFL9UsxNr+4vr8u].panel_frame.seek.left.GetHeight()=<gshare.utils.Swallower object at 0x0000025A17417C50>
robot[anFL9UsxNr+4vr8u].panel_frame.seek.left.getContentSize()=<gshare.utils.Swallower object at 0x0000025A17417C50>
robot[anFL9UsxNr+4vr8u].panel_frame.seek.left.GetRealContentSize()=Size(1.000000, 1.000000)
robot[anFL9UsxNr+4vr8u].panel_frame.seek.left.getPosition()=<gshare.utils.Swallower object at 0x0000025A17417C50>
robot[anFL9UsxNr+4vr8u].panel_frame.seek.left.GetPosition()=<gshare.utils.Swallower object at 0x0000025A17417C50>
robot[anFL9UsxNr+4vr8u].panel_frame.seek.left.getPositionX()=<gshare.utils.Swallower object at 0x0000025A17417C50>
robot[anFL9UsxNr+4vr8u].panel_frame.seek.left.getPositionY()=<gshare.utils.Swallower object at 0x0000025A17417C50>
robot[anFL9UsxNr+4vr8u].panel_frame.seek.left.getAnchorPoint()=<gshare.utils.Swallower object at 0x0000025A17417C50>
robot[anFL9UsxNr+4vr8u].panel_frame.seek.left.GetWorldPosition()=<gshare.utils.Swallower object at 0x0000025A17417C50>
robot[anFL9UsxNr+4vr8u].panel_frame.seek.left.getScale()=<gshare.utils.Swallower object at 0x0000025A17417C50>
robot[anFL9UsxNr+4vr8u].panel_frame.seek.left.getScaleX()=<gshare.utils.Swallower object at 0x0000025A17417C50>
robot[anFL9UsxNr+4vr8u].panel_frame.seek.left.getScaleY()=<gshare.utils.Swallower object at 0x0000025A17417C50>
robot[anFL9UsxNr+4vr8u].panel_frame.seek.left.IsAncestorsVisible()=False
robot[anFL9UsxNr+4vr8u].panel_frame.seek.left.isVisible()=<gshare.utils.Swallower object at 0x0000025A17417C50>
robot[anFL9UsxNr+4vr8u].panel_frame.seek.left.getChildrenCount()=<gshare.utils.Swallower object at 0x0000025A17417C50>
robot[anFL9UsxNr+4vr8u].panel_frame.seek.left.interesting=['AddChild', 'CheckPosInView', 'EnablePressScale', 'GetHeight', 'GetRealContentSize', 'GetWidth', 'GetWorldPosition', 'GetWorldPositionLeftBottom', 'GetWorldPositionPercent', 'IsAncestorsVisible', 'IsWorldPosInNodeBound', 'SCRATCH_CARD_IMAGE_NAME', 'SCRATCH_CARD_TOUCH_NAME', 'SetChildrenClippingEnabled', 'SetChildrenClippingType', 'SetHeight', 'SetPosition', 'SetPositionX', 'SetPositionY', 'SetWidth', 'SetWidthHeight', 'SetWorldPosition', 'SetWorldPositionPercent', '_pos_began', 'addChild', 'child', 'childex', 'getContentSize', 'rchild', 'rchildex', 'scale', 'setContentSize', 'setZoomChildren', 'visible', 'zoomChildren']
robot[anFL9UsxNr+4vr8u].panel_frame.seek('right') -> <gclient.framework.ui.widgets.ui_node.UINode object(Swallower) at 0x25A032EBE00> type=<class 'gclient.framework.ui.widgets.ui_node.UINode'>
robot[anFL9UsxNr+4vr8u].panel_frame.seek.right: <gclient.framework.ui.widgets.ui_node.UINode object(Swallower) at 0x25A032EBE00> type=<class 'gclient.framework.ui.widgets.ui_node.UINode'>
robot[anFL9UsxNr+4vr8u].panel_frame.seek.right.visible=<gshare.utils.Swallower object at 0x00000259D7DA7390>
robot[anFL9UsxNr+4vr8u].panel_frame.seek.right.opacity=<gshare.utils.Swallower object at 0x00000259D7DA7390>
robot[anFL9UsxNr+4vr8u].panel_frame.seek.right.scale=<gshare.utils.Swallower object at 0x00000259D7DA7390>
robot[anFL9UsxNr+4vr8u].panel_frame.seek.right.scale_x=<gshare.utils.Swallower object at 0x00000259D7DA7390>
robot[anFL9UsxNr+4vr8u].panel_frame.seek.right.scale_y=<gshare.utils.Swallower object at 0x00000259D7DA7390>
robot[anFL9UsxNr+4vr8u].panel_frame.seek.right.x=<gshare.utils.Swallower object at 0x00000259D7DA7390>
robot[anFL9UsxNr+4vr8u].panel_frame.seek.right.y=<gshare.utils.Swallower object at 0x00000259D7DA7390>
robot[anFL9UsxNr+4vr8u].panel_frame.seek.right.width=<gshare.utils.Swallower object at 0x00000259D7DA7390>
robot[anFL9UsxNr+4vr8u].panel_frame.seek.right.height=<gshare.utils.Swallower object at 0x00000259D7DA7390>
robot[anFL9UsxNr+4vr8u].panel_frame.seek.right.widget=<gshare.utils.Swallower object at 0x00000259D7DA7390>
robot[anFL9UsxNr+4vr8u].panel_frame.seek.right.getName()=<gshare.utils.Swallower object at 0x00000259D7DA7390>
robot[anFL9UsxNr+4vr8u].panel_frame.seek.right.GetName()=<gshare.utils.Swallower object at 0x00000259D7DA7390>
robot[anFL9UsxNr+4vr8u].panel_frame.seek.right.GetWidth()=<gshare.utils.Swallower object at 0x00000259D7DA7390>
robot[anFL9UsxNr+4vr8u].panel_frame.seek.right.GetHeight()=<gshare.utils.Swallower object at 0x00000259D7DA7390>
robot[anFL9UsxNr+4vr8u].panel_frame.seek.right.getContentSize()=<gshare.utils.Swallower object at 0x00000259D7DA7390>
robot[anFL9UsxNr+4vr8u].panel_frame.seek.right.GetRealContentSize()=Size(1.000000, 1.000000)
robot[anFL9UsxNr+4vr8u].panel_frame.seek.right.getPosition()=<gshare.utils.Swallower object at 0x00000259D7DA7390>
robot[anFL9UsxNr+4vr8u].panel_frame.seek.right.GetPosition()=<gshare.utils.Swallower object at 0x00000259D7DA7390>
robot[anFL9UsxNr+4vr8u].panel_frame.seek.right.getPositionX()=<gshare.utils.Swallower object at 0x00000259D7DA7390>
robot[anFL9UsxNr+4vr8u].panel_frame.seek.right.getPositionY()=<gshare.utils.Swallower object at 0x00000259D7DA7390>
robot[anFL9UsxNr+4vr8u].panel_frame.seek.right.getAnchorPoint()=<gshare.utils.Swallower object at 0x00000259D7DA7390>
robot[anFL9UsxNr+4vr8u].panel_frame.seek.right.GetWorldPosition()=<gshare.utils.Swallower object at 0x00000259D7DA7390>
robot[anFL9UsxNr+4vr8u].panel_frame.seek.right.getScale()=<gshare.utils.Swallower object at 0x00000259D7DA7390>
robot[anFL9UsxNr+4vr8u].panel_frame.seek.right.getScaleX()=<gshare.utils.Swallower object at 0x00000259D7DA7390>
robot[anFL9UsxNr+4vr8u].panel_frame.seek.right.getScaleY()=<gshare.utils.Swallower object at 0x00000259D7DA7390>
robot[anFL9UsxNr+4vr8u].panel_frame.seek.right.IsAncestorsVisible()=False
robot[anFL9UsxNr+4vr8u].panel_frame.seek.right.isVisible()=<gshare.utils.Swallower object at 0x00000259D7DA7390>
robot[anFL9UsxNr+4vr8u].panel_frame.seek.right.getChildrenCount()=<gshare.utils.Swallower object at 0x00000259D7DA7390>
robot[anFL9UsxNr+4vr8u].panel_frame.seek.right.interesting=['AddChild', 'CheckPosInView', 'EnablePressScale', 'GetHeight', 'GetRealContentSize', 'GetWidth', 'GetWorldPosition', 'GetWorldPositionLeftBottom', 'GetWorldPositionPercent', 'IsAncestorsVisible', 'IsWorldPosInNodeBound', 'SCRATCH_CARD_IMAGE_NAME', 'SCRATCH_CARD_TOUCH_NAME', 'SetChildrenClippingEnabled', 'SetChildrenClippingType', 'SetHeight', 'SetPosition', 'SetPositionX', 'SetPositionY', 'SetWidth', 'SetWidthHeight', 'SetWorldPosition', 'SetWorldPositionPercent', '_pos_began', 'addChild', 'child', 'childex', 'getContentSize', 'rchild', 'rchildex', 'scale', 'setContentSize', 'setZoomChildren', 'visible', 'zoomChildren']
robot[anFL9UsxNr+4vr8u].panel_frame.seek('top') -> <gclient.framework.ui.widgets.ui_node.UINode object(Swallower) at 0x25A032B8D70> type=<class 'gclient.framework.ui.widgets.ui_node.UINode'>
robot[anFL9UsxNr+4vr8u].panel_frame.seek.top: <gclient.framework.ui.widgets.ui_node.UINode object(Swallower) at 0x25A032B8D70> type=<class 'gclient.framework.ui.widgets.ui_node.UINode'>
robot[anFL9UsxNr+4vr8u].panel_frame.seek.top.visible=<gshare.utils.Swallower object at 0x0000025A17417C50>
robot[anFL9UsxNr+4vr8u].panel_frame.seek.top.opacity=<gshare.utils.Swallower object at 0x0000025A17417C50>
robot[anFL9UsxNr+4vr8u].panel_frame.seek.top.scale=<gshare.utils.Swallower object at 0x0000025A17417C50>
robot[anFL9UsxNr+4vr8u].panel_frame.seek.top.scale_x=<gshare.utils.Swallower object at 0x0000025A17417C50>
robot[anFL9UsxNr+4vr8u].panel_frame.seek.top.scale_y=<gshare.utils.Swallower object at 0x0000025A17417C50>
robot[anFL9UsxNr+4vr8u].panel_frame.seek.top.x=<gshare.utils.Swallower object at 0x0000025A17417C50>
robot[anFL9UsxNr+4vr8u].panel_frame.seek.top.y=<gshare.utils.Swallower object at 0x0000025A17417C50>
robot[anFL9UsxNr+4vr8u].panel_frame.seek.top.width=<gshare.utils.Swallower object at 0x0000025A17417C50>
robot[anFL9UsxNr+4vr8u].panel_frame.seek.top.height=<gshare.utils.Swallower object at 0x0000025A17417C50>
robot[anFL9UsxNr+4vr8u].panel_frame.seek.top.widget=<gshare.utils.Swallower object at 0x0000025A17417C50>
robot[anFL9UsxNr+4vr8u].panel_frame.seek.top.getName()=<gshare.utils.Swallower object at 0x0000025A17417C50>
robot[anFL9UsxNr+4vr8u].panel_frame.seek.top.GetName()=<gshare.utils.Swallower object at 0x0000025A17417C50>
robot[anFL9UsxNr+4vr8u].panel_frame.seek.top.GetWidth()=<gshare.utils.Swallower object at 0x0000025A17417C50>
robot[anFL9UsxNr+4vr8u].panel_frame.seek.top.GetHeight()=<gshare.utils.Swallower object at 0x0000025A17417C50>
robot[anFL9UsxNr+4vr8u].panel_frame.seek.top.getContentSize()=<gshare.utils.Swallower object at 0x0000025A17417C50>
robot[anFL9UsxNr+4vr8u].panel_frame.seek.top.GetRealContentSize()=Size(1.000000, 1.000000)
robot[anFL9UsxNr+4vr8u].panel_frame.seek.top.getPosition()=<gshare.utils.Swallower object at 0x0000025A17417C50>
robot[anFL9UsxNr+4vr8u].panel_frame.seek.top.GetPosition()=<gshare.utils.Swallower object at 0x0000025A17417C50>
robot[anFL9UsxNr+4vr8u].panel_frame.seek.top.getPositionX()=<gshare.utils.Swallower object at 0x0000025A17417C50>
robot[anFL9UsxNr+4vr8u].panel_frame.seek.top.getPositionY()=<gshare.utils.Swallower object at 0x0000025A17417C50>
robot[anFL9UsxNr+4vr8u].panel_frame.seek.top.getAnchorPoint()=<gshare.utils.Swallower object at 0x0000025A17417C50>
robot[anFL9UsxNr+4vr8u].panel_frame.seek.top.GetWorldPosition()=<gshare.utils.Swallower object at 0x0000025A17417C50>
robot[anFL9UsxNr+4vr8u].panel_frame.seek.top.getScale()=<gshare.utils.Swallower object at 0x0000025A17417C50>
robot[anFL9UsxNr+4vr8u].panel_frame.seek.top.getScaleX()=<gshare.utils.Swallower object at 0x0000025A17417C50>
robot[anFL9UsxNr+4vr8u].panel_frame.seek.top.getScaleY()=<gshare.utils.Swallower object at 0x0000025A17417C50>
robot[anFL9UsxNr+4vr8u].panel_frame.seek.top.IsAncestorsVisible()=False
robot[anFL9UsxNr+4vr8u].panel_frame.seek.top.isVisible()=<gshare.utils.Swallower object at 0x0000025A17417C50>
robot[anFL9UsxNr+4vr8u].panel_frame.seek.top.getChildrenCount()=<gshare.utils.Swallower object at 0x0000025A17417C50>
robot[anFL9UsxNr+4vr8u].panel_frame.seek.top.interesting=['AddChild', 'CheckPosInView', 'EnablePressScale', 'GetHeight', 'GetRealContentSize', 'GetWidth', 'GetWorldPosition', 'GetWorldPositionLeftBottom', 'GetWorldPositionPercent', 'IsAncestorsVisible', 'IsWorldPosInNodeBound', 'SCRATCH_CARD_IMAGE_NAME', 'SCRATCH_CARD_TOUCH_NAME', 'SetChildrenClippingEnabled', 'SetChildrenClippingType', 'SetHeight', 'SetPosition', 'SetPositionX', 'SetPositionY', 'SetWidth', 'SetWidthHeight', 'SetWorldPosition', 'SetWorldPositionPercent', '_pos_began', 'addChild', 'child', 'childex', 'getContentSize', 'rchild', 'rchildex', 'scale', 'setContentSize', 'setZoomChildren', 'visible', 'zoomChildren']
robot[anFL9UsxNr+4vr8u].panel_frame.seek('bottom') -> <gclient.framework.ui.widgets.ui_node.UINode object(Swallower) at 0x25A032EBE00> type=<class 'gclient.framework.ui.widgets.ui_node.UINode'>
robot[anFL9UsxNr+4vr8u].panel_frame.seek.bottom: <gclient.framework.ui.widgets.ui_node.UINode object(Swallower) at 0x25A032EBE00> type=<class 'gclient.framework.ui.widgets.ui_node.UINode'>
robot[anFL9UsxNr+4vr8u].panel_frame.seek.bottom.visible=<gshare.utils.Swallower object at 0x00000259D7DA7390>
robot[anFL9UsxNr+4vr8u].panel_frame.seek.bottom.opacity=<gshare.utils.Swallower object at 0x00000259D7DA7390>
robot[anFL9UsxNr+4vr8u].panel_frame.seek.bottom.scale=<gshare.utils.Swallower object at 0x00000259D7DA7390>
robot[anFL9UsxNr+4vr8u].panel_frame.seek.bottom.scale_x=<gshare.utils.Swallower object at 0x00000259D7DA7390>
robot[anFL9UsxNr+4vr8u].panel_frame.seek.bottom.scale_y=<gshare.utils.Swallower object at 0x00000259D7DA7390>
robot[anFL9UsxNr+4vr8u].panel_frame.seek.bottom.x=<gshare.utils.Swallower object at 0x00000259D7DA7390>
robot[anFL9UsxNr+4vr8u].panel_frame.seek.bottom.y=<gshare.utils.Swallower object at 0x00000259D7DA7390>
robot[anFL9UsxNr+4vr8u].panel_frame.seek.bottom.width=<gshare.utils.Swallower object at 0x00000259D7DA7390>
robot[anFL9UsxNr+4vr8u].panel_frame.seek.bottom.height=<gshare.utils.Swallower object at 0x00000259D7DA7390>
robot[anFL9UsxNr+4vr8u].panel_frame.seek.bottom.widget=<gshare.utils.Swallower object at 0x00000259D7DA7390>
robot[anFL9UsxNr+4vr8u].panel_frame.seek.bottom.getName()=<gshare.utils.Swallower object at 0x00000259D7DA7390>
robot[anFL9UsxNr+4vr8u].panel_frame.seek.bottom.GetName()=<gshare.utils.Swallower object at 0x00000259D7DA7390>
robot[anFL9UsxNr+4vr8u].panel_frame.seek.bottom.GetWidth()=<gshare.utils.Swallower object at 0x00000259D7DA7390>
robot[anFL9UsxNr+4vr8u].panel_frame.seek.bottom.GetHeight()=<gshare.utils.Swallower object at 0x00000259D7DA7390>
robot[anFL9UsxNr+4vr8u].panel_frame.seek.bottom.getContentSize()=<gshare.utils.Swallower object at 0x00000259D7DA7390>
robot[anFL9UsxNr+4vr8u].panel_frame.seek.bottom.GetRealContentSize()=Size(1.000000, 1.000000)
robot[anFL9UsxNr+4vr8u].panel_frame.seek.bottom.getPosition()=<gshare.utils.Swallower object at 0x00000259D7DA7390>
robot[anFL9UsxNr+4vr8u].panel_frame.seek.bottom.GetPosition()=<gshare.utils.Swallower object at 0x00000259D7DA7390>
robot[anFL9UsxNr+4vr8u].panel_frame.seek.bottom.getPositionX()=<gshare.utils.Swallower object at 0x00000259D7DA7390>
robot[anFL9UsxNr+4vr8u].panel_frame.seek.bottom.getPositionY()=<gshare.utils.Swallower object at 0x00000259D7DA7390>
robot[anFL9UsxNr+4vr8u].panel_frame.seek.bottom.getAnchorPoint()=<gshare.utils.Swallower object at 0x00000259D7DA7390>
robot[anFL9UsxNr+4vr8u].panel_frame.seek.bottom.GetWorldPosition()=<gshare.utils.Swallower object at 0x00000259D7DA7390>
robot[anFL9UsxNr+4vr8u].panel_frame.seek.bottom.getScale()=<gshare.utils.Swallower object at 0x00000259D7DA7390>
robot[anFL9UsxNr+4vr8u].panel_frame.seek.bottom.getScaleX()=<gshare.utils.Swallower object at 0x00000259D7DA7390>
robot[anFL9UsxNr+4vr8u].panel_frame.seek.bottom.getScaleY()=<gshare.utils.Swallower object at 0x00000259D7DA7390>
robot[anFL9UsxNr+4vr8u].panel_frame.seek.bottom.IsAncestorsVisible()=False
robot[anFL9UsxNr+4vr8u].panel_frame.seek.bottom.isVisible()=<gshare.utils.Swallower object at 0x00000259D7DA7390>
robot[anFL9UsxNr+4vr8u].panel_frame.seek.bottom.getChildrenCount()=<gshare.utils.Swallower object at 0x00000259D7DA7390>
robot[anFL9UsxNr+4vr8u].panel_frame.seek.bottom.interesting=['AddChild', 'CheckPosInView', 'EnablePressScale', 'GetHeight', 'GetRealContentSize', 'GetWidth', 'GetWorldPosition', 'GetWorldPositionLeftBottom', 'GetWorldPositionPercent', 'IsAncestorsVisible', 'IsWorldPosInNodeBound', 'SCRATCH_CARD_IMAGE_NAME', 'SCRATCH_CARD_TOUCH_NAME', 'SetChildrenClippingEnabled', 'SetChildrenClippingType', 'SetHeight', 'SetPosition', 'SetPositionX', 'SetPositionY', 'SetWidth', 'SetWidthHeight', 'SetWorldPosition', 'SetWorldPositionPercent', '_pos_began', 'addChild', 'child', 'childex', 'getContentSize', 'rchild', 'rchildex', 'scale', 'setContentSize', 'setZoomChildren', 'visible', 'zoomChildren']
robot[anFL9UsxNr+4vr8u].panel_frame.seek('line_left') -> <gclient.framework.ui.widgets.ui_node.UINode object(Swallower) at 0x25A032B8D70> type=<class 'gclient.framework.ui.widgets.ui_node.UINode'>
robot[anFL9UsxNr+4vr8u].panel_frame.seek.line_left: <gclient.framework.ui.widgets.ui_node.UINode object(Swallower) at 0x25A032B8D70> type=<class 'gclient.framework.ui.widgets.ui_node.UINode'>
robot[anFL9UsxNr+4vr8u].panel_frame.seek.line_left.visible=<gshare.utils.Swallower object at 0x0000025A17417C50>
robot[anFL9UsxNr+4vr8u].panel_frame.seek.line_left.opacity=<gshare.utils.Swallower object at 0x0000025A17417C50>
robot[anFL9UsxNr+4vr8u].panel_frame.seek.line_left.scale=<gshare.utils.Swallower object at 0x0000025A17417C50>
robot[anFL9UsxNr+4vr8u].panel_frame.seek.line_left.scale_x=<gshare.utils.Swallower object at 0x0000025A17417C50>
robot[anFL9UsxNr+4vr8u].panel_frame.seek.line_left.scale_y=<gshare.utils.Swallower object at 0x0000025A17417C50>
robot[anFL9UsxNr+4vr8u].panel_frame.seek.line_left.x=<gshare.utils.Swallower object at 0x0000025A17417C50>
robot[anFL9UsxNr+4vr8u].panel_frame.seek.line_left.y=<gshare.utils.Swallower object at 0x0000025A17417C50>
robot[anFL9UsxNr+4vr8u].panel_frame.seek.line_left.width=<gshare.utils.Swallower object at 0x0000025A17417C50>
robot[anFL9UsxNr+4vr8u].panel_frame.seek.line_left.height=<gshare.utils.Swallower object at 0x0000025A17417C50>
robot[anFL9UsxNr+4vr8u].panel_frame.seek.line_left.widget=<gshare.utils.Swallower object at 0x0000025A17417C50>
robot[anFL9UsxNr+4vr8u].panel_frame.seek.line_left.getName()=<gshare.utils.Swallower object at 0x0000025A17417C50>
robot[anFL9UsxNr+4vr8u].panel_frame.seek.line_left.GetName()=<gshare.utils.Swallower object at 0x0000025A17417C50>
robot[anFL9UsxNr+4vr8u].panel_frame.seek.line_left.GetWidth()=<gshare.utils.Swallower object at 0x0000025A17417C50>
robot[anFL9UsxNr+4vr8u].panel_frame.seek.line_left.GetHeight()=<gshare.utils.Swallower object at 0x0000025A17417C50>
robot[anFL9UsxNr+4vr8u].panel_frame.seek.line_left.getContentSize()=<gshare.utils.Swallower object at 0x0000025A17417C50>
robot[anFL9UsxNr+4vr8u].panel_frame.seek.line_left.GetRealContentSize()=Size(1.000000, 1.000000)
robot[anFL9UsxNr+4vr8u].panel_frame.seek.line_left.getPosition()=<gshare.utils.Swallower object at 0x0000025A17417C50>
robot[anFL9UsxNr+4vr8u].panel_frame.seek.line_left.GetPosition()=<gshare.utils.Swallower object at 0x0000025A17417C50>
robot[anFL9UsxNr+4vr8u].panel_frame.seek.line_left.getPositionX()=<gshare.utils.Swallower object at 0x0000025A17417C50>
robot[anFL9UsxNr+4vr8u].panel_frame.seek.line_left.getPositionY()=<gshare.utils.Swallower object at 0x0000025A17417C50>
robot[anFL9UsxNr+4vr8u].panel_frame.seek.line_left.getAnchorPoint()=<gshare.utils.Swallower object at 0x0000025A17417C50>
robot[anFL9UsxNr+4vr8u].panel_frame.seek.line_left.GetWorldPosition()=<gshare.utils.Swallower object at 0x0000025A17417C50>
robot[anFL9UsxNr+4vr8u].panel_frame.seek.line_left.getScale()=<gshare.utils.Swallower object at 0x0000025A17417C50>
robot[anFL9UsxNr+4vr8u].panel_frame.seek.line_left.getScaleX()=<gshare.utils.Swallower object at 0x0000025A17417C50>
robot[anFL9UsxNr+4vr8u].panel_frame.seek.line_left.getScaleY()=<gshare.utils.Swallower object at 0x0000025A17417C50>
robot[anFL9UsxNr+4vr8u].panel_frame.seek.line_left.IsAncestorsVisible()=False
robot[anFL9UsxNr+4vr8u].panel_frame.seek.line_left.isVisible()=<gshare.utils.Swallower object at 0x0000025A17417C50>
robot[anFL9UsxNr+4vr8u].panel_frame.seek.line_left.getChildrenCount()=<gshare.utils.Swallower object at 0x0000025A17417C50>
robot[anFL9UsxNr+4vr8u].panel_frame.seek.line_left.interesting=['AddChild', 'CheckPosInView', 'EnablePressScale', 'GetHeight', 'GetRealContentSize', 'GetWidth', 'GetWorldPosition', 'GetWorldPositionLeftBottom', 'GetWorldPositionPercent', 'IsAncestorsVisible', 'IsWorldPosInNodeBound', 'SCRATCH_CARD_IMAGE_NAME', 'SCRATCH_CARD_TOUCH_NAME', 'SetChildrenClippingEnabled', 'SetChildrenClippingType', 'SetHeight', 'SetPosition', 'SetPositionX', 'SetPositionY', 'SetWidth', 'SetWidthHeight', 'SetWorldPosition', 'SetWorldPositionPercent', '_pos_began', 'addChild', 'child', 'childex', 'getContentSize', 'rchild', 'rchildex', 'scale', 'setContentSize', 'setZoomChildren', 'visible', 'zoomChildren']
robot[anFL9UsxNr+4vr8u].panel_frame.seek('line_right') -> <gclient.framework.ui.widgets.ui_node.UINode object(Swallower) at 0x25A032EBE00> type=<class 'gclient.framework.ui.widgets.ui_node.UINode'>
robot[anFL9UsxNr+4vr8u].panel_frame.seek.line_right: <gclient.framework.ui.widgets.ui_node.UINode object(Swallower) at 0x25A032EBE00> type=<class 'gclient.framework.ui.widgets.ui_node.UINode'>
robot[anFL9UsxNr+4vr8u].panel_frame.seek.line_right.visible=<gshare.utils.Swallower object at 0x00000259D7DA7390>
robot[anFL9UsxNr+4vr8u].panel_frame.seek.line_right.opacity=<gshare.utils.Swallower object at 0x00000259D7DA7390>
robot[anFL9UsxNr+4vr8u].panel_frame.seek.line_right.scale=<gshare.utils.Swallower object at 0x00000259D7DA7390>
robot[anFL9UsxNr+4vr8u].panel_frame.seek.line_right.scale_x=<gshare.utils.Swallower object at 0x00000259D7DA7390>
robot[anFL9UsxNr+4vr8u].panel_frame.seek.line_right.scale_y=<gshare.utils.Swallower object at 0x00000259D7DA7390>
robot[anFL9UsxNr+4vr8u].panel_frame.seek.line_right.x=<gshare.utils.Swallower object at 0x00000259D7DA7390>
robot[anFL9UsxNr+4vr8u].panel_frame.seek.line_right.y=<gshare.utils.Swallower object at 0x00000259D7DA7390>
robot[anFL9UsxNr+4vr8u].panel_frame.seek.line_right.width=<gshare.utils.Swallower object at 0x00000259D7DA7390>
robot[anFL9UsxNr+4vr8u].panel_frame.seek.line_right.height=<gshare.utils.Swallower object at 0x00000259D7DA7390>
robot[anFL9UsxNr+4vr8u].panel_frame.seek.line_right.widget=<gshare.utils.Swallower object at 0x00000259D7DA7390>
robot[anFL9UsxNr+4vr8u].panel_frame.seek.line_right.getName()=<gshare.utils.Swallower object at 0x00000259D7DA7390>
robot[anFL9UsxNr+4vr8u].panel_frame.seek.line_right.GetName()=<gshare.utils.Swallower object at 0x00000259D7DA7390>
robot[anFL9UsxNr+4vr8u].panel_frame.seek.line_right.GetWidth()=<gshare.utils.Swallower object at 0x00000259D7DA7390>
robot[anFL9UsxNr+4vr8u].panel_frame.seek.line_right.GetHeight()=<gshare.utils.Swallower object at 0x00000259D7DA7390>
robot[anFL9UsxNr+4vr8u].panel_frame.seek.line_right.getContentSize()=<gshare.utils.Swallower object at 0x00000259D7DA7390>
robot[anFL9UsxNr+4vr8u].panel_frame.seek.line_right.GetRealContentSize()=Size(1.000000, 1.000000)
robot[anFL9UsxNr+4vr8u].panel_frame.seek.line_right.getPosition()=<gshare.utils.Swallower object at 0x00000259D7DA7390>
robot[anFL9UsxNr+4vr8u].panel_frame.seek.line_right.GetPosition()=<gshare.utils.Swallower object at 0x00000259D7DA7390>
robot[anFL9UsxNr+4vr8u].panel_frame.seek.line_right.getPositionX()=<gshare.utils.Swallower object at 0x00000259D7DA7390>
robot[anFL9UsxNr+4vr8u].panel_frame.seek.line_right.getPositionY()=<gshare.utils.Swallower object at 0x00000259D7DA7390>
robot[anFL9UsxNr+4vr8u].panel_frame.seek.line_right.getAnchorPoint()=<gshare.utils.Swallower object at 0x00000259D7DA7390>
robot[anFL9UsxNr+4vr8u].panel_frame.seek.line_right.GetWorldPosition()=<gshare.utils.Swallower object at 0x00000259D7DA7390>
robot[anFL9UsxNr+4vr8u].panel_frame.seek.line_right.getScale()=<gshare.utils.Swallower object at 0x00000259D7DA7390>
robot[anFL9UsxNr+4vr8u].panel_frame.seek.line_right.getScaleX()=<gshare.utils.Swallower object at 0x00000259D7DA7390>
robot[anFL9UsxNr+4vr8u].panel_frame.seek.line_right.getScaleY()=<gshare.utils.Swallower object at 0x00000259D7DA7390>
robot[anFL9UsxNr+4vr8u].panel_frame.seek.line_right.IsAncestorsVisible()=False
robot[anFL9UsxNr+4vr8u].panel_frame.seek.line_right.isVisible()=<gshare.utils.Swallower object at 0x00000259D7DA7390>
robot[anFL9UsxNr+4vr8u].panel_frame.seek.line_right.getChildrenCount()=<gshare.utils.Swallower object at 0x00000259D7DA7390>
robot[anFL9UsxNr+4vr8u].panel_frame.seek.line_right.interesting=['AddChild', 'CheckPosInView', 'EnablePressScale', 'GetHeight', 'GetRealContentSize', 'GetWidth', 'GetWorldPosition', 'GetWorldPositionLeftBottom', 'GetWorldPositionPercent', 'IsAncestorsVisible', 'IsWorldPosInNodeBound', 'SCRATCH_CARD_IMAGE_NAME', 'SCRATCH_CARD_TOUCH_NAME', 'SetChildrenClippingEnabled', 'SetChildrenClippingType', 'SetHeight', 'SetPosition', 'SetPositionX', 'SetPositionY', 'SetWidth', 'SetWidthHeight', 'SetWorldPosition', 'SetWorldPositionPercent', '_pos_began', 'addChild', 'child', 'childex', 'getContentSize', 'rchild', 'rchildex', 'scale', 'setContentSize', 'setZoomChildren', 'visible', 'zoomChildren']
robot[anFL9UsxNr+4vr8u].panel_frame.seek('line_top') -> <gclient.framework.ui.widgets.ui_node.UINode object(Swallower) at 0x25A032B8D70> type=<class 'gclient.framework.ui.widgets.ui_node.UINode'>
robot[anFL9UsxNr+4vr8u].panel_frame.seek.line_top: <gclient.framework.ui.widgets.ui_node.UINode object(Swallower) at 0x25A032B8D70> type=<class 'gclient.framework.ui.widgets.ui_node.UINode'>
robot[anFL9UsxNr+4vr8u].panel_frame.seek.line_top.visible=<gshare.utils.Swallower object at 0x0000025A17417C50>
robot[anFL9UsxNr+4vr8u].panel_frame.seek.line_top.opacity=<gshare.utils.Swallower object at 0x0000025A17417C50>
robot[anFL9UsxNr+4vr8u].panel_frame.seek.line_top.scale=<gshare.utils.Swallower object at 0x0000025A17417C50>
robot[anFL9UsxNr+4vr8u].panel_frame.seek.line_top.scale_x=<gshare.utils.Swallower object at 0x0000025A17417C50>
robot[anFL9UsxNr+4vr8u].panel_frame.seek.line_top.scale_y=<gshare.utils.Swallower object at 0x0000025A17417C50>
robot[anFL9UsxNr+4vr8u].panel_frame.seek.line_top.x=<gshare.utils.Swallower object at 0x0000025A17417C50>
robot[anFL9UsxNr+4vr8u].panel_frame.seek.line_top.y=<gshare.utils.Swallower object at 0x0000025A17417C50>
robot[anFL9UsxNr+4vr8u].panel_frame.seek.line_top.width=<gshare.utils.Swallower object at 0x0000025A17417C50>
robot[anFL9UsxNr+4vr8u].panel_frame.seek.line_top.height=<gshare.utils.Swallower object at 0x0000025A17417C50>
robot[anFL9UsxNr+4vr8u].panel_frame.seek.line_top.widget=<gshare.utils.Swallower object at 0x0000025A17417C50>
robot[anFL9UsxNr+4vr8u].panel_frame.seek.line_top.getName()=<gshare.utils.Swallower object at 0x0000025A17417C50>
robot[anFL9UsxNr+4vr8u].panel_frame.seek.line_top.GetName()=<gshare.utils.Swallower object at 0x0000025A17417C50>
robot[anFL9UsxNr+4vr8u].panel_frame.seek.line_top.GetWidth()=<gshare.utils.Swallower object at 0x0000025A17417C50>
robot[anFL9UsxNr+4vr8u].panel_frame.seek.line_top.GetHeight()=<gshare.utils.Swallower object at 0x0000025A17417C50>
robot[anFL9UsxNr+4vr8u].panel_frame.seek.line_top.getContentSize()=<gshare.utils.Swallower object at 0x0000025A17417C50>
robot[anFL9UsxNr+4vr8u].panel_frame.seek.line_top.GetRealContentSize()=Size(1.000000, 1.000000)
robot[anFL9UsxNr+4vr8u].panel_frame.seek.line_top.getPosition()=<gshare.utils.Swallower object at 0x0000025A17417C50>
robot[anFL9UsxNr+4vr8u].panel_frame.seek.line_top.GetPosition()=<gshare.utils.Swallower object at 0x0000025A17417C50>
robot[anFL9UsxNr+4vr8u].panel_frame.seek.line_top.getPositionX()=<gshare.utils.Swallower object at 0x0000025A17417C50>
robot[anFL9UsxNr+4vr8u].panel_frame.seek.line_top.getPositionY()=<gshare.utils.Swallower object at 0x0000025A17417C50>
robot[anFL9UsxNr+4vr8u].panel_frame.seek.line_top.getAnchorPoint()=<gshare.utils.Swallower object at 0x0000025A17417C50>
robot[anFL9UsxNr+4vr8u].panel_frame.seek.line_top.GetWorldPosition()=<gshare.utils.Swallower object at 0x0000025A17417C50>
robot[anFL9UsxNr+4vr8u].panel_frame.seek.line_top.getScale()=<gshare.utils.Swallower object at 0x0000025A17417C50>
robot[anFL9UsxNr+4vr8u].panel_frame.seek.line_top.getScaleX()=<gshare.utils.Swallower object at 0x0000025A17417C50>
robot[anFL9UsxNr+4vr8u].panel_frame.seek.line_top.getScaleY()=<gshare.utils.Swallower object at 0x0000025A17417C50>
robot[anFL9UsxNr+4vr8u].panel_frame.seek.line_top.IsAncestorsVisible()=False
robot[anFL9UsxNr+4vr8u].panel_frame.seek.line_top.isVisible()=<gshare.utils.Swallower object at 0x0000025A17417C50>
robot[anFL9UsxNr+4vr8u].panel_frame.seek.line_top.getChildrenCount()=<gshare.utils.Swallower object at 0x0000025A17417C50>
robot[anFL9UsxNr+4vr8u].panel_frame.seek.line_top.interesting=['AddChild', 'CheckPosInView', 'EnablePressScale', 'GetHeight', 'GetRealContentSize', 'GetWidth', 'GetWorldPosition', 'GetWorldPositionLeftBottom', 'GetWorldPositionPercent', 'IsAncestorsVisible', 'IsWorldPosInNodeBound', 'SCRATCH_CARD_IMAGE_NAME', 'SCRATCH_CARD_TOUCH_NAME', 'SetChildrenClippingEnabled', 'SetChildrenClippingType', 'SetHeight', 'SetPosition', 'SetPositionX', 'SetPositionY', 'SetWidth', 'SetWidthHeight', 'SetWorldPosition', 'SetWorldPositionPercent', '_pos_began', 'addChild', 'child', 'childex', 'getContentSize', 'rchild', 'rchildex', 'scale', 'setContentSize', 'setZoomChildren', 'visible', 'zoomChildren']
robot[anFL9UsxNr+4vr8u].panel_frame.seek('line_bottom') -> <gclient.framework.ui.widgets.ui_node.UINode object(Swallower) at 0x25A032EBE00> type=<class 'gclient.framework.ui.widgets.ui_node.UINode'>
robot[anFL9UsxNr+4vr8u].panel_frame.seek.line_bottom: <gclient.framework.ui.widgets.ui_node.UINode object(Swallower) at 0x25A032EBE00> type=<class 'gclient.framework.ui.widgets.ui_node.UINode'>
robot[anFL9UsxNr+4vr8u].panel_frame.seek.line_bottom.visible=<gshare.utils.Swallower object at 0x00000259D7DA7390>
robot[anFL9UsxNr+4vr8u].panel_frame.seek.line_bottom.opacity=<gshare.utils.Swallower object at 0x00000259D7DA7390>
robot[anFL9UsxNr+4vr8u].panel_frame.seek.line_bottom.scale=<gshare.utils.Swallower object at 0x00000259D7DA7390>
robot[anFL9UsxNr+4vr8u].panel_frame.seek.line_bottom.scale_x=<gshare.utils.Swallower object at 0x00000259D7DA7390>
robot[anFL9UsxNr+4vr8u].panel_frame.seek.line_bottom.scale_y=<gshare.utils.Swallower object at 0x00000259D7DA7390>
robot[anFL9UsxNr+4vr8u].panel_frame.seek.line_bottom.x=<gshare.utils.Swallower object at 0x00000259D7DA7390>
robot[anFL9UsxNr+4vr8u].panel_frame.seek.line_bottom.y=<gshare.utils.Swallower object at 0x00000259D7DA7390>
robot[anFL9UsxNr+4vr8u].panel_frame.seek.line_bottom.width=<gshare.utils.Swallower object at 0x00000259D7DA7390>
robot[anFL9UsxNr+4vr8u].panel_frame.seek.line_bottom.height=<gshare.utils.Swallower object at 0x00000259D7DA7390>
robot[anFL9UsxNr+4vr8u].panel_frame.seek.line_bottom.widget=<gshare.utils.Swallower object at 0x00000259D7DA7390>
robot[anFL9UsxNr+4vr8u].panel_frame.seek.line_bottom.getName()=<gshare.utils.Swallower object at 0x00000259D7DA7390>
robot[anFL9UsxNr+4vr8u].panel_frame.seek.line_bottom.GetName()=<gshare.utils.Swallower object at 0x00000259D7DA7390>
robot[anFL9UsxNr+4vr8u].panel_frame.seek.line_bottom.GetWidth()=<gshare.utils.Swallower object at 0x00000259D7DA7390>
robot[anFL9UsxNr+4vr8u].panel_frame.seek.line_bottom.GetHeight()=<gshare.utils.Swallower object at 0x00000259D7DA7390>
robot[anFL9UsxNr+4vr8u].panel_frame.seek.line_bottom.getContentSize()=<gshare.utils.Swallower object at 0x00000259D7DA7390>
robot[anFL9UsxNr+4vr8u].panel_frame.seek.line_bottom.GetRealContentSize()=Size(1.000000, 1.000000)
robot[anFL9UsxNr+4vr8u].panel_frame.seek.line_bottom.getPosition()=<gshare.utils.Swallower object at 0x00000259D7DA7390>
robot[anFL9UsxNr+4vr8u].panel_frame.seek.line_bottom.GetPosition()=<gshare.utils.Swallower object at 0x00000259D7DA7390>
robot[anFL9UsxNr+4vr8u].panel_frame.seek.line_bottom.getPositionX()=<gshare.utils.Swallower object at 0x00000259D7DA7390>
robot[anFL9UsxNr+4vr8u].panel_frame.seek.line_bottom.getPositionY()=<gshare.utils.Swallower object at 0x00000259D7DA7390>
robot[anFL9UsxNr+4vr8u].panel_frame.seek.line_bottom.getAnchorPoint()=<gshare.utils.Swallower object at 0x00000259D7DA7390>
robot[anFL9UsxNr+4vr8u].panel_frame.seek.line_bottom.GetWorldPosition()=<gshare.utils.Swallower object at 0x00000259D7DA7390>
robot[anFL9UsxNr+4vr8u].panel_frame.seek.line_bottom.getScale()=<gshare.utils.Swallower object at 0x00000259D7DA7390>
robot[anFL9UsxNr+4vr8u].panel_frame.seek.line_bottom.getScaleX()=<gshare.utils.Swallower object at 0x00000259D7DA7390>
robot[anFL9UsxNr+4vr8u].panel_frame.seek.line_bottom.getScaleY()=<gshare.utils.Swallower object at 0x00000259D7DA7390>
robot[anFL9UsxNr+4vr8u].panel_frame.seek.line_bottom.IsAncestorsVisible()=False
robot[anFL9UsxNr+4vr8u].panel_frame.seek.line_bottom.isVisible()=<gshare.utils.Swallower object at 0x00000259D7DA7390>
robot[anFL9UsxNr+4vr8u].panel_frame.seek.line_bottom.getChildrenCount()=<gshare.utils.Swallower object at 0x00000259D7DA7390>
robot[anFL9UsxNr+4vr8u].panel_frame.seek.line_bottom.interesting=['AddChild', 'CheckPosInView', 'EnablePressScale', 'GetHeight', 'GetRealContentSize', 'GetWidth', 'GetWorldPosition', 'GetWorldPositionLeftBottom', 'GetWorldPositionPercent', 'IsAncestorsVisible', 'IsWorldPosInNodeBound', 'SCRATCH_CARD_IMAGE_NAME', 'SCRATCH_CARD_TOUCH_NAME', 'SetChildrenClippingEnabled', 'SetChildrenClippingType', 'SetHeight', 'SetPosition', 'SetPositionX', 'SetPositionY', 'SetWidth', 'SetWidthHeight', 'SetWorldPosition', 'SetWorldPositionPercent', '_pos_began', 'addChild', 'child', 'childex', 'getContentSize', 'rchild', 'rchildex', 'scale', 'setContentSize', 'setZoomChildren', 'visible', 'zoomChildren']
robot[anFL9UsxNr+4vr8u].panel_frame.seek('img_left') -> <gclient.framework.ui.widgets.ui_node.UINode object(Swallower) at 0x25A032B8D70> type=<class 'gclient.framework.ui.widgets.ui_node.UINode'>
robot[anFL9UsxNr+4vr8u].panel_frame.seek.img_left: <gclient.framework.ui.widgets.ui_node.UINode object(Swallower) at 0x25A032B8D70> type=<class 'gclient.framework.ui.widgets.ui_node.UINode'>
robot[anFL9UsxNr+4vr8u].panel_frame.seek.img_left.visible=<gshare.utils.Swallower object at 0x0000025A17417C50>
robot[anFL9UsxNr+4vr8u].panel_frame.seek.img_left.opacity=<gshare.utils.Swallower object at 0x0000025A17417C50>
robot[anFL9UsxNr+4vr8u].panel_frame.seek.img_left.scale=<gshare.utils.Swallower object at 0x0000025A17417C50>
robot[anFL9UsxNr+4vr8u].panel_frame.seek.img_left.scale_x=<gshare.utils.Swallower object at 0x0000025A17417C50>
robot[anFL9UsxNr+4vr8u].panel_frame.seek.img_left.scale_y=<gshare.utils.Swallower object at 0x0000025A17417C50>
robot[anFL9UsxNr+4vr8u].panel_frame.seek.img_left.x=<gshare.utils.Swallower object at 0x0000025A17417C50>
robot[anFL9UsxNr+4vr8u].panel_frame.seek.img_left.y=<gshare.utils.Swallower object at 0x0000025A17417C50>
robot[anFL9UsxNr+4vr8u].panel_frame.seek.img_left.width=<gshare.utils.Swallower object at 0x0000025A17417C50>
robot[anFL9UsxNr+4vr8u].panel_frame.seek.img_left.height=<gshare.utils.Swallower object at 0x0000025A17417C50>
robot[anFL9UsxNr+4vr8u].panel_frame.seek.img_left.widget=<gshare.utils.Swallower object at 0x0000025A17417C50>
robot[anFL9UsxNr+4vr8u].panel_frame.seek.img_left.getName()=<gshare.utils.Swallower object at 0x0000025A17417C50>
robot[anFL9UsxNr+4vr8u].panel_frame.seek.img_left.GetName()=<gshare.utils.Swallower object at 0x0000025A17417C50>
robot[anFL9UsxNr+4vr8u].panel_frame.seek.img_left.GetWidth()=<gshare.utils.Swallower object at 0x0000025A17417C50>
robot[anFL9UsxNr+4vr8u].panel_frame.seek.img_left.GetHeight()=<gshare.utils.Swallower object at 0x0000025A17417C50>
robot[anFL9UsxNr+4vr8u].panel_frame.seek.img_left.getContentSize()=<gshare.utils.Swallower object at 0x0000025A17417C50>
robot[anFL9UsxNr+4vr8u].panel_frame.seek.img_left.GetRealContentSize()=Size(1.000000, 1.000000)
robot[anFL9UsxNr+4vr8u].panel_frame.seek.img_left.getPosition()=<gshare.utils.Swallower object at 0x0000025A17417C50>
robot[anFL9UsxNr+4vr8u].panel_frame.seek.img_left.GetPosition()=<gshare.utils.Swallower object at 0x0000025A17417C50>
robot[anFL9UsxNr+4vr8u].panel_frame.seek.img_left.getPositionX()=<gshare.utils.Swallower object at 0x0000025A17417C50>
robot[anFL9UsxNr+4vr8u].panel_frame.seek.img_left.getPositionY()=<gshare.utils.Swallower object at 0x0000025A17417C50>
robot[anFL9UsxNr+4vr8u].panel_frame.seek.img_left.getAnchorPoint()=<gshare.utils.Swallower object at 0x0000025A17417C50>
robot[anFL9UsxNr+4vr8u].panel_frame.seek.img_left.GetWorldPosition()=<gshare.utils.Swallower object at 0x0000025A17417C50>
robot[anFL9UsxNr+4vr8u].panel_frame.seek.img_left.getScale()=<gshare.utils.Swallower object at 0x0000025A17417C50>
robot[anFL9UsxNr+4vr8u].panel_frame.seek.img_left.getScaleX()=<gshare.utils.Swallower object at 0x0000025A17417C50>
robot[anFL9UsxNr+4vr8u].panel_frame.seek.img_left.getScaleY()=<gshare.utils.Swallower object at 0x0000025A17417C50>
robot[anFL9UsxNr+4vr8u].panel_frame.seek.img_left.IsAncestorsVisible()=False
robot[anFL9UsxNr+4vr8u].panel_frame.seek.img_left.isVisible()=<gshare.utils.Swallower object at 0x0000025A17417C50>
robot[anFL9UsxNr+4vr8u].panel_frame.seek.img_left.getChildrenCount()=<gshare.utils.Swallower object at 0x0000025A17417C50>
robot[anFL9UsxNr+4vr8u].panel_frame.seek.img_left.interesting=['AddChild', 'CheckPosInView', 'EnablePressScale', 'GetHeight', 'GetRealContentSize', 'GetWidth', 'GetWorldPosition', 'GetWorldPositionLeftBottom', 'GetWorldPositionPercent', 'IsAncestorsVisible', 'IsWorldPosInNodeBound', 'SCRATCH_CARD_IMAGE_NAME', 'SCRATCH_CARD_TOUCH_NAME', 'SetChildrenClippingEnabled', 'SetChildrenClippingType', 'SetHeight', 'SetPosition', 'SetPositionX', 'SetPositionY', 'SetWidth', 'SetWidthHeight', 'SetWorldPosition', 'SetWorldPositionPercent', '_pos_began', 'addChild', 'child', 'childex', 'getContentSize', 'rchild', 'rchildex', 'scale', 'setContentSize', 'setZoomChildren', 'visible', 'zoomChildren']
robot[anFL9UsxNr+4vr8u].panel_frame.seek('img_right') -> <gclient.framework.ui.widgets.ui_node.UINode object(Swallower) at 0x25A032EBE00> type=<class 'gclient.framework.ui.widgets.ui_node.UINode'>
robot[anFL9UsxNr+4vr8u].panel_frame.seek.img_right: <gclient.framework.ui.widgets.ui_node.UINode object(Swallower) at 0x25A032EBE00> type=<class 'gclient.framework.ui.widgets.ui_node.UINode'>
robot[anFL9UsxNr+4vr8u].panel_frame.seek.img_right.visible=<gshare.utils.Swallower object at 0x00000259D7DA7390>
robot[anFL9UsxNr+4vr8u].panel_frame.seek.img_right.opacity=<gshare.utils.Swallower object at 0x00000259D7DA7390>
robot[anFL9UsxNr+4vr8u].panel_frame.seek.img_right.scale=<gshare.utils.Swallower object at 0x00000259D7DA7390>
robot[anFL9UsxNr+4vr8u].panel_frame.seek.img_right.scale_x=<gshare.utils.Swallower object at 0x00000259D7DA7390>
robot[anFL9UsxNr+4vr8u].panel_frame.seek.img_right.scale_y=<gshare.utils.Swallower object at 0x00000259D7DA7390>
robot[anFL9UsxNr+4vr8u].panel_frame.seek.img_right.x=<gshare.utils.Swallower object at 0x00000259D7DA7390>
robot[anFL9UsxNr+4vr8u].panel_frame.seek.img_right.y=<gshare.utils.Swallower object at 0x00000259D7DA7390>
robot[anFL9UsxNr+4vr8u].panel_frame.seek.img_right.width=<gshare.utils.Swallower object at 0x00000259D7DA7390>
robot[anFL9UsxNr+4vr8u].panel_frame.seek.img_right.height=<gshare.utils.Swallower object at 0x00000259D7DA7390>
robot[anFL9UsxNr+4vr8u].panel_frame.seek.img_right.widget=<gshare.utils.Swallower object at 0x00000259D7DA7390>
robot[anFL9UsxNr+4vr8u].panel_frame.seek.img_right.getName()=<gshare.utils.Swallower object at 0x00000259D7DA7390>
robot[anFL9UsxNr+4vr8u].panel_frame.seek.img_right.GetName()=<gshare.utils.Swallower object at 0x00000259D7DA7390>
robot[anFL9UsxNr+4vr8u].panel_frame.seek.img_right.GetWidth()=<gshare.utils.Swallower object at 0x00000259D7DA7390>
robot[anFL9UsxNr+4vr8u].panel_frame.seek.img_right.GetHeight()=<gshare.utils.Swallower object at 0x00000259D7DA7390>
robot[anFL9UsxNr+4vr8u].panel_frame.seek.img_right.getContentSize()=<gshare.utils.Swallower object at 0x00000259D7DA7390>
robot[anFL9UsxNr+4vr8u].panel_frame.seek.img_right.GetRealContentSize()=Size(1.000000, 1.000000)
robot[anFL9UsxNr+4vr8u].panel_frame.seek.img_right.getPosition()=<gshare.utils.Swallower object at 0x00000259D7DA7390>
robot[anFL9UsxNr+4vr8u].panel_frame.seek.img_right.GetPosition()=<gshare.utils.Swallower object at 0x00000259D7DA7390>
robot[anFL9UsxNr+4vr8u].panel_frame.seek.img_right.getPositionX()=<gshare.utils.Swallower object at 0x00000259D7DA7390>
robot[anFL9UsxNr+4vr8u].panel_frame.seek.img_right.getPositionY()=<gshare.utils.Swallower object at 0x00000259D7DA7390>
robot[anFL9UsxNr+4vr8u].panel_frame.seek.img_right.getAnchorPoint()=<gshare.utils.Swallower object at 0x00000259D7DA7390>
robot[anFL9UsxNr+4vr8u].panel_frame.seek.img_right.GetWorldPosition()=<gshare.utils.Swallower object at 0x00000259D7DA7390>
robot[anFL9UsxNr+4vr8u].panel_frame.seek.img_right.getScale()=<gshare.utils.Swallower object at 0x00000259D7DA7390>
robot[anFL9UsxNr+4vr8u].panel_frame.seek.img_right.getScaleX()=<gshare.utils.Swallower object at 0x00000259D7DA7390>
robot[anFL9UsxNr+4vr8u].panel_frame.seek.img_right.getScaleY()=<gshare.utils.Swallower object at 0x00000259D7DA7390>
robot[anFL9UsxNr+4vr8u].panel_frame.seek.img_right.IsAncestorsVisible()=False
robot[anFL9UsxNr+4vr8u].panel_frame.seek.img_right.isVisible()=<gshare.utils.Swallower object at 0x00000259D7DA7390>
robot[anFL9UsxNr+4vr8u].panel_frame.seek.img_right.getChildrenCount()=<gshare.utils.Swallower object at 0x00000259D7DA7390>
robot[anFL9UsxNr+4vr8u].panel_frame.seek.img_right.interesting=['AddChild', 'CheckPosInView', 'EnablePressScale', 'GetHeight', 'GetRealContentSize', 'GetWidth', 'GetWorldPosition', 'GetWorldPositionLeftBottom', 'GetWorldPositionPercent', 'IsAncestorsVisible', 'IsWorldPosInNodeBound', 'SCRATCH_CARD_IMAGE_NAME', 'SCRATCH_CARD_TOUCH_NAME', 'SetChildrenClippingEnabled', 'SetChildrenClippingType', 'SetHeight', 'SetPosition', 'SetPositionX', 'SetPositionY', 'SetWidth', 'SetWidthHeight', 'SetWorldPosition', 'SetWorldPositionPercent', '_pos_began', 'addChild', 'child', 'childex', 'getContentSize', 'rchild', 'rchildex', 'scale', 'setContentSize', 'setZoomChildren', 'visible', 'zoomChildren']
robot[anFL9UsxNr+4vr8u].panel_frame.seek('img_top') -> <gclient.framework.ui.widgets.ui_node.UINode object(Swallower) at 0x25A032B8D70> type=<class 'gclient.framework.ui.widgets.ui_node.UINode'>
robot[anFL9UsxNr+4vr8u].panel_frame.seek.img_top: <gclient.framework.ui.widgets.ui_node.UINode object(Swallower) at 0x25A032B8D70> type=<class 'gclient.framework.ui.widgets.ui_node.UINode'>
robot[anFL9UsxNr+4vr8u].panel_frame.seek.img_top.visible=<gshare.utils.Swallower object at 0x0000025A17417C50>
robot[anFL9UsxNr+4vr8u].panel_frame.seek.img_top.opacity=<gshare.utils.Swallower object at 0x0000025A17417C50>
robot[anFL9UsxNr+4vr8u].panel_frame.seek.img_top.scale=<gshare.utils.Swallower object at 0x0000025A17417C50>
robot[anFL9UsxNr+4vr8u].panel_frame.seek.img_top.scale_x=<gshare.utils.Swallower object at 0x0000025A17417C50>
robot[anFL9UsxNr+4vr8u].panel_frame.seek.img_top.scale_y=<gshare.utils.Swallower object at 0x0000025A17417C50>
robot[anFL9UsxNr+4vr8u].panel_frame.seek.img_top.x=<gshare.utils.Swallower object at 0x0000025A17417C50>
robot[anFL9UsxNr+4vr8u].panel_frame.seek.img_top.y=<gshare.utils.Swallower object at 0x0000025A17417C50>
robot[anFL9UsxNr+4vr8u].panel_frame.seek.img_top.width=<gshare.utils.Swallower object at 0x0000025A17417C50>
robot[anFL9UsxNr+4vr8u].panel_frame.seek.img_top.height=<gshare.utils.Swallower object at 0x0000025A17417C50>
robot[anFL9UsxNr+4vr8u].panel_frame.seek.img_top.widget=<gshare.utils.Swallower object at 0x0000025A17417C50>
robot[anFL9UsxNr+4vr8u].panel_frame.seek.img_top.getName()=<gshare.utils.Swallower object at 0x0000025A17417C50>
robot[anFL9UsxNr+4vr8u].panel_frame.seek.img_top.GetName()=<gshare.utils.Swallower object at 0x0000025A17417C50>
robot[anFL9UsxNr+4vr8u].panel_frame.seek.img_top.GetWidth()=<gshare.utils.Swallower object at 0x0000025A17417C50>
robot[anFL9UsxNr+4vr8u].panel_frame.seek.img_top.GetHeight()=<gshare.utils.Swallower object at 0x0000025A17417C50>
robot[anFL9UsxNr+4vr8u].panel_frame.seek.img_top.getContentSize()=<gshare.utils.Swallower object at 0x0000025A17417C50>
robot[anFL9UsxNr+4vr8u].panel_frame.seek.img_top.GetRealContentSize()=Size(1.000000, 1.000000)
robot[anFL9UsxNr+4vr8u].panel_frame.seek.img_top.getPosition()=<gshare.utils.Swallower object at 0x0000025A17417C50>
robot[anFL9UsxNr+4vr8u].panel_frame.seek.img_top.GetPosition()=<gshare.utils.Swallower object at 0x0000025A17417C50>
robot[anFL9UsxNr+4vr8u].panel_frame.seek.img_top.getPositionX()=<gshare.utils.Swallower object at 0x0000025A17417C50>
robot[anFL9UsxNr+4vr8u].panel_frame.seek.img_top.getPositionY()=<gshare.utils.Swallower object at 0x0000025A17417C50>
robot[anFL9UsxNr+4vr8u].panel_frame.seek.img_top.getAnchorPoint()=<gshare.utils.Swallower object at 0x0000025A17417C50>
robot[anFL9UsxNr+4vr8u].panel_frame.seek.img_top.GetWorldPosition()=<gshare.utils.Swallower object at 0x0000025A17417C50>
robot[anFL9UsxNr+4vr8u].panel_frame.seek.img_top.getScale()=<gshare.utils.Swallower object at 0x0000025A17417C50>
robot[anFL9UsxNr+4vr8u].panel_frame.seek.img_top.getScaleX()=<gshare.utils.Swallower object at 0x0000025A17417C50>
robot[anFL9UsxNr+4vr8u].panel_frame.seek.img_top.getScaleY()=<gshare.utils.Swallower object at 0x0000025A17417C50>
robot[anFL9UsxNr+4vr8u].panel_frame.seek.img_top.IsAncestorsVisible()=False
robot[anFL9UsxNr+4vr8u].panel_frame.seek.img_top.isVisible()=<gshare.utils.Swallower object at 0x0000025A17417C50>
robot[anFL9UsxNr+4vr8u].panel_frame.seek.img_top.getChildrenCount()=<gshare.utils.Swallower object at 0x0000025A17417C50>
robot[anFL9UsxNr+4vr8u].panel_frame.seek.img_top.interesting=['AddChild', 'CheckPosInView', 'EnablePressScale', 'GetHeight', 'GetRealContentSize', 'GetWidth', 'GetWorldPosition', 'GetWorldPositionLeftBottom', 'GetWorldPositionPercent', 'IsAncestorsVisible', 'IsWorldPosInNodeBound', 'SCRATCH_CARD_IMAGE_NAME', 'SCRATCH_CARD_TOUCH_NAME', 'SetChildrenClippingEnabled', 'SetChildrenClippingType', 'SetHeight', 'SetPosition', 'SetPositionX', 'SetPositionY', 'SetWidth', 'SetWidthHeight', 'SetWorldPosition', 'SetWorldPositionPercent', '_pos_began', 'addChild', 'child', 'childex', 'getContentSize', 'rchild', 'rchildex', 'scale', 'setContentSize', 'setZoomChildren', 'visible', 'zoomChildren']
robot[anFL9UsxNr+4vr8u].panel_frame.seek('img_bottom') -> <gclient.framework.ui.widgets.ui_node.UINode object(Swallower) at 0x25A032EBE00> type=<class 'gclient.framework.ui.widgets.ui_node.UINode'>
robot[anFL9UsxNr+4vr8u].panel_frame.seek.img_bottom: <gclient.framework.ui.widgets.ui_node.UINode object(Swallower) at 0x25A032EBE00> type=<class 'gclient.framework.ui.widgets.ui_node.UINode'>
robot[anFL9UsxNr+4vr8u].panel_frame.seek.img_bottom.visible=<gshare.utils.Swallower object at 0x00000259D7DA7390>
robot[anFL9UsxNr+4vr8u].panel_frame.seek.img_bottom.opacity=<gshare.utils.Swallower object at 0x00000259D7DA7390>
robot[anFL9UsxNr+4vr8u].panel_frame.seek.img_bottom.scale=<gshare.utils.Swallower object at 0x00000259D7DA7390>
robot[anFL9UsxNr+4vr8u].panel_frame.seek.img_bottom.scale_x=<gshare.utils.Swallower object at 0x00000259D7DA7390>
robot[anFL9UsxNr+4vr8u].panel_frame.seek.img_bottom.scale_y=<gshare.utils.Swallower object at 0x00000259D7DA7390>
robot[anFL9UsxNr+4vr8u].panel_frame.seek.img_bottom.x=<gshare.utils.Swallower object at 0x00000259D7DA7390>
robot[anFL9UsxNr+4vr8u].panel_frame.seek.img_bottom.y=<gshare.utils.Swallower object at 0x00000259D7DA7390>
robot[anFL9UsxNr+4vr8u].panel_frame.seek.img_bottom.width=<gshare.utils.Swallower object at 0x00000259D7DA7390>
robot[anFL9UsxNr+4vr8u].panel_frame.seek.img_bottom.height=<gshare.utils.Swallower object at 0x00000259D7DA7390>
robot[anFL9UsxNr+4vr8u].panel_frame.seek.img_bottom.widget=<gshare.utils.Swallower object at 0x00000259D7DA7390>
robot[anFL9UsxNr+4vr8u].panel_frame.seek.img_bottom.getName()=<gshare.utils.Swallower object at 0x00000259D7DA7390>
robot[anFL9UsxNr+4vr8u].panel_frame.seek.img_bottom.GetName()=<gshare.utils.Swallower object at 0x00000259D7DA7390>
robot[anFL9UsxNr+4vr8u].panel_frame.seek.img_bottom.GetWidth()=<gshare.utils.Swallower object at 0x00000259D7DA7390>
robot[anFL9UsxNr+4vr8u].panel_frame.seek.img_bottom.GetHeight()=<gshare.utils.Swallower object at 0x00000259D7DA7390>
robot[anFL9UsxNr+4vr8u].panel_frame.seek.img_bottom.getContentSize()=<gshare.utils.Swallower object at 0x00000259D7DA7390>
robot[anFL9UsxNr+4vr8u].panel_frame.seek.img_bottom.GetRealContentSize()=Size(1.000000, 1.000000)
robot[anFL9UsxNr+4vr8u].panel_frame.seek.img_bottom.getPosition()=<gshare.utils.Swallower object at 0x00000259D7DA7390>
robot[anFL9UsxNr+4vr8u].panel_frame.seek.img_bottom.GetPosition()=<gshare.utils.Swallower object at 0x00000259D7DA7390>
robot[anFL9UsxNr+4vr8u].panel_frame.seek.img_bottom.getPositionX()=<gshare.utils.Swallower object at 0x00000259D7DA7390>
robot[anFL9UsxNr+4vr8u].panel_frame.seek.img_bottom.getPositionY()=<gshare.utils.Swallower object at 0x00000259D7DA7390>
robot[anFL9UsxNr+4vr8u].panel_frame.seek.img_bottom.getAnchorPoint()=<gshare.utils.Swallower object at 0x00000259D7DA7390>
robot[anFL9UsxNr+4vr8u].panel_frame.seek.img_bottom.GetWorldPosition()=<gshare.utils.Swallower object at 0x00000259D7DA7390>
robot[anFL9UsxNr+4vr8u].panel_frame.seek.img_bottom.getScale()=<gshare.utils.Swallower object at 0x00000259D7DA7390>
robot[anFL9UsxNr+4vr8u].panel_frame.seek.img_bottom.getScaleX()=<gshare.utils.Swallower object at 0x00000259D7DA7390>
robot[anFL9UsxNr+4vr8u].panel_frame.seek.img_bottom.getScaleY()=<gshare.utils.Swallower object at 0x00000259D7DA7390>
robot[anFL9UsxNr+4vr8u].panel_frame.seek.img_bottom.IsAncestorsVisible()=False
robot[anFL9UsxNr+4vr8u].panel_frame.seek.img_bottom.isVisible()=<gshare.utils.Swallower object at 0x00000259D7DA7390>
robot[anFL9UsxNr+4vr8u].panel_frame.seek.img_bottom.getChildrenCount()=<gshare.utils.Swallower object at 0x00000259D7DA7390>
robot[anFL9UsxNr+4vr8u].panel_frame.seek.img_bottom.interesting=['AddChild', 'CheckPosInView', 'EnablePressScale', 'GetHeight', 'GetRealContentSize', 'GetWidth', 'GetWorldPosition', 'GetWorldPositionLeftBottom', 'GetWorldPositionPercent', 'IsAncestorsVisible', 'IsWorldPosInNodeBound', 'SCRATCH_CARD_IMAGE_NAME', 'SCRATCH_CARD_TOUCH_NAME', 'SetChildrenClippingEnabled', 'SetChildrenClippingType', 'SetHeight', 'SetPosition', 'SetPositionX', 'SetPositionY', 'SetWidth', 'SetWidthHeight', 'SetWorldPosition', 'SetWorldPositionPercent', '_pos_began', 'addChild', 'child', 'childex', 'getContentSize', 'rchild', 'rchildex', 'scale', 'setContentSize', 'setZoomChildren', 'visible', 'zoomChildren']
robot[anFL9UsxNr+4vr8u].panel_frame.seek('Image_1') -> <gclient.framework.ui.widgets.ui_node.UINode object(Swallower) at 0x25A032B8D70> type=<class 'gclient.framework.ui.widgets.ui_node.UINode'>
robot[anFL9UsxNr+4vr8u].panel_frame.seek.Image_1: <gclient.framework.ui.widgets.ui_node.UINode object(Swallower) at 0x25A032B8D70> type=<class 'gclient.framework.ui.widgets.ui_node.UINode'>
robot[anFL9UsxNr+4vr8u].panel_frame.seek.Image_1.visible=<gshare.utils.Swallower object at 0x0000025A17417C50>
robot[anFL9UsxNr+4vr8u].panel_frame.seek.Image_1.opacity=<gshare.utils.Swallower object at 0x0000025A17417C50>
robot[anFL9UsxNr+4vr8u].panel_frame.seek.Image_1.scale=<gshare.utils.Swallower object at 0x0000025A17417C50>
robot[anFL9UsxNr+4vr8u].panel_frame.seek.Image_1.scale_x=<gshare.utils.Swallower object at 0x0000025A17417C50>
robot[anFL9UsxNr+4vr8u].panel_frame.seek.Image_1.scale_y=<gshare.utils.Swallower object at 0x0000025A17417C50>
robot[anFL9UsxNr+4vr8u].panel_frame.seek.Image_1.x=<gshare.utils.Swallower object at 0x0000025A17417C50>
robot[anFL9UsxNr+4vr8u].panel_frame.seek.Image_1.y=<gshare.utils.Swallower object at 0x0000025A17417C50>
robot[anFL9UsxNr+4vr8u].panel_frame.seek.Image_1.width=<gshare.utils.Swallower object at 0x0000025A17417C50>
robot[anFL9UsxNr+4vr8u].panel_frame.seek.Image_1.height=<gshare.utils.Swallower object at 0x0000025A17417C50>
robot[anFL9UsxNr+4vr8u].panel_frame.seek.Image_1.widget=<gshare.utils.Swallower object at 0x0000025A17417C50>
robot[anFL9UsxNr+4vr8u].panel_frame.seek.Image_1.getName()=<gshare.utils.Swallower object at 0x0000025A17417C50>
robot[anFL9UsxNr+4vr8u].panel_frame.seek.Image_1.GetName()=<gshare.utils.Swallower object at 0x0000025A17417C50>
robot[anFL9UsxNr+4vr8u].panel_frame.seek.Image_1.GetWidth()=<gshare.utils.Swallower object at 0x0000025A17417C50>
robot[anFL9UsxNr+4vr8u].panel_frame.seek.Image_1.GetHeight()=<gshare.utils.Swallower object at 0x0000025A17417C50>
robot[anFL9UsxNr+4vr8u].panel_frame.seek.Image_1.getContentSize()=<gshare.utils.Swallower object at 0x0000025A17417C50>
robot[anFL9UsxNr+4vr8u].panel_frame.seek.Image_1.GetRealContentSize()=Size(1.000000, 1.000000)
robot[anFL9UsxNr+4vr8u].panel_frame.seek.Image_1.getPosition()=<gshare.utils.Swallower object at 0x0000025A17417C50>
robot[anFL9UsxNr+4vr8u].panel_frame.seek.Image_1.GetPosition()=<gshare.utils.Swallower object at 0x0000025A17417C50>
robot[anFL9UsxNr+4vr8u].panel_frame.seek.Image_1.getPositionX()=<gshare.utils.Swallower object at 0x0000025A17417C50>
robot[anFL9UsxNr+4vr8u].panel_frame.seek.Image_1.getPositionY()=<gshare.utils.Swallower object at 0x0000025A17417C50>
robot[anFL9UsxNr+4vr8u].panel_frame.seek.Image_1.getAnchorPoint()=<gshare.utils.Swallower object at 0x0000025A17417C50>
robot[anFL9UsxNr+4vr8u].panel_frame.seek.Image_1.GetWorldPosition()=<gshare.utils.Swallower object at 0x0000025A17417C50>
robot[anFL9UsxNr+4vr8u].panel_frame.seek.Image_1.getScale()=<gshare.utils.Swallower object at 0x0000025A17417C50>
robot[anFL9UsxNr+4vr8u].panel_frame.seek.Image_1.getScaleX()=<gshare.utils.Swallower object at 0x0000025A17417C50>
robot[anFL9UsxNr+4vr8u].panel_frame.seek.Image_1.getScaleY()=<gshare.utils.Swallower object at 0x0000025A17417C50>
robot[anFL9UsxNr+4vr8u].panel_frame.seek.Image_1.IsAncestorsVisible()=False
robot[anFL9UsxNr+4vr8u].panel_frame.seek.Image_1.isVisible()=<gshare.utils.Swallower object at 0x0000025A17417C50>
robot[anFL9UsxNr+4vr8u].panel_frame.seek.Image_1.getChildrenCount()=<gshare.utils.Swallower object at 0x0000025A17417C50>
robot[anFL9UsxNr+4vr8u].panel_frame.seek.Image_1.interesting=['AddChild', 'CheckPosInView', 'EnablePressScale', 'GetHeight', 'GetRealContentSize', 'GetWidth', 'GetWorldPosition', 'GetWorldPositionLeftBottom', 'GetWorldPositionPercent', 'IsAncestorsVisible', 'IsWorldPosInNodeBound', 'SCRATCH_CARD_IMAGE_NAME', 'SCRATCH_CARD_TOUCH_NAME', 'SetChildrenClippingEnabled', 'SetChildrenClippingType', 'SetHeight', 'SetPosition', 'SetPositionX', 'SetPositionY', 'SetWidth', 'SetWidthHeight', 'SetWorldPosition', 'SetWorldPositionPercent', '_pos_began', 'addChild', 'child', 'childex', 'getContentSize', 'rchild', 'rchildex', 'scale', 'setContentSize', 'setZoomChildren', 'visible', 'zoomChildren']
robot[anFL9UsxNr+4vr8u].panel_frame.seek('Image_2') -> <gclient.framework.ui.widgets.ui_node.UINode object(Swallower) at 0x25A032EBE00> type=<class 'gclient.framework.ui.widgets.ui_node.UINode'>
robot[anFL9UsxNr+4vr8u].panel_frame.seek.Image_2: <gclient.framework.ui.widgets.ui_node.UINode object(Swallower) at 0x25A032EBE00> type=<class 'gclient.framework.ui.widgets.ui_node.UINode'>
robot[anFL9UsxNr+4vr8u].panel_frame.seek.Image_2.visible=<gshare.utils.Swallower object at 0x00000259D7DA7390>
robot[anFL9UsxNr+4vr8u].panel_frame.seek.Image_2.opacity=<gshare.utils.Swallower object at 0x00000259D7DA7390>
robot[anFL9UsxNr+4vr8u].panel_frame.seek.Image_2.scale=<gshare.utils.Swallower object at 0x00000259D7DA7390>
robot[anFL9UsxNr+4vr8u].panel_frame.seek.Image_2.scale_x=<gshare.utils.Swallower object at 0x00000259D7DA7390>
robot[anFL9UsxNr+4vr8u].panel_frame.seek.Image_2.scale_y=<gshare.utils.Swallower object at 0x00000259D7DA7390>
robot[anFL9UsxNr+4vr8u].panel_frame.seek.Image_2.x=<gshare.utils.Swallower object at 0x00000259D7DA7390>
robot[anFL9UsxNr+4vr8u].panel_frame.seek.Image_2.y=<gshare.utils.Swallower object at 0x00000259D7DA7390>
robot[anFL9UsxNr+4vr8u].panel_frame.seek.Image_2.width=<gshare.utils.Swallower object at 0x00000259D7DA7390>
robot[anFL9UsxNr+4vr8u].panel_frame.seek.Image_2.height=<gshare.utils.Swallower object at 0x00000259D7DA7390>
robot[anFL9UsxNr+4vr8u].panel_frame.seek.Image_2.widget=<gshare.utils.Swallower object at 0x00000259D7DA7390>
robot[anFL9UsxNr+4vr8u].panel_frame.seek.Image_2.getName()=<gshare.utils.Swallower object at 0x00000259D7DA7390>
robot[anFL9UsxNr+4vr8u].panel_frame.seek.Image_2.GetName()=<gshare.utils.Swallower object at 0x00000259D7DA7390>
robot[anFL9UsxNr+4vr8u].panel_frame.seek.Image_2.GetWidth()=<gshare.utils.Swallower object at 0x00000259D7DA7390>
robot[anFL9UsxNr+4vr8u].panel_frame.seek.Image_2.GetHeight()=<gshare.utils.Swallower object at 0x00000259D7DA7390>
robot[anFL9UsxNr+4vr8u].panel_frame.seek.Image_2.getContentSize()=<gshare.utils.Swallower object at 0x00000259D7DA7390>
robot[anFL9UsxNr+4vr8u].panel_frame.seek.Image_2.GetRealContentSize()=Size(1.000000, 1.000000)
robot[anFL9UsxNr+4vr8u].panel_frame.seek.Image_2.getPosition()=<gshare.utils.Swallower object at 0x00000259D7DA7390>
robot[anFL9UsxNr+4vr8u].panel_frame.seek.Image_2.GetPosition()=<gshare.utils.Swallower object at 0x00000259D7DA7390>
robot[anFL9UsxNr+4vr8u].panel_frame.seek.Image_2.getPositionX()=<gshare.utils.Swallower object at 0x00000259D7DA7390>
robot[anFL9UsxNr+4vr8u].panel_frame.seek.Image_2.getPositionY()=<gshare.utils.Swallower object at 0x00000259D7DA7390>
robot[anFL9UsxNr+4vr8u].panel_frame.seek.Image_2.getAnchorPoint()=<gshare.utils.Swallower object at 0x00000259D7DA7390>
robot[anFL9UsxNr+4vr8u].panel_frame.seek.Image_2.GetWorldPosition()=<gshare.utils.Swallower object at 0x00000259D7DA7390>
robot[anFL9UsxNr+4vr8u].panel_frame.seek.Image_2.getScale()=<gshare.utils.Swallower object at 0x00000259D7DA7390>
robot[anFL9UsxNr+4vr8u].panel_frame.seek.Image_2.getScaleX()=<gshare.utils.Swallower object at 0x00000259D7DA7390>
robot[anFL9UsxNr+4vr8u].panel_frame.seek.Image_2.getScaleY()=<gshare.utils.Swallower object at 0x00000259D7DA7390>
robot[anFL9UsxNr+4vr8u].panel_frame.seek.Image_2.IsAncestorsVisible()=False
robot[anFL9UsxNr+4vr8u].panel_frame.seek.Image_2.isVisible()=<gshare.utils.Swallower object at 0x00000259D7DA7390>
robot[anFL9UsxNr+4vr8u].panel_frame.seek.Image_2.getChildrenCount()=<gshare.utils.Swallower object at 0x00000259D7DA7390>
robot[anFL9UsxNr+4vr8u].panel_frame.seek.Image_2.interesting=['AddChild', 'CheckPosInView', 'EnablePressScale', 'GetHeight', 'GetRealContentSize', 'GetWidth', 'GetWorldPosition', 'GetWorldPositionLeftBottom', 'GetWorldPositionPercent', 'IsAncestorsVisible', 'IsWorldPosInNodeBound', 'SCRATCH_CARD_IMAGE_NAME', 'SCRATCH_CARD_TOUCH_NAME', 'SetChildrenClippingEnabled', 'SetChildrenClippingType', 'SetHeight', 'SetPosition', 'SetPositionX', 'SetPositionY', 'SetWidth', 'SetWidthHeight', 'SetWorldPosition', 'SetWorldPositionPercent', '_pos_began', 'addChild', 'child', 'childex', 'getContentSize', 'rchild', 'rchildex', 'scale', 'setContentSize', 'setZoomChildren', 'visible', 'zoomChildren']
robot[anFL9UsxNr+4vr8u].panel_frame.seek('Image_3') -> <gclient.framework.ui.widgets.ui_node.UINode object(Swallower) at 0x25A032B8D70> type=<class 'gclient.framework.ui.widgets.ui_node.UINode'>
robot[anFL9UsxNr+4vr8u].panel_frame.seek.Image_3: <gclient.framework.ui.widgets.ui_node.UINode object(Swallower) at 0x25A032B8D70> type=<class 'gclient.framework.ui.widgets.ui_node.UINode'>
robot[anFL9UsxNr+4vr8u].panel_frame.seek.Image_3.visible=<gshare.utils.Swallower object at 0x0000025A17417C50>
robot[anFL9UsxNr+4vr8u].panel_frame.seek.Image_3.opacity=<gshare.utils.Swallower object at 0x0000025A17417C50>
robot[anFL9UsxNr+4vr8u].panel_frame.seek.Image_3.scale=<gshare.utils.Swallower object at 0x0000025A17417C50>
robot[anFL9UsxNr+4vr8u].panel_frame.seek.Image_3.scale_x=<gshare.utils.Swallower object at 0x0000025A17417C50>
robot[anFL9UsxNr+4vr8u].panel_frame.seek.Image_3.scale_y=<gshare.utils.Swallower object at 0x0000025A17417C50>
robot[anFL9UsxNr+4vr8u].panel_frame.seek.Image_3.x=<gshare.utils.Swallower object at 0x0000025A17417C50>
robot[anFL9UsxNr+4vr8u].panel_frame.seek.Image_3.y=<gshare.utils.Swallower object at 0x0000025A17417C50>
robot[anFL9UsxNr+4vr8u].panel_frame.seek.Image_3.width=<gshare.utils.Swallower object at 0x0000025A17417C50>
robot[anFL9UsxNr+4vr8u].panel_frame.seek.Image_3.height=<gshare.utils.Swallower object at 0x0000025A17417C50>
robot[anFL9UsxNr+4vr8u].panel_frame.seek.Image_3.widget=<gshare.utils.Swallower object at 0x0000025A17417C50>
robot[anFL9UsxNr+4vr8u].panel_frame.seek.Image_3.getName()=<gshare.utils.Swallower object at 0x0000025A17417C50>
robot[anFL9UsxNr+4vr8u].panel_frame.seek.Image_3.GetName()=<gshare.utils.Swallower object at 0x0000025A17417C50>
robot[anFL9UsxNr+4vr8u].panel_frame.seek.Image_3.GetWidth()=<gshare.utils.Swallower object at 0x0000025A17417C50>
robot[anFL9UsxNr+4vr8u].panel_frame.seek.Image_3.GetHeight()=<gshare.utils.Swallower object at 0x0000025A17417C50>
robot[anFL9UsxNr+4vr8u].panel_frame.seek.Image_3.getContentSize()=<gshare.utils.Swallower object at 0x0000025A17417C50>
robot[anFL9UsxNr+4vr8u].panel_frame.seek.Image_3.GetRealContentSize()=Size(1.000000, 1.000000)
robot[anFL9UsxNr+4vr8u].panel_frame.seek.Image_3.getPosition()=<gshare.utils.Swallower object at 0x0000025A17417C50>
robot[anFL9UsxNr+4vr8u].panel_frame.seek.Image_3.GetPosition()=<gshare.utils.Swallower object at 0x0000025A17417C50>
robot[anFL9UsxNr+4vr8u].panel_frame.seek.Image_3.getPositionX()=<gshare.utils.Swallower object at 0x0000025A17417C50>
robot[anFL9UsxNr+4vr8u].panel_frame.seek.Image_3.getPositionY()=<gshare.utils.Swallower object at 0x0000025A17417C50>
robot[anFL9UsxNr+4vr8u].panel_frame.seek.Image_3.getAnchorPoint()=<gshare.utils.Swallower object at 0x0000025A17417C50>
robot[anFL9UsxNr+4vr8u].panel_frame.seek.Image_3.GetWorldPosition()=<gshare.utils.Swallower object at 0x0000025A17417C50>
robot[anFL9UsxNr+4vr8u].panel_frame.seek.Image_3.getScale()=<gshare.utils.Swallower object at 0x0000025A17417C50>
robot[anFL9UsxNr+4vr8u].panel_frame.seek.Image_3.getScaleX()=<gshare.utils.Swallower object at 0x0000025A17417C50>
robot[anFL9UsxNr+4vr8u].panel_frame.seek.Image_3.getScaleY()=<gshare.utils.Swallower object at 0x0000025A17417C50>
robot[anFL9UsxNr+4vr8u].panel_frame.seek.Image_3.IsAncestorsVisible()=False
robot[anFL9UsxNr+4vr8u].panel_frame.seek.Image_3.isVisible()=<gshare.utils.Swallower object at 0x0000025A17417C50>
robot[anFL9UsxNr+4vr8u].panel_frame.seek.Image_3.getChildrenCount()=<gshare.utils.Swallower object at 0x0000025A17417C50>
robot[anFL9UsxNr+4vr8u].panel_frame.seek.Image_3.interesting=['AddChild', 'CheckPosInView', 'EnablePressScale', 'GetHeight', 'GetRealContentSize', 'GetWidth', 'GetWorldPosition', 'GetWorldPositionLeftBottom', 'GetWorldPositionPercent', 'IsAncestorsVisible', 'IsWorldPosInNodeBound', 'SCRATCH_CARD_IMAGE_NAME', 'SCRATCH_CARD_TOUCH_NAME', 'SetChildrenClippingEnabled', 'SetChildrenClippingType', 'SetHeight', 'SetPosition', 'SetPositionX', 'SetPositionY', 'SetWidth', 'SetWidthHeight', 'SetWorldPosition', 'SetWorldPositionPercent', '_pos_began', 'addChild', 'child', 'childex', 'getContentSize', 'rchild', 'rchildex', 'scale', 'setContentSize', 'setZoomChildren', 'visible', 'zoomChildren']
robot[anFL9UsxNr+4vr8u].panel_frame.seek('Image_4') -> <gclient.framework.ui.widgets.ui_node.UINode object(Swallower) at 0x25A032EBE00> type=<class 'gclient.framework.ui.widgets.ui_node.UINode'>
robot[anFL9UsxNr+4vr8u].panel_frame.seek.Image_4: <gclient.framework.ui.widgets.ui_node.UINode object(Swallower) at 0x25A032EBE00> type=<class 'gclient.framework.ui.widgets.ui_node.UINode'>
robot[anFL9UsxNr+4vr8u].panel_frame.seek.Image_4.visible=<gshare.utils.Swallower object at 0x00000259D7DA7390>
robot[anFL9UsxNr+4vr8u].panel_frame.seek.Image_4.opacity=<gshare.utils.Swallower object at 0x00000259D7DA7390>
robot[anFL9UsxNr+4vr8u].panel_frame.seek.Image_4.scale=<gshare.utils.Swallower object at 0x00000259D7DA7390>
robot[anFL9UsxNr+4vr8u].panel_frame.seek.Image_4.scale_x=<gshare.utils.Swallower object at 0x00000259D7DA7390>
robot[anFL9UsxNr+4vr8u].panel_frame.seek.Image_4.scale_y=<gshare.utils.Swallower object at 0x00000259D7DA7390>
robot[anFL9UsxNr+4vr8u].panel_frame.seek.Image_4.x=<gshare.utils.Swallower object at 0x00000259D7DA7390>
robot[anFL9UsxNr+4vr8u].panel_frame.seek.Image_4.y=<gshare.utils.Swallower object at 0x00000259D7DA7390>
robot[anFL9UsxNr+4vr8u].panel_frame.seek.Image_4.width=<gshare.utils.Swallower object at 0x00000259D7DA7390>
robot[anFL9UsxNr+4vr8u].panel_frame.seek.Image_4.height=<gshare.utils.Swallower object at 0x00000259D7DA7390>
robot[anFL9UsxNr+4vr8u].panel_frame.seek.Image_4.widget=<gshare.utils.Swallower object at 0x00000259D7DA7390>
robot[anFL9UsxNr+4vr8u].panel_frame.seek.Image_4.getName()=<gshare.utils.Swallower object at 0x00000259D7DA7390>
robot[anFL9UsxNr+4vr8u].panel_frame.seek.Image_4.GetName()=<gshare.utils.Swallower object at 0x00000259D7DA7390>
robot[anFL9UsxNr+4vr8u].panel_frame.seek.Image_4.GetWidth()=<gshare.utils.Swallower object at 0x00000259D7DA7390>
robot[anFL9UsxNr+4vr8u].panel_frame.seek.Image_4.GetHeight()=<gshare.utils.Swallower object at 0x00000259D7DA7390>
robot[anFL9UsxNr+4vr8u].panel_frame.seek.Image_4.getContentSize()=<gshare.utils.Swallower object at 0x00000259D7DA7390>
robot[anFL9UsxNr+4vr8u].panel_frame.seek.Image_4.GetRealContentSize()=Size(1.000000, 1.000000)
robot[anFL9UsxNr+4vr8u].panel_frame.seek.Image_4.getPosition()=<gshare.utils.Swallower object at 0x00000259D7DA7390>
robot[anFL9UsxNr+4vr8u].panel_frame.seek.Image_4.GetPosition()=<gshare.utils.Swallower object at 0x00000259D7DA7390>
robot[anFL9UsxNr+4vr8u].panel_frame.seek.Image_4.getPositionX()=<gshare.utils.Swallower object at 0x00000259D7DA7390>
robot[anFL9UsxNr+4vr8u].panel_frame.seek.Image_4.getPositionY()=<gshare.utils.Swallower object at 0x00000259D7DA7390>
robot[anFL9UsxNr+4vr8u].panel_frame.seek.Image_4.getAnchorPoint()=<gshare.utils.Swallower object at 0x00000259D7DA7390>
robot[anFL9UsxNr+4vr8u].panel_frame.seek.Image_4.GetWorldPosition()=<gshare.utils.Swallower object at 0x00000259D7DA7390>
robot[anFL9UsxNr+4vr8u].panel_frame.seek.Image_4.getScale()=<gshare.utils.Swallower object at 0x00000259D7DA7390>
robot[anFL9UsxNr+4vr8u].panel_frame.seek.Image_4.getScaleX()=<gshare.utils.Swallower object at 0x00000259D7DA7390>
robot[anFL9UsxNr+4vr8u].panel_frame.seek.Image_4.getScaleY()=<gshare.utils.Swallower object at 0x00000259D7DA7390>
robot[anFL9UsxNr+4vr8u].panel_frame.seek.Image_4.IsAncestorsVisible()=False
robot[anFL9UsxNr+4vr8u].panel_frame.seek.Image_4.isVisible()=<gshare.utils.Swallower object at 0x00000259D7DA7390>
robot[anFL9UsxNr+4vr8u].panel_frame.seek.Image_4.getChildrenCount()=<gshare.utils.Swallower object at 0x00000259D7DA7390>
robot[anFL9UsxNr+4vr8u].panel_frame.seek.Image_4.interesting=['AddChild', 'CheckPosInView', 'EnablePressScale', 'GetHeight', 'GetRealContentSize', 'GetWidth', 'GetWorldPosition', 'GetWorldPositionLeftBottom', 'GetWorldPositionPercent', 'IsAncestorsVisible', 'IsWorldPosInNodeBound', 'SCRATCH_CARD_IMAGE_NAME', 'SCRATCH_CARD_TOUCH_NAME', 'SetChildrenClippingEnabled', 'SetChildrenClippingType', 'SetHeight', 'SetPosition', 'SetPositionX', 'SetPositionY', 'SetWidth', 'SetWidthHeight', 'SetWorldPosition', 'SetWorldPositionPercent', '_pos_began', 'addChild', 'child', 'childex', 'getContentSize', 'rchild', 'rchildex', 'scale', 'setContentSize', 'setZoomChildren', 'visible', 'zoomChildren']
robot[anFL9UsxNr+4vr8u].panel_frame.child('panel_frame') -> <gclient.framework.ui.widgets.ui_node.UINode object(Swallower) at 0x25A032B8D70> type=<class 'gclient.framework.ui.widgets.ui_node.UINode'>
robot[anFL9UsxNr+4vr8u].panel_frame.child.panel_frame: <gclient.framework.ui.widgets.ui_node.UINode object(Swallower) at 0x25A032B8D70> type=<class 'gclient.framework.ui.widgets.ui_node.UINode'>
robot[anFL9UsxNr+4vr8u].panel_frame.child.panel_frame.visible=<gshare.utils.Swallower object at 0x0000025A17417C50>
robot[anFL9UsxNr+4vr8u].panel_frame.child.panel_frame.opacity=<gshare.utils.Swallower object at 0x0000025A17417C50>
robot[anFL9UsxNr+4vr8u].panel_frame.child.panel_frame.scale=<gshare.utils.Swallower object at 0x0000025A17417C50>
robot[anFL9UsxNr+4vr8u].panel_frame.child.panel_frame.scale_x=<gshare.utils.Swallower object at 0x0000025A17417C50>
robot[anFL9UsxNr+4vr8u].panel_frame.child.panel_frame.scale_y=<gshare.utils.Swallower object at 0x0000025A17417C50>
robot[anFL9UsxNr+4vr8u].panel_frame.child.panel_frame.x=<gshare.utils.Swallower object at 0x0000025A17417C50>
robot[anFL9UsxNr+4vr8u].panel_frame.child.panel_frame.y=<gshare.utils.Swallower object at 0x0000025A17417C50>
robot[anFL9UsxNr+4vr8u].panel_frame.child.panel_frame.width=<gshare.utils.Swallower object at 0x0000025A17417C50>
robot[anFL9UsxNr+4vr8u].panel_frame.child.panel_frame.height=<gshare.utils.Swallower object at 0x0000025A17417C50>
robot[anFL9UsxNr+4vr8u].panel_frame.child.panel_frame.widget=<gshare.utils.Swallower object at 0x0000025A17417C50>
robot[anFL9UsxNr+4vr8u].panel_frame.child.panel_frame.getName()=<gshare.utils.Swallower object at 0x0000025A17417C50>
robot[anFL9UsxNr+4vr8u].panel_frame.child.panel_frame.GetName()=<gshare.utils.Swallower object at 0x0000025A17417C50>
robot[anFL9UsxNr+4vr8u].panel_frame.child.panel_frame.GetWidth()=<gshare.utils.Swallower object at 0x0000025A17417C50>
robot[anFL9UsxNr+4vr8u].panel_frame.child.panel_frame.GetHeight()=<gshare.utils.Swallower object at 0x0000025A17417C50>
robot[anFL9UsxNr+4vr8u].panel_frame.child.panel_frame.getContentSize()=<gshare.utils.Swallower object at 0x0000025A17417C50>
robot[anFL9UsxNr+4vr8u].panel_frame.child.panel_frame.GetRealContentSize()=Size(1.000000, 1.000000)
robot[anFL9UsxNr+4vr8u].panel_frame.child.panel_frame.getPosition()=<gshare.utils.Swallower object at 0x0000025A17417C50>
robot[anFL9UsxNr+4vr8u].panel_frame.child.panel_frame.GetPosition()=<gshare.utils.Swallower object at 0x0000025A17417C50>
robot[anFL9UsxNr+4vr8u].panel_frame.child.panel_frame.getPositionX()=<gshare.utils.Swallower object at 0x0000025A17417C50>
robot[anFL9UsxNr+4vr8u].panel_frame.child.panel_frame.getPositionY()=<gshare.utils.Swallower object at 0x0000025A17417C50>
robot[anFL9UsxNr+4vr8u].panel_frame.child.panel_frame.getAnchorPoint()=<gshare.utils.Swallower object at 0x0000025A17417C50>
robot[anFL9UsxNr+4vr8u].panel_frame.child.panel_frame.GetWorldPosition()=<gshare.utils.Swallower object at 0x0000025A17417C50>
robot[anFL9UsxNr+4vr8u].panel_frame.child.panel_frame.getScale()=<gshare.utils.Swallower object at 0x0000025A17417C50>
robot[anFL9UsxNr+4vr8u].panel_frame.child.panel_frame.getScaleX()=<gshare.utils.Swallower object at 0x0000025A17417C50>
robot[anFL9UsxNr+4vr8u].panel_frame.child.panel_frame.getScaleY()=<gshare.utils.Swallower object at 0x0000025A17417C50>
robot[anFL9UsxNr+4vr8u].panel_frame.child.panel_frame.IsAncestorsVisible()=False
robot[anFL9UsxNr+4vr8u].panel_frame.child.panel_frame.isVisible()=<gshare.utils.Swallower object at 0x0000025A17417C50>
robot[anFL9UsxNr+4vr8u].panel_frame.child.panel_frame.getChildrenCount()=<gshare.utils.Swallower object at 0x0000025A17417C50>
robot[anFL9UsxNr+4vr8u].panel_frame.child.panel_frame.interesting=['AddChild', 'CheckPosInView', 'EnablePressScale', 'GetHeight', 'GetRealContentSize', 'GetWidth', 'GetWorldPosition', 'GetWorldPositionLeftBottom', 'GetWorldPositionPercent', 'IsAncestorsVisible', 'IsWorldPosInNodeBound', 'SCRATCH_CARD_IMAGE_NAME', 'SCRATCH_CARD_TOUCH_NAME', 'SetChildrenClippingEnabled', 'SetChildrenClippingType', 'SetHeight', 'SetPosition', 'SetPositionX', 'SetPositionY', 'SetWidth', 'SetWidthHeight', 'SetWorldPosition', 'SetWorldPositionPercent', '_pos_began', 'addChild', 'child', 'childex', 'getContentSize', 'rchild', 'rchildex', 'scale', 'setContentSize', 'setZoomChildren', 'visible', 'zoomChildren']
robot[anFL9UsxNr+4vr8u].panel_frame.child('img_frame') -> <gclient.framework.ui.widgets.ui_node.UINode object(Swallower) at 0x25A032EBE00> type=<class 'gclient.framework.ui.widgets.ui_node.UINode'>
robot[anFL9UsxNr+4vr8u].panel_frame.child.img_frame: <gclient.framework.ui.widgets.ui_node.UINode object(Swallower) at 0x25A032EBE00> type=<class 'gclient.framework.ui.widgets.ui_node.UINode'>
robot[anFL9UsxNr+4vr8u].panel_frame.child.img_frame.visible=<gshare.utils.Swallower object at 0x00000259D7DA7390>
robot[anFL9UsxNr+4vr8u].panel_frame.child.img_frame.opacity=<gshare.utils.Swallower object at 0x00000259D7DA7390>
robot[anFL9UsxNr+4vr8u].panel_frame.child.img_frame.scale=<gshare.utils.Swallower object at 0x00000259D7DA7390>
robot[anFL9UsxNr+4vr8u].panel_frame.child.img_frame.scale_x=<gshare.utils.Swallower object at 0x00000259D7DA7390>
robot[anFL9UsxNr+4vr8u].panel_frame.child.img_frame.scale_y=<gshare.utils.Swallower object at 0x00000259D7DA7390>
robot[anFL9UsxNr+4vr8u].panel_frame.child.img_frame.x=<gshare.utils.Swallower object at 0x00000259D7DA7390>
robot[anFL9UsxNr+4vr8u].panel_frame.child.img_frame.y=<gshare.utils.Swallower object at 0x00000259D7DA7390>
robot[anFL9UsxNr+4vr8u].panel_frame.child.img_frame.width=<gshare.utils.Swallower object at 0x00000259D7DA7390>
robot[anFL9UsxNr+4vr8u].panel_frame.child.img_frame.height=<gshare.utils.Swallower object at 0x00000259D7DA7390>
robot[anFL9UsxNr+4vr8u].panel_frame.child.img_frame.widget=<gshare.utils.Swallower object at 0x00000259D7DA7390>
robot[anFL9UsxNr+4vr8u].panel_frame.child.img_frame.getName()=<gshare.utils.Swallower object at 0x00000259D7DA7390>
robot[anFL9UsxNr+4vr8u].panel_frame.child.img_frame.GetName()=<gshare.utils.Swallower object at 0x00000259D7DA7390>
robot[anFL9UsxNr+4vr8u].panel_frame.child.img_frame.GetWidth()=<gshare.utils.Swallower object at 0x00000259D7DA7390>
robot[anFL9UsxNr+4vr8u].panel_frame.child.img_frame.GetHeight()=<gshare.utils.Swallower object at 0x00000259D7DA7390>
robot[anFL9UsxNr+4vr8u].panel_frame.child.img_frame.getContentSize()=<gshare.utils.Swallower object at 0x00000259D7DA7390>
robot[anFL9UsxNr+4vr8u].panel_frame.child.img_frame.GetRealContentSize()=Size(1.000000, 1.000000)
robot[anFL9UsxNr+4vr8u].panel_frame.child.img_frame.getPosition()=<gshare.utils.Swallower object at 0x00000259D7DA7390>
robot[anFL9UsxNr+4vr8u].panel_frame.child.img_frame.GetPosition()=<gshare.utils.Swallower object at 0x00000259D7DA7390>
robot[anFL9UsxNr+4vr8u].panel_frame.child.img_frame.getPositionX()=<gshare.utils.Swallower object at 0x00000259D7DA7390>
robot[anFL9UsxNr+4vr8u].panel_frame.child.img_frame.getPositionY()=<gshare.utils.Swallower object at 0x00000259D7DA7390>
robot[anFL9UsxNr+4vr8u].panel_frame.child.img_frame.getAnchorPoint()=<gshare.utils.Swallower object at 0x00000259D7DA7390>
robot[anFL9UsxNr+4vr8u].panel_frame.child.img_frame.GetWorldPosition()=<gshare.utils.Swallower object at 0x00000259D7DA7390>
robot[anFL9UsxNr+4vr8u].panel_frame.child.img_frame.getScale()=<gshare.utils.Swallower object at 0x00000259D7DA7390>
robot[anFL9UsxNr+4vr8u].panel_frame.child.img_frame.getScaleX()=<gshare.utils.Swallower object at 0x00000259D7DA7390>
robot[anFL9UsxNr+4vr8u].panel_frame.child.img_frame.getScaleY()=<gshare.utils.Swallower object at 0x00000259D7DA7390>
robot[anFL9UsxNr+4vr8u].panel_frame.child.img_frame.IsAncestorsVisible()=False
robot[anFL9UsxNr+4vr8u].panel_frame.child.img_frame.isVisible()=<gshare.utils.Swallower object at 0x00000259D7DA7390>
robot[anFL9UsxNr+4vr8u].panel_frame.child.img_frame.getChildrenCount()=<gshare.utils.Swallower object at 0x00000259D7DA7390>
robot[anFL9UsxNr+4vr8u].panel_frame.child.img_frame.interesting=['AddChild', 'CheckPosInView', 'EnablePressScale', 'GetHeight', 'GetRealContentSize', 'GetWidth', 'GetWorldPosition', 'GetWorldPositionLeftBottom', 'GetWorldPositionPercent', 'IsAncestorsVisible', 'IsWorldPosInNodeBound', 'SCRATCH_CARD_IMAGE_NAME', 'SCRATCH_CARD_TOUCH_NAME', 'SetChildrenClippingEnabled', 'SetChildrenClippingType', 'SetHeight', 'SetPosition', 'SetPositionX', 'SetPositionY', 'SetWidth', 'SetWidthHeight', 'SetWorldPosition', 'SetWorldPositionPercent', '_pos_began', 'addChild', 'child', 'childex', 'getContentSize', 'rchild', 'rchildex', 'scale', 'setContentSize', 'setZoomChildren', 'visible', 'zoomChildren']
robot[anFL9UsxNr+4vr8u].panel_frame.child('red_frame') -> <gclient.framework.ui.widgets.ui_node.UINode object(Swallower) at 0x25A032B8D70> type=<class 'gclient.framework.ui.widgets.ui_node.UINode'>
robot[anFL9UsxNr+4vr8u].panel_frame.child.red_frame: <gclient.framework.ui.widgets.ui_node.UINode object(Swallower) at 0x25A032B8D70> type=<class 'gclient.framework.ui.widgets.ui_node.UINode'>
robot[anFL9UsxNr+4vr8u].panel_frame.child.red_frame.visible=<gshare.utils.Swallower object at 0x0000025A17417C50>
robot[anFL9UsxNr+4vr8u].panel_frame.child.red_frame.opacity=<gshare.utils.Swallower object at 0x0000025A17417C50>
robot[anFL9UsxNr+4vr8u].panel_frame.child.red_frame.scale=<gshare.utils.Swallower object at 0x0000025A17417C50>
robot[anFL9UsxNr+4vr8u].panel_frame.child.red_frame.scale_x=<gshare.utils.Swallower object at 0x0000025A17417C50>
robot[anFL9UsxNr+4vr8u].panel_frame.child.red_frame.scale_y=<gshare.utils.Swallower object at 0x0000025A17417C50>
robot[anFL9UsxNr+4vr8u].panel_frame.child.red_frame.x=<gshare.utils.Swallower object at 0x0000025A17417C50>
robot[anFL9UsxNr+4vr8u].panel_frame.child.red_frame.y=<gshare.utils.Swallower object at 0x0000025A17417C50>
robot[anFL9UsxNr+4vr8u].panel_frame.child.red_frame.width=<gshare.utils.Swallower object at 0x0000025A17417C50>
robot[anFL9UsxNr+4vr8u].panel_frame.child.red_frame.height=<gshare.utils.Swallower object at 0x0000025A17417C50>
robot[anFL9UsxNr+4vr8u].panel_frame.child.red_frame.widget=<gshare.utils.Swallower object at 0x0000025A17417C50>
robot[anFL9UsxNr+4vr8u].panel_frame.child.red_frame.getName()=<gshare.utils.Swallower object at 0x0000025A17417C50>
robot[anFL9UsxNr+4vr8u].panel_frame.child.red_frame.GetName()=<gshare.utils.Swallower object at 0x0000025A17417C50>
robot[anFL9UsxNr+4vr8u].panel_frame.child.red_frame.GetWidth()=<gshare.utils.Swallower object at 0x0000025A17417C50>
robot[anFL9UsxNr+4vr8u].panel_frame.child.red_frame.GetHeight()=<gshare.utils.Swallower object at 0x0000025A17417C50>
robot[anFL9UsxNr+4vr8u].panel_frame.child.red_frame.getContentSize()=<gshare.utils.Swallower object at 0x0000025A17417C50>
robot[anFL9UsxNr+4vr8u].panel_frame.child.red_frame.GetRealContentSize()=Size(1.000000, 1.000000)
robot[anFL9UsxNr+4vr8u].panel_frame.child.red_frame.getPosition()=<gshare.utils.Swallower object at 0x0000025A17417C50>
robot[anFL9UsxNr+4vr8u].panel_frame.child.red_frame.GetPosition()=<gshare.utils.Swallower object at 0x0000025A17417C50>
robot[anFL9UsxNr+4vr8u].panel_frame.child.red_frame.getPositionX()=<gshare.utils.Swallower object at 0x0000025A17417C50>
robot[anFL9UsxNr+4vr8u].panel_frame.child.red_frame.getPositionY()=<gshare.utils.Swallower object at 0x0000025A17417C50>
robot[anFL9UsxNr+4vr8u].panel_frame.child.red_frame.getAnchorPoint()=<gshare.utils.Swallower object at 0x0000025A17417C50>
robot[anFL9UsxNr+4vr8u].panel_frame.child.red_frame.GetWorldPosition()=<gshare.utils.Swallower object at 0x0000025A17417C50>
robot[anFL9UsxNr+4vr8u].panel_frame.child.red_frame.getScale()=<gshare.utils.Swallower object at 0x0000025A17417C50>
robot[anFL9UsxNr+4vr8u].panel_frame.child.red_frame.getScaleX()=<gshare.utils.Swallower object at 0x0000025A17417C50>
robot[anFL9UsxNr+4vr8u].panel_frame.child.red_frame.getScaleY()=<gshare.utils.Swallower object at 0x0000025A17417C50>
robot[anFL9UsxNr+4vr8u].panel_frame.child.red_frame.IsAncestorsVisible()=False
robot[anFL9UsxNr+4vr8u].panel_frame.child.red_frame.isVisible()=<gshare.utils.Swallower object at 0x0000025A17417C50>
robot[anFL9UsxNr+4vr8u].panel_frame.child.red_frame.getChildrenCount()=<gshare.utils.Swallower object at 0x0000025A17417C50>
robot[anFL9UsxNr+4vr8u].panel_frame.child.red_frame.interesting=['AddChild', 'CheckPosInView', 'EnablePressScale', 'GetHeight', 'GetRealContentSize', 'GetWidth', 'GetWorldPosition', 'GetWorldPositionLeftBottom', 'GetWorldPositionPercent', 'IsAncestorsVisible', 'IsWorldPosInNodeBound', 'SCRATCH_CARD_IMAGE_NAME', 'SCRATCH_CARD_TOUCH_NAME', 'SetChildrenClippingEnabled', 'SetChildrenClippingType', 'SetHeight', 'SetPosition', 'SetPositionX', 'SetPositionY', 'SetWidth', 'SetWidthHeight', 'SetWorldPosition', 'SetWorldPositionPercent', '_pos_began', 'addChild', 'child', 'childex', 'getContentSize', 'rchild', 'rchildex', 'scale', 'setContentSize', 'setZoomChildren', 'visible', 'zoomChildren']
robot[anFL9UsxNr+4vr8u].panel_frame.child('img_red_frame') -> <gclient.framework.ui.widgets.ui_node.UINode object(Swallower) at 0x25A032EBE00> type=<class 'gclient.framework.ui.widgets.ui_node.UINode'>
robot[anFL9UsxNr+4vr8u].panel_frame.child.img_red_frame: <gclient.framework.ui.widgets.ui_node.UINode object(Swallower) at 0x25A032EBE00> type=<class 'gclient.framework.ui.widgets.ui_node.UINode'>
robot[anFL9UsxNr+4vr8u].panel_frame.child.img_red_frame.visible=<gshare.utils.Swallower object at 0x00000259D7DA7390>
robot[anFL9UsxNr+4vr8u].panel_frame.child.img_red_frame.opacity=<gshare.utils.Swallower object at 0x00000259D7DA7390>
robot[anFL9UsxNr+4vr8u].panel_frame.child.img_red_frame.scale=<gshare.utils.Swallower object at 0x00000259D7DA7390>
robot[anFL9UsxNr+4vr8u].panel_frame.child.img_red_frame.scale_x=<gshare.utils.Swallower object at 0x00000259D7DA7390>
robot[anFL9UsxNr+4vr8u].panel_frame.child.img_red_frame.scale_y=<gshare.utils.Swallower object at 0x00000259D7DA7390>
robot[anFL9UsxNr+4vr8u].panel_frame.child.img_red_frame.x=<gshare.utils.Swallower object at 0x00000259D7DA7390>
robot[anFL9UsxNr+4vr8u].panel_frame.child.img_red_frame.y=<gshare.utils.Swallower object at 0x00000259D7DA7390>
robot[anFL9UsxNr+4vr8u].panel_frame.child.img_red_frame.width=<gshare.utils.Swallower object at 0x00000259D7DA7390>
robot[anFL9UsxNr+4vr8u].panel_frame.child.img_red_frame.height=<gshare.utils.Swallower object at 0x00000259D7DA7390>
robot[anFL9UsxNr+4vr8u].panel_frame.child.img_red_frame.widget=<gshare.utils.Swallower object at 0x00000259D7DA7390>
robot[anFL9UsxNr+4vr8u].panel_frame.child.img_red_frame.getName()=<gshare.utils.Swallower object at 0x00000259D7DA7390>
robot[anFL9UsxNr+4vr8u].panel_frame.child.img_red_frame.GetName()=<gshare.utils.Swallower object at 0x00000259D7DA7390>
robot[anFL9UsxNr+4vr8u].panel_frame.child.img_red_frame.GetWidth()=<gshare.utils.Swallower object at 0x00000259D7DA7390>
robot[anFL9UsxNr+4vr8u].panel_frame.child.img_red_frame.GetHeight()=<gshare.utils.Swallower object at 0x00000259D7DA7390>
robot[anFL9UsxNr+4vr8u].panel_frame.child.img_red_frame.getContentSize()=<gshare.utils.Swallower object at 0x00000259D7DA7390>
robot[anFL9UsxNr+4vr8u].panel_frame.child.img_red_frame.GetRealContentSize()=Size(1.000000, 1.000000)
robot[anFL9UsxNr+4vr8u].panel_frame.child.img_red_frame.getPosition()=<gshare.utils.Swallower object at 0x00000259D7DA7390>
robot[anFL9UsxNr+4vr8u].panel_frame.child.img_red_frame.GetPosition()=<gshare.utils.Swallower object at 0x00000259D7DA7390>
robot[anFL9UsxNr+4vr8u].panel_frame.child.img_red_frame.getPositionX()=<gshare.utils.Swallower object at 0x00000259D7DA7390>
robot[anFL9UsxNr+4vr8u].panel_frame.child.img_red_frame.getPositionY()=<gshare.utils.Swallower object at 0x00000259D7DA7390>
robot[anFL9UsxNr+4vr8u].panel_frame.child.img_red_frame.getAnchorPoint()=<gshare.utils.Swallower object at 0x00000259D7DA7390>
robot[anFL9UsxNr+4vr8u].panel_frame.child.img_red_frame.GetWorldPosition()=<gshare.utils.Swallower object at 0x00000259D7DA7390>
robot[anFL9UsxNr+4vr8u].panel_frame.child.img_red_frame.getScale()=<gshare.utils.Swallower object at 0x00000259D7DA7390>
robot[anFL9UsxNr+4vr8u].panel_frame.child.img_red_frame.getScaleX()=<gshare.utils.Swallower object at 0x00000259D7DA7390>
robot[anFL9UsxNr+4vr8u].panel_frame.child.img_red_frame.getScaleY()=<gshare.utils.Swallower object at 0x00000259D7DA7390>
robot[anFL9UsxNr+4vr8u].panel_frame.child.img_red_frame.IsAncestorsVisible()=False
robot[anFL9UsxNr+4vr8u].panel_frame.child.img_red_frame.isVisible()=<gshare.utils.Swallower object at 0x00000259D7DA7390>
robot[anFL9UsxNr+4vr8u].panel_frame.child.img_red_frame.getChildrenCount()=<gshare.utils.Swallower object at 0x00000259D7DA7390>
robot[anFL9UsxNr+4vr8u].panel_frame.child.img_red_frame.interesting=['AddChild', 'CheckPosInView', 'EnablePressScale', 'GetHeight', 'GetRealContentSize', 'GetWidth', 'GetWorldPosition', 'GetWorldPositionLeftBottom', 'GetWorldPositionPercent', 'IsAncestorsVisible', 'IsWorldPosInNodeBound', 'SCRATCH_CARD_IMAGE_NAME', 'SCRATCH_CARD_TOUCH_NAME', 'SetChildrenClippingEnabled', 'SetChildrenClippingType', 'SetHeight', 'SetPosition', 'SetPositionX', 'SetPositionY', 'SetWidth', 'SetWidthHeight', 'SetWorldPosition', 'SetWorldPositionPercent', '_pos_began', 'addChild', 'child', 'childex', 'getContentSize', 'rchild', 'rchildex', 'scale', 'setContentSize', 'setZoomChildren', 'visible', 'zoomChildren']
robot[anFL9UsxNr+4vr8u].panel_frame.child('frame') -> <gclient.framework.ui.widgets.ui_node.UINode object(Swallower) at 0x25A032B8D70> type=<class 'gclient.framework.ui.widgets.ui_node.UINode'>
robot[anFL9UsxNr+4vr8u].panel_frame.child.frame: <gclient.framework.ui.widgets.ui_node.UINode object(Swallower) at 0x25A032B8D70> type=<class 'gclient.framework.ui.widgets.ui_node.UINode'>
robot[anFL9UsxNr+4vr8u].panel_frame.child.frame.visible=<gshare.utils.Swallower object at 0x0000025A17417C50>
robot[anFL9UsxNr+4vr8u].panel_frame.child.frame.opacity=<gshare.utils.Swallower object at 0x0000025A17417C50>
robot[anFL9UsxNr+4vr8u].panel_frame.child.frame.scale=<gshare.utils.Swallower object at 0x0000025A17417C50>
robot[anFL9UsxNr+4vr8u].panel_frame.child.frame.scale_x=<gshare.utils.Swallower object at 0x0000025A17417C50>
robot[anFL9UsxNr+4vr8u].panel_frame.child.frame.scale_y=<gshare.utils.Swallower object at 0x0000025A17417C50>
robot[anFL9UsxNr+4vr8u].panel_frame.child.frame.x=<gshare.utils.Swallower object at 0x0000025A17417C50>
robot[anFL9UsxNr+4vr8u].panel_frame.child.frame.y=<gshare.utils.Swallower object at 0x0000025A17417C50>
robot[anFL9UsxNr+4vr8u].panel_frame.child.frame.width=<gshare.utils.Swallower object at 0x0000025A17417C50>
robot[anFL9UsxNr+4vr8u].panel_frame.child.frame.height=<gshare.utils.Swallower object at 0x0000025A17417C50>
robot[anFL9UsxNr+4vr8u].panel_frame.child.frame.widget=<gshare.utils.Swallower object at 0x0000025A17417C50>
robot[anFL9UsxNr+4vr8u].panel_frame.child.frame.getName()=<gshare.utils.Swallower object at 0x0000025A17417C50>
robot[anFL9UsxNr+4vr8u].panel_frame.child.frame.GetName()=<gshare.utils.Swallower object at 0x0000025A17417C50>
robot[anFL9UsxNr+4vr8u].panel_frame.child.frame.GetWidth()=<gshare.utils.Swallower object at 0x0000025A17417C50>
robot[anFL9UsxNr+4vr8u].panel_frame.child.frame.GetHeight()=<gshare.utils.Swallower object at 0x0000025A17417C50>
robot[anFL9UsxNr+4vr8u].panel_frame.child.frame.getContentSize()=<gshare.utils.Swallower object at 0x0000025A17417C50>
robot[anFL9UsxNr+4vr8u].panel_frame.child.frame.GetRealContentSize()=Size(1.000000, 1.000000)
robot[anFL9UsxNr+4vr8u].panel_frame.child.frame.getPosition()=<gshare.utils.Swallower object at 0x0000025A17417C50>
robot[anFL9UsxNr+4vr8u].panel_frame.child.frame.GetPosition()=<gshare.utils.Swallower object at 0x0000025A17417C50>
robot[anFL9UsxNr+4vr8u].panel_frame.child.frame.getPositionX()=<gshare.utils.Swallower object at 0x0000025A17417C50>
robot[anFL9UsxNr+4vr8u].panel_frame.child.frame.getPositionY()=<gshare.utils.Swallower object at 0x0000025A17417C50>
robot[anFL9UsxNr+4vr8u].panel_frame.child.frame.getAnchorPoint()=<gshare.utils.Swallower object at 0x0000025A17417C50>
robot[anFL9UsxNr+4vr8u].panel_frame.child.frame.GetWorldPosition()=<gshare.utils.Swallower object at 0x0000025A17417C50>
robot[anFL9UsxNr+4vr8u].panel_frame.child.frame.getScale()=<gshare.utils.Swallower object at 0x0000025A17417C50>
robot[anFL9UsxNr+4vr8u].panel_frame.child.frame.getScaleX()=<gshare.utils.Swallower object at 0x0000025A17417C50>
robot[anFL9UsxNr+4vr8u].panel_frame.child.frame.getScaleY()=<gshare.utils.Swallower object at 0x0000025A17417C50>
robot[anFL9UsxNr+4vr8u].panel_frame.child.frame.IsAncestorsVisible()=False
robot[anFL9UsxNr+4vr8u].panel_frame.child.frame.isVisible()=<gshare.utils.Swallower object at 0x0000025A17417C50>
robot[anFL9UsxNr+4vr8u].panel_frame.child.frame.getChildrenCount()=<gshare.utils.Swallower object at 0x0000025A17417C50>
robot[anFL9UsxNr+4vr8u].panel_frame.child.frame.interesting=['AddChild', 'CheckPosInView', 'EnablePressScale', 'GetHeight', 'GetRealContentSize', 'GetWidth', 'GetWorldPosition', 'GetWorldPositionLeftBottom', 'GetWorldPositionPercent', 'IsAncestorsVisible', 'IsWorldPosInNodeBound', 'SCRATCH_CARD_IMAGE_NAME', 'SCRATCH_CARD_TOUCH_NAME', 'SetChildrenClippingEnabled', 'SetChildrenClippingType', 'SetHeight', 'SetPosition', 'SetPositionX', 'SetPositionY', 'SetWidth', 'SetWidthHeight', 'SetWorldPosition', 'SetWorldPositionPercent', '_pos_began', 'addChild', 'child', 'childex', 'getContentSize', 'rchild', 'rchildex', 'scale', 'setContentSize', 'setZoomChildren', 'visible', 'zoomChildren']
robot[anFL9UsxNr+4vr8u].panel_frame.child('left') -> <gclient.framework.ui.widgets.ui_node.UINode object(Swallower) at 0x25A032EBE00> type=<class 'gclient.framework.ui.widgets.ui_node.UINode'>
robot[anFL9UsxNr+4vr8u].panel_frame.child.left: <gclient.framework.ui.widgets.ui_node.UINode object(Swallower) at 0x25A032EBE00> type=<class 'gclient.framework.ui.widgets.ui_node.UINode'>
robot[anFL9UsxNr+4vr8u].panel_frame.child.left.visible=<gshare.utils.Swallower object at 0x00000259D7DA7390>
robot[anFL9UsxNr+4vr8u].panel_frame.child.left.opacity=<gshare.utils.Swallower object at 0x00000259D7DA7390>
robot[anFL9UsxNr+4vr8u].panel_frame.child.left.scale=<gshare.utils.Swallower object at 0x00000259D7DA7390>
robot[anFL9UsxNr+4vr8u].panel_frame.child.left.scale_x=<gshare.utils.Swallower object at 0x00000259D7DA7390>
robot[anFL9UsxNr+4vr8u].panel_frame.child.left.scale_y=<gshare.utils.Swallower object at 0x00000259D7DA7390>
robot[anFL9UsxNr+4vr8u].panel_frame.child.left.x=<gshare.utils.Swallower object at 0x00000259D7DA7390>
robot[anFL9UsxNr+4vr8u].panel_frame.child.left.y=<gshare.utils.Swallower object at 0x00000259D7DA7390>
robot[anFL9UsxNr+4vr8u].panel_frame.child.left.width=<gshare.utils.Swallower object at 0x00000259D7DA7390>
robot[anFL9UsxNr+4vr8u].panel_frame.child.left.height=<gshare.utils.Swallower object at 0x00000259D7DA7390>
robot[anFL9UsxNr+4vr8u].panel_frame.child.left.widget=<gshare.utils.Swallower object at 0x00000259D7DA7390>
robot[anFL9UsxNr+4vr8u].panel_frame.child.left.getName()=<gshare.utils.Swallower object at 0x00000259D7DA7390>
robot[anFL9UsxNr+4vr8u].panel_frame.child.left.GetName()=<gshare.utils.Swallower object at 0x00000259D7DA7390>
robot[anFL9UsxNr+4vr8u].panel_frame.child.left.GetWidth()=<gshare.utils.Swallower object at 0x00000259D7DA7390>
robot[anFL9UsxNr+4vr8u].panel_frame.child.left.GetHeight()=<gshare.utils.Swallower object at 0x00000259D7DA7390>
robot[anFL9UsxNr+4vr8u].panel_frame.child.left.getContentSize()=<gshare.utils.Swallower object at 0x00000259D7DA7390>
robot[anFL9UsxNr+4vr8u].panel_frame.child.left.GetRealContentSize()=Size(1.000000, 1.000000)
robot[anFL9UsxNr+4vr8u].panel_frame.child.left.getPosition()=<gshare.utils.Swallower object at 0x00000259D7DA7390>
robot[anFL9UsxNr+4vr8u].panel_frame.child.left.GetPosition()=<gshare.utils.Swallower object at 0x00000259D7DA7390>
robot[anFL9UsxNr+4vr8u].panel_frame.child.left.getPositionX()=<gshare.utils.Swallower object at 0x00000259D7DA7390>
robot[anFL9UsxNr+4vr8u].panel_frame.child.left.getPositionY()=<gshare.utils.Swallower object at 0x00000259D7DA7390>
robot[anFL9UsxNr+4vr8u].panel_frame.child.left.getAnchorPoint()=<gshare.utils.Swallower object at 0x00000259D7DA7390>
robot[anFL9UsxNr+4vr8u].panel_frame.child.left.GetWorldPosition()=<gshare.utils.Swallower object at 0x00000259D7DA7390>
robot[anFL9UsxNr+4vr8u].panel_frame.child.left.getScale()=<gshare.utils.Swallower object at 0x00000259D7DA7390>
robot[anFL9UsxNr+4vr8u].panel_frame.child.left.getScaleX()=<gshare.utils.Swallower object at 0x00000259D7DA7390>
robot[anFL9UsxNr+4vr8u].panel_frame.child.left.getScaleY()=<gshare.utils.Swallower object at 0x00000259D7DA7390>
robot[anFL9UsxNr+4vr8u].panel_frame.child.left.IsAncestorsVisible()=False
robot[anFL9UsxNr+4vr8u].panel_frame.child.left.isVisible()=<gshare.utils.Swallower object at 0x00000259D7DA7390>
robot[anFL9UsxNr+4vr8u].panel_frame.child.left.getChildrenCount()=<gshare.utils.Swallower object at 0x00000259D7DA7390>
robot[anFL9UsxNr+4vr8u].panel_frame.child.left.interesting=['AddChild', 'CheckPosInView', 'EnablePressScale', 'GetHeight', 'GetRealContentSize', 'GetWidth', 'GetWorldPosition', 'GetWorldPositionLeftBottom', 'GetWorldPositionPercent', 'IsAncestorsVisible', 'IsWorldPosInNodeBound', 'SCRATCH_CARD_IMAGE_NAME', 'SCRATCH_CARD_TOUCH_NAME', 'SetChildrenClippingEnabled', 'SetChildrenClippingType', 'SetHeight', 'SetPosition', 'SetPositionX', 'SetPositionY', 'SetWidth', 'SetWidthHeight', 'SetWorldPosition', 'SetWorldPositionPercent', '_pos_began', 'addChild', 'child', 'childex', 'getContentSize', 'rchild', 'rchildex', 'scale', 'setContentSize', 'setZoomChildren', 'visible', 'zoomChildren']
robot[anFL9UsxNr+4vr8u].panel_frame.child('right') -> <gclient.framework.ui.widgets.ui_node.UINode object(Swallower) at 0x25A032B8D70> type=<class 'gclient.framework.ui.widgets.ui_node.UINode'>
robot[anFL9UsxNr+4vr8u].panel_frame.child.right: <gclient.framework.ui.widgets.ui_node.UINode object(Swallower) at 0x25A032B8D70> type=<class 'gclient.framework.ui.widgets.ui_node.UINode'>
robot[anFL9UsxNr+4vr8u].panel_frame.child.right.visible=<gshare.utils.Swallower object at 0x0000025A17417C50>
robot[anFL9UsxNr+4vr8u].panel_frame.child.right.opacity=<gshare.utils.Swallower object at 0x0000025A17417C50>
robot[anFL9UsxNr+4vr8u].panel_frame.child.right.scale=<gshare.utils.Swallower object at 0x0000025A17417C50>
robot[anFL9UsxNr+4vr8u].panel_frame.child.right.scale_x=<gshare.utils.Swallower object at 0x0000025A17417C50>
robot[anFL9UsxNr+4vr8u].panel_frame.child.right.scale_y=<gshare.utils.Swallower object at 0x0000025A17417C50>
robot[anFL9UsxNr+4vr8u].panel_frame.child.right.x=<gshare.utils.Swallower object at 0x0000025A17417C50>
robot[anFL9UsxNr+4vr8u].panel_frame.child.right.y=<gshare.utils.Swallower object at 0x0000025A17417C50>
robot[anFL9UsxNr+4vr8u].panel_frame.child.right.width=<gshare.utils.Swallower object at 0x0000025A17417C50>
robot[anFL9UsxNr+4vr8u].panel_frame.child.right.height=<gshare.utils.Swallower object at 0x0000025A17417C50>
robot[anFL9UsxNr+4vr8u].panel_frame.child.right.widget=<gshare.utils.Swallower object at 0x0000025A17417C50>
robot[anFL9UsxNr+4vr8u].panel_frame.child.right.getName()=<gshare.utils.Swallower object at 0x0000025A17417C50>
robot[anFL9UsxNr+4vr8u].panel_frame.child.right.GetName()=<gshare.utils.Swallower object at 0x0000025A17417C50>
robot[anFL9UsxNr+4vr8u].panel_frame.child.right.GetWidth()=<gshare.utils.Swallower object at 0x0000025A17417C50>
robot[anFL9UsxNr+4vr8u].panel_frame.child.right.GetHeight()=<gshare.utils.Swallower object at 0x0000025A17417C50>
robot[anFL9UsxNr+4vr8u].panel_frame.child.right.getContentSize()=<gshare.utils.Swallower object at 0x0000025A17417C50>
robot[anFL9UsxNr+4vr8u].panel_frame.child.right.GetRealContentSize()=Size(1.000000, 1.000000)
robot[anFL9UsxNr+4vr8u].panel_frame.child.right.getPosition()=<gshare.utils.Swallower object at 0x0000025A17417C50>
robot[anFL9UsxNr+4vr8u].panel_frame.child.right.GetPosition()=<gshare.utils.Swallower object at 0x0000025A17417C50>
robot[anFL9UsxNr+4vr8u].panel_frame.child.right.getPositionX()=<gshare.utils.Swallower object at 0x0000025A17417C50>
robot[anFL9UsxNr+4vr8u].panel_frame.child.right.getPositionY()=<gshare.utils.Swallower object at 0x0000025A17417C50>
robot[anFL9UsxNr+4vr8u].panel_frame.child.right.getAnchorPoint()=<gshare.utils.Swallower object at 0x0000025A17417C50>
robot[anFL9UsxNr+4vr8u].panel_frame.child.right.GetWorldPosition()=<gshare.utils.Swallower object at 0x0000025A17417C50>
robot[anFL9UsxNr+4vr8u].panel_frame.child.right.getScale()=<gshare.utils.Swallower object at 0x0000025A17417C50>
robot[anFL9UsxNr+4vr8u].panel_frame.child.right.getScaleX()=<gshare.utils.Swallower object at 0x0000025A17417C50>
robot[anFL9UsxNr+4vr8u].panel_frame.child.right.getScaleY()=<gshare.utils.Swallower object at 0x0000025A17417C50>
robot[anFL9UsxNr+4vr8u].panel_frame.child.right.IsAncestorsVisible()=False
robot[anFL9UsxNr+4vr8u].panel_frame.child.right.isVisible()=<gshare.utils.Swallower object at 0x0000025A17417C50>
robot[anFL9UsxNr+4vr8u].panel_frame.child.right.getChildrenCount()=<gshare.utils.Swallower object at 0x0000025A17417C50>
robot[anFL9UsxNr+4vr8u].panel_frame.child.right.interesting=['AddChild', 'CheckPosInView', 'EnablePressScale', 'GetHeight', 'GetRealContentSize', 'GetWidth', 'GetWorldPosition', 'GetWorldPositionLeftBottom', 'GetWorldPositionPercent', 'IsAncestorsVisible', 'IsWorldPosInNodeBound', 'SCRATCH_CARD_IMAGE_NAME', 'SCRATCH_CARD_TOUCH_NAME', 'SetChildrenClippingEnabled', 'SetChildrenClippingType', 'SetHeight', 'SetPosition', 'SetPositionX', 'SetPositionY', 'SetWidth', 'SetWidthHeight', 'SetWorldPosition', 'SetWorldPositionPercent', '_pos_began', 'addChild', 'child', 'childex', 'getContentSize', 'rchild', 'rchildex', 'scale', 'setContentSize', 'setZoomChildren', 'visible', 'zoomChildren']
robot[anFL9UsxNr+4vr8u].panel_frame.child('top') -> <gclient.framework.ui.widgets.ui_node.UINode object(Swallower) at 0x25A032EBE00> type=<class 'gclient.framework.ui.widgets.ui_node.UINode'>
robot[anFL9UsxNr+4vr8u].panel_frame.child.top: <gclient.framework.ui.widgets.ui_node.UINode object(Swallower) at 0x25A032EBE00> type=<class 'gclient.framework.ui.widgets.ui_node.UINode'>
robot[anFL9UsxNr+4vr8u].panel_frame.child.top.visible=<gshare.utils.Swallower object at 0x00000259D7DA7390>
robot[anFL9UsxNr+4vr8u].panel_frame.child.top.opacity=<gshare.utils.Swallower object at 0x00000259D7DA7390>
robot[anFL9UsxNr+4vr8u].panel_frame.child.top.scale=<gshare.utils.Swallower object at 0x00000259D7DA7390>
robot[anFL9UsxNr+4vr8u].panel_frame.child.top.scale_x=<gshare.utils.Swallower object at 0x00000259D7DA7390>
robot[anFL9UsxNr+4vr8u].panel_frame.child.top.scale_y=<gshare.utils.Swallower object at 0x00000259D7DA7390>
robot[anFL9UsxNr+4vr8u].panel_frame.child.top.x=<gshare.utils.Swallower object at 0x00000259D7DA7390>
robot[anFL9UsxNr+4vr8u].panel_frame.child.top.y=<gshare.utils.Swallower object at 0x00000259D7DA7390>
robot[anFL9UsxNr+4vr8u].panel_frame.child.top.width=<gshare.utils.Swallower object at 0x00000259D7DA7390>
robot[anFL9UsxNr+4vr8u].panel_frame.child.top.height=<gshare.utils.Swallower object at 0x00000259D7DA7390>
robot[anFL9UsxNr+4vr8u].panel_frame.child.top.widget=<gshare.utils.Swallower object at 0x00000259D7DA7390>
robot[anFL9UsxNr+4vr8u].panel_frame.child.top.getName()=<gshare.utils.Swallower object at 0x00000259D7DA7390>
robot[anFL9UsxNr+4vr8u].panel_frame.child.top.GetName()=<gshare.utils.Swallower object at 0x00000259D7DA7390>
robot[anFL9UsxNr+4vr8u].panel_frame.child.top.GetWidth()=<gshare.utils.Swallower object at 0x00000259D7DA7390>
robot[anFL9UsxNr+4vr8u].panel_frame.child.top.GetHeight()=<gshare.utils.Swallower object at 0x00000259D7DA7390>
robot[anFL9UsxNr+4vr8u].panel_frame.child.top.getContentSize()=<gshare.utils.Swallower object at 0x00000259D7DA7390>
robot[anFL9UsxNr+4vr8u].panel_frame.child.top.GetRealContentSize()=Size(1.000000, 1.000000)
robot[anFL9UsxNr+4vr8u].panel_frame.child.top.getPosition()=<gshare.utils.Swallower object at 0x00000259D7DA7390>
robot[anFL9UsxNr+4vr8u].panel_frame.child.top.GetPosition()=<gshare.utils.Swallower object at 0x00000259D7DA7390>
robot[anFL9UsxNr+4vr8u].panel_frame.child.top.getPositionX()=<gshare.utils.Swallower object at 0x00000259D7DA7390>
robot[anFL9UsxNr+4vr8u].panel_frame.child.top.getPositionY()=<gshare.utils.Swallower object at 0x00000259D7DA7390>
robot[anFL9UsxNr+4vr8u].panel_frame.child.top.getAnchorPoint()=<gshare.utils.Swallower object at 0x00000259D7DA7390>
robot[anFL9UsxNr+4vr8u].panel_frame.child.top.GetWorldPosition()=<gshare.utils.Swallower object at 0x00000259D7DA7390>
robot[anFL9UsxNr+4vr8u].panel_frame.child.top.getScale()=<gshare.utils.Swallower object at 0x00000259D7DA7390>
robot[anFL9UsxNr+4vr8u].panel_frame.child.top.getScaleX()=<gshare.utils.Swallower object at 0x00000259D7DA7390>
robot[anFL9UsxNr+4vr8u].panel_frame.child.top.getScaleY()=<gshare.utils.Swallower object at 0x00000259D7DA7390>
robot[anFL9UsxNr+4vr8u].panel_frame.child.top.IsAncestorsVisible()=False
robot[anFL9UsxNr+4vr8u].panel_frame.child.top.isVisible()=<gshare.utils.Swallower object at 0x00000259D7DA7390>
robot[anFL9UsxNr+4vr8u].panel_frame.child.top.getChildrenCount()=<gshare.utils.Swallower object at 0x00000259D7DA7390>
robot[anFL9UsxNr+4vr8u].panel_frame.child.top.interesting=['AddChild', 'CheckPosInView', 'EnablePressScale', 'GetHeight', 'GetRealContentSize', 'GetWidth', 'GetWorldPosition', 'GetWorldPositionLeftBottom', 'GetWorldPositionPercent', 'IsAncestorsVisible', 'IsWorldPosInNodeBound', 'SCRATCH_CARD_IMAGE_NAME', 'SCRATCH_CARD_TOUCH_NAME', 'SetChildrenClippingEnabled', 'SetChildrenClippingType', 'SetHeight', 'SetPosition', 'SetPositionX', 'SetPositionY', 'SetWidth', 'SetWidthHeight', 'SetWorldPosition', 'SetWorldPositionPercent', '_pos_began', 'addChild', 'child', 'childex', 'getContentSize', 'rchild', 'rchildex', 'scale', 'setContentSize', 'setZoomChildren', 'visible', 'zoomChildren']
robot[anFL9UsxNr+4vr8u].panel_frame.child('bottom') -> <gclient.framework.ui.widgets.ui_node.UINode object(Swallower) at 0x25A032B8D70> type=<class 'gclient.framework.ui.widgets.ui_node.UINode'>
robot[anFL9UsxNr+4vr8u].panel_frame.child.bottom: <gclient.framework.ui.widgets.ui_node.UINode object(Swallower) at 0x25A032B8D70> type=<class 'gclient.framework.ui.widgets.ui_node.UINode'>
robot[anFL9UsxNr+4vr8u].panel_frame.child.bottom.visible=<gshare.utils.Swallower object at 0x0000025A17417C50>
robot[anFL9UsxNr+4vr8u].panel_frame.child.bottom.opacity=<gshare.utils.Swallower object at 0x0000025A17417C50>
robot[anFL9UsxNr+4vr8u].panel_frame.child.bottom.scale=<gshare.utils.Swallower object at 0x0000025A17417C50>
robot[anFL9UsxNr+4vr8u].panel_frame.child.bottom.scale_x=<gshare.utils.Swallower object at 0x0000025A17417C50>
robot[anFL9UsxNr+4vr8u].panel_frame.child.bottom.scale_y=<gshare.utils.Swallower object at 0x0000025A17417C50>
robot[anFL9UsxNr+4vr8u].panel_frame.child.bottom.x=<gshare.utils.Swallower object at 0x0000025A17417C50>
robot[anFL9UsxNr+4vr8u].panel_frame.child.bottom.y=<gshare.utils.Swallower object at 0x0000025A17417C50>
robot[anFL9UsxNr+4vr8u].panel_frame.child.bottom.width=<gshare.utils.Swallower object at 0x0000025A17417C50>
robot[anFL9UsxNr+4vr8u].panel_frame.child.bottom.height=<gshare.utils.Swallower object at 0x0000025A17417C50>
robot[anFL9UsxNr+4vr8u].panel_frame.child.bottom.widget=<gshare.utils.Swallower object at 0x0000025A17417C50>
robot[anFL9UsxNr+4vr8u].panel_frame.child.bottom.getName()=<gshare.utils.Swallower object at 0x0000025A17417C50>
robot[anFL9UsxNr+4vr8u].panel_frame.child.bottom.GetName()=<gshare.utils.Swallower object at 0x0000025A17417C50>
robot[anFL9UsxNr+4vr8u].panel_frame.child.bottom.GetWidth()=<gshare.utils.Swallower object at 0x0000025A17417C50>
robot[anFL9UsxNr+4vr8u].panel_frame.child.bottom.GetHeight()=<gshare.utils.Swallower object at 0x0000025A17417C50>
robot[anFL9UsxNr+4vr8u].panel_frame.child.bottom.getContentSize()=<gshare.utils.Swallower object at 0x0000025A17417C50>
robot[anFL9UsxNr+4vr8u].panel_frame.child.bottom.GetRealContentSize()=Size(1.000000, 1.000000)
robot[anFL9UsxNr+4vr8u].panel_frame.child.bottom.getPosition()=<gshare.utils.Swallower object at 0x0000025A17417C50>
robot[anFL9UsxNr+4vr8u].panel_frame.child.bottom.GetPosition()=<gshare.utils.Swallower object at 0x0000025A17417C50>
robot[anFL9UsxNr+4vr8u].panel_frame.child.bottom.getPositionX()=<gshare.utils.Swallower object at 0x0000025A17417C50>
robot[anFL9UsxNr+4vr8u].panel_frame.child.bottom.getPositionY()=<gshare.utils.Swallower object at 0x0000025A17417C50>
robot[anFL9UsxNr+4vr8u].panel_frame.child.bottom.getAnchorPoint()=<gshare.utils.Swallower object at 0x0000025A17417C50>
robot[anFL9UsxNr+4vr8u].panel_frame.child.bottom.GetWorldPosition()=<gshare.utils.Swallower object at 0x0000025A17417C50>
robot[anFL9UsxNr+4vr8u].panel_frame.child.bottom.getScale()=<gshare.utils.Swallower object at 0x0000025A17417C50>
robot[anFL9UsxNr+4vr8u].panel_frame.child.bottom.getScaleX()=<gshare.utils.Swallower object at 0x0000025A17417C50>
robot[anFL9UsxNr+4vr8u].panel_frame.child.bottom.getScaleY()=<gshare.utils.Swallower object at 0x0000025A17417C50>
robot[anFL9UsxNr+4vr8u].panel_frame.child.bottom.IsAncestorsVisible()=False
robot[anFL9UsxNr+4vr8u].panel_frame.child.bottom.isVisible()=<gshare.utils.Swallower object at 0x0000025A17417C50>
robot[anFL9UsxNr+4vr8u].panel_frame.child.bottom.getChildrenCount()=<gshare.utils.Swallower object at 0x0000025A17417C50>
robot[anFL9UsxNr+4vr8u].panel_frame.child.bottom.interesting=['AddChild', 'CheckPosInView', 'EnablePressScale', 'GetHeight', 'GetRealContentSize', 'GetWidth', 'GetWorldPosition', 'GetWorldPositionLeftBottom', 'GetWorldPositionPercent', 'IsAncestorsVisible', 'IsWorldPosInNodeBound', 'SCRATCH_CARD_IMAGE_NAME', 'SCRATCH_CARD_TOUCH_NAME', 'SetChildrenClippingEnabled', 'SetChildrenClippingType', 'SetHeight', 'SetPosition', 'SetPositionX', 'SetPositionY', 'SetWidth', 'SetWidthHeight', 'SetWorldPosition', 'SetWorldPositionPercent', '_pos_began', 'addChild', 'child', 'childex', 'getContentSize', 'rchild', 'rchildex', 'scale', 'setContentSize', 'setZoomChildren', 'visible', 'zoomChildren']
robot[anFL9UsxNr+4vr8u].panel_frame.child('line_left') -> <gclient.framework.ui.widgets.ui_node.UINode object(Swallower) at 0x25A032EBE00> type=<class 'gclient.framework.ui.widgets.ui_node.UINode'>
robot[anFL9UsxNr+4vr8u].panel_frame.child.line_left: <gclient.framework.ui.widgets.ui_node.UINode object(Swallower) at 0x25A032EBE00> type=<class 'gclient.framework.ui.widgets.ui_node.UINode'>
robot[anFL9UsxNr+4vr8u].panel_frame.child.line_left.visible=<gshare.utils.Swallower object at 0x00000259D7DA7390>
robot[anFL9UsxNr+4vr8u].panel_frame.child.line_left.opacity=<gshare.utils.Swallower object at 0x00000259D7DA7390>
robot[anFL9UsxNr+4vr8u].panel_frame.child.line_left.scale=<gshare.utils.Swallower object at 0x00000259D7DA7390>
robot[anFL9UsxNr+4vr8u].panel_frame.child.line_left.scale_x=<gshare.utils.Swallower object at 0x00000259D7DA7390>
robot[anFL9UsxNr+4vr8u].panel_frame.child.line_left.scale_y=<gshare.utils.Swallower object at 0x00000259D7DA7390>
robot[anFL9UsxNr+4vr8u].panel_frame.child.line_left.x=<gshare.utils.Swallower object at 0x00000259D7DA7390>
robot[anFL9UsxNr+4vr8u].panel_frame.child.line_left.y=<gshare.utils.Swallower object at 0x00000259D7DA7390>
robot[anFL9UsxNr+4vr8u].panel_frame.child.line_left.width=<gshare.utils.Swallower object at 0x00000259D7DA7390>
robot[anFL9UsxNr+4vr8u].panel_frame.child.line_left.height=<gshare.utils.Swallower object at 0x00000259D7DA7390>
robot[anFL9UsxNr+4vr8u].panel_frame.child.line_left.widget=<gshare.utils.Swallower object at 0x00000259D7DA7390>
robot[anFL9UsxNr+4vr8u].panel_frame.child.line_left.getName()=<gshare.utils.Swallower object at 0x00000259D7DA7390>
robot[anFL9UsxNr+4vr8u].panel_frame.child.line_left.GetName()=<gshare.utils.Swallower object at 0x00000259D7DA7390>
robot[anFL9UsxNr+4vr8u].panel_frame.child.line_left.GetWidth()=<gshare.utils.Swallower object at 0x00000259D7DA7390>
robot[anFL9UsxNr+4vr8u].panel_frame.child.line_left.GetHeight()=<gshare.utils.Swallower object at 0x00000259D7DA7390>
robot[anFL9UsxNr+4vr8u].panel_frame.child.line_left.getContentSize()=<gshare.utils.Swallower object at 0x00000259D7DA7390>
robot[anFL9UsxNr+4vr8u].panel_frame.child.line_left.GetRealContentSize()=Size(1.000000, 1.000000)
robot[anFL9UsxNr+4vr8u].panel_frame.child.line_left.getPosition()=<gshare.utils.Swallower object at 0x00000259D7DA7390>
robot[anFL9UsxNr+4vr8u].panel_frame.child.line_left.GetPosition()=<gshare.utils.Swallower object at 0x00000259D7DA7390>
robot[anFL9UsxNr+4vr8u].panel_frame.child.line_left.getPositionX()=<gshare.utils.Swallower object at 0x00000259D7DA7390>
robot[anFL9UsxNr+4vr8u].panel_frame.child.line_left.getPositionY()=<gshare.utils.Swallower object at 0x00000259D7DA7390>
robot[anFL9UsxNr+4vr8u].panel_frame.child.line_left.getAnchorPoint()=<gshare.utils.Swallower object at 0x00000259D7DA7390>
robot[anFL9UsxNr+4vr8u].panel_frame.child.line_left.GetWorldPosition()=<gshare.utils.Swallower object at 0x00000259D7DA7390>
robot[anFL9UsxNr+4vr8u].panel_frame.child.line_left.getScale()=<gshare.utils.Swallower object at 0x00000259D7DA7390>
robot[anFL9UsxNr+4vr8u].panel_frame.child.line_left.getScaleX()=<gshare.utils.Swallower object at 0x00000259D7DA7390>
robot[anFL9UsxNr+4vr8u].panel_frame.child.line_left.getScaleY()=<gshare.utils.Swallower object at 0x00000259D7DA7390>
robot[anFL9UsxNr+4vr8u].panel_frame.child.line_left.IsAncestorsVisible()=False
robot[anFL9UsxNr+4vr8u].panel_frame.child.line_left.isVisible()=<gshare.utils.Swallower object at 0x00000259D7DA7390>
robot[anFL9UsxNr+4vr8u].panel_frame.child.line_left.getChildrenCount()=<gshare.utils.Swallower object at 0x00000259D7DA7390>
robot[anFL9UsxNr+4vr8u].panel_frame.child.line_left.interesting=['AddChild', 'CheckPosInView', 'EnablePressScale', 'GetHeight', 'GetRealContentSize', 'GetWidth', 'GetWorldPosition', 'GetWorldPositionLeftBottom', 'GetWorldPositionPercent', 'IsAncestorsVisible', 'IsWorldPosInNodeBound', 'SCRATCH_CARD_IMAGE_NAME', 'SCRATCH_CARD_TOUCH_NAME', 'SetChildrenClippingEnabled', 'SetChildrenClippingType', 'SetHeight', 'SetPosition', 'SetPositionX', 'SetPositionY', 'SetWidth', 'SetWidthHeight', 'SetWorldPosition', 'SetWorldPositionPercent', '_pos_began', 'addChild', 'child', 'childex', 'getContentSize', 'rchild', 'rchildex', 'scale', 'setContentSize', 'setZoomChildren', 'visible', 'zoomChildren']
robot[anFL9UsxNr+4vr8u].panel_frame.child('line_right') -> <gclient.framework.ui.widgets.ui_node.UINode object(Swallower) at 0x25A032B8D70> type=<class 'gclient.framework.ui.widgets.ui_node.UINode'>
robot[anFL9UsxNr+4vr8u].panel_frame.child.line_right: <gclient.framework.ui.widgets.ui_node.UINode object(Swallower) at 0x25A032B8D70> type=<class 'gclient.framework.ui.widgets.ui_node.UINode'>
robot[anFL9UsxNr+4vr8u].panel_frame.child.line_right.visible=<gshare.utils.Swallower object at 0x0000025A17417C50>
robot[anFL9UsxNr+4vr8u].panel_frame.child.line_right.opacity=<gshare.utils.Swallower object at 0x0000025A17417C50>
robot[anFL9UsxNr+4vr8u].panel_frame.child.line_right.scale=<gshare.utils.Swallower object at 0x0000025A17417C50>
robot[anFL9UsxNr+4vr8u].panel_frame.child.line_right.scale_x=<gshare.utils.Swallower object at 0x0000025A17417C50>
robot[anFL9UsxNr+4vr8u].panel_frame.child.line_right.scale_y=<gshare.utils.Swallower object at 0x0000025A17417C50>
robot[anFL9UsxNr+4vr8u].panel_frame.child.line_right.x=<gshare.utils.Swallower object at 0x0000025A17417C50>
robot[anFL9UsxNr+4vr8u].panel_frame.child.line_right.y=<gshare.utils.Swallower object at 0x0000025A17417C50>
robot[anFL9UsxNr+4vr8u].panel_frame.child.line_right.width=<gshare.utils.Swallower object at 0x0000025A17417C50>
robot[anFL9UsxNr+4vr8u].panel_frame.child.line_right.height=<gshare.utils.Swallower object at 0x0000025A17417C50>
robot[anFL9UsxNr+4vr8u].panel_frame.child.line_right.widget=<gshare.utils.Swallower object at 0x0000025A17417C50>
robot[anFL9UsxNr+4vr8u].panel_frame.child.line_right.getName()=<gshare.utils.Swallower object at 0x0000025A17417C50>
robot[anFL9UsxNr+4vr8u].panel_frame.child.line_right.GetName()=<gshare.utils.Swallower object at 0x0000025A17417C50>
robot[anFL9UsxNr+4vr8u].panel_frame.child.line_right.GetWidth()=<gshare.utils.Swallower object at 0x0000025A17417C50>
robot[anFL9UsxNr+4vr8u].panel_frame.child.line_right.GetHeight()=<gshare.utils.Swallower object at 0x0000025A17417C50>
robot[anFL9UsxNr+4vr8u].panel_frame.child.line_right.getContentSize()=<gshare.utils.Swallower object at 0x0000025A17417C50>
robot[anFL9UsxNr+4vr8u].panel_frame.child.line_right.GetRealContentSize()=Size(1.000000, 1.000000)
robot[anFL9UsxNr+4vr8u].panel_frame.child.line_right.getPosition()=<gshare.utils.Swallower object at 0x0000025A17417C50>
robot[anFL9UsxNr+4vr8u].panel_frame.child.line_right.GetPosition()=<gshare.utils.Swallower object at 0x0000025A17417C50>
robot[anFL9UsxNr+4vr8u].panel_frame.child.line_right.getPositionX()=<gshare.utils.Swallower object at 0x0000025A17417C50>
robot[anFL9UsxNr+4vr8u].panel_frame.child.line_right.getPositionY()=<gshare.utils.Swallower object at 0x0000025A17417C50>
robot[anFL9UsxNr+4vr8u].panel_frame.child.line_right.getAnchorPoint()=<gshare.utils.Swallower object at 0x0000025A17417C50>
robot[anFL9UsxNr+4vr8u].panel_frame.child.line_right.GetWorldPosition()=<gshare.utils.Swallower object at 0x0000025A17417C50>
robot[anFL9UsxNr+4vr8u].panel_frame.child.line_right.getScale()=<gshare.utils.Swallower object at 0x0000025A17417C50>
robot[anFL9UsxNr+4vr8u].panel_frame.child.line_right.getScaleX()=<gshare.utils.Swallower object at 0x0000025A17417C50>
robot[anFL9UsxNr+4vr8u].panel_frame.child.line_right.getScaleY()=<gshare.utils.Swallower object at 0x0000025A17417C50>
robot[anFL9UsxNr+4vr8u].panel_frame.child.line_right.IsAncestorsVisible()=False
robot[anFL9UsxNr+4vr8u].panel_frame.child.line_right.isVisible()=<gshare.utils.Swallower object at 0x0000025A17417C50>
robot[anFL9UsxNr+4vr8u].panel_frame.child.line_right.getChildrenCount()=<gshare.utils.Swallower object at 0x0000025A17417C50>
robot[anFL9UsxNr+4vr8u].panel_frame.child.line_right.interesting=['AddChild', 'CheckPosInView', 'EnablePressScale', 'GetHeight', 'GetRealContentSize', 'GetWidth', 'GetWorldPosition', 'GetWorldPositionLeftBottom', 'GetWorldPositionPercent', 'IsAncestorsVisible', 'IsWorldPosInNodeBound', 'SCRATCH_CARD_IMAGE_NAME', 'SCRATCH_CARD_TOUCH_NAME', 'SetChildrenClippingEnabled', 'SetChildrenClippingType', 'SetHeight', 'SetPosition', 'SetPositionX', 'SetPositionY', 'SetWidth', 'SetWidthHeight', 'SetWorldPosition', 'SetWorldPositionPercent', '_pos_began', 'addChild', 'child', 'childex', 'getContentSize', 'rchild', 'rchildex', 'scale', 'setContentSize', 'setZoomChildren', 'visible', 'zoomChildren']
robot[anFL9UsxNr+4vr8u].panel_frame.child('line_top') -> <gclient.framework.ui.widgets.ui_node.UINode object(Swallower) at 0x25A032EBE00> type=<class 'gclient.framework.ui.widgets.ui_node.UINode'>
robot[anFL9UsxNr+4vr8u].panel_frame.child.line_top: <gclient.framework.ui.widgets.ui_node.UINode object(Swallower) at 0x25A032EBE00> type=<class 'gclient.framework.ui.widgets.ui_node.UINode'>
robot[anFL9UsxNr+4vr8u].panel_frame.child.line_top.visible=<gshare.utils.Swallower object at 0x00000259D7DA7390>
robot[anFL9UsxNr+4vr8u].panel_frame.child.line_top.opacity=<gshare.utils.Swallower object at 0x00000259D7DA7390>
robot[anFL9UsxNr+4vr8u].panel_frame.child.line_top.scale=<gshare.utils.Swallower object at 0x00000259D7DA7390>
robot[anFL9UsxNr+4vr8u].panel_frame.child.line_top.scale_x=<gshare.utils.Swallower object at 0x00000259D7DA7390>
robot[anFL9UsxNr+4vr8u].panel_frame.child.line_top.scale_y=<gshare.utils.Swallower object at 0x00000259D7DA7390>
robot[anFL9UsxNr+4vr8u].panel_frame.child.line_top.x=<gshare.utils.Swallower object at 0x00000259D7DA7390>
robot[anFL9UsxNr+4vr8u].panel_frame.child.line_top.y=<gshare.utils.Swallower object at 0x00000259D7DA7390>
robot[anFL9UsxNr+4vr8u].panel_frame.child.line_top.width=<gshare.utils.Swallower object at 0x00000259D7DA7390>
robot[anFL9UsxNr+4vr8u].panel_frame.child.line_top.height=<gshare.utils.Swallower object at 0x00000259D7DA7390>
robot[anFL9UsxNr+4vr8u].panel_frame.child.line_top.widget=<gshare.utils.Swallower object at 0x00000259D7DA7390>
robot[anFL9UsxNr+4vr8u].panel_frame.child.line_top.getName()=<gshare.utils.Swallower object at 0x00000259D7DA7390>
robot[anFL9UsxNr+4vr8u].panel_frame.child.line_top.GetName()=<gshare.utils.Swallower object at 0x00000259D7DA7390>
robot[anFL9UsxNr+4vr8u].panel_frame.child.line_top.GetWidth()=<gshare.utils.Swallower object at 0x00000259D7DA7390>
robot[anFL9UsxNr+4vr8u].panel_frame.child.line_top.GetHeight()=<gshare.utils.Swallower object at 0x00000259D7DA7390>
robot[anFL9UsxNr+4vr8u].panel_frame.child.line_top.getContentSize()=<gshare.utils.Swallower object at 0x00000259D7DA7390>
robot[anFL9UsxNr+4vr8u].panel_frame.child.line_top.GetRealContentSize()=Size(1.000000, 1.000000)
robot[anFL9UsxNr+4vr8u].panel_frame.child.line_top.getPosition()=<gshare.utils.Swallower object at 0x00000259D7DA7390>
robot[anFL9UsxNr+4vr8u].panel_frame.child.line_top.GetPosition()=<gshare.utils.Swallower object at 0x00000259D7DA7390>
robot[anFL9UsxNr+4vr8u].panel_frame.child.line_top.getPositionX()=<gshare.utils.Swallower object at 0x00000259D7DA7390>
robot[anFL9UsxNr+4vr8u].panel_frame.child.line_top.getPositionY()=<gshare.utils.Swallower object at 0x00000259D7DA7390>
robot[anFL9UsxNr+4vr8u].panel_frame.child.line_top.getAnchorPoint()=<gshare.utils.Swallower object at 0x00000259D7DA7390>
robot[anFL9UsxNr+4vr8u].panel_frame.child.line_top.GetWorldPosition()=<gshare.utils.Swallower object at 0x00000259D7DA7390>
robot[anFL9UsxNr+4vr8u].panel_frame.child.line_top.getScale()=<gshare.utils.Swallower object at 0x00000259D7DA7390>
robot[anFL9UsxNr+4vr8u].panel_frame.child.line_top.getScaleX()=<gshare.utils.Swallower object at 0x00000259D7DA7390>
robot[anFL9UsxNr+4vr8u].panel_frame.child.line_top.getScaleY()=<gshare.utils.Swallower object at 0x00000259D7DA7390>
robot[anFL9UsxNr+4vr8u].panel_frame.child.line_top.IsAncestorsVisible()=False
robot[anFL9UsxNr+4vr8u].panel_frame.child.line_top.isVisible()=<gshare.utils.Swallower object at 0x00000259D7DA7390>
robot[anFL9UsxNr+4vr8u].panel_frame.child.line_top.getChildrenCount()=<gshare.utils.Swallower object at 0x00000259D7DA7390>
robot[anFL9UsxNr+4vr8u].panel_frame.child.line_top.interesting=['AddChild', 'CheckPosInView', 'EnablePressScale', 'GetHeight', 'GetRealContentSize', 'GetWidth', 'GetWorldPosition', 'GetWorldPositionLeftBottom', 'GetWorldPositionPercent', 'IsAncestorsVisible', 'IsWorldPosInNodeBound', 'SCRATCH_CARD_IMAGE_NAME', 'SCRATCH_CARD_TOUCH_NAME', 'SetChildrenClippingEnabled', 'SetChildrenClippingType', 'SetHeight', 'SetPosition', 'SetPositionX', 'SetPositionY', 'SetWidth', 'SetWidthHeight', 'SetWorldPosition', 'SetWorldPositionPercent', '_pos_began', 'addChild', 'child', 'childex', 'getContentSize', 'rchild', 'rchildex', 'scale', 'setContentSize', 'setZoomChildren', 'visible', 'zoomChildren']
robot[anFL9UsxNr+4vr8u].panel_frame.child('line_bottom') -> <gclient.framework.ui.widgets.ui_node.UINode object(Swallower) at 0x25A032B8D70> type=<class 'gclient.framework.ui.widgets.ui_node.UINode'>
robot[anFL9UsxNr+4vr8u].panel_frame.child.line_bottom: <gclient.framework.ui.widgets.ui_node.UINode object(Swallower) at 0x25A032B8D70> type=<class 'gclient.framework.ui.widgets.ui_node.UINode'>
robot[anFL9UsxNr+4vr8u].panel_frame.child.line_bottom.visible=<gshare.utils.Swallower object at 0x0000025A17417C50>
robot[anFL9UsxNr+4vr8u].panel_frame.child.line_bottom.opacity=<gshare.utils.Swallower object at 0x0000025A17417C50>
robot[anFL9UsxNr+4vr8u].panel_frame.child.line_bottom.scale=<gshare.utils.Swallower object at 0x0000025A17417C50>
robot[anFL9UsxNr+4vr8u].panel_frame.child.line_bottom.scale_x=<gshare.utils.Swallower object at 0x0000025A17417C50>
robot[anFL9UsxNr+4vr8u].panel_frame.child.line_bottom.scale_y=<gshare.utils.Swallower object at 0x0000025A17417C50>
robot[anFL9UsxNr+4vr8u].panel_frame.child.line_bottom.x=<gshare.utils.Swallower object at 0x0000025A17417C50>
robot[anFL9UsxNr+4vr8u].panel_frame.child.line_bottom.y=<gshare.utils.Swallower object at 0x0000025A17417C50>
robot[anFL9UsxNr+4vr8u].panel_frame.child.line_bottom.width=<gshare.utils.Swallower object at 0x0000025A17417C50>
robot[anFL9UsxNr+4vr8u].panel_frame.child.line_bottom.height=<gshare.utils.Swallower object at 0x0000025A17417C50>
robot[anFL9UsxNr+4vr8u].panel_frame.child.line_bottom.widget=<gshare.utils.Swallower object at 0x0000025A17417C50>
robot[anFL9UsxNr+4vr8u].panel_frame.child.line_bottom.getName()=<gshare.utils.Swallower object at 0x0000025A17417C50>
robot[anFL9UsxNr+4vr8u].panel_frame.child.line_bottom.GetName()=<gshare.utils.Swallower object at 0x0000025A17417C50>
robot[anFL9UsxNr+4vr8u].panel_frame.child.line_bottom.GetWidth()=<gshare.utils.Swallower object at 0x0000025A17417C50>
robot[anFL9UsxNr+4vr8u].panel_frame.child.line_bottom.GetHeight()=<gshare.utils.Swallower object at 0x0000025A17417C50>
robot[anFL9UsxNr+4vr8u].panel_frame.child.line_bottom.getContentSize()=<gshare.utils.Swallower object at 0x0000025A17417C50>
robot[anFL9UsxNr+4vr8u].panel_frame.child.line_bottom.GetRealContentSize()=Size(1.000000, 1.000000)
robot[anFL9UsxNr+4vr8u].panel_frame.child.line_bottom.getPosition()=<gshare.utils.Swallower object at 0x0000025A17417C50>
robot[anFL9UsxNr+4vr8u].panel_frame.child.line_bottom.GetPosition()=<gshare.utils.Swallower object at 0x0000025A17417C50>
robot[anFL9UsxNr+4vr8u].panel_frame.child.line_bottom.getPositionX()=<gshare.utils.Swallower object at 0x0000025A17417C50>
robot[anFL9UsxNr+4vr8u].panel_frame.child.line_bottom.getPositionY()=<gshare.utils.Swallower object at 0x0000025A17417C50>
robot[anFL9UsxNr+4vr8u].panel_frame.child.line_bottom.getAnchorPoint()=<gshare.utils.Swallower object at 0x0000025A17417C50>
robot[anFL9UsxNr+4vr8u].panel_frame.child.line_bottom.GetWorldPosition()=<gshare.utils.Swallower object at 0x0000025A17417C50>
robot[anFL9UsxNr+4vr8u].panel_frame.child.line_bottom.getScale()=<gshare.utils.Swallower object at 0x0000025A17417C50>
robot[anFL9UsxNr+4vr8u].panel_frame.child.line_bottom.getScaleX()=<gshare.utils.Swallower object at 0x0000025A17417C50>
robot[anFL9UsxNr+4vr8u].panel_frame.child.line_bottom.getScaleY()=<gshare.utils.Swallower object at 0x0000025A17417C50>
robot[anFL9UsxNr+4vr8u].panel_frame.child.line_bottom.IsAncestorsVisible()=False
robot[anFL9UsxNr+4vr8u].panel_frame.child.line_bottom.isVisible()=<gshare.utils.Swallower object at 0x0000025A17417C50>
robot[anFL9UsxNr+4vr8u].panel_frame.child.line_bottom.getChildrenCount()=<gshare.utils.Swallower object at 0x0000025A17417C50>
robot[anFL9UsxNr+4vr8u].panel_frame.child.line_bottom.interesting=['AddChild', 'CheckPosInView', 'EnablePressScale', 'GetHeight', 'GetRealContentSize', 'GetWidth', 'GetWorldPosition', 'GetWorldPositionLeftBottom', 'GetWorldPositionPercent', 'IsAncestorsVisible', 'IsWorldPosInNodeBound', 'SCRATCH_CARD_IMAGE_NAME', 'SCRATCH_CARD_TOUCH_NAME', 'SetChildrenClippingEnabled', 'SetChildrenClippingType', 'SetHeight', 'SetPosition', 'SetPositionX', 'SetPositionY', 'SetWidth', 'SetWidthHeight', 'SetWorldPosition', 'SetWorldPositionPercent', '_pos_began', 'addChild', 'child', 'childex', 'getContentSize', 'rchild', 'rchildex', 'scale', 'setContentSize', 'setZoomChildren', 'visible', 'zoomChildren']
robot[anFL9UsxNr+4vr8u].panel_frame.child('img_left') -> <gclient.framework.ui.widgets.ui_node.UINode object(Swallower) at 0x25A032EBE00> type=<class 'gclient.framework.ui.widgets.ui_node.UINode'>
robot[anFL9UsxNr+4vr8u].panel_frame.child.img_left: <gclient.framework.ui.widgets.ui_node.UINode object(Swallower) at 0x25A032EBE00> type=<class 'gclient.framework.ui.widgets.ui_node.UINode'>
robot[anFL9UsxNr+4vr8u].panel_frame.child.img_left.visible=<gshare.utils.Swallower object at 0x00000259D7DA7390>
robot[anFL9UsxNr+4vr8u].panel_frame.child.img_left.opacity=<gshare.utils.Swallower object at 0x00000259D7DA7390>
robot[anFL9UsxNr+4vr8u].panel_frame.child.img_left.scale=<gshare.utils.Swallower object at 0x00000259D7DA7390>
robot[anFL9UsxNr+4vr8u].panel_frame.child.img_left.scale_x=<gshare.utils.Swallower object at 0x00000259D7DA7390>
robot[anFL9UsxNr+4vr8u].panel_frame.child.img_left.scale_y=<gshare.utils.Swallower object at 0x00000259D7DA7390>
robot[anFL9UsxNr+4vr8u].panel_frame.child.img_left.x=<gshare.utils.Swallower object at 0x00000259D7DA7390>
robot[anFL9UsxNr+4vr8u].panel_frame.child.img_left.y=<gshare.utils.Swallower object at 0x00000259D7DA7390>
robot[anFL9UsxNr+4vr8u].panel_frame.child.img_left.width=<gshare.utils.Swallower object at 0x00000259D7DA7390>
robot[anFL9UsxNr+4vr8u].panel_frame.child.img_left.height=<gshare.utils.Swallower object at 0x00000259D7DA7390>
robot[anFL9UsxNr+4vr8u].panel_frame.child.img_left.widget=<gshare.utils.Swallower object at 0x00000259D7DA7390>
robot[anFL9UsxNr+4vr8u].panel_frame.child.img_left.getName()=<gshare.utils.Swallower object at 0x00000259D7DA7390>
robot[anFL9UsxNr+4vr8u].panel_frame.child.img_left.GetName()=<gshare.utils.Swallower object at 0x00000259D7DA7390>
robot[anFL9UsxNr+4vr8u].panel_frame.child.img_left.GetWidth()=<gshare.utils.Swallower object at 0x00000259D7DA7390>
robot[anFL9UsxNr+4vr8u].panel_frame.child.img_left.GetHeight()=<gshare.utils.Swallower object at 0x00000259D7DA7390>
robot[anFL9UsxNr+4vr8u].panel_frame.child.img_left.getContentSize()=<gshare.utils.Swallower object at 0x00000259D7DA7390>
robot[anFL9UsxNr+4vr8u].panel_frame.child.img_left.GetRealContentSize()=Size(1.000000, 1.000000)
robot[anFL9UsxNr+4vr8u].panel_frame.child.img_left.getPosition()=<gshare.utils.Swallower object at 0x00000259D7DA7390>
robot[anFL9UsxNr+4vr8u].panel_frame.child.img_left.GetPosition()=<gshare.utils.Swallower object at 0x00000259D7DA7390>
robot[anFL9UsxNr+4vr8u].panel_frame.child.img_left.getPositionX()=<gshare.utils.Swallower object at 0x00000259D7DA7390>
robot[anFL9UsxNr+4vr8u].panel_frame.child.img_left.getPositionY()=<gshare.utils.Swallower object at 0x00000259D7DA7390>
robot[anFL9UsxNr+4vr8u].panel_frame.child.img_left.getAnchorPoint()=<gshare.utils.Swallower object at 0x00000259D7DA7390>
robot[anFL9UsxNr+4vr8u].panel_frame.child.img_left.GetWorldPosition()=<gshare.utils.Swallower object at 0x00000259D7DA7390>
robot[anFL9UsxNr+4vr8u].panel_frame.child.img_left.getScale()=<gshare.utils.Swallower object at 0x00000259D7DA7390>
robot[anFL9UsxNr+4vr8u].panel_frame.child.img_left.getScaleX()=<gshare.utils.Swallower object at 0x00000259D7DA7390>
robot[anFL9UsxNr+4vr8u].panel_frame.child.img_left.getScaleY()=<gshare.utils.Swallower object at 0x00000259D7DA7390>
robot[anFL9UsxNr+4vr8u].panel_frame.child.img_left.IsAncestorsVisible()=False
robot[anFL9UsxNr+4vr8u].panel_frame.child.img_left.isVisible()=<gshare.utils.Swallower object at 0x00000259D7DA7390>
robot[anFL9UsxNr+4vr8u].panel_frame.child.img_left.getChildrenCount()=<gshare.utils.Swallower object at 0x00000259D7DA7390>
robot[anFL9UsxNr+4vr8u].panel_frame.child.img_left.interesting=['AddChild', 'CheckPosInView', 'EnablePressScale', 'GetHeight', 'GetRealContentSize', 'GetWidth', 'GetWorldPosition', 'GetWorldPositionLeftBottom', 'GetWorldPositionPercent', 'IsAncestorsVisible', 'IsWorldPosInNodeBound', 'SCRATCH_CARD_IMAGE_NAME', 'SCRATCH_CARD_TOUCH_NAME', 'SetChildrenClippingEnabled', 'SetChildrenClippingType', 'SetHeight', 'SetPosition', 'SetPositionX', 'SetPositionY', 'SetWidth', 'SetWidthHeight', 'SetWorldPosition', 'SetWorldPositionPercent', '_pos_began', 'addChild', 'child', 'childex', 'getContentSize', 'rchild', 'rchildex', 'scale', 'setContentSize', 'setZoomChildren', 'visible', 'zoomChildren']
robot[anFL9UsxNr+4vr8u].panel_frame.child('img_right') -> <gclient.framework.ui.widgets.ui_node.UINode object(Swallower) at 0x25A032B8D70> type=<class 'gclient.framework.ui.widgets.ui_node.UINode'>
robot[anFL9UsxNr+4vr8u].panel_frame.child.img_right: <gclient.framework.ui.widgets.ui_node.UINode object(Swallower) at 0x25A032B8D70> type=<class 'gclient.framework.ui.widgets.ui_node.UINode'>
robot[anFL9UsxNr+4vr8u].panel_frame.child.img_right.visible=<gshare.utils.Swallower object at 0x0000025A17417C50>
robot[anFL9UsxNr+4vr8u].panel_frame.child.img_right.opacity=<gshare.utils.Swallower object at 0x0000025A17417C50>
robot[anFL9UsxNr+4vr8u].panel_frame.child.img_right.scale=<gshare.utils.Swallower object at 0x0000025A17417C50>
robot[anFL9UsxNr+4vr8u].panel_frame.child.img_right.scale_x=<gshare.utils.Swallower object at 0x0000025A17417C50>
robot[anFL9UsxNr+4vr8u].panel_frame.child.img_right.scale_y=<gshare.utils.Swallower object at 0x0000025A17417C50>
robot[anFL9UsxNr+4vr8u].panel_frame.child.img_right.x=<gshare.utils.Swallower object at 0x0000025A17417C50>
robot[anFL9UsxNr+4vr8u].panel_frame.child.img_right.y=<gshare.utils.Swallower object at 0x0000025A17417C50>
robot[anFL9UsxNr+4vr8u].panel_frame.child.img_right.width=<gshare.utils.Swallower object at 0x0000025A17417C50>
robot[anFL9UsxNr+4vr8u].panel_frame.child.img_right.height=<gshare.utils.Swallower object at 0x0000025A17417C50>
robot[anFL9UsxNr+4vr8u].panel_frame.child.img_right.widget=<gshare.utils.Swallower object at 0x0000025A17417C50>
robot[anFL9UsxNr+4vr8u].panel_frame.child.img_right.getName()=<gshare.utils.Swallower object at 0x0000025A17417C50>
robot[anFL9UsxNr+4vr8u].panel_frame.child.img_right.GetName()=<gshare.utils.Swallower object at 0x0000025A17417C50>
robot[anFL9UsxNr+4vr8u].panel_frame.child.img_right.GetWidth()=<gshare.utils.Swallower object at 0x0000025A17417C50>
robot[anFL9UsxNr+4vr8u].panel_frame.child.img_right.GetHeight()=<gshare.utils.Swallower object at 0x0000025A17417C50>
robot[anFL9UsxNr+4vr8u].panel_frame.child.img_right.getContentSize()=<gshare.utils.Swallower object at 0x0000025A17417C50>
robot[anFL9UsxNr+4vr8u].panel_frame.child.img_right.GetRealContentSize()=Size(1.000000, 1.000000)
robot[anFL9UsxNr+4vr8u].panel_frame.child.img_right.getPosition()=<gshare.utils.Swallower object at 0x0000025A17417C50>
robot[anFL9UsxNr+4vr8u].panel_frame.child.img_right.GetPosition()=<gshare.utils.Swallower object at 0x0000025A17417C50>
robot[anFL9UsxNr+4vr8u].panel_frame.child.img_right.getPositionX()=<gshare.utils.Swallower object at 0x0000025A17417C50>
robot[anFL9UsxNr+4vr8u].panel_frame.child.img_right.getPositionY()=<gshare.utils.Swallower object at 0x0000025A17417C50>
robot[anFL9UsxNr+4vr8u].panel_frame.child.img_right.getAnchorPoint()=<gshare.utils.Swallower object at 0x0000025A17417C50>
robot[anFL9UsxNr+4vr8u].panel_frame.child.img_right.GetWorldPosition()=<gshare.utils.Swallower object at 0x0000025A17417C50>
robot[anFL9UsxNr+4vr8u].panel_frame.child.img_right.getScale()=<gshare.utils.Swallower object at 0x0000025A17417C50>
robot[anFL9UsxNr+4vr8u].panel_frame.child.img_right.getScaleX()=<gshare.utils.Swallower object at 0x0000025A17417C50>
robot[anFL9UsxNr+4vr8u].panel_frame.child.img_right.getScaleY()=<gshare.utils.Swallower object at 0x0000025A17417C50>
robot[anFL9UsxNr+4vr8u].panel_frame.child.img_right.IsAncestorsVisible()=False
robot[anFL9UsxNr+4vr8u].panel_frame.child.img_right.isVisible()=<gshare.utils.Swallower object at 0x0000025A17417C50>
robot[anFL9UsxNr+4vr8u].panel_frame.child.img_right.getChildrenCount()=<gshare.utils.Swallower object at 0x0000025A17417C50>
robot[anFL9UsxNr+4vr8u].panel_frame.child.img_right.interesting=['AddChild', 'CheckPosInView', 'EnablePressScale', 'GetHeight', 'GetRealContentSize', 'GetWidth', 'GetWorldPosition', 'GetWorldPositionLeftBottom', 'GetWorldPositionPercent', 'IsAncestorsVisible', 'IsWorldPosInNodeBound', 'SCRATCH_CARD_IMAGE_NAME', 'SCRATCH_CARD_TOUCH_NAME', 'SetChildrenClippingEnabled', 'SetChildrenClippingType', 'SetHeight', 'SetPosition', 'SetPositionX', 'SetPositionY', 'SetWidth', 'SetWidthHeight', 'SetWorldPosition', 'SetWorldPositionPercent', '_pos_began', 'addChild', 'child', 'childex', 'getContentSize', 'rchild', 'rchildex', 'scale', 'setContentSize', 'setZoomChildren', 'visible', 'zoomChildren']
robot[anFL9UsxNr+4vr8u].panel_frame.child('img_top') -> <gclient.framework.ui.widgets.ui_node.UINode object(Swallower) at 0x25A032EBE00> type=<class 'gclient.framework.ui.widgets.ui_node.UINode'>
robot[anFL9UsxNr+4vr8u].panel_frame.child.img_top: <gclient.framework.ui.widgets.ui_node.UINode object(Swallower) at 0x25A032EBE00> type=<class 'gclient.framework.ui.widgets.ui_node.UINode'>
robot[anFL9UsxNr+4vr8u].panel_frame.child.img_top.visible=<gshare.utils.Swallower object at 0x00000259D7DA7390>
robot[anFL9UsxNr+4vr8u].panel_frame.child.img_top.opacity=<gshare.utils.Swallower object at 0x00000259D7DA7390>
robot[anFL9UsxNr+4vr8u].panel_frame.child.img_top.scale=<gshare.utils.Swallower object at 0x00000259D7DA7390>
robot[anFL9UsxNr+4vr8u].panel_frame.child.img_top.scale_x=<gshare.utils.Swallower object at 0x00000259D7DA7390>
robot[anFL9UsxNr+4vr8u].panel_frame.child.img_top.scale_y=<gshare.utils.Swallower object at 0x00000259D7DA7390>
robot[anFL9UsxNr+4vr8u].panel_frame.child.img_top.x=<gshare.utils.Swallower object at 0x00000259D7DA7390>
robot[anFL9UsxNr+4vr8u].panel_frame.child.img_top.y=<gshare.utils.Swallower object at 0x00000259D7DA7390>
robot[anFL9UsxNr+4vr8u].panel_frame.child.img_top.width=<gshare.utils.Swallower object at 0x00000259D7DA7390>
robot[anFL9UsxNr+4vr8u].panel_frame.child.img_top.height=<gshare.utils.Swallower object at 0x00000259D7DA7390>
robot[anFL9UsxNr+4vr8u].panel_frame.child.img_top.widget=<gshare.utils.Swallower object at 0x00000259D7DA7390>
robot[anFL9UsxNr+4vr8u].panel_frame.child.img_top.getName()=<gshare.utils.Swallower object at 0x00000259D7DA7390>
robot[anFL9UsxNr+4vr8u].panel_frame.child.img_top.GetName()=<gshare.utils.Swallower object at 0x00000259D7DA7390>
robot[anFL9UsxNr+4vr8u].panel_frame.child.img_top.GetWidth()=<gshare.utils.Swallower object at 0x00000259D7DA7390>
robot[anFL9UsxNr+4vr8u].panel_frame.child.img_top.GetHeight()=<gshare.utils.Swallower object at 0x00000259D7DA7390>
robot[anFL9UsxNr+4vr8u].panel_frame.child.img_top.getContentSize()=<gshare.utils.Swallower object at 0x00000259D7DA7390>
robot[anFL9UsxNr+4vr8u].panel_frame.child.img_top.GetRealContentSize()=Size(1.000000, 1.000000)
robot[anFL9UsxNr+4vr8u].panel_frame.child.img_top.getPosition()=<gshare.utils.Swallower object at 0x00000259D7DA7390>
robot[anFL9UsxNr+4vr8u].panel_frame.child.img_top.GetPosition()=<gshare.utils.Swallower object at 0x00000259D7DA7390>
robot[anFL9UsxNr+4vr8u].panel_frame.child.img_top.getPositionX()=<gshare.utils.Swallower object at 0x00000259D7DA7390>
robot[anFL9UsxNr+4vr8u].panel_frame.child.img_top.getPositionY()=<gshare.utils.Swallower object at 0x00000259D7DA7390>
robot[anFL9UsxNr+4vr8u].panel_frame.child.img_top.getAnchorPoint()=<gshare.utils.Swallower object at 0x00000259D7DA7390>
robot[anFL9UsxNr+4vr8u].panel_frame.child.img_top.GetWorldPosition()=<gshare.utils.Swallower object at 0x00000259D7DA7390>
robot[anFL9UsxNr+4vr8u].panel_frame.child.img_top.getScale()=<gshare.utils.Swallower object at 0x00000259D7DA7390>
robot[anFL9UsxNr+4vr8u].panel_frame.child.img_top.getScaleX()=<gshare.utils.Swallower object at 0x00000259D7DA7390>
robot[anFL9UsxNr+4vr8u].panel_frame.child.img_top.getScaleY()=<gshare.utils.Swallower object at 0x00000259D7DA7390>
robot[anFL9UsxNr+4vr8u].panel_frame.child.img_top.IsAncestorsVisible()=False
robot[anFL9UsxNr+4vr8u].panel_frame.child.img_top.isVisible()=<gshare.utils.Swallower object at 0x00000259D7DA7390>
robot[anFL9UsxNr+4vr8u].panel_frame.child.img_top.getChildrenCount()=<gshare.utils.Swallower object at 0x00000259D7DA7390>
robot[anFL9UsxNr+4vr8u].panel_frame.child.img_top.interesting=['AddChild', 'CheckPosInView', 'EnablePressScale', 'GetHeight', 'GetRealContentSize', 'GetWidth', 'GetWorldPosition', 'GetWorldPositionLeftBottom', 'GetWorldPositionPercent', 'IsAncestorsVisible', 'IsWorldPosInNodeBound', 'SCRATCH_CARD_IMAGE_NAME', 'SCRATCH_CARD_TOUCH_NAME', 'SetChildrenClippingEnabled', 'SetChildrenClippingType', 'SetHeight', 'SetPosition', 'SetPositionX', 'SetPositionY', 'SetWidth', 'SetWidthHeight', 'SetWorldPosition', 'SetWorldPositionPercent', '_pos_began', 'addChild', 'child', 'childex', 'getContentSize', 'rchild', 'rchildex', 'scale', 'setContentSize', 'setZoomChildren', 'visible', 'zoomChildren']
robot[anFL9UsxNr+4vr8u].panel_frame.child('img_bottom') -> <gclient.framework.ui.widgets.ui_node.UINode object(Swallower) at 0x25A032B8D70> type=<class 'gclient.framework.ui.widgets.ui_node.UINode'>
robot[anFL9UsxNr+4vr8u].panel_frame.child.img_bottom: <gclient.framework.ui.widgets.ui_node.UINode object(Swallower) at 0x25A032B8D70> type=<class 'gclient.framework.ui.widgets.ui_node.UINode'>
robot[anFL9UsxNr+4vr8u].panel_frame.child.img_bottom.visible=<gshare.utils.Swallower object at 0x0000025A17417C50>
robot[anFL9UsxNr+4vr8u].panel_frame.child.img_bottom.opacity=<gshare.utils.Swallower object at 0x0000025A17417C50>
robot[anFL9UsxNr+4vr8u].panel_frame.child.img_bottom.scale=<gshare.utils.Swallower object at 0x0000025A17417C50>
robot[anFL9UsxNr+4vr8u].panel_frame.child.img_bottom.scale_x=<gshare.utils.Swallower object at 0x0000025A17417C50>
robot[anFL9UsxNr+4vr8u].panel_frame.child.img_bottom.scale_y=<gshare.utils.Swallower object at 0x0000025A17417C50>
robot[anFL9UsxNr+4vr8u].panel_frame.child.img_bottom.x=<gshare.utils.Swallower object at 0x0000025A17417C50>
robot[anFL9UsxNr+4vr8u].panel_frame.child.img_bottom.y=<gshare.utils.Swallower object at 0x0000025A17417C50>
robot[anFL9UsxNr+4vr8u].panel_frame.child.img_bottom.width=<gshare.utils.Swallower object at 0x0000025A17417C50>
robot[anFL9UsxNr+4vr8u].panel_frame.child.img_bottom.height=<gshare.utils.Swallower object at 0x0000025A17417C50>
robot[anFL9UsxNr+4vr8u].panel_frame.child.img_bottom.widget=<gshare.utils.Swallower object at 0x0000025A17417C50>
robot[anFL9UsxNr+4vr8u].panel_frame.child.img_bottom.getName()=<gshare.utils.Swallower object at 0x0000025A17417C50>
robot[anFL9UsxNr+4vr8u].panel_frame.child.img_bottom.GetName()=<gshare.utils.Swallower object at 0x0000025A17417C50>
robot[anFL9UsxNr+4vr8u].panel_frame.child.img_bottom.GetWidth()=<gshare.utils.Swallower object at 0x0000025A17417C50>
robot[anFL9UsxNr+4vr8u].panel_frame.child.img_bottom.GetHeight()=<gshare.utils.Swallower object at 0x0000025A17417C50>
robot[anFL9UsxNr+4vr8u].panel_frame.child.img_bottom.getContentSize()=<gshare.utils.Swallower object at 0x0000025A17417C50>
robot[anFL9UsxNr+4vr8u].panel_frame.child.img_bottom.GetRealContentSize()=Size(1.000000, 1.000000)
robot[anFL9UsxNr+4vr8u].panel_frame.child.img_bottom.getPosition()=<gshare.utils.Swallower object at 0x0000025A17417C50>
robot[anFL9UsxNr+4vr8u].panel_frame.child.img_bottom.GetPosition()=<gshare.utils.Swallower object at 0x0000025A17417C50>
robot[anFL9UsxNr+4vr8u].panel_frame.child.img_bottom.getPositionX()=<gshare.utils.Swallower object at 0x0000025A17417C50>
robot[anFL9UsxNr+4vr8u].panel_frame.child.img_bottom.getPositionY()=<gshare.utils.Swallower object at 0x0000025A17417C50>
robot[anFL9UsxNr+4vr8u].panel_frame.child.img_bottom.getAnchorPoint()=<gshare.utils.Swallower object at 0x0000025A17417C50>
robot[anFL9UsxNr+4vr8u].panel_frame.child.img_bottom.GetWorldPosition()=<gshare.utils.Swallower object at 0x0000025A17417C50>
robot[anFL9UsxNr+4vr8u].panel_frame.child.img_bottom.getScale()=<gshare.utils.Swallower object at 0x0000025A17417C50>
robot[anFL9UsxNr+4vr8u].panel_frame.child.img_bottom.getScaleX()=<gshare.utils.Swallower object at 0x0000025A17417C50>
robot[anFL9UsxNr+4vr8u].panel_frame.child.img_bottom.getScaleY()=<gshare.utils.Swallower object at 0x0000025A17417C50>
robot[anFL9UsxNr+4vr8u].panel_frame.child.img_bottom.IsAncestorsVisible()=False
robot[anFL9UsxNr+4vr8u].panel_frame.child.img_bottom.isVisible()=<gshare.utils.Swallower object at 0x0000025A17417C50>
robot[anFL9UsxNr+4vr8u].panel_frame.child.img_bottom.getChildrenCount()=<gshare.utils.Swallower object at 0x0000025A17417C50>
robot[anFL9UsxNr+4vr8u].panel_frame.child.img_bottom.interesting=['AddChild', 'CheckPosInView', 'EnablePressScale', 'GetHeight', 'GetRealContentSize', 'GetWidth', 'GetWorldPosition', 'GetWorldPositionLeftBottom', 'GetWorldPositionPercent', 'IsAncestorsVisible', 'IsWorldPosInNodeBound', 'SCRATCH_CARD_IMAGE_NAME', 'SCRATCH_CARD_TOUCH_NAME', 'SetChildrenClippingEnabled', 'SetChildrenClippingType', 'SetHeight', 'SetPosition', 'SetPositionX', 'SetPositionY', 'SetWidth', 'SetWidthHeight', 'SetWorldPosition', 'SetWorldPositionPercent', '_pos_began', 'addChild', 'child', 'childex', 'getContentSize', 'rchild', 'rchildex', 'scale', 'setContentSize', 'setZoomChildren', 'visible', 'zoomChildren']
robot[anFL9UsxNr+4vr8u].panel_frame.child('Image_1') -> <gclient.framework.ui.widgets.ui_node.UINode object(Swallower) at 0x25A032EBE00> type=<class 'gclient.framework.ui.widgets.ui_node.UINode'>
robot[anFL9UsxNr+4vr8u].panel_frame.child.Image_1: <gclient.framework.ui.widgets.ui_node.UINode object(Swallower) at 0x25A032EBE00> type=<class 'gclient.framework.ui.widgets.ui_node.UINode'>
robot[anFL9UsxNr+4vr8u].panel_frame.child.Image_1.visible=<gshare.utils.Swallower object at 0x00000259D7DA7390>
robot[anFL9UsxNr+4vr8u].panel_frame.child.Image_1.opacity=<gshare.utils.Swallower object at 0x00000259D7DA7390>
robot[anFL9UsxNr+4vr8u].panel_frame.child.Image_1.scale=<gshare.utils.Swallower object at 0x00000259D7DA7390>
robot[anFL9UsxNr+4vr8u].panel_frame.child.Image_1.scale_x=<gshare.utils.Swallower object at 0x00000259D7DA7390>
robot[anFL9UsxNr+4vr8u].panel_frame.child.Image_1.scale_y=<gshare.utils.Swallower object at 0x00000259D7DA7390>
robot[anFL9UsxNr+4vr8u].panel_frame.child.Image_1.x=<gshare.utils.Swallower object at 0x00000259D7DA7390>
robot[anFL9UsxNr+4vr8u].panel_frame.child.Image_1.y=<gshare.utils.Swallower object at 0x00000259D7DA7390>
robot[anFL9UsxNr+4vr8u].panel_frame.child.Image_1.width=<gshare.utils.Swallower object at 0x00000259D7DA7390>
robot[anFL9UsxNr+4vr8u].panel_frame.child.Image_1.height=<gshare.utils.Swallower object at 0x00000259D7DA7390>
robot[anFL9UsxNr+4vr8u].panel_frame.child.Image_1.widget=<gshare.utils.Swallower object at 0x00000259D7DA7390>
robot[anFL9UsxNr+4vr8u].panel_frame.child.Image_1.getName()=<gshare.utils.Swallower object at 0x00000259D7DA7390>
robot[anFL9UsxNr+4vr8u].panel_frame.child.Image_1.GetName()=<gshare.utils.Swallower object at 0x00000259D7DA7390>
robot[anFL9UsxNr+4vr8u].panel_frame.child.Image_1.GetWidth()=<gshare.utils.Swallower object at 0x00000259D7DA7390>
robot[anFL9UsxNr+4vr8u].panel_frame.child.Image_1.GetHeight()=<gshare.utils.Swallower object at 0x00000259D7DA7390>
robot[anFL9UsxNr+4vr8u].panel_frame.child.Image_1.getContentSize()=<gshare.utils.Swallower object at 0x00000259D7DA7390>
robot[anFL9UsxNr+4vr8u].panel_frame.child.Image_1.GetRealContentSize()=Size(1.000000, 1.000000)
robot[anFL9UsxNr+4vr8u].panel_frame.child.Image_1.getPosition()=<gshare.utils.Swallower object at 0x00000259D7DA7390>
robot[anFL9UsxNr+4vr8u].panel_frame.child.Image_1.GetPosition()=<gshare.utils.Swallower object at 0x00000259D7DA7390>
robot[anFL9UsxNr+4vr8u].panel_frame.child.Image_1.getPositionX()=<gshare.utils.Swallower object at 0x00000259D7DA7390>
robot[anFL9UsxNr+4vr8u].panel_frame.child.Image_1.getPositionY()=<gshare.utils.Swallower object at 0x00000259D7DA7390>
robot[anFL9UsxNr+4vr8u].panel_frame.child.Image_1.getAnchorPoint()=<gshare.utils.Swallower object at 0x00000259D7DA7390>
robot[anFL9UsxNr+4vr8u].panel_frame.child.Image_1.GetWorldPosition()=<gshare.utils.Swallower object at 0x00000259D7DA7390>
robot[anFL9UsxNr+4vr8u].panel_frame.child.Image_1.getScale()=<gshare.utils.Swallower object at 0x00000259D7DA7390>
robot[anFL9UsxNr+4vr8u].panel_frame.child.Image_1.getScaleX()=<gshare.utils.Swallower object at 0x00000259D7DA7390>
robot[anFL9UsxNr+4vr8u].panel_frame.child.Image_1.getScaleY()=<gshare.utils.Swallower object at 0x00000259D7DA7390>
robot[anFL9UsxNr+4vr8u].panel_frame.child.Image_1.IsAncestorsVisible()=False
robot[anFL9UsxNr+4vr8u].panel_frame.child.Image_1.isVisible()=<gshare.utils.Swallower object at 0x00000259D7DA7390>
robot[anFL9UsxNr+4vr8u].panel_frame.child.Image_1.getChildrenCount()=<gshare.utils.Swallower object at 0x00000259D7DA7390>
robot[anFL9UsxNr+4vr8u].panel_frame.child.Image_1.interesting=['AddChild', 'CheckPosInView', 'EnablePressScale', 'GetHeight', 'GetRealContentSize', 'GetWidth', 'GetWorldPosition', 'GetWorldPositionLeftBottom', 'GetWorldPositionPercent', 'IsAncestorsVisible', 'IsWorldPosInNodeBound', 'SCRATCH_CARD_IMAGE_NAME', 'SCRATCH_CARD_TOUCH_NAME', 'SetChildrenClippingEnabled', 'SetChildrenClippingType', 'SetHeight', 'SetPosition', 'SetPositionX', 'SetPositionY', 'SetWidth', 'SetWidthHeight', 'SetWorldPosition', 'SetWorldPositionPercent', '_pos_began', 'addChild', 'child', 'childex', 'getContentSize', 'rchild', 'rchildex', 'scale', 'setContentSize', 'setZoomChildren', 'visible', 'zoomChildren']
robot[anFL9UsxNr+4vr8u].panel_frame.child('Image_2') -> <gclient.framework.ui.widgets.ui_node.UINode object(Swallower) at 0x25A032B8D70> type=<class 'gclient.framework.ui.widgets.ui_node.UINode'>
robot[anFL9UsxNr+4vr8u].panel_frame.child.Image_2: <gclient.framework.ui.widgets.ui_node.UINode object(Swallower) at 0x25A032B8D70> type=<class 'gclient.framework.ui.widgets.ui_node.UINode'>
robot[anFL9UsxNr+4vr8u].panel_frame.child.Image_2.visible=<gshare.utils.Swallower object at 0x0000025A17417C50>
robot[anFL9UsxNr+4vr8u].panel_frame.child.Image_2.opacity=<gshare.utils.Swallower object at 0x0000025A17417C50>
robot[anFL9UsxNr+4vr8u].panel_frame.child.Image_2.scale=<gshare.utils.Swallower object at 0x0000025A17417C50>
robot[anFL9UsxNr+4vr8u].panel_frame.child.Image_2.scale_x=<gshare.utils.Swallower object at 0x0000025A17417C50>
robot[anFL9UsxNr+4vr8u].panel_frame.child.Image_2.scale_y=<gshare.utils.Swallower object at 0x0000025A17417C50>
robot[anFL9UsxNr+4vr8u].panel_frame.child.Image_2.x=<gshare.utils.Swallower object at 0x0000025A17417C50>
robot[anFL9UsxNr+4vr8u].panel_frame.child.Image_2.y=<gshare.utils.Swallower object at 0x0000025A17417C50>
robot[anFL9UsxNr+4vr8u].panel_frame.child.Image_2.width=<gshare.utils.Swallower object at 0x0000025A17417C50>
robot[anFL9UsxNr+4vr8u].panel_frame.child.Image_2.height=<gshare.utils.Swallower object at 0x0000025A17417C50>
robot[anFL9UsxNr+4vr8u].panel_frame.child.Image_2.widget=<gshare.utils.Swallower object at 0x0000025A17417C50>
robot[anFL9UsxNr+4vr8u].panel_frame.child.Image_2.getName()=<gshare.utils.Swallower object at 0x0000025A17417C50>
robot[anFL9UsxNr+4vr8u].panel_frame.child.Image_2.GetName()=<gshare.utils.Swallower object at 0x0000025A17417C50>
robot[anFL9UsxNr+4vr8u].panel_frame.child.Image_2.GetWidth()=<gshare.utils.Swallower object at 0x0000025A17417C50>
robot[anFL9UsxNr+4vr8u].panel_frame.child.Image_2.GetHeight()=<gshare.utils.Swallower object at 0x0000025A17417C50>
robot[anFL9UsxNr+4vr8u].panel_frame.child.Image_2.getContentSize()=<gshare.utils.Swallower object at 0x0000025A17417C50>
robot[anFL9UsxNr+4vr8u].panel_frame.child.Image_2.GetRealContentSize()=Size(1.000000, 1.000000)
robot[anFL9UsxNr+4vr8u].panel_frame.child.Image_2.getPosition()=<gshare.utils.Swallower object at 0x0000025A17417C50>
robot[anFL9UsxNr+4vr8u].panel_frame.child.Image_2.GetPosition()=<gshare.utils.Swallower object at 0x0000025A17417C50>
robot[anFL9UsxNr+4vr8u].panel_frame.child.Image_2.getPositionX()=<gshare.utils.Swallower object at 0x0000025A17417C50>
robot[anFL9UsxNr+4vr8u].panel_frame.child.Image_2.getPositionY()=<gshare.utils.Swallower object at 0x0000025A17417C50>
robot[anFL9UsxNr+4vr8u].panel_frame.child.Image_2.getAnchorPoint()=<gshare.utils.Swallower object at 0x0000025A17417C50>
robot[anFL9UsxNr+4vr8u].panel_frame.child.Image_2.GetWorldPosition()=<gshare.utils.Swallower object at 0x0000025A17417C50>
robot[anFL9UsxNr+4vr8u].panel_frame.child.Image_2.getScale()=<gshare.utils.Swallower object at 0x0000025A17417C50>
robot[anFL9UsxNr+4vr8u].panel_frame.child.Image_2.getScaleX()=<gshare.utils.Swallower object at 0x0000025A17417C50>
robot[anFL9UsxNr+4vr8u].panel_frame.child.Image_2.getScaleY()=<gshare.utils.Swallower object at 0x0000025A17417C50>
robot[anFL9UsxNr+4vr8u].panel_frame.child.Image_2.IsAncestorsVisible()=False
robot[anFL9UsxNr+4vr8u].panel_frame.child.Image_2.isVisible()=<gshare.utils.Swallower object at 0x0000025A17417C50>
robot[anFL9UsxNr+4vr8u].panel_frame.child.Image_2.getChildrenCount()=<gshare.utils.Swallower object at 0x0000025A17417C50>
robot[anFL9UsxNr+4vr8u].panel_frame.child.Image_2.interesting=['AddChild', 'CheckPosInView', 'EnablePressScale', 'GetHeight', 'GetRealContentSize', 'GetWidth', 'GetWorldPosition', 'GetWorldPositionLeftBottom', 'GetWorldPositionPercent', 'IsAncestorsVisible', 'IsWorldPosInNodeBound', 'SCRATCH_CARD_IMAGE_NAME', 'SCRATCH_CARD_TOUCH_NAME', 'SetChildrenClippingEnabled', 'SetChildrenClippingType', 'SetHeight', 'SetPosition', 'SetPositionX', 'SetPositionY', 'SetWidth', 'SetWidthHeight', 'SetWorldPosition', 'SetWorldPositionPercent', '_pos_began', 'addChild', 'child', 'childex', 'getContentSize', 'rchild', 'rchildex', 'scale', 'setContentSize', 'setZoomChildren', 'visible', 'zoomChildren']
robot[anFL9UsxNr+4vr8u].panel_frame.child('Image_3') -> <gclient.framework.ui.widgets.ui_node.UINode object(Swallower) at 0x25A032EBE00> type=<class 'gclient.framework.ui.widgets.ui_node.UINode'>
robot[anFL9UsxNr+4vr8u].panel_frame.child.Image_3: <gclient.framework.ui.widgets.ui_node.UINode object(Swallower) at 0x25A032EBE00> type=<class 'gclient.framework.ui.widgets.ui_node.UINode'>
robot[anFL9UsxNr+4vr8u].panel_frame.child.Image_3.visible=<gshare.utils.Swallower object at 0x00000259D7DA7390>
robot[anFL9UsxNr+4vr8u].panel_frame.child.Image_3.opacity=<gshare.utils.Swallower object at 0x00000259D7DA7390>
robot[anFL9UsxNr+4vr8u].panel_frame.child.Image_3.scale=<gshare.utils.Swallower object at 0x00000259D7DA7390>
robot[anFL9UsxNr+4vr8u].panel_frame.child.Image_3.scale_x=<gshare.utils.Swallower object at 0x00000259D7DA7390>
robot[anFL9UsxNr+4vr8u].panel_frame.child.Image_3.scale_y=<gshare.utils.Swallower object at 0x00000259D7DA7390>
robot[anFL9UsxNr+4vr8u].panel_frame.child.Image_3.x=<gshare.utils.Swallower object at 0x00000259D7DA7390>
robot[anFL9UsxNr+4vr8u].panel_frame.child.Image_3.y=<gshare.utils.Swallower object at 0x00000259D7DA7390>
robot[anFL9UsxNr+4vr8u].panel_frame.child.Image_3.width=<gshare.utils.Swallower object at 0x00000259D7DA7390>
robot[anFL9UsxNr+4vr8u].panel_frame.child.Image_3.height=<gshare.utils.Swallower object at 0x00000259D7DA7390>
robot[anFL9UsxNr+4vr8u].panel_frame.child.Image_3.widget=<gshare.utils.Swallower object at 0x00000259D7DA7390>
robot[anFL9UsxNr+4vr8u].panel_frame.child.Image_3.getName()=<gshare.utils.Swallower object at 0x00000259D7DA7390>
robot[anFL9UsxNr+4vr8u].panel_frame.child.Image_3.GetName()=<gshare.utils.Swallower object at 0x00000259D7DA7390>
robot[anFL9UsxNr+4vr8u].panel_frame.child.Image_3.GetWidth()=<gshare.utils.Swallower object at 0x00000259D7DA7390>
robot[anFL9UsxNr+4vr8u].panel_frame.child.Image_3.GetHeight()=<gshare.utils.Swallower object at 0x00000259D7DA7390>
robot[anFL9UsxNr+4vr8u].panel_frame.child.Image_3.getContentSize()=<gshare.utils.Swallower object at 0x00000259D7DA7390>
robot[anFL9UsxNr+4vr8u].panel_frame.child.Image_3.GetRealContentSize()=Size(1.000000, 1.000000)
robot[anFL9UsxNr+4vr8u].panel_frame.child.Image_3.getPosition()=<gshare.utils.Swallower object at 0x00000259D7DA7390>
robot[anFL9UsxNr+4vr8u].panel_frame.child.Image_3.GetPosition()=<gshare.utils.Swallower object at 0x00000259D7DA7390>
robot[anFL9UsxNr+4vr8u].panel_frame.child.Image_3.getPositionX()=<gshare.utils.Swallower object at 0x00000259D7DA7390>
robot[anFL9UsxNr+4vr8u].panel_frame.child.Image_3.getPositionY()=<gshare.utils.Swallower object at 0x00000259D7DA7390>
robot[anFL9UsxNr+4vr8u].panel_frame.child.Image_3.getAnchorPoint()=<gshare.utils.Swallower object at 0x00000259D7DA7390>
robot[anFL9UsxNr+4vr8u].panel_frame.child.Image_3.GetWorldPosition()=<gshare.utils.Swallower object at 0x00000259D7DA7390>
robot[anFL9UsxNr+4vr8u].panel_frame.child.Image_3.getScale()=<gshare.utils.Swallower object at 0x00000259D7DA7390>
robot[anFL9UsxNr+4vr8u].panel_frame.child.Image_3.getScaleX()=<gshare.utils.Swallower object at 0x00000259D7DA7390>
robot[anFL9UsxNr+4vr8u].panel_frame.child.Image_3.getScaleY()=<gshare.utils.Swallower object at 0x00000259D7DA7390>
robot[anFL9UsxNr+4vr8u].panel_frame.child.Image_3.IsAncestorsVisible()=False
robot[anFL9UsxNr+4vr8u].panel_frame.child.Image_3.isVisible()=<gshare.utils.Swallower object at 0x00000259D7DA7390>
robot[anFL9UsxNr+4vr8u].panel_frame.child.Image_3.getChildrenCount()=<gshare.utils.Swallower object at 0x00000259D7DA7390>
robot[anFL9UsxNr+4vr8u].panel_frame.child.Image_3.interesting=['AddChild', 'CheckPosInView', 'EnablePressScale', 'GetHeight', 'GetRealContentSize', 'GetWidth', 'GetWorldPosition', 'GetWorldPositionLeftBottom', 'GetWorldPositionPercent', 'IsAncestorsVisible', 'IsWorldPosInNodeBound', 'SCRATCH_CARD_IMAGE_NAME', 'SCRATCH_CARD_TOUCH_NAME', 'SetChildrenClippingEnabled', 'SetChildrenClippingType', 'SetHeight', 'SetPosition', 'SetPositionX', 'SetPositionY', 'SetWidth', 'SetWidthHeight', 'SetWorldPosition', 'SetWorldPositionPercent', '_pos_began', 'addChild', 'child', 'childex', 'getContentSize', 'rchild', 'rchildex', 'scale', 'setContentSize', 'setZoomChildren', 'visible', 'zoomChildren']
robot[anFL9UsxNr+4vr8u].panel_frame.child('Image_4') -> <gclient.framework.ui.widgets.ui_node.UINode object(Swallower) at 0x25A032B8D70> type=<class 'gclient.framework.ui.widgets.ui_node.UINode'>
robot[anFL9UsxNr+4vr8u].panel_frame.child.Image_4: <gclient.framework.ui.widgets.ui_node.UINode object(Swallower) at 0x25A032B8D70> type=<class 'gclient.framework.ui.widgets.ui_node.UINode'>
robot[anFL9UsxNr+4vr8u].panel_frame.child.Image_4.visible=<gshare.utils.Swallower object at 0x0000025A17417C50>
robot[anFL9UsxNr+4vr8u].panel_frame.child.Image_4.opacity=<gshare.utils.Swallower object at 0x0000025A17417C50>
robot[anFL9UsxNr+4vr8u].panel_frame.child.Image_4.scale=<gshare.utils.Swallower object at 0x0000025A17417C50>
robot[anFL9UsxNr+4vr8u].panel_frame.child.Image_4.scale_x=<gshare.utils.Swallower object at 0x0000025A17417C50>
robot[anFL9UsxNr+4vr8u].panel_frame.child.Image_4.scale_y=<gshare.utils.Swallower object at 0x0000025A17417C50>
robot[anFL9UsxNr+4vr8u].panel_frame.child.Image_4.x=<gshare.utils.Swallower object at 0x0000025A17417C50>
robot[anFL9UsxNr+4vr8u].panel_frame.child.Image_4.y=<gshare.utils.Swallower object at 0x0000025A17417C50>
robot[anFL9UsxNr+4vr8u].panel_frame.child.Image_4.width=<gshare.utils.Swallower object at 0x0000025A17417C50>
robot[anFL9UsxNr+4vr8u].panel_frame.child.Image_4.height=<gshare.utils.Swallower object at 0x0000025A17417C50>
robot[anFL9UsxNr+4vr8u].panel_frame.child.Image_4.widget=<gshare.utils.Swallower object at 0x0000025A17417C50>
robot[anFL9UsxNr+4vr8u].panel_frame.child.Image_4.getName()=<gshare.utils.Swallower object at 0x0000025A17417C50>
robot[anFL9UsxNr+4vr8u].panel_frame.child.Image_4.GetName()=<gshare.utils.Swallower object at 0x0000025A17417C50>
robot[anFL9UsxNr+4vr8u].panel_frame.child.Image_4.GetWidth()=<gshare.utils.Swallower object at 0x0000025A17417C50>
robot[anFL9UsxNr+4vr8u].panel_frame.child.Image_4.GetHeight()=<gshare.utils.Swallower object at 0x0000025A17417C50>
robot[anFL9UsxNr+4vr8u].panel_frame.child.Image_4.getContentSize()=<gshare.utils.Swallower object at 0x0000025A17417C50>
robot[anFL9UsxNr+4vr8u].panel_frame.child.Image_4.GetRealContentSize()=Size(1.000000, 1.000000)
robot[anFL9UsxNr+4vr8u].panel_frame.child.Image_4.getPosition()=<gshare.utils.Swallower object at 0x0000025A17417C50>
robot[anFL9UsxNr+4vr8u].panel_frame.child.Image_4.GetPosition()=<gshare.utils.Swallower object at 0x0000025A17417C50>
robot[anFL9UsxNr+4vr8u].panel_frame.child.Image_4.getPositionX()=<gshare.utils.Swallower object at 0x0000025A17417C50>
robot[anFL9UsxNr+4vr8u].panel_frame.child.Image_4.getPositionY()=<gshare.utils.Swallower object at 0x0000025A17417C50>
robot[anFL9UsxNr+4vr8u].panel_frame.child.Image_4.getAnchorPoint()=<gshare.utils.Swallower object at 0x0000025A17417C50>
robot[anFL9UsxNr+4vr8u].panel_frame.child.Image_4.GetWorldPosition()=<gshare.utils.Swallower object at 0x0000025A17417C50>
robot[anFL9UsxNr+4vr8u].panel_frame.child.Image_4.getScale()=<gshare.utils.Swallower object at 0x0000025A17417C50>
robot[anFL9UsxNr+4vr8u].panel_frame.child.Image_4.getScaleX()=<gshare.utils.Swallower object at 0x0000025A17417C50>
robot[anFL9UsxNr+4vr8u].panel_frame.child.Image_4.getScaleY()=<gshare.utils.Swallower object at 0x0000025A17417C50>
robot[anFL9UsxNr+4vr8u].panel_frame.child.Image_4.IsAncestorsVisible()=False
robot[anFL9UsxNr+4vr8u].panel_frame.child.Image_4.isVisible()=<gshare.utils.Swallower object at 0x0000025A17417C50>
robot[anFL9UsxNr+4vr8u].panel_frame.child.Image_4.getChildrenCount()=<gshare.utils.Swallower object at 0x0000025A17417C50>
robot[anFL9UsxNr+4vr8u].panel_frame.child.Image_4.interesting=['AddChild', 'CheckPosInView', 'EnablePressScale', 'GetHeight', 'GetRealContentSize', 'GetWidth', 'GetWorldPosition', 'GetWorldPositionLeftBottom', 'GetWorldPositionPercent', 'IsAncestorsVisible', 'IsWorldPosInNodeBound', 'SCRATCH_CARD_IMAGE_NAME', 'SCRATCH_CARD_TOUCH_NAME', 'SetChildrenClippingEnabled', 'SetChildrenClippingType', 'SetHeight', 'SetPosition', 'SetPositionX', 'SetPositionY', 'SetWidth', 'SetWidthHeight', 'SetWorldPosition', 'SetWorldPositionPercent', '_pos_began', 'addChild', 'child', 'childex', 'getContentSize', 'rchild', 'rchildex', 'scale', 'setContentSize', 'setZoomChildren', 'visible', 'zoomChildren']
robot[anFL9UsxNr+4vr8u].panel_frame.childex('panel_frame') -> <gclient.framework.ui.widgets.ui_node.UINode object(Swallower) at 0x25A032EBE00> type=<class 'gclient.framework.ui.widgets.ui_node.UINode'>
robot[anFL9UsxNr+4vr8u].panel_frame.childex.panel_frame: <gclient.framework.ui.widgets.ui_node.UINode object(Swallower) at 0x25A032EBE00> type=<class 'gclient.framework.ui.widgets.ui_node.UINode'>
robot[anFL9UsxNr+4vr8u].panel_frame.childex.panel_frame.visible=<gshare.utils.Swallower object at 0x00000259D7DA7390>
robot[anFL9UsxNr+4vr8u].panel_frame.childex.panel_frame.opacity=<gshare.utils.Swallower object at 0x00000259D7DA7390>
robot[anFL9UsxNr+4vr8u].panel_frame.childex.panel_frame.scale=<gshare.utils.Swallower object at 0x00000259D7DA7390>
robot[anFL9UsxNr+4vr8u].panel_frame.childex.panel_frame.scale_x=<gshare.utils.Swallower object at 0x00000259D7DA7390>
robot[anFL9UsxNr+4vr8u].panel_frame.childex.panel_frame.scale_y=<gshare.utils.Swallower object at 0x00000259D7DA7390>
robot[anFL9UsxNr+4vr8u].panel_frame.childex.panel_frame.x=<gshare.utils.Swallower object at 0x00000259D7DA7390>
robot[anFL9UsxNr+4vr8u].panel_frame.childex.panel_frame.y=<gshare.utils.Swallower object at 0x00000259D7DA7390>
robot[anFL9UsxNr+4vr8u].panel_frame.childex.panel_frame.width=<gshare.utils.Swallower object at 0x00000259D7DA7390>
robot[anFL9UsxNr+4vr8u].panel_frame.childex.panel_frame.height=<gshare.utils.Swallower object at 0x00000259D7DA7390>
robot[anFL9UsxNr+4vr8u].panel_frame.childex.panel_frame.widget=<gshare.utils.Swallower object at 0x00000259D7DA7390>
robot[anFL9UsxNr+4vr8u].panel_frame.childex.panel_frame.getName()=<gshare.utils.Swallower object at 0x00000259D7DA7390>
robot[anFL9UsxNr+4vr8u].panel_frame.childex.panel_frame.GetName()=<gshare.utils.Swallower object at 0x00000259D7DA7390>
robot[anFL9UsxNr+4vr8u].panel_frame.childex.panel_frame.GetWidth()=<gshare.utils.Swallower object at 0x00000259D7DA7390>
robot[anFL9UsxNr+4vr8u].panel_frame.childex.panel_frame.GetHeight()=<gshare.utils.Swallower object at 0x00000259D7DA7390>
robot[anFL9UsxNr+4vr8u].panel_frame.childex.panel_frame.getContentSize()=<gshare.utils.Swallower object at 0x00000259D7DA7390>
robot[anFL9UsxNr+4vr8u].panel_frame.childex.panel_frame.GetRealContentSize()=Size(1.000000, 1.000000)
robot[anFL9UsxNr+4vr8u].panel_frame.childex.panel_frame.getPosition()=<gshare.utils.Swallower object at 0x00000259D7DA7390>
robot[anFL9UsxNr+4vr8u].panel_frame.childex.panel_frame.GetPosition()=<gshare.utils.Swallower object at 0x00000259D7DA7390>
robot[anFL9UsxNr+4vr8u].panel_frame.childex.panel_frame.getPositionX()=<gshare.utils.Swallower object at 0x00000259D7DA7390>
robot[anFL9UsxNr+4vr8u].panel_frame.childex.panel_frame.getPositionY()=<gshare.utils.Swallower object at 0x00000259D7DA7390>
robot[anFL9UsxNr+4vr8u].panel_frame.childex.panel_frame.getAnchorPoint()=<gshare.utils.Swallower object at 0x00000259D7DA7390>
robot[anFL9UsxNr+4vr8u].panel_frame.childex.panel_frame.GetWorldPosition()=<gshare.utils.Swallower object at 0x00000259D7DA7390>
robot[anFL9UsxNr+4vr8u].panel_frame.childex.panel_frame.getScale()=<gshare.utils.Swallower object at 0x00000259D7DA7390>
robot[anFL9UsxNr+4vr8u].panel_frame.childex.panel_frame.getScaleX()=<gshare.utils.Swallower object at 0x00000259D7DA7390>
robot[anFL9UsxNr+4vr8u].panel_frame.childex.panel_frame.getScaleY()=<gshare.utils.Swallower object at 0x00000259D7DA7390>
robot[anFL9UsxNr+4vr8u].panel_frame.childex.panel_frame.IsAncestorsVisible()=False
robot[anFL9UsxNr+4vr8u].panel_frame.childex.panel_frame.isVisible()=<gshare.utils.Swallower object at 0x00000259D7DA7390>
robot[anFL9UsxNr+4vr8u].panel_frame.childex.panel_frame.getChildrenCount()=<gshare.utils.Swallower object at 0x00000259D7DA7390>
robot[anFL9UsxNr+4vr8u].panel_frame.childex.panel_frame.interesting=['AddChild', 'CheckPosInView', 'EnablePressScale', 'GetHeight', 'GetRealContentSize', 'GetWidth', 'GetWorldPosition', 'GetWorldPositionLeftBottom', 'GetWorldPositionPercent', 'IsAncestorsVisible', 'IsWorldPosInNodeBound', 'SCRATCH_CARD_IMAGE_NAME', 'SCRATCH_CARD_TOUCH_NAME', 'SetChildrenClippingEnabled', 'SetChildrenClippingType', 'SetHeight', 'SetPosition', 'SetPositionX', 'SetPositionY', 'SetWidth', 'SetWidthHeight', 'SetWorldPosition', 'SetWorldPositionPercent', '_pos_began', 'addChild', 'child', 'childex', 'getContentSize', 'rchild', 'rchildex', 'scale', 'setContentSize', 'setZoomChildren', 'visible', 'zoomChildren']
robot[anFL9UsxNr+4vr8u].panel_frame.childex('img_frame') -> <gclient.framework.ui.widgets.ui_node.UINode object(Swallower) at 0x25A032B8D70> type=<class 'gclient.framework.ui.widgets.ui_node.UINode'>
robot[anFL9UsxNr+4vr8u].panel_frame.childex.img_frame: <gclient.framework.ui.widgets.ui_node.UINode object(Swallower) at 0x25A032B8D70> type=<class 'gclient.framework.ui.widgets.ui_node.UINode'>
robot[anFL9UsxNr+4vr8u].panel_frame.childex.img_frame.visible=<gshare.utils.Swallower object at 0x0000025A17417C50>
robot[anFL9UsxNr+4vr8u].panel_frame.childex.img_frame.opacity=<gshare.utils.Swallower object at 0x0000025A17417C50>
robot[anFL9UsxNr+4vr8u].panel_frame.childex.img_frame.scale=<gshare.utils.Swallower object at 0x0000025A17417C50>
robot[anFL9UsxNr+4vr8u].panel_frame.childex.img_frame.scale_x=<gshare.utils.Swallower object at 0x0000025A17417C50>
robot[anFL9UsxNr+4vr8u].panel_frame.childex.img_frame.scale_y=<gshare.utils.Swallower object at 0x0000025A17417C50>
robot[anFL9UsxNr+4vr8u].panel_frame.childex.img_frame.x=<gshare.utils.Swallower object at 0x0000025A17417C50>
robot[anFL9UsxNr+4vr8u].panel_frame.childex.img_frame.y=<gshare.utils.Swallower object at 0x0000025A17417C50>
robot[anFL9UsxNr+4vr8u].panel_frame.childex.img_frame.width=<gshare.utils.Swallower object at 0x0000025A17417C50>
robot[anFL9UsxNr+4vr8u].panel_frame.childex.img_frame.height=<gshare.utils.Swallower object at 0x0000025A17417C50>
robot[anFL9UsxNr+4vr8u].panel_frame.childex.img_frame.widget=<gshare.utils.Swallower object at 0x0000025A17417C50>
robot[anFL9UsxNr+4vr8u].panel_frame.childex.img_frame.getName()=<gshare.utils.Swallower object at 0x0000025A17417C50>
robot[anFL9UsxNr+4vr8u].panel_frame.childex.img_frame.GetName()=<gshare.utils.Swallower object at 0x0000025A17417C50>
robot[anFL9UsxNr+4vr8u].panel_frame.childex.img_frame.GetWidth()=<gshare.utils.Swallower object at 0x0000025A17417C50>
robot[anFL9UsxNr+4vr8u].panel_frame.childex.img_frame.GetHeight()=<gshare.utils.Swallower object at 0x0000025A17417C50>
robot[anFL9UsxNr+4vr8u].panel_frame.childex.img_frame.getContentSize()=<gshare.utils.Swallower object at 0x0000025A17417C50>
robot[anFL9UsxNr+4vr8u].panel_frame.childex.img_frame.GetRealContentSize()=Size(1.000000, 1.000000)
robot[anFL9UsxNr+4vr8u].panel_frame.childex.img_frame.getPosition()=<gshare.utils.Swallower object at 0x0000025A17417C50>
robot[anFL9UsxNr+4vr8u].panel_frame.childex.img_frame.GetPosition()=<gshare.utils.Swallower object at 0x0000025A17417C50>
robot[anFL9UsxNr+4vr8u].panel_frame.childex.img_frame.getPositionX()=<gshare.utils.Swallower object at 0x0000025A17417C50>
robot[anFL9UsxNr+4vr8u].panel_frame.childex.img_frame.getPositionY()=<gshare.utils.Swallower object at 0x0000025A17417C50>
robot[anFL9UsxNr+4vr8u].panel_frame.childex.img_frame.getAnchorPoint()=<gshare.utils.Swallower object at 0x0000025A17417C50>
robot[anFL9UsxNr+4vr8u].panel_frame.childex.img_frame.GetWorldPosition()=<gshare.utils.Swallower object at 0x0000025A17417C50>
robot[anFL9UsxNr+4vr8u].panel_frame.childex.img_frame.getScale()=<gshare.utils.Swallower object at 0x0000025A17417C50>
robot[anFL9UsxNr+4vr8u].panel_frame.childex.img_frame.getScaleX()=<gshare.utils.Swallower object at 0x0000025A17417C50>
robot[anFL9UsxNr+4vr8u].panel_frame.childex.img_frame.getScaleY()=<gshare.utils.Swallower object at 0x0000025A17417C50>
robot[anFL9UsxNr+4vr8u].panel_frame.childex.img_frame.IsAncestorsVisible()=False
robot[anFL9UsxNr+4vr8u].panel_frame.childex.img_frame.isVisible()=<gshare.utils.Swallower object at 0x0000025A17417C50>
robot[anFL9UsxNr+4vr8u].panel_frame.childex.img_frame.getChildrenCount()=<gshare.utils.Swallower object at 0x0000025A17417C50>
robot[anFL9UsxNr+4vr8u].panel_frame.childex.img_frame.interesting=['AddChild', 'CheckPosInView', 'EnablePressScale', 'GetHeight', 'GetRealContentSize', 'GetWidth', 'GetWorldPosition', 'GetWorldPositionLeftBottom', 'GetWorldPositionPercent', 'IsAncestorsVisible', 'IsWorldPosInNodeBound', 'SCRATCH_CARD_IMAGE_NAME', 'SCRATCH_CARD_TOUCH_NAME', 'SetChildrenClippingEnabled', 'SetChildrenClippingType', 'SetHeight', 'SetPosition', 'SetPositionX', 'SetPositionY', 'SetWidth', 'SetWidthHeight', 'SetWorldPosition', 'SetWorldPositionPercent', '_pos_began', 'addChild', 'child', 'childex', 'getContentSize', 'rchild', 'rchildex', 'scale', 'setContentSize', 'setZoomChildren', 'visible', 'zoomChildren']
robot[anFL9UsxNr+4vr8u].panel_frame.childex('red_frame') -> <gclient.framework.ui.widgets.ui_node.UINode object(Swallower) at 0x25A032EBE00> type=<class 'gclient.framework.ui.widgets.ui_node.UINode'>
robot[anFL9UsxNr+4vr8u].panel_frame.childex.red_frame: <gclient.framework.ui.widgets.ui_node.UINode object(Swallower) at 0x25A032EBE00> type=<class 'gclient.framework.ui.widgets.ui_node.UINode'>
robot[anFL9UsxNr+4vr8u].panel_frame.childex.red_frame.visible=<gshare.utils.Swallower object at 0x00000259D7DA7390>
robot[anFL9UsxNr+4vr8u].panel_frame.childex.red_frame.opacity=<gshare.utils.Swallower object at 0x00000259D7DA7390>
robot[anFL9UsxNr+4vr8u].panel_frame.childex.red_frame.scale=<gshare.utils.Swallower object at 0x00000259D7DA7390>
robot[anFL9UsxNr+4vr8u].panel_frame.childex.red_frame.scale_x=<gshare.utils.Swallower object at 0x00000259D7DA7390>
robot[anFL9UsxNr+4vr8u].panel_frame.childex.red_frame.scale_y=<gshare.utils.Swallower object at 0x00000259D7DA7390>
robot[anFL9UsxNr+4vr8u].panel_frame.childex.red_frame.x=<gshare.utils.Swallower object at 0x00000259D7DA7390>
robot[anFL9UsxNr+4vr8u].panel_frame.childex.red_frame.y=<gshare.utils.Swallower object at 0x00000259D7DA7390>
robot[anFL9UsxNr+4vr8u].panel_frame.childex.red_frame.width=<gshare.utils.Swallower object at 0x00000259D7DA7390>
robot[anFL9UsxNr+4vr8u].panel_frame.childex.red_frame.height=<gshare.utils.Swallower object at 0x00000259D7DA7390>
robot[anFL9UsxNr+4vr8u].panel_frame.childex.red_frame.widget=<gshare.utils.Swallower object at 0x00000259D7DA7390>
robot[anFL9UsxNr+4vr8u].panel_frame.childex.red_frame.getName()=<gshare.utils.Swallower object at 0x00000259D7DA7390>
robot[anFL9UsxNr+4vr8u].panel_frame.childex.red_frame.GetName()=<gshare.utils.Swallower object at 0x00000259D7DA7390>
robot[anFL9UsxNr+4vr8u].panel_frame.childex.red_frame.GetWidth()=<gshare.utils.Swallower object at 0x00000259D7DA7390>
robot[anFL9UsxNr+4vr8u].panel_frame.childex.red_frame.GetHeight()=<gshare.utils.Swallower object at 0x00000259D7DA7390>
robot[anFL9UsxNr+4vr8u].panel_frame.childex.red_frame.getContentSize()=<gshare.utils.Swallower object at 0x00000259D7DA7390>
robot[anFL9UsxNr+4vr8u].panel_frame.childex.red_frame.GetRealContentSize()=Size(1.000000, 1.000000)
robot[anFL9UsxNr+4vr8u].panel_frame.childex.red_frame.getPosition()=<gshare.utils.Swallower object at 0x00000259D7DA7390>
robot[anFL9UsxNr+4vr8u].panel_frame.childex.red_frame.GetPosition()=<gshare.utils.Swallower object at 0x00000259D7DA7390>
robot[anFL9UsxNr+4vr8u].panel_frame.childex.red_frame.getPositionX()=<gshare.utils.Swallower object at 0x00000259D7DA7390>
robot[anFL9UsxNr+4vr8u].panel_frame.childex.red_frame.getPositionY()=<gshare.utils.Swallower object at 0x00000259D7DA7390>
robot[anFL9UsxNr+4vr8u].panel_frame.childex.red_frame.getAnchorPoint()=<gshare.utils.Swallower object at 0x00000259D7DA7390>
robot[anFL9UsxNr+4vr8u].panel_frame.childex.red_frame.GetWorldPosition()=<gshare.utils.Swallower object at 0x00000259D7DA7390>
robot[anFL9UsxNr+4vr8u].panel_frame.childex.red_frame.getScale()=<gshare.utils.Swallower object at 0x00000259D7DA7390>
robot[anFL9UsxNr+4vr8u].panel_frame.childex.red_frame.getScaleX()=<gshare.utils.Swallower object at 0x00000259D7DA7390>
robot[anFL9UsxNr+4vr8u].panel_frame.childex.red_frame.getScaleY()=<gshare.utils.Swallower object at 0x00000259D7DA7390>
robot[anFL9UsxNr+4vr8u].panel_frame.childex.red_frame.IsAncestorsVisible()=False
robot[anFL9UsxNr+4vr8u].panel_frame.childex.red_frame.isVisible()=<gshare.utils.Swallower object at 0x00000259D7DA7390>
robot[anFL9UsxNr+4vr8u].panel_frame.childex.red_frame.getChildrenCount()=<gshare.utils.Swallower object at 0x00000259D7DA7390>
robot[anFL9UsxNr+4vr8u].panel_frame.childex.red_frame.interesting=['AddChild', 'CheckPosInView', 'EnablePressScale', 'GetHeight', 'GetRealContentSize', 'GetWidth', 'GetWorldPosition', 'GetWorldPositionLeftBottom', 'GetWorldPositionPercent', 'IsAncestorsVisible', 'IsWorldPosInNodeBound', 'SCRATCH_CARD_IMAGE_NAME', 'SCRATCH_CARD_TOUCH_NAME', 'SetChildrenClippingEnabled', 'SetChildrenClippingType', 'SetHeight', 'SetPosition', 'SetPositionX', 'SetPositionY', 'SetWidth', 'SetWidthHeight', 'SetWorldPosition', 'SetWorldPositionPercent', '_pos_began', 'addChild', 'child', 'childex', 'getContentSize', 'rchild', 'rchildex', 'scale', 'setContentSize', 'setZoomChildren', 'visible', 'zoomChildren']
robot[anFL9UsxNr+4vr8u].panel_frame.childex('img_red_frame') -> <gclient.framework.ui.widgets.ui_node.UINode object(Swallower) at 0x25A032B8D70> type=<class 'gclient.framework.ui.widgets.ui_node.UINode'>
robot[anFL9UsxNr+4vr8u].panel_frame.childex.img_red_frame: <gclient.framework.ui.widgets.ui_node.UINode object(Swallower) at 0x25A032B8D70> type=<class 'gclient.framework.ui.widgets.ui_node.UINode'>
robot[anFL9UsxNr+4vr8u].panel_frame.childex.img_red_frame.visible=<gshare.utils.Swallower object at 0x0000025A17417C50>
robot[anFL9UsxNr+4vr8u].panel_frame.childex.img_red_frame.opacity=<gshare.utils.Swallower object at 0x0000025A17417C50>
robot[anFL9UsxNr+4vr8u].panel_frame.childex.img_red_frame.scale=<gshare.utils.Swallower object at 0x0000025A17417C50>
robot[anFL9UsxNr+4vr8u].panel_frame.childex.img_red_frame.scale_x=<gshare.utils.Swallower object at 0x0000025A17417C50>
robot[anFL9UsxNr+4vr8u].panel_frame.childex.img_red_frame.scale_y=<gshare.utils.Swallower object at 0x0000025A17417C50>
robot[anFL9UsxNr+4vr8u].panel_frame.childex.img_red_frame.x=<gshare.utils.Swallower object at 0x0000025A17417C50>
robot[anFL9UsxNr+4vr8u].panel_frame.childex.img_red_frame.y=<gshare.utils.Swallower object at 0x0000025A17417C50>
robot[anFL9UsxNr+4vr8u].panel_frame.childex.img_red_frame.width=<gshare.utils.Swallower object at 0x0000025A17417C50>
robot[anFL9UsxNr+4vr8u].panel_frame.childex.img_red_frame.height=<gshare.utils.Swallower object at 0x0000025A17417C50>
robot[anFL9UsxNr+4vr8u].panel_frame.childex.img_red_frame.widget=<gshare.utils.Swallower object at 0x0000025A17417C50>
robot[anFL9UsxNr+4vr8u].panel_frame.childex.img_red_frame.getName()=<gshare.utils.Swallower object at 0x0000025A17417C50>
robot[anFL9UsxNr+4vr8u].panel_frame.childex.img_red_frame.GetName()=<gshare.utils.Swallower object at 0x0000025A17417C50>
robot[anFL9UsxNr+4vr8u].panel_frame.childex.img_red_frame.GetWidth()=<gshare.utils.Swallower object at 0x0000025A17417C50>
robot[anFL9UsxNr+4vr8u].panel_frame.childex.img_red_frame.GetHeight()=<gshare.utils.Swallower object at 0x0000025A17417C50>
robot[anFL9UsxNr+4vr8u].panel_frame.childex.img_red_frame.getContentSize()=<gshare.utils.Swallower object at 0x0000025A17417C50>
robot[anFL9UsxNr+4vr8u].panel_frame.childex.img_red_frame.GetRealContentSize()=Size(1.000000, 1.000000)
robot[anFL9UsxNr+4vr8u].panel_frame.childex.img_red_frame.getPosition()=<gshare.utils.Swallower object at 0x0000025A17417C50>
robot[anFL9UsxNr+4vr8u].panel_frame.childex.img_red_frame.GetPosition()=<gshare.utils.Swallower object at 0x0000025A17417C50>
robot[anFL9UsxNr+4vr8u].panel_frame.childex.img_red_frame.getPositionX()=<gshare.utils.Swallower object at 0x0000025A17417C50>
robot[anFL9UsxNr+4vr8u].panel_frame.childex.img_red_frame.getPositionY()=<gshare.utils.Swallower object at 0x0000025A17417C50>
robot[anFL9UsxNr+4vr8u].panel_frame.childex.img_red_frame.getAnchorPoint()=<gshare.utils.Swallower object at 0x0000025A17417C50>
robot[anFL9UsxNr+4vr8u].panel_frame.childex.img_red_frame.GetWorldPosition()=<gshare.utils.Swallower object at 0x0000025A17417C50>
robot[anFL9UsxNr+4vr8u].panel_frame.childex.img_red_frame.getScale()=<gshare.utils.Swallower object at 0x0000025A17417C50>
robot[anFL9UsxNr+4vr8u].panel_frame.childex.img_red_frame.getScaleX()=<gshare.utils.Swallower object at 0x0000025A17417C50>
robot[anFL9UsxNr+4vr8u].panel_frame.childex.img_red_frame.getScaleY()=<gshare.utils.Swallower object at 0x0000025A17417C50>
robot[anFL9UsxNr+4vr8u].panel_frame.childex.img_red_frame.IsAncestorsVisible()=False
robot[anFL9UsxNr+4vr8u].panel_frame.childex.img_red_frame.isVisible()=<gshare.utils.Swallower object at 0x0000025A17417C50>
robot[anFL9UsxNr+4vr8u].panel_frame.childex.img_red_frame.getChildrenCount()=<gshare.utils.Swallower object at 0x0000025A17417C50>
robot[anFL9UsxNr+4vr8u].panel_frame.childex.img_red_frame.interesting=['AddChild', 'CheckPosInView', 'EnablePressScale', 'GetHeight', 'GetRealContentSize', 'GetWidth', 'GetWorldPosition', 'GetWorldPositionLeftBottom', 'GetWorldPositionPercent', 'IsAncestorsVisible', 'IsWorldPosInNodeBound', 'SCRATCH_CARD_IMAGE_NAME', 'SCRATCH_CARD_TOUCH_NAME', 'SetChildrenClippingEnabled', 'SetChildrenClippingType', 'SetHeight', 'SetPosition', 'SetPositionX', 'SetPositionY', 'SetWidth', 'SetWidthHeight', 'SetWorldPosition', 'SetWorldPositionPercent', '_pos_began', 'addChild', 'child', 'childex', 'getContentSize', 'rchild', 'rchildex', 'scale', 'setContentSize', 'setZoomChildren', 'visible', 'zoomChildren']
robot[anFL9UsxNr+4vr8u].panel_frame.childex('frame') -> <gclient.framework.ui.widgets.ui_node.UINode object(Swallower) at 0x25A032EBE00> type=<class 'gclient.framework.ui.widgets.ui_node.UINode'>
robot[anFL9UsxNr+4vr8u].panel_frame.childex.frame: <gclient.framework.ui.widgets.ui_node.UINode object(Swallower) at 0x25A032EBE00> type=<class 'gclient.framework.ui.widgets.ui_node.UINode'>
robot[anFL9UsxNr+4vr8u].panel_frame.childex.frame.visible=<gshare.utils.Swallower object at 0x00000259D7DA7390>
robot[anFL9UsxNr+4vr8u].panel_frame.childex.frame.opacity=<gshare.utils.Swallower object at 0x00000259D7DA7390>
robot[anFL9UsxNr+4vr8u].panel_frame.childex.frame.scale=<gshare.utils.Swallower object at 0x00000259D7DA7390>
robot[anFL9UsxNr+4vr8u].panel_frame.childex.frame.scale_x=<gshare.utils.Swallower object at 0x00000259D7DA7390>
robot[anFL9UsxNr+4vr8u].panel_frame.childex.frame.scale_y=<gshare.utils.Swallower object at 0x00000259D7DA7390>
robot[anFL9UsxNr+4vr8u].panel_frame.childex.frame.x=<gshare.utils.Swallower object at 0x00000259D7DA7390>
robot[anFL9UsxNr+4vr8u].panel_frame.childex.frame.y=<gshare.utils.Swallower object at 0x00000259D7DA7390>
robot[anFL9UsxNr+4vr8u].panel_frame.childex.frame.width=<gshare.utils.Swallower object at 0x00000259D7DA7390>
robot[anFL9UsxNr+4vr8u].panel_frame.childex.frame.height=<gshare.utils.Swallower object at 0x00000259D7DA7390>
robot[anFL9UsxNr+4vr8u].panel_frame.childex.frame.widget=<gshare.utils.Swallower object at 0x00000259D7DA7390>
robot[anFL9UsxNr+4vr8u].panel_frame.childex.frame.getName()=<gshare.utils.Swallower object at 0x00000259D7DA7390>
robot[anFL9UsxNr+4vr8u].panel_frame.childex.frame.GetName()=<gshare.utils.Swallower object at 0x00000259D7DA7390>
robot[anFL9UsxNr+4vr8u].panel_frame.childex.frame.GetWidth()=<gshare.utils.Swallower object at 0x00000259D7DA7390>
robot[anFL9UsxNr+4vr8u].panel_frame.childex.frame.GetHeight()=<gshare.utils.Swallower object at 0x00000259D7DA7390>
robot[anFL9UsxNr+4vr8u].panel_frame.childex.frame.getContentSize()=<gshare.utils.Swallower object at 0x00000259D7DA7390>
robot[anFL9UsxNr+4vr8u].panel_frame.childex.frame.GetRealContentSize()=Size(1.000000, 1.000000)
robot[anFL9UsxNr+4vr8u].panel_frame.childex.frame.getPosition()=<gshare.utils.Swallower object at 0x00000259D7DA7390>
robot[anFL9UsxNr+4vr8u].panel_frame.childex.frame.GetPosition()=<gshare.utils.Swallower object at 0x00000259D7DA7390>
robot[anFL9UsxNr+4vr8u].panel_frame.childex.frame.getPositionX()=<gshare.utils.Swallower object at 0x00000259D7DA7390>
robot[anFL9UsxNr+4vr8u].panel_frame.childex.frame.getPositionY()=<gshare.utils.Swallower object at 0x00000259D7DA7390>
robot[anFL9UsxNr+4vr8u].panel_frame.childex.frame.getAnchorPoint()=<gshare.utils.Swallower object at 0x00000259D7DA7390>
robot[anFL9UsxNr+4vr8u].panel_frame.childex.frame.GetWorldPosition()=<gshare.utils.Swallower object at 0x00000259D7DA7390>
robot[anFL9UsxNr+4vr8u].panel_frame.childex.frame.getScale()=<gshare.utils.Swallower object at 0x00000259D7DA7390>
robot[anFL9UsxNr+4vr8u].panel_frame.childex.frame.getScaleX()=<gshare.utils.Swallower object at 0x00000259D7DA7390>
robot[anFL9UsxNr+4vr8u].panel_frame.childex.frame.getScaleY()=<gshare.utils.Swallower object at 0x00000259D7DA7390>
robot[anFL9UsxNr+4vr8u].panel_frame.childex.frame.IsAncestorsVisible()=False
robot[anFL9UsxNr+4vr8u].panel_frame.childex.frame.isVisible()=<gshare.utils.Swallower object at 0x00000259D7DA7390>
robot[anFL9UsxNr+4vr8u].panel_frame.childex.frame.getChildrenCount()=<gshare.utils.Swallower object at 0x00000259D7DA7390>
robot[anFL9UsxNr+4vr8u].panel_frame.childex.frame.interesting=['AddChild', 'CheckPosInView', 'EnablePressScale', 'GetHeight', 'GetRealContentSize', 'GetWidth', 'GetWorldPosition', 'GetWorldPositionLeftBottom', 'GetWorldPositionPercent', 'IsAncestorsVisible', 'IsWorldPosInNodeBound', 'SCRATCH_CARD_IMAGE_NAME', 'SCRATCH_CARD_TOUCH_NAME', 'SetChildrenClippingEnabled', 'SetChildrenClippingType', 'SetHeight', 'SetPosition', 'SetPositionX', 'SetPositionY', 'SetWidth', 'SetWidthHeight', 'SetWorldPosition', 'SetWorldPositionPercent', '_pos_began', 'addChild', 'child', 'childex', 'getContentSize', 'rchild', 'rchildex', 'scale', 'setContentSize', 'setZoomChildren', 'visible', 'zoomChildren']
robot[anFL9UsxNr+4vr8u].panel_frame.childex('left') -> <gclient.framework.ui.widgets.ui_node.UINode object(Swallower) at 0x25A032B8D70> type=<class 'gclient.framework.ui.widgets.ui_node.UINode'>
robot[anFL9UsxNr+4vr8u].panel_frame.childex.left: <gclient.framework.ui.widgets.ui_node.UINode object(Swallower) at 0x25A032B8D70> type=<class 'gclient.framework.ui.widgets.ui_node.UINode'>
robot[anFL9UsxNr+4vr8u].panel_frame.childex.left.visible=<gshare.utils.Swallower object at 0x0000025A17417C50>
robot[anFL9UsxNr+4vr8u].panel_frame.childex.left.opacity=<gshare.utils.Swallower object at 0x0000025A17417C50>
robot[anFL9UsxNr+4vr8u].panel_frame.childex.left.scale=<gshare.utils.Swallower object at 0x0000025A17417C50>
robot[anFL9UsxNr+4vr8u].panel_frame.childex.left.scale_x=<gshare.utils.Swallower object at 0x0000025A17417C50>
robot[anFL9UsxNr+4vr8u].panel_frame.childex.left.scale_y=<gshare.utils.Swallower object at 0x0000025A17417C50>
robot[anFL9UsxNr+4vr8u].panel_frame.childex.left.x=<gshare.utils.Swallower object at 0x0000025A17417C50>
robot[anFL9UsxNr+4vr8u].panel_frame.childex.left.y=<gshare.utils.Swallower object at 0x0000025A17417C50>
robot[anFL9UsxNr+4vr8u].panel_frame.childex.left.width=<gshare.utils.Swallower object at 0x0000025A17417C50>
robot[anFL9UsxNr+4vr8u].panel_frame.childex.left.height=<gshare.utils.Swallower object at 0x0000025A17417C50>
robot[anFL9UsxNr+4vr8u].panel_frame.childex.left.widget=<gshare.utils.Swallower object at 0x0000025A17417C50>
robot[anFL9UsxNr+4vr8u].panel_frame.childex.left.getName()=<gshare.utils.Swallower object at 0x0000025A17417C50>
robot[anFL9UsxNr+4vr8u].panel_frame.childex.left.GetName()=<gshare.utils.Swallower object at 0x0000025A17417C50>
robot[anFL9UsxNr+4vr8u].panel_frame.childex.left.GetWidth()=<gshare.utils.Swallower object at 0x0000025A17417C50>
robot[anFL9UsxNr+4vr8u].panel_frame.childex.left.GetHeight()=<gshare.utils.Swallower object at 0x0000025A17417C50>
robot[anFL9UsxNr+4vr8u].panel_frame.childex.left.getContentSize()=<gshare.utils.Swallower object at 0x0000025A17417C50>
robot[anFL9UsxNr+4vr8u].panel_frame.childex.left.GetRealContentSize()=Size(1.000000, 1.000000)
robot[anFL9UsxNr+4vr8u].panel_frame.childex.left.getPosition()=<gshare.utils.Swallower object at 0x0000025A17417C50>
robot[anFL9UsxNr+4vr8u].panel_frame.childex.left.GetPosition()=<gshare.utils.Swallower object at 0x0000025A17417C50>
robot[anFL9UsxNr+4vr8u].panel_frame.childex.left.getPositionX()=<gshare.utils.Swallower object at 0x0000025A17417C50>
robot[anFL9UsxNr+4vr8u].panel_frame.childex.left.getPositionY()=<gshare.utils.Swallower object at 0x0000025A17417C50>
robot[anFL9UsxNr+4vr8u].panel_frame.childex.left.getAnchorPoint()=<gshare.utils.Swallower object at 0x0000025A17417C50>
robot[anFL9UsxNr+4vr8u].panel_frame.childex.left.GetWorldPosition()=<gshare.utils.Swallower object at 0x0000025A17417C50>
robot[anFL9UsxNr+4vr8u].panel_frame.childex.left.getScale()=<gshare.utils.Swallower object at 0x0000025A17417C50>
robot[anFL9UsxNr+4vr8u].panel_frame.childex.left.getScaleX()=<gshare.utils.Swallower object at 0x0000025A17417C50>
robot[anFL9UsxNr+4vr8u].panel_frame.childex.left.getScaleY()=<gshare.utils.Swallower object at 0x0000025A17417C50>
robot[anFL9UsxNr+4vr8u].panel_frame.childex.left.IsAncestorsVisible()=False
robot[anFL9UsxNr+4vr8u].panel_frame.childex.left.isVisible()=<gshare.utils.Swallower object at 0x0000025A17417C50>
robot[anFL9UsxNr+4vr8u].panel_frame.childex.left.getChildrenCount()=<gshare.utils.Swallower object at 0x0000025A17417C50>
robot[anFL9UsxNr+4vr8u].panel_frame.childex.left.interesting=['AddChild', 'CheckPosInView', 'EnablePressScale', 'GetHeight', 'GetRealContentSize', 'GetWidth', 'GetWorldPosition', 'GetWorldPositionLeftBottom', 'GetWorldPositionPercent', 'IsAncestorsVisible', 'IsWorldPosInNodeBound', 'SCRATCH_CARD_IMAGE_NAME', 'SCRATCH_CARD_TOUCH_NAME', 'SetChildrenClippingEnabled', 'SetChildrenClippingType', 'SetHeight', 'SetPosition', 'SetPositionX', 'SetPositionY', 'SetWidth', 'SetWidthHeight', 'SetWorldPosition', 'SetWorldPositionPercent', '_pos_began', 'addChild', 'child', 'childex', 'getContentSize', 'rchild', 'rchildex', 'scale', 'setContentSize', 'setZoomChildren', 'visible', 'zoomChildren']
robot[anFL9UsxNr+4vr8u].panel_frame.childex('right') -> <gclient.framework.ui.widgets.ui_node.UINode object(Swallower) at 0x25A032EBE00> type=<class 'gclient.framework.ui.widgets.ui_node.UINode'>
robot[anFL9UsxNr+4vr8u].panel_frame.childex.right: <gclient.framework.ui.widgets.ui_node.UINode object(Swallower) at 0x25A032EBE00> type=<class 'gclient.framework.ui.widgets.ui_node.UINode'>
robot[anFL9UsxNr+4vr8u].panel_frame.childex.right.visible=<gshare.utils.Swallower object at 0x00000259D7DA7390>
robot[anFL9UsxNr+4vr8u].panel_frame.childex.right.opacity=<gshare.utils.Swallower object at 0x00000259D7DA7390>
robot[anFL9UsxNr+4vr8u].panel_frame.childex.right.scale=<gshare.utils.Swallower object at 0x00000259D7DA7390>
robot[anFL9UsxNr+4vr8u].panel_frame.childex.right.scale_x=<gshare.utils.Swallower object at 0x00000259D7DA7390>
robot[anFL9UsxNr+4vr8u].panel_frame.childex.right.scale_y=<gshare.utils.Swallower object at 0x00000259D7DA7390>
robot[anFL9UsxNr+4vr8u].panel_frame.childex.right.x=<gshare.utils.Swallower object at 0x00000259D7DA7390>
robot[anFL9UsxNr+4vr8u].panel_frame.childex.right.y=<gshare.utils.Swallower object at 0x00000259D7DA7390>
robot[anFL9UsxNr+4vr8u].panel_frame.childex.right.width=<gshare.utils.Swallower object at 0x00000259D7DA7390>
robot[anFL9UsxNr+4vr8u].panel_frame.childex.right.height=<gshare.utils.Swallower object at 0x00000259D7DA7390>
robot[anFL9UsxNr+4vr8u].panel_frame.childex.right.widget=<gshare.utils.Swallower object at 0x00000259D7DA7390>
robot[anFL9UsxNr+4vr8u].panel_frame.childex.right.getName()=<gshare.utils.Swallower object at 0x00000259D7DA7390>
robot[anFL9UsxNr+4vr8u].panel_frame.childex.right.GetName()=<gshare.utils.Swallower object at 0x00000259D7DA7390>
robot[anFL9UsxNr+4vr8u].panel_frame.childex.right.GetWidth()=<gshare.utils.Swallower object at 0x00000259D7DA7390>
robot[anFL9UsxNr+4vr8u].panel_frame.childex.right.GetHeight()=<gshare.utils.Swallower object at 0x00000259D7DA7390>
robot[anFL9UsxNr+4vr8u].panel_frame.childex.right.getContentSize()=<gshare.utils.Swallower object at 0x00000259D7DA7390>
robot[anFL9UsxNr+4vr8u].panel_frame.childex.right.GetRealContentSize()=Size(1.000000, 1.000000)
robot[anFL9UsxNr+4vr8u].panel_frame.childex.right.getPosition()=<gshare.utils.Swallower object at 0x00000259D7DA7390>
robot[anFL9UsxNr+4vr8u].panel_frame.childex.right.GetPosition()=<gshare.utils.Swallower object at 0x00000259D7DA7390>
robot[anFL9UsxNr+4vr8u].panel_frame.childex.right.getPositionX()=<gshare.utils.Swallower object at 0x00000259D7DA7390>
robot[anFL9UsxNr+4vr8u].panel_frame.childex.right.getPositionY()=<gshare.utils.Swallower object at 0x00000259D7DA7390>
robot[anFL9UsxNr+4vr8u].panel_frame.childex.right.getAnchorPoint()=<gshare.utils.Swallower object at 0x00000259D7DA7390>
robot[anFL9UsxNr+4vr8u].panel_frame.childex.right.GetWorldPosition()=<gshare.utils.Swallower object at 0x00000259D7DA7390>
robot[anFL9UsxNr+4vr8u].panel_frame.childex.right.getScale()=<gshare.utils.Swallower object at 0x00000259D7DA7390>
robot[anFL9UsxNr+4vr8u].panel_frame.childex.right.getScaleX()=<gshare.utils.Swallower object at 0x00000259D7DA7390>
robot[anFL9UsxNr+4vr8u].panel_frame.childex.right.getScaleY()=<gshare.utils.Swallower object at 0x00000259D7DA7390>
robot[anFL9UsxNr+4vr8u].panel_frame.childex.right.IsAncestorsVisible()=False
robot[anFL9UsxNr+4vr8u].panel_frame.childex.right.isVisible()=<gshare.utils.Swallower object at 0x00000259D7DA7390>
robot[anFL9UsxNr+4vr8u].panel_frame.childex.right.getChildrenCount()=<gshare.utils.Swallower object at 0x00000259D7DA7390>
robot[anFL9UsxNr+4vr8u].panel_frame.childex.right.interesting=['AddChild', 'CheckPosInView', 'EnablePressScale', 'GetHeight', 'GetRealContentSize', 'GetWidth', 'GetWorldPosition', 'GetWorldPositionLeftBottom', 'GetWorldPositionPercent', 'IsAncestorsVisible', 'IsWorldPosInNodeBound', 'SCRATCH_CARD_IMAGE_NAME', 'SCRATCH_CARD_TOUCH_NAME', 'SetChildrenClippingEnabled', 'SetChildrenClippingType', 'SetHeight', 'SetPosition', 'SetPositionX', 'SetPositionY', 'SetWidth', 'SetWidthHeight', 'SetWorldPosition', 'SetWorldPositionPercent', '_pos_began', 'addChild', 'child', 'childex', 'getContentSize', 'rchild', 'rchildex', 'scale', 'setContentSize', 'setZoomChildren', 'visible', 'zoomChildren']
robot[anFL9UsxNr+4vr8u].panel_frame.childex('top') -> <gclient.framework.ui.widgets.ui_node.UINode object(Swallower) at 0x25A032B8D70> type=<class 'gclient.framework.ui.widgets.ui_node.UINode'>
robot[anFL9UsxNr+4vr8u].panel_frame.childex.top: <gclient.framework.ui.widgets.ui_node.UINode object(Swallower) at 0x25A032B8D70> type=<class 'gclient.framework.ui.widgets.ui_node.UINode'>
robot[anFL9UsxNr+4vr8u].panel_frame.childex.top.visible=<gshare.utils.Swallower object at 0x0000025A17417C50>
robot[anFL9UsxNr+4vr8u].panel_frame.childex.top.opacity=<gshare.utils.Swallower object at 0x0000025A17417C50>
robot[anFL9UsxNr+4vr8u].panel_frame.childex.top.scale=<gshare.utils.Swallower object at 0x0000025A17417C50>
robot[anFL9UsxNr+4vr8u].panel_frame.childex.top.scale_x=<gshare.utils.Swallower object at 0x0000025A17417C50>
robot[anFL9UsxNr+4vr8u].panel_frame.childex.top.scale_y=<gshare.utils.Swallower object at 0x0000025A17417C50>
robot[anFL9UsxNr+4vr8u].panel_frame.childex.top.x=<gshare.utils.Swallower object at 0x0000025A17417C50>
robot[anFL9UsxNr+4vr8u].panel_frame.childex.top.y=<gshare.utils.Swallower object at 0x0000025A17417C50>
robot[anFL9UsxNr+4vr8u].panel_frame.childex.top.width=<gshare.utils.Swallower object at 0x0000025A17417C50>
robot[anFL9UsxNr+4vr8u].panel_frame.childex.top.height=<gshare.utils.Swallower object at 0x0000025A17417C50>
robot[anFL9UsxNr+4vr8u].panel_frame.childex.top.widget=<gshare.utils.Swallower object at 0x0000025A17417C50>
robot[anFL9UsxNr+4vr8u].panel_frame.childex.top.getName()=<gshare.utils.Swallower object at 0x0000025A17417C50>
robot[anFL9UsxNr+4vr8u].panel_frame.childex.top.GetName()=<gshare.utils.Swallower object at 0x0000025A17417C50>
robot[anFL9UsxNr+4vr8u].panel_frame.childex.top.GetWidth()=<gshare.utils.Swallower object at 0x0000025A17417C50>
robot[anFL9UsxNr+4vr8u].panel_frame.childex.top.GetHeight()=<gshare.utils.Swallower object at 0x0000025A17417C50>
robot[anFL9UsxNr+4vr8u].panel_frame.childex.top.getContentSize()=<gshare.utils.Swallower object at 0x0000025A17417C50>
robot[anFL9UsxNr+4vr8u].panel_frame.childex.top.GetRealContentSize()=Size(1.000000, 1.000000)
robot[anFL9UsxNr+4vr8u].panel_frame.childex.top.getPosition()=<gshare.utils.Swallower object at 0x0000025A17417C50>
robot[anFL9UsxNr+4vr8u].panel_frame.childex.top.GetPosition()=<gshare.utils.Swallower object at 0x0000025A17417C50>
robot[anFL9UsxNr+4vr8u].panel_frame.childex.top.getPositionX()=<gshare.utils.Swallower object at 0x0000025A17417C50>
robot[anFL9UsxNr+4vr8u].panel_frame.childex.top.getPositionY()=<gshare.utils.Swallower object at 0x0000025A17417C50>
robot[anFL9UsxNr+4vr8u].panel_frame.childex.top.getAnchorPoint()=<gshare.utils.Swallower object at 0x0000025A17417C50>
robot[anFL9UsxNr+4vr8u].panel_frame.childex.top.GetWorldPosition()=<gshare.utils.Swallower object at 0x0000025A17417C50>
robot[anFL9UsxNr+4vr8u].panel_frame.childex.top.getScale()=<gshare.utils.Swallower object at 0x0000025A17417C50>
robot[anFL9UsxNr+4vr8u].panel_frame.childex.top.getScaleX()=<gshare.utils.Swallower object at 0x0000025A17417C50>
robot[anFL9UsxNr+4vr8u].panel_frame.childex.top.getScaleY()=<gshare.utils.Swallower object at 0x0000025A17417C50>
robot[anFL9UsxNr+4vr8u].panel_frame.childex.top.IsAncestorsVisible()=False
robot[anFL9UsxNr+4vr8u].panel_frame.childex.top.isVisible()=<gshare.utils.Swallower object at 0x0000025A17417C50>
robot[anFL9UsxNr+4vr8u].panel_frame.childex.top.getChildrenCount()=<gshare.utils.Swallower object at 0x0000025A17417C50>
robot[anFL9UsxNr+4vr8u].panel_frame.childex.top.interesting=['AddChild', 'CheckPosInView', 'EnablePressScale', 'GetHeight', 'GetRealContentSize', 'GetWidth', 'GetWorldPosition', 'GetWorldPositionLeftBottom', 'GetWorldPositionPercent', 'IsAncestorsVisible', 'IsWorldPosInNodeBound', 'SCRATCH_CARD_IMAGE_NAME', 'SCRATCH_CARD_TOUCH_NAME', 'SetChildrenClippingEnabled', 'SetChildrenClippingType', 'SetHeight', 'SetPosition', 'SetPositionX', 'SetPositionY', 'SetWidth', 'SetWidthHeight', 'SetWorldPosition', 'SetWorldPositionPercent', '_pos_began', 'addChild', 'child', 'childex', 'getContentSize', 'rchild', 'rchildex', 'scale', 'setContentSize', 'setZoomChildren', 'visible', 'zoomChildren']
robot[anFL9UsxNr+4vr8u].panel_frame.childex('bottom') -> <gclient.framework.ui.widgets.ui_node.UINode object(Swallower) at 0x25A032EBE00> type=<class 'gclient.framework.ui.widgets.ui_node.UINode'>
robot[anFL9UsxNr+4vr8u].panel_frame.childex.bottom: <gclient.framework.ui.widgets.ui_node.UINode object(Swallower) at 0x25A032EBE00> type=<class 'gclient.framework.ui.widgets.ui_node.UINode'>
robot[anFL9UsxNr+4vr8u].panel_frame.childex.bottom.visible=<gshare.utils.Swallower object at 0x00000259D7DA7390>
robot[anFL9UsxNr+4vr8u].panel_frame.childex.bottom.opacity=<gshare.utils.Swallower object at 0x00000259D7DA7390>
robot[anFL9UsxNr+4vr8u].panel_frame.childex.bottom.scale=<gshare.utils.Swallower object at 0x00000259D7DA7390>
robot[anFL9UsxNr+4vr8u].panel_frame.childex.bottom.scale_x=<gshare.utils.Swallower object at 0x00000259D7DA7390>
robot[anFL9UsxNr+4vr8u].panel_frame.childex.bottom.scale_y=<gshare.utils.Swallower object at 0x00000259D7DA7390>
robot[anFL9UsxNr+4vr8u].panel_frame.childex.bottom.x=<gshare.utils.Swallower object at 0x00000259D7DA7390>
robot[anFL9UsxNr+4vr8u].panel_frame.childex.bottom.y=<gshare.utils.Swallower object at 0x00000259D7DA7390>
robot[anFL9UsxNr+4vr8u].panel_frame.childex.bottom.width=<gshare.utils.Swallower object at 0x00000259D7DA7390>
robot[anFL9UsxNr+4vr8u].panel_frame.childex.bottom.height=<gshare.utils.Swallower object at 0x00000259D7DA7390>
robot[anFL9UsxNr+4vr8u].panel_frame.childex.bottom.widget=<gshare.utils.Swallower object at 0x00000259D7DA7390>
robot[anFL9UsxNr+4vr8u].panel_frame.childex.bottom.getName()=<gshare.utils.Swallower object at 0x00000259D7DA7390>
robot[anFL9UsxNr+4vr8u].panel_frame.childex.bottom.GetName()=<gshare.utils.Swallower object at 0x00000259D7DA7390>
robot[anFL9UsxNr+4vr8u].panel_frame.childex.bottom.GetWidth()=<gshare.utils.Swallower object at 0x00000259D7DA7390>
robot[anFL9UsxNr+4vr8u].panel_frame.childex.bottom.GetHeight()=<gshare.utils.Swallower object at 0x00000259D7DA7390>
robot[anFL9UsxNr+4vr8u].panel_frame.childex.bottom.getContentSize()=<gshare.utils.Swallower object at 0x00000259D7DA7390>
robot[anFL9UsxNr+4vr8u].panel_frame.childex.bottom.GetRealContentSize()=Size(1.000000, 1.000000)
robot[anFL9UsxNr+4vr8u].panel_frame.childex.bottom.getPosition()=<gshare.utils.Swallower object at 0x00000259D7DA7390>
robot[anFL9UsxNr+4vr8u].panel_frame.childex.bottom.GetPosition()=<gshare.utils.Swallower object at 0x00000259D7DA7390>
robot[anFL9UsxNr+4vr8u].panel_frame.childex.bottom.getPositionX()=<gshare.utils.Swallower object at 0x00000259D7DA7390>
robot[anFL9UsxNr+4vr8u].panel_frame.childex.bottom.getPositionY()=<gshare.utils.Swallower object at 0x00000259D7DA7390>
robot[anFL9UsxNr+4vr8u].panel_frame.childex.bottom.getAnchorPoint()=<gshare.utils.Swallower object at 0x00000259D7DA7390>
robot[anFL9UsxNr+4vr8u].panel_frame.childex.bottom.GetWorldPosition()=<gshare.utils.Swallower object at 0x00000259D7DA7390>
robot[anFL9UsxNr+4vr8u].panel_frame.childex.bottom.getScale()=<gshare.utils.Swallower object at 0x00000259D7DA7390>
robot[anFL9UsxNr+4vr8u].panel_frame.childex.bottom.getScaleX()=<gshare.utils.Swallower object at 0x00000259D7DA7390>
robot[anFL9UsxNr+4vr8u].panel_frame.childex.bottom.getScaleY()=<gshare.utils.Swallower object at 0x00000259D7DA7390>
robot[anFL9UsxNr+4vr8u].panel_frame.childex.bottom.IsAncestorsVisible()=False
robot[anFL9UsxNr+4vr8u].panel_frame.childex.bottom.isVisible()=<gshare.utils.Swallower object at 0x00000259D7DA7390>
robot[anFL9UsxNr+4vr8u].panel_frame.childex.bottom.getChildrenCount()=<gshare.utils.Swallower object at 0x00000259D7DA7390>
robot[anFL9UsxNr+4vr8u].panel_frame.childex.bottom.interesting=['AddChild', 'CheckPosInView', 'EnablePressScale', 'GetHeight', 'GetRealContentSize', 'GetWidth', 'GetWorldPosition', 'GetWorldPositionLeftBottom', 'GetWorldPositionPercent', 'IsAncestorsVisible', 'IsWorldPosInNodeBound', 'SCRATCH_CARD_IMAGE_NAME', 'SCRATCH_CARD_TOUCH_NAME', 'SetChildrenClippingEnabled', 'SetChildrenClippingType', 'SetHeight', 'SetPosition', 'SetPositionX', 'SetPositionY', 'SetWidth', 'SetWidthHeight', 'SetWorldPosition', 'SetWorldPositionPercent', '_pos_began', 'addChild', 'child', 'childex', 'getContentSize', 'rchild', 'rchildex', 'scale', 'setContentSize', 'setZoomChildren', 'visible', 'zoomChildren']
robot[anFL9UsxNr+4vr8u].panel_frame.childex('line_left') -> <gclient.framework.ui.widgets.ui_node.UINode object(Swallower) at 0x25A032B8D70> type=<class 'gclient.framework.ui.widgets.ui_node.UINode'>
robot[anFL9UsxNr+4vr8u].panel_frame.childex.line_left: <gclient.framework.ui.widgets.ui_node.UINode object(Swallower) at 0x25A032B8D70> type=<class 'gclient.framework.ui.widgets.ui_node.UINode'>
robot[anFL9UsxNr+4vr8u].panel_frame.childex.line_left.visible=<gshare.utils.Swallower object at 0x0000025A17417C50>
robot[anFL9UsxNr+4vr8u].panel_frame.childex.line_left.opacity=<gshare.utils.Swallower object at 0x0000025A17417C50>
robot[anFL9UsxNr+4vr8u].panel_frame.childex.line_left.scale=<gshare.utils.Swallower object at 0x0000025A17417C50>
robot[anFL9UsxNr+4vr8u].panel_frame.childex.line_left.scale_x=<gshare.utils.Swallower object at 0x0000025A17417C50>
robot[anFL9UsxNr+4vr8u].panel_frame.childex.line_left.scale_y=<gshare.utils.Swallower object at 0x0000025A17417C50>
robot[anFL9UsxNr+4vr8u].panel_frame.childex.line_left.x=<gshare.utils.Swallower object at 0x0000025A17417C50>
robot[anFL9UsxNr+4vr8u].panel_frame.childex.line_left.y=<gshare.utils.Swallower object at 0x0000025A17417C50>
robot[anFL9UsxNr+4vr8u].panel_frame.childex.line_left.width=<gshare.utils.Swallower object at 0x0000025A17417C50>
robot[anFL9UsxNr+4vr8u].panel_frame.childex.line_left.height=<gshare.utils.Swallower object at 0x0000025A17417C50>
robot[anFL9UsxNr+4vr8u].panel_frame.childex.line_left.widget=<gshare.utils.Swallower object at 0x0000025A17417C50>
robot[anFL9UsxNr+4vr8u].panel_frame.childex.line_left.getName()=<gshare.utils.Swallower object at 0x0000025A17417C50>
robot[anFL9UsxNr+4vr8u].panel_frame.childex.line_left.GetName()=<gshare.utils.Swallower object at 0x0000025A17417C50>
robot[anFL9UsxNr+4vr8u].panel_frame.childex.line_left.GetWidth()=<gshare.utils.Swallower object at 0x0000025A17417C50>
robot[anFL9UsxNr+4vr8u].panel_frame.childex.line_left.GetHeight()=<gshare.utils.Swallower object at 0x0000025A17417C50>
robot[anFL9UsxNr+4vr8u].panel_frame.childex.line_left.getContentSize()=<gshare.utils.Swallower object at 0x0000025A17417C50>
robot[anFL9UsxNr+4vr8u].panel_frame.childex.line_left.GetRealContentSize()=Size(1.000000, 1.000000)
robot[anFL9UsxNr+4vr8u].panel_frame.childex.line_left.getPosition()=<gshare.utils.Swallower object at 0x0000025A17417C50>
robot[anFL9UsxNr+4vr8u].panel_frame.childex.line_left.GetPosition()=<gshare.utils.Swallower object at 0x0000025A17417C50>
robot[anFL9UsxNr+4vr8u].panel_frame.childex.line_left.getPositionX()=<gshare.utils.Swallower object at 0x0000025A17417C50>
robot[anFL9UsxNr+4vr8u].panel_frame.childex.line_left.getPositionY()=<gshare.utils.Swallower object at 0x0000025A17417C50>
robot[anFL9UsxNr+4vr8u].panel_frame.childex.line_left.getAnchorPoint()=<gshare.utils.Swallower object at 0x0000025A17417C50>
robot[anFL9UsxNr+4vr8u].panel_frame.childex.line_left.GetWorldPosition()=<gshare.utils.Swallower object at 0x0000025A17417C50>
robot[anFL9UsxNr+4vr8u].panel_frame.childex.line_left.getScale()=<gshare.utils.Swallower object at 0x0000025A17417C50>
robot[anFL9UsxNr+4vr8u].panel_frame.childex.line_left.getScaleX()=<gshare.utils.Swallower object at 0x0000025A17417C50>
robot[anFL9UsxNr+4vr8u].panel_frame.childex.line_left.getScaleY()=<gshare.utils.Swallower object at 0x0000025A17417C50>
robot[anFL9UsxNr+4vr8u].panel_frame.childex.line_left.IsAncestorsVisible()=False
robot[anFL9UsxNr+4vr8u].panel_frame.childex.line_left.isVisible()=<gshare.utils.Swallower object at 0x0000025A17417C50>
robot[anFL9UsxNr+4vr8u].panel_frame.childex.line_left.getChildrenCount()=<gshare.utils.Swallower object at 0x0000025A17417C50>
robot[anFL9UsxNr+4vr8u].panel_frame.childex.line_left.interesting=['AddChild', 'CheckPosInView', 'EnablePressScale', 'GetHeight', 'GetRealContentSize', 'GetWidth', 'GetWorldPosition', 'GetWorldPositionLeftBottom', 'GetWorldPositionPercent', 'IsAncestorsVisible', 'IsWorldPosInNodeBound', 'SCRATCH_CARD_IMAGE_NAME', 'SCRATCH_CARD_TOUCH_NAME', 'SetChildrenClippingEnabled', 'SetChildrenClippingType', 'SetHeight', 'SetPosition', 'SetPositionX', 'SetPositionY', 'SetWidth', 'SetWidthHeight', 'SetWorldPosition', 'SetWorldPositionPercent', '_pos_began', 'addChild', 'child', 'childex', 'getContentSize', 'rchild', 'rchildex', 'scale', 'setContentSize', 'setZoomChildren', 'visible', 'zoomChildren']
robot[anFL9UsxNr+4vr8u].panel_frame.childex('line_right') -> <gclient.framework.ui.widgets.ui_node.UINode object(Swallower) at 0x25A032EBE00> type=<class 'gclient.framework.ui.widgets.ui_node.UINode'>
robot[anFL9UsxNr+4vr8u].panel_frame.childex.line_right: <gclient.framework.ui.widgets.ui_node.UINode object(Swallower) at 0x25A032EBE00> type=<class 'gclient.framework.ui.widgets.ui_node.UINode'>
robot[anFL9UsxNr+4vr8u].panel_frame.childex.line_right.visible=<gshare.utils.Swallower object at 0x00000259D7DA7390>
robot[anFL9UsxNr+4vr8u].panel_frame.childex.line_right.opacity=<gshare.utils.Swallower object at 0x00000259D7DA7390>
robot[anFL9UsxNr+4vr8u].panel_frame.childex.line_right.scale=<gshare.utils.Swallower object at 0x00000259D7DA7390>
robot[anFL9UsxNr+4vr8u].panel_frame.childex.line_right.scale_x=<gshare.utils.Swallower object at 0x00000259D7DA7390>
robot[anFL9UsxNr+4vr8u].panel_frame.childex.line_right.scale_y=<gshare.utils.Swallower object at 0x00000259D7DA7390>
robot[anFL9UsxNr+4vr8u].panel_frame.childex.line_right.x=<gshare.utils.Swallower object at 0x00000259D7DA7390>
robot[anFL9UsxNr+4vr8u].panel_frame.childex.line_right.y=<gshare.utils.Swallower object at 0x00000259D7DA7390>
robot[anFL9UsxNr+4vr8u].panel_frame.childex.line_right.width=<gshare.utils.Swallower object at 0x00000259D7DA7390>
robot[anFL9UsxNr+4vr8u].panel_frame.childex.line_right.height=<gshare.utils.Swallower object at 0x00000259D7DA7390>
robot[anFL9UsxNr+4vr8u].panel_frame.childex.line_right.widget=<gshare.utils.Swallower object at 0x00000259D7DA7390>
robot[anFL9UsxNr+4vr8u].panel_frame.childex.line_right.getName()=<gshare.utils.Swallower object at 0x00000259D7DA7390>
robot[anFL9UsxNr+4vr8u].panel_frame.childex.line_right.GetName()=<gshare.utils.Swallower object at 0x00000259D7DA7390>
robot[anFL9UsxNr+4vr8u].panel_frame.childex.line_right.GetWidth()=<gshare.utils.Swallower object at 0x00000259D7DA7390>
robot[anFL9UsxNr+4vr8u].panel_frame.childex.line_right.GetHeight()=<gshare.utils.Swallower object at 0x00000259D7DA7390>
robot[anFL9UsxNr+4vr8u].panel_frame.childex.line_right.getContentSize()=<gshare.utils.Swallower object at 0x00000259D7DA7390>
robot[anFL9UsxNr+4vr8u].panel_frame.childex.line_right.GetRealContentSize()=Size(1.000000, 1.000000)
robot[anFL9UsxNr+4vr8u].panel_frame.childex.line_right.getPosition()=<gshare.utils.Swallower object at 0x00000259D7DA7390>
robot[anFL9UsxNr+4vr8u].panel_frame.childex.line_right.GetPosition()=<gshare.utils.Swallower object at 0x00000259D7DA7390>
robot[anFL9UsxNr+4vr8u].panel_frame.childex.line_right.getPositionX()=<gshare.utils.Swallower object at 0x00000259D7DA7390>
robot[anFL9UsxNr+4vr8u].panel_frame.childex.line_right.getPositionY()=<gshare.utils.Swallower object at 0x00000259D7DA7390>
robot[anFL9UsxNr+4vr8u].panel_frame.childex.line_right.getAnchorPoint()=<gshare.utils.Swallower object at 0x00000259D7DA7390>
robot[anFL9UsxNr+4vr8u].panel_frame.childex.line_right.GetWorldPosition()=<gshare.utils.Swallower object at 0x00000259D7DA7390>
robot[anFL9UsxNr+4vr8u].panel_frame.childex.line_right.getScale()=<gshare.utils.Swallower object at 0x00000259D7DA7390>
robot[anFL9UsxNr+4vr8u].panel_frame.childex.line_right.getScaleX()=<gshare.utils.Swallower object at 0x00000259D7DA7390>
robot[anFL9UsxNr+4vr8u].panel_frame.childex.line_right.getScaleY()=<gshare.utils.Swallower object at 0x00000259D7DA7390>
robot[anFL9UsxNr+4vr8u].panel_frame.childex.line_right.IsAncestorsVisible()=False
robot[anFL9UsxNr+4vr8u].panel_frame.childex.line_right.isVisible()=<gshare.utils.Swallower object at 0x00000259D7DA7390>
robot[anFL9UsxNr+4vr8u].panel_frame.childex.line_right.getChildrenCount()=<gshare.utils.Swallower object at 0x00000259D7DA7390>
robot[anFL9UsxNr+4vr8u].panel_frame.childex.line_right.interesting=['AddChild', 'CheckPosInView', 'EnablePressScale', 'GetHeight', 'GetRealContentSize', 'GetWidth', 'GetWorldPosition', 'GetWorldPositionLeftBottom', 'GetWorldPositionPercent', 'IsAncestorsVisible', 'IsWorldPosInNodeBound', 'SCRATCH_CARD_IMAGE_NAME', 'SCRATCH_CARD_TOUCH_NAME', 'SetChildrenClippingEnabled', 'SetChildrenClippingType', 'SetHeight', 'SetPosition', 'SetPositionX', 'SetPositionY', 'SetWidth', 'SetWidthHeight', 'SetWorldPosition', 'SetWorldPositionPercent', '_pos_began', 'addChild', 'child', 'childex', 'getContentSize', 'rchild', 'rchildex', 'scale', 'setContentSize', 'setZoomChildren', 'visible', 'zoomChildren']
robot[anFL9UsxNr+4vr8u].panel_frame.childex('line_top') -> <gclient.framework.ui.widgets.ui_node.UINode object(Swallower) at 0x25A032B8D70> type=<class 'gclient.framework.ui.widgets.ui_node.UINode'>
robot[anFL9UsxNr+4vr8u].panel_frame.childex.line_top: <gclient.framework.ui.widgets.ui_node.UINode object(Swallower) at 0x25A032B8D70> type=<class 'gclient.framework.ui.widgets.ui_node.UINode'>
robot[anFL9UsxNr+4vr8u].panel_frame.childex.line_top.visible=<gshare.utils.Swallower object at 0x0000025A17417C50>
robot[anFL9UsxNr+4vr8u].panel_frame.childex.line_top.opacity=<gshare.utils.Swallower object at 0x0000025A17417C50>
robot[anFL9UsxNr+4vr8u].panel_frame.childex.line_top.scale=<gshare.utils.Swallower object at 0x0000025A17417C50>
robot[anFL9UsxNr+4vr8u].panel_frame.childex.line_top.scale_x=<gshare.utils.Swallower object at 0x0000025A17417C50>
robot[anFL9UsxNr+4vr8u].panel_frame.childex.line_top.scale_y=<gshare.utils.Swallower object at 0x0000025A17417C50>
robot[anFL9UsxNr+4vr8u].panel_frame.childex.line_top.x=<gshare.utils.Swallower object at 0x0000025A17417C50>
robot[anFL9UsxNr+4vr8u].panel_frame.childex.line_top.y=<gshare.utils.Swallower object at 0x0000025A17417C50>
robot[anFL9UsxNr+4vr8u].panel_frame.childex.line_top.width=<gshare.utils.Swallower object at 0x0000025A17417C50>
robot[anFL9UsxNr+4vr8u].panel_frame.childex.line_top.height=<gshare.utils.Swallower object at 0x0000025A17417C50>
robot[anFL9UsxNr+4vr8u].panel_frame.childex.line_top.widget=<gshare.utils.Swallower object at 0x0000025A17417C50>
robot[anFL9UsxNr+4vr8u].panel_frame.childex.line_top.getName()=<gshare.utils.Swallower object at 0x0000025A17417C50>
robot[anFL9UsxNr+4vr8u].panel_frame.childex.line_top.GetName()=<gshare.utils.Swallower object at 0x0000025A17417C50>
robot[anFL9UsxNr+4vr8u].panel_frame.childex.line_top.GetWidth()=<gshare.utils.Swallower object at 0x0000025A17417C50>
robot[anFL9UsxNr+4vr8u].panel_frame.childex.line_top.GetHeight()=<gshare.utils.Swallower object at 0x0000025A17417C50>
robot[anFL9UsxNr+4vr8u].panel_frame.childex.line_top.getContentSize()=<gshare.utils.Swallower object at 0x0000025A17417C50>
robot[anFL9UsxNr+4vr8u].panel_frame.childex.line_top.GetRealContentSize()=Size(1.000000, 1.000000)
robot[anFL9UsxNr+4vr8u].panel_frame.childex.line_top.getPosition()=<gshare.utils.Swallower object at 0x0000025A17417C50>
robot[anFL9UsxNr+4vr8u].panel_frame.childex.line_top.GetPosition()=<gshare.utils.Swallower object at 0x0000025A17417C50>
robot[anFL9UsxNr+4vr8u].panel_frame.childex.line_top.getPositionX()=<gshare.utils.Swallower object at 0x0000025A17417C50>
robot[anFL9UsxNr+4vr8u].panel_frame.childex.line_top.getPositionY()=<gshare.utils.Swallower object at 0x0000025A17417C50>
robot[anFL9UsxNr+4vr8u].panel_frame.childex.line_top.getAnchorPoint()=<gshare.utils.Swallower object at 0x0000025A17417C50>
robot[anFL9UsxNr+4vr8u].panel_frame.childex.line_top.GetWorldPosition()=<gshare.utils.Swallower object at 0x0000025A17417C50>
robot[anFL9UsxNr+4vr8u].panel_frame.childex.line_top.getScale()=<gshare.utils.Swallower object at 0x0000025A17417C50>
robot[anFL9UsxNr+4vr8u].panel_frame.childex.line_top.getScaleX()=<gshare.utils.Swallower object at 0x0000025A17417C50>
robot[anFL9UsxNr+4vr8u].panel_frame.childex.line_top.getScaleY()=<gshare.utils.Swallower object at 0x0000025A17417C50>
robot[anFL9UsxNr+4vr8u].panel_frame.childex.line_top.IsAncestorsVisible()=False
robot[anFL9UsxNr+4vr8u].panel_frame.childex.line_top.isVisible()=<gshare.utils.Swallower object at 0x0000025A17417C50>
robot[anFL9UsxNr+4vr8u].panel_frame.childex.line_top.getChildrenCount()=<gshare.utils.Swallower object at 0x0000025A17417C50>
robot[anFL9UsxNr+4vr8u].panel_frame.childex.line_top.interesting=['AddChild', 'CheckPosInView', 'EnablePressScale', 'GetHeight', 'GetRealContentSize', 'GetWidth', 'GetWorldPosition', 'GetWorldPositionLeftBottom', 'GetWorldPositionPercent', 'IsAncestorsVisible', 'IsWorldPosInNodeBound', 'SCRATCH_CARD_IMAGE_NAME', 'SCRATCH_CARD_TOUCH_NAME', 'SetChildrenClippingEnabled', 'SetChildrenClippingType', 'SetHeight', 'SetPosition', 'SetPositionX', 'SetPositionY', 'SetWidth', 'SetWidthHeight', 'SetWorldPosition', 'SetWorldPositionPercent', '_pos_began', 'addChild', 'child', 'childex', 'getContentSize', 'rchild', 'rchildex', 'scale', 'setContentSize', 'setZoomChildren', 'visible', 'zoomChildren']
robot[anFL9UsxNr+4vr8u].panel_frame.childex('line_bottom') -> <gclient.framework.ui.widgets.ui_node.UINode object(Swallower) at 0x25A032EBE00> type=<class 'gclient.framework.ui.widgets.ui_node.UINode'>
robot[anFL9UsxNr+4vr8u].panel_frame.childex.line_bottom: <gclient.framework.ui.widgets.ui_node.UINode object(Swallower) at 0x25A032EBE00> type=<class 'gclient.framework.ui.widgets.ui_node.UINode'>
robot[anFL9UsxNr+4vr8u].panel_frame.childex.line_bottom.visible=<gshare.utils.Swallower object at 0x00000259D7DA7390>
robot[anFL9UsxNr+4vr8u].panel_frame.childex.line_bottom.opacity=<gshare.utils.Swallower object at 0x00000259D7DA7390>
robot[anFL9UsxNr+4vr8u].panel_frame.childex.line_bottom.scale=<gshare.utils.Swallower object at 0x00000259D7DA7390>
robot[anFL9UsxNr+4vr8u].panel_frame.childex.line_bottom.scale_x=<gshare.utils.Swallower object at 0x00000259D7DA7390>
robot[anFL9UsxNr+4vr8u].panel_frame.childex.line_bottom.scale_y=<gshare.utils.Swallower object at 0x00000259D7DA7390>
robot[anFL9UsxNr+4vr8u].panel_frame.childex.line_bottom.x=<gshare.utils.Swallower object at 0x00000259D7DA7390>
robot[anFL9UsxNr+4vr8u].panel_frame.childex.line_bottom.y=<gshare.utils.Swallower object at 0x00000259D7DA7390>
robot[anFL9UsxNr+4vr8u].panel_frame.childex.line_bottom.width=<gshare.utils.Swallower object at 0x00000259D7DA7390>
robot[anFL9UsxNr+4vr8u].panel_frame.childex.line_bottom.height=<gshare.utils.Swallower object at 0x00000259D7DA7390>
robot[anFL9UsxNr+4vr8u].panel_frame.childex.line_bottom.widget=<gshare.utils.Swallower object at 0x00000259D7DA7390>
robot[anFL9UsxNr+4vr8u].panel_frame.childex.line_bottom.getName()=<gshare.utils.Swallower object at 0x00000259D7DA7390>
robot[anFL9UsxNr+4vr8u].panel_frame.childex.line_bottom.GetName()=<gshare.utils.Swallower object at 0x00000259D7DA7390>
robot[anFL9UsxNr+4vr8u].panel_frame.childex.line_bottom.GetWidth()=<gshare.utils.Swallower object at 0x00000259D7DA7390>
robot[anFL9UsxNr+4vr8u].panel_frame.childex.line_bottom.GetHeight()=<gshare.utils.Swallower object at 0x00000259D7DA7390>
robot[anFL9UsxNr+4vr8u].panel_frame.childex.line_bottom.getContentSize()=<gshare.utils.Swallower object at 0x00000259D7DA7390>
robot[anFL9UsxNr+4vr8u].panel_frame.childex.line_bottom.GetRealContentSize()=Size(1.000000, 1.000000)
robot[anFL9UsxNr+4vr8u].panel_frame.childex.line_bottom.getPosition()=<gshare.utils.Swallower object at 0x00000259D7DA7390>
robot[anFL9UsxNr+4vr8u].panel_frame.childex.line_bottom.GetPosition()=<gshare.utils.Swallower object at 0x00000259D7DA7390>
robot[anFL9UsxNr+4vr8u].panel_frame.childex.line_bottom.getPositionX()=<gshare.utils.Swallower object at 0x00000259D7DA7390>
robot[anFL9UsxNr+4vr8u].panel_frame.childex.line_bottom.getPositionY()=<gshare.utils.Swallower object at 0x00000259D7DA7390>
robot[anFL9UsxNr+4vr8u].panel_frame.childex.line_bottom.getAnchorPoint()=<gshare.utils.Swallower object at 0x00000259D7DA7390>
robot[anFL9UsxNr+4vr8u].panel_frame.childex.line_bottom.GetWorldPosition()=<gshare.utils.Swallower object at 0x00000259D7DA7390>
robot[anFL9UsxNr+4vr8u].panel_frame.childex.line_bottom.getScale()=<gshare.utils.Swallower object at 0x00000259D7DA7390>
robot[anFL9UsxNr+4vr8u].panel_frame.childex.line_bottom.getScaleX()=<gshare.utils.Swallower object at 0x00000259D7DA7390>
robot[anFL9UsxNr+4vr8u].panel_frame.childex.line_bottom.getScaleY()=<gshare.utils.Swallower object at 0x00000259D7DA7390>
robot[anFL9UsxNr+4vr8u].panel_frame.childex.line_bottom.IsAncestorsVisible()=False
robot[anFL9UsxNr+4vr8u].panel_frame.childex.line_bottom.isVisible()=<gshare.utils.Swallower object at 0x00000259D7DA7390>
robot[anFL9UsxNr+4vr8u].panel_frame.childex.line_bottom.getChildrenCount()=<gshare.utils.Swallower object at 0x00000259D7DA7390>
robot[anFL9UsxNr+4vr8u].panel_frame.childex.line_bottom.interesting=['AddChild', 'CheckPosInView', 'EnablePressScale', 'GetHeight', 'GetRealContentSize', 'GetWidth', 'GetWorldPosition', 'GetWorldPositionLeftBottom', 'GetWorldPositionPercent', 'IsAncestorsVisible', 'IsWorldPosInNodeBound', 'SCRATCH_CARD_IMAGE_NAME', 'SCRATCH_CARD_TOUCH_NAME', 'SetChildrenClippingEnabled', 'SetChildrenClippingType', 'SetHeight', 'SetPosition', 'SetPositionX', 'SetPositionY', 'SetWidth', 'SetWidthHeight', 'SetWorldPosition', 'SetWorldPositionPercent', '_pos_began', 'addChild', 'child', 'childex', 'getContentSize', 'rchild', 'rchildex', 'scale', 'setContentSize', 'setZoomChildren', 'visible', 'zoomChildren']
robot[anFL9UsxNr+4vr8u].panel_frame.childex('img_left') -> <gclient.framework.ui.widgets.ui_node.UINode object(Swallower) at 0x25A032B8D70> type=<class 'gclient.framework.ui.widgets.ui_node.UINode'>
robot[anFL9UsxNr+4vr8u].panel_frame.childex.img_left: <gclient.framework.ui.widgets.ui_node.UINode object(Swallower) at 0x25A032B8D70> type=<class 'gclient.framework.ui.widgets.ui_node.UINode'>
robot[anFL9UsxNr+4vr8u].panel_frame.childex.img_left.visible=<gshare.utils.Swallower object at 0x0000025A17417C50>
robot[anFL9UsxNr+4vr8u].panel_frame.childex.img_left.opacity=<gshare.utils.Swallower object at 0x0000025A17417C50>
robot[anFL9UsxNr+4vr8u].panel_frame.childex.img_left.scale=<gshare.utils.Swallower object at 0x0000025A17417C50>
robot[anFL9UsxNr+4vr8u].panel_frame.childex.img_left.scale_x=<gshare.utils.Swallower object at 0x0000025A17417C50>
robot[anFL9UsxNr+4vr8u].panel_frame.childex.img_left.scale_y=<gshare.utils.Swallower object at 0x0000025A17417C50>
robot[anFL9UsxNr+4vr8u].panel_frame.childex.img_left.x=<gshare.utils.Swallower object at 0x0000025A17417C50>
robot[anFL9UsxNr+4vr8u].panel_frame.childex.img_left.y=<gshare.utils.Swallower object at 0x0000025A17417C50>
robot[anFL9UsxNr+4vr8u].panel_frame.childex.img_left.width=<gshare.utils.Swallower object at 0x0000025A17417C50>
robot[anFL9UsxNr+4vr8u].panel_frame.childex.img_left.height=<gshare.utils.Swallower object at 0x0000025A17417C50>
robot[anFL9UsxNr+4vr8u].panel_frame.childex.img_left.widget=<gshare.utils.Swallower object at 0x0000025A17417C50>
robot[anFL9UsxNr+4vr8u].panel_frame.childex.img_left.getName()=<gshare.utils.Swallower object at 0x0000025A17417C50>
robot[anFL9UsxNr+4vr8u].panel_frame.childex.img_left.GetName()=<gshare.utils.Swallower object at 0x0000025A17417C50>
robot[anFL9UsxNr+4vr8u].panel_frame.childex.img_left.GetWidth()=<gshare.utils.Swallower object at 0x0000025A17417C50>
robot[anFL9UsxNr+4vr8u].panel_frame.childex.img_left.GetHeight()=<gshare.utils.Swallower object at 0x0000025A17417C50>
robot[anFL9UsxNr+4vr8u].panel_frame.childex.img_left.getContentSize()=<gshare.utils.Swallower object at 0x0000025A17417C50>
robot[anFL9UsxNr+4vr8u].panel_frame.childex.img_left.GetRealContentSize()=Size(1.000000, 1.000000)
robot[anFL9UsxNr+4vr8u].panel_frame.childex.img_left.getPosition()=<gshare.utils.Swallower object at 0x0000025A17417C50>
robot[anFL9UsxNr+4vr8u].panel_frame.childex.img_left.GetPosition()=<gshare.utils.Swallower object at 0x0000025A17417C50>
robot[anFL9UsxNr+4vr8u].panel_frame.childex.img_left.getPositionX()=<gshare.utils.Swallower object at 0x0000025A17417C50>
robot[anFL9UsxNr+4vr8u].panel_frame.childex.img_left.getPositionY()=<gshare.utils.Swallower object at 0x0000025A17417C50>
robot[anFL9UsxNr+4vr8u].panel_frame.childex.img_left.getAnchorPoint()=<gshare.utils.Swallower object at 0x0000025A17417C50>
robot[anFL9UsxNr+4vr8u].panel_frame.childex.img_left.GetWorldPosition()=<gshare.utils.Swallower object at 0x0000025A17417C50>
robot[anFL9UsxNr+4vr8u].panel_frame.childex.img_left.getScale()=<gshare.utils.Swallower object at 0x0000025A17417C50>
robot[anFL9UsxNr+4vr8u].panel_frame.childex.img_left.getScaleX()=<gshare.utils.Swallower object at 0x0000025A17417C50>
robot[anFL9UsxNr+4vr8u].panel_frame.childex.img_left.getScaleY()=<gshare.utils.Swallower object at 0x0000025A17417C50>
robot[anFL9UsxNr+4vr8u].panel_frame.childex.img_left.IsAncestorsVisible()=False
robot[anFL9UsxNr+4vr8u].panel_frame.childex.img_left.isVisible()=<gshare.utils.Swallower object at 0x0000025A17417C50>
robot[anFL9UsxNr+4vr8u].panel_frame.childex.img_left.getChildrenCount()=<gshare.utils.Swallower object at 0x0000025A17417C50>
robot[anFL9UsxNr+4vr8u].panel_frame.childex.img_left.interesting=['AddChild', 'CheckPosInView', 'EnablePressScale', 'GetHeight', 'GetRealContentSize', 'GetWidth', 'GetWorldPosition', 'GetWorldPositionLeftBottom', 'GetWorldPositionPercent', 'IsAncestorsVisible', 'IsWorldPosInNodeBound', 'SCRATCH_CARD_IMAGE_NAME', 'SCRATCH_CARD_TOUCH_NAME', 'SetChildrenClippingEnabled', 'SetChildrenClippingType', 'SetHeight', 'SetPosition', 'SetPositionX', 'SetPositionY', 'SetWidth', 'SetWidthHeight', 'SetWorldPosition', 'SetWorldPositionPercent', '_pos_began', 'addChild', 'child', 'childex', 'getContentSize', 'rchild', 'rchildex', 'scale', 'setContentSize', 'setZoomChildren', 'visible', 'zoomChildren']
robot[anFL9UsxNr+4vr8u].panel_frame.childex('img_right') -> <gclient.framework.ui.widgets.ui_node.UINode object(Swallower) at 0x25A032EBE00> type=<class 'gclient.framework.ui.widgets.ui_node.UINode'>
robot[anFL9UsxNr+4vr8u].panel_frame.childex.img_right: <gclient.framework.ui.widgets.ui_node.UINode object(Swallower) at 0x25A032EBE00> type=<class 'gclient.framework.ui.widgets.ui_node.UINode'>
robot[anFL9UsxNr+4vr8u].panel_frame.childex.img_right.visible=<gshare.utils.Swallower object at 0x00000259D7DA7390>
robot[anFL9UsxNr+4vr8u].panel_frame.childex.img_right.opacity=<gshare.utils.Swallower object at 0x00000259D7DA7390>
robot[anFL9UsxNr+4vr8u].panel_frame.childex.img_right.scale=<gshare.utils.Swallower object at 0x00000259D7DA7390>
robot[anFL9UsxNr+4vr8u].panel_frame.childex.img_right.scale_x=<gshare.utils.Swallower object at 0x00000259D7DA7390>
robot[anFL9UsxNr+4vr8u].panel_frame.childex.img_right.scale_y=<gshare.utils.Swallower object at 0x00000259D7DA7390>
robot[anFL9UsxNr+4vr8u].panel_frame.childex.img_right.x=<gshare.utils.Swallower object at 0x00000259D7DA7390>
robot[anFL9UsxNr+4vr8u].panel_frame.childex.img_right.y=<gshare.utils.Swallower object at 0x00000259D7DA7390>
robot[anFL9UsxNr+4vr8u].panel_frame.childex.img_right.width=<gshare.utils.Swallower object at 0x00000259D7DA7390>
robot[anFL9UsxNr+4vr8u].panel_frame.childex.img_right.height=<gshare.utils.Swallower object at 0x00000259D7DA7390>
robot[anFL9UsxNr+4vr8u].panel_frame.childex.img_right.widget=<gshare.utils.Swallower object at 0x00000259D7DA7390>
robot[anFL9UsxNr+4vr8u].panel_frame.childex.img_right.getName()=<gshare.utils.Swallower object at 0x00000259D7DA7390>
robot[anFL9UsxNr+4vr8u].panel_frame.childex.img_right.GetName()=<gshare.utils.Swallower object at 0x00000259D7DA7390>
robot[anFL9UsxNr+4vr8u].panel_frame.childex.img_right.GetWidth()=<gshare.utils.Swallower object at 0x00000259D7DA7390>
robot[anFL9UsxNr+4vr8u].panel_frame.childex.img_right.GetHeight()=<gshare.utils.Swallower object at 0x00000259D7DA7390>
robot[anFL9UsxNr+4vr8u].panel_frame.childex.img_right.getContentSize()=<gshare.utils.Swallower object at 0x00000259D7DA7390>
robot[anFL9UsxNr+4vr8u].panel_frame.childex.img_right.GetRealContentSize()=Size(1.000000, 1.000000)
robot[anFL9UsxNr+4vr8u].panel_frame.childex.img_right.getPosition()=<gshare.utils.Swallower object at 0x00000259D7DA7390>
robot[anFL9UsxNr+4vr8u].panel_frame.childex.img_right.GetPosition()=<gshare.utils.Swallower object at 0x00000259D7DA7390>
robot[anFL9UsxNr+4vr8u].panel_frame.childex.img_right.getPositionX()=<gshare.utils.Swallower object at 0x00000259D7DA7390>
robot[anFL9UsxNr+4vr8u].panel_frame.childex.img_right.getPositionY()=<gshare.utils.Swallower object at 0x00000259D7DA7390>
robot[anFL9UsxNr+4vr8u].panel_frame.childex.img_right.getAnchorPoint()=<gshare.utils.Swallower object at 0x00000259D7DA7390>
robot[anFL9UsxNr+4vr8u].panel_frame.childex.img_right.GetWorldPosition()=<gshare.utils.Swallower object at 0x00000259D7DA7390>
robot[anFL9UsxNr+4vr8u].panel_frame.childex.img_right.getScale()=<gshare.utils.Swallower object at 0x00000259D7DA7390>
robot[anFL9UsxNr+4vr8u].panel_frame.childex.img_right.getScaleX()=<gshare.utils.Swallower object at 0x00000259D7DA7390>
robot[anFL9UsxNr+4vr8u].panel_frame.childex.img_right.getScaleY()=<gshare.utils.Swallower object at 0x00000259D7DA7390>
robot[anFL9UsxNr+4vr8u].panel_frame.childex.img_right.IsAncestorsVisible()=False
robot[anFL9UsxNr+4vr8u].panel_frame.childex.img_right.isVisible()=<gshare.utils.Swallower object at 0x00000259D7DA7390>
robot[anFL9UsxNr+4vr8u].panel_frame.childex.img_right.getChildrenCount()=<gshare.utils.Swallower object at 0x00000259D7DA7390>
robot[anFL9UsxNr+4vr8u].panel_frame.childex.img_right.interesting=['AddChild', 'CheckPosInView', 'EnablePressScale', 'GetHeight', 'GetRealContentSize', 'GetWidth', 'GetWorldPosition', 'GetWorldPositionLeftBottom', 'GetWorldPositionPercent', 'IsAncestorsVisible', 'IsWorldPosInNodeBound', 'SCRATCH_CARD_IMAGE_NAME', 'SCRATCH_CARD_TOUCH_NAME', 'SetChildrenClippingEnabled', 'SetChildrenClippingType', 'SetHeight', 'SetPosition', 'SetPositionX', 'SetPositionY', 'SetWidth', 'SetWidthHeight', 'SetWorldPosition', 'SetWorldPositionPercent', '_pos_began', 'addChild', 'child', 'childex', 'getContentSize', 'rchild', 'rchildex', 'scale', 'setContentSize', 'setZoomChildren', 'visible', 'zoomChildren']
robot[anFL9UsxNr+4vr8u].panel_frame.childex('img_top') -> <gclient.framework.ui.widgets.ui_node.UINode object(Swallower) at 0x25A032B8D70> type=<class 'gclient.framework.ui.widgets.ui_node.UINode'>
robot[anFL9UsxNr+4vr8u].panel_frame.childex.img_top: <gclient.framework.ui.widgets.ui_node.UINode object(Swallower) at 0x25A032B8D70> type=<class 'gclient.framework.ui.widgets.ui_node.UINode'>
robot[anFL9UsxNr+4vr8u].panel_frame.childex.img_top.visible=<gshare.utils.Swallower object at 0x0000025A17417C50>
robot[anFL9UsxNr+4vr8u].panel_frame.childex.img_top.opacity=<gshare.utils.Swallower object at 0x0000025A17417C50>
robot[anFL9UsxNr+4vr8u].panel_frame.childex.img_top.scale=<gshare.utils.Swallower object at 0x0000025A17417C50>
robot[anFL9UsxNr+4vr8u].panel_frame.childex.img_top.scale_x=<gshare.utils.Swallower object at 0x0000025A17417C50>
robot[anFL9UsxNr+4vr8u].panel_frame.childex.img_top.scale_y=<gshare.utils.Swallower object at 0x0000025A17417C50>
robot[anFL9UsxNr+4vr8u].panel_frame.childex.img_top.x=<gshare.utils.Swallower object at 0x0000025A17417C50>
robot[anFL9UsxNr+4vr8u].panel_frame.childex.img_top.y=<gshare.utils.Swallower object at 0x0000025A17417C50>
robot[anFL9UsxNr+4vr8u].panel_frame.childex.img_top.width=<gshare.utils.Swallower object at 0x0000025A17417C50>
robot[anFL9UsxNr+4vr8u].panel_frame.childex.img_top.height=<gshare.utils.Swallower object at 0x0000025A17417C50>
robot[anFL9UsxNr+4vr8u].panel_frame.childex.img_top.widget=<gshare.utils.Swallower object at 0x0000025A17417C50>
robot[anFL9UsxNr+4vr8u].panel_frame.childex.img_top.getName()=<gshare.utils.Swallower object at 0x0000025A17417C50>
robot[anFL9UsxNr+4vr8u].panel_frame.childex.img_top.GetName()=<gshare.utils.Swallower object at 0x0000025A17417C50>
robot[anFL9UsxNr+4vr8u].panel_frame.childex.img_top.GetWidth()=<gshare.utils.Swallower object at 0x0000025A17417C50>
robot[anFL9UsxNr+4vr8u].panel_frame.childex.img_top.GetHeight()=<gshare.utils.Swallower object at 0x0000025A17417C50>
robot[anFL9UsxNr+4vr8u].panel_frame.childex.img_top.getContentSize()=<gshare.utils.Swallower object at 0x0000025A17417C50>
robot[anFL9UsxNr+4vr8u].panel_frame.childex.img_top.GetRealContentSize()=Size(1.000000, 1.000000)
robot[anFL9UsxNr+4vr8u].panel_frame.childex.img_top.getPosition()=<gshare.utils.Swallower object at 0x0000025A17417C50>
robot[anFL9UsxNr+4vr8u].panel_frame.childex.img_top.GetPosition()=<gshare.utils.Swallower object at 0x0000025A17417C50>
robot[anFL9UsxNr+4vr8u].panel_frame.childex.img_top.getPositionX()=<gshare.utils.Swallower object at 0x0000025A17417C50>
robot[anFL9UsxNr+4vr8u].panel_frame.childex.img_top.getPositionY()=<gshare.utils.Swallower object at 0x0000025A17417C50>
robot[anFL9UsxNr+4vr8u].panel_frame.childex.img_top.getAnchorPoint()=<gshare.utils.Swallower object at 0x0000025A17417C50>
robot[anFL9UsxNr+4vr8u].panel_frame.childex.img_top.GetWorldPosition()=<gshare.utils.Swallower object at 0x0000025A17417C50>
robot[anFL9UsxNr+4vr8u].panel_frame.childex.img_top.getScale()=<gshare.utils.Swallower object at 0x0000025A17417C50>
robot[anFL9UsxNr+4vr8u].panel_frame.childex.img_top.getScaleX()=<gshare.utils.Swallower object at 0x0000025A17417C50>
robot[anFL9UsxNr+4vr8u].panel_frame.childex.img_top.getScaleY()=<gshare.utils.Swallower object at 0x0000025A17417C50>
robot[anFL9UsxNr+4vr8u].panel_frame.childex.img_top.IsAncestorsVisible()=False
robot[anFL9UsxNr+4vr8u].panel_frame.childex.img_top.isVisible()=<gshare.utils.Swallower object at 0x0000025A17417C50>
robot[anFL9UsxNr+4vr8u].panel_frame.childex.img_top.getChildrenCount()=<gshare.utils.Swallower object at 0x0000025A17417C50>
robot[anFL9UsxNr+4vr8u].panel_frame.childex.img_top.interesting=['AddChild', 'CheckPosInView', 'EnablePressScale', 'GetHeight', 'GetRealContentSize', 'GetWidth', 'GetWorldPosition', 'GetWorldPositionLeftBottom', 'GetWorldPositionPercent', 'IsAncestorsVisible', 'IsWorldPosInNodeBound', 'SCRATCH_CARD_IMAGE_NAME', 'SCRATCH_CARD_TOUCH_NAME', 'SetChildrenClippingEnabled', 'SetChildrenClippingType', 'SetHeight', 'SetPosition', 'SetPositionX', 'SetPositionY', 'SetWidth', 'SetWidthHeight', 'SetWorldPosition', 'SetWorldPositionPercent', '_pos_began', 'addChild', 'child', 'childex', 'getContentSize', 'rchild', 'rchildex', 'scale', 'setContentSize', 'setZoomChildren', 'visible', 'zoomChildren']
robot[anFL9UsxNr+4vr8u].panel_frame.childex('img_bottom') -> <gclient.framework.ui.widgets.ui_node.UINode object(Swallower) at 0x25A032EBE00> type=<class 'gclient.framework.ui.widgets.ui_node.UINode'>
robot[anFL9UsxNr+4vr8u].panel_frame.childex.img_bottom: <gclient.framework.ui.widgets.ui_node.UINode object(Swallower) at 0x25A032EBE00> type=<class 'gclient.framework.ui.widgets.ui_node.UINode'>
robot[anFL9UsxNr+4vr8u].panel_frame.childex.img_bottom.visible=<gshare.utils.Swallower object at 0x00000259D7DA7390>
robot[anFL9UsxNr+4vr8u].panel_frame.childex.img_bottom.opacity=<gshare.utils.Swallower object at 0x00000259D7DA7390>
robot[anFL9UsxNr+4vr8u].panel_frame.childex.img_bottom.scale=<gshare.utils.Swallower object at 0x00000259D7DA7390>
robot[anFL9UsxNr+4vr8u].panel_frame.childex.img_bottom.scale_x=<gshare.utils.Swallower object at 0x00000259D7DA7390>
robot[anFL9UsxNr+4vr8u].panel_frame.childex.img_bottom.scale_y=<gshare.utils.Swallower object at 0x00000259D7DA7390>
robot[anFL9UsxNr+4vr8u].panel_frame.childex.img_bottom.x=<gshare.utils.Swallower object at 0x00000259D7DA7390>
robot[anFL9UsxNr+4vr8u].panel_frame.childex.img_bottom.y=<gshare.utils.Swallower object at 0x00000259D7DA7390>
robot[anFL9UsxNr+4vr8u].panel_frame.childex.img_bottom.width=<gshare.utils.Swallower object at 0x00000259D7DA7390>
robot[anFL9UsxNr+4vr8u].panel_frame.childex.img_bottom.height=<gshare.utils.Swallower object at 0x00000259D7DA7390>
robot[anFL9UsxNr+4vr8u].panel_frame.childex.img_bottom.widget=<gshare.utils.Swallower object at 0x00000259D7DA7390>
robot[anFL9UsxNr+4vr8u].panel_frame.childex.img_bottom.getName()=<gshare.utils.Swallower object at 0x00000259D7DA7390>
robot[anFL9UsxNr+4vr8u].panel_frame.childex.img_bottom.GetName()=<gshare.utils.Swallower object at 0x00000259D7DA7390>
robot[anFL9UsxNr+4vr8u].panel_frame.childex.img_bottom.GetWidth()=<gshare.utils.Swallower object at 0x00000259D7DA7390>
robot[anFL9UsxNr+4vr8u].panel_frame.childex.img_bottom.GetHeight()=<gshare.utils.Swallower object at 0x00000259D7DA7390>
robot[anFL9UsxNr+4vr8u].panel_frame.childex.img_bottom.getContentSize()=<gshare.utils.Swallower object at 0x00000259D7DA7390>
robot[anFL9UsxNr+4vr8u].panel_frame.childex.img_bottom.GetRealContentSize()=Size(1.000000, 1.000000)
robot[anFL9UsxNr+4vr8u].panel_frame.childex.img_bottom.getPosition()=<gshare.utils.Swallower object at 0x00000259D7DA7390>
robot[anFL9UsxNr+4vr8u].panel_frame.childex.img_bottom.GetPosition()=<gshare.utils.Swallower object at 0x00000259D7DA7390>
robot[anFL9UsxNr+4vr8u].panel_frame.childex.img_bottom.getPositionX()=<gshare.utils.Swallower object at 0x00000259D7DA7390>
robot[anFL9UsxNr+4vr8u].panel_frame.childex.img_bottom.getPositionY()=<gshare.utils.Swallower object at 0x00000259D7DA7390>
robot[anFL9UsxNr+4vr8u].panel_frame.childex.img_bottom.getAnchorPoint()=<gshare.utils.Swallower object at 0x00000259D7DA7390>
robot[anFL9UsxNr+4vr8u].panel_frame.childex.img_bottom.GetWorldPosition()=<gshare.utils.Swallower object at 0x00000259D7DA7390>
robot[anFL9UsxNr+4vr8u].panel_frame.childex.img_bottom.getScale()=<gshare.utils.Swallower object at 0x00000259D7DA7390>
robot[anFL9UsxNr+4vr8u].panel_frame.childex.img_bottom.getScaleX()=<gshare.utils.Swallower object at 0x00000259D7DA7390>
robot[anFL9UsxNr+4vr8u].panel_frame.childex.img_bottom.getScaleY()=<gshare.utils.Swallower object at 0x00000259D7DA7390>
robot[anFL9UsxNr+4vr8u].panel_frame.childex.img_bottom.IsAncestorsVisible()=False
robot[anFL9UsxNr+4vr8u].panel_frame.childex.img_bottom.isVisible()=<gshare.utils.Swallower object at 0x00000259D7DA7390>
robot[anFL9UsxNr+4vr8u].panel_frame.childex.img_bottom.getChildrenCount()=<gshare.utils.Swallower object at 0x00000259D7DA7390>
robot[anFL9UsxNr+4vr8u].panel_frame.childex.img_bottom.interesting=['AddChild', 'CheckPosInView', 'EnablePressScale', 'GetHeight', 'GetRealContentSize', 'GetWidth', 'GetWorldPosition', 'GetWorldPositionLeftBottom', 'GetWorldPositionPercent', 'IsAncestorsVisible', 'IsWorldPosInNodeBound', 'SCRATCH_CARD_IMAGE_NAME', 'SCRATCH_CARD_TOUCH_NAME', 'SetChildrenClippingEnabled', 'SetChildrenClippingType', 'SetHeight', 'SetPosition', 'SetPositionX', 'SetPositionY', 'SetWidth', 'SetWidthHeight', 'SetWorldPosition', 'SetWorldPositionPercent', '_pos_began', 'addChild', 'child', 'childex', 'getContentSize', 'rchild', 'rchildex', 'scale', 'setContentSize', 'setZoomChildren', 'visible', 'zoomChildren']
robot[anFL9UsxNr+4vr8u].panel_frame.childex('Image_1') -> <gclient.framework.ui.widgets.ui_node.UINode object(Swallower) at 0x25A032B8D70> type=<class 'gclient.framework.ui.widgets.ui_node.UINode'>
robot[anFL9UsxNr+4vr8u].panel_frame.childex.Image_1: <gclient.framework.ui.widgets.ui_node.UINode object(Swallower) at 0x25A032B8D70> type=<class 'gclient.framework.ui.widgets.ui_node.UINode'>
robot[anFL9UsxNr+4vr8u].panel_frame.childex.Image_1.visible=<gshare.utils.Swallower object at 0x0000025A17417C50>
robot[anFL9UsxNr+4vr8u].panel_frame.childex.Image_1.opacity=<gshare.utils.Swallower object at 0x0000025A17417C50>
robot[anFL9UsxNr+4vr8u].panel_frame.childex.Image_1.scale=<gshare.utils.Swallower object at 0x0000025A17417C50>
robot[anFL9UsxNr+4vr8u].panel_frame.childex.Image_1.scale_x=<gshare.utils.Swallower object at 0x0000025A17417C50>
robot[anFL9UsxNr+4vr8u].panel_frame.childex.Image_1.scale_y=<gshare.utils.Swallower object at 0x0000025A17417C50>
robot[anFL9UsxNr+4vr8u].panel_frame.childex.Image_1.x=<gshare.utils.Swallower object at 0x0000025A17417C50>
robot[anFL9UsxNr+4vr8u].panel_frame.childex.Image_1.y=<gshare.utils.Swallower object at 0x0000025A17417C50>
robot[anFL9UsxNr+4vr8u].panel_frame.childex.Image_1.width=<gshare.utils.Swallower object at 0x0000025A17417C50>
robot[anFL9UsxNr+4vr8u].panel_frame.childex.Image_1.height=<gshare.utils.Swallower object at 0x0000025A17417C50>
robot[anFL9UsxNr+4vr8u].panel_frame.childex.Image_1.widget=<gshare.utils.Swallower object at 0x0000025A17417C50>
robot[anFL9UsxNr+4vr8u].panel_frame.childex.Image_1.getName()=<gshare.utils.Swallower object at 0x0000025A17417C50>
robot[anFL9UsxNr+4vr8u].panel_frame.childex.Image_1.GetName()=<gshare.utils.Swallower object at 0x0000025A17417C50>
robot[anFL9UsxNr+4vr8u].panel_frame.childex.Image_1.GetWidth()=<gshare.utils.Swallower object at 0x0000025A17417C50>
robot[anFL9UsxNr+4vr8u].panel_frame.childex.Image_1.GetHeight()=<gshare.utils.Swallower object at 0x0000025A17417C50>
robot[anFL9UsxNr+4vr8u].panel_frame.childex.Image_1.getContentSize()=<gshare.utils.Swallower object at 0x0000025A17417C50>
robot[anFL9UsxNr+4vr8u].panel_frame.childex.Image_1.GetRealContentSize()=Size(1.000000, 1.000000)
robot[anFL9UsxNr+4vr8u].panel_frame.childex.Image_1.getPosition()=<gshare.utils.Swallower object at 0x0000025A17417C50>
robot[anFL9UsxNr+4vr8u].panel_frame.childex.Image_1.GetPosition()=<gshare.utils.Swallower object at 0x0000025A17417C50>
robot[anFL9UsxNr+4vr8u].panel_frame.childex.Image_1.getPositionX()=<gshare.utils.Swallower object at 0x0000025A17417C50>
robot[anFL9UsxNr+4vr8u].panel_frame.childex.Image_1.getPositionY()=<gshare.utils.Swallower object at 0x0000025A17417C50>
robot[anFL9UsxNr+4vr8u].panel_frame.childex.Image_1.getAnchorPoint()=<gshare.utils.Swallower object at 0x0000025A17417C50>
robot[anFL9UsxNr+4vr8u].panel_frame.childex.Image_1.GetWorldPosition()=<gshare.utils.Swallower object at 0x0000025A17417C50>
robot[anFL9UsxNr+4vr8u].panel_frame.childex.Image_1.getScale()=<gshare.utils.Swallower object at 0x0000025A17417C50>
robot[anFL9UsxNr+4vr8u].panel_frame.childex.Image_1.getScaleX()=<gshare.utils.Swallower object at 0x0000025A17417C50>
robot[anFL9UsxNr+4vr8u].panel_frame.childex.Image_1.getScaleY()=<gshare.utils.Swallower object at 0x0000025A17417C50>
robot[anFL9UsxNr+4vr8u].panel_frame.childex.Image_1.IsAncestorsVisible()=False
robot[anFL9UsxNr+4vr8u].panel_frame.childex.Image_1.isVisible()=<gshare.utils.Swallower object at 0x0000025A17417C50>
robot[anFL9UsxNr+4vr8u].panel_frame.childex.Image_1.getChildrenCount()=<gshare.utils.Swallower object at 0x0000025A17417C50>
robot[anFL9UsxNr+4vr8u].panel_frame.childex.Image_1.interesting=['AddChild', 'CheckPosInView', 'EnablePressScale', 'GetHeight', 'GetRealContentSize', 'GetWidth', 'GetWorldPosition', 'GetWorldPositionLeftBottom', 'GetWorldPositionPercent', 'IsAncestorsVisible', 'IsWorldPosInNodeBound', 'SCRATCH_CARD_IMAGE_NAME', 'SCRATCH_CARD_TOUCH_NAME', 'SetChildrenClippingEnabled', 'SetChildrenClippingType', 'SetHeight', 'SetPosition', 'SetPositionX', 'SetPositionY', 'SetWidth', 'SetWidthHeight', 'SetWorldPosition', 'SetWorldPositionPercent', '_pos_began', 'addChild', 'child', 'childex', 'getContentSize', 'rchild', 'rchildex', 'scale', 'setContentSize', 'setZoomChildren', 'visible', 'zoomChildren']
robot[anFL9UsxNr+4vr8u].panel_frame.childex('Image_2') -> <gclient.framework.ui.widgets.ui_node.UINode object(Swallower) at 0x25A032EBE00> type=<class 'gclient.framework.ui.widgets.ui_node.UINode'>
robot[anFL9UsxNr+4vr8u].panel_frame.childex.Image_2: <gclient.framework.ui.widgets.ui_node.UINode object(Swallower) at 0x25A032EBE00> type=<class 'gclient.framework.ui.widgets.ui_node.UINode'>
robot[anFL9UsxNr+4vr8u].panel_frame.childex.Image_2.visible=<gshare.utils.Swallower object at 0x00000259D7DA7390>
robot[anFL9UsxNr+4vr8u].panel_frame.childex.Image_2.opacity=<gshare.utils.Swallower object at 0x00000259D7DA7390>
robot[anFL9UsxNr+4vr8u].panel_frame.childex.Image_2.scale=<gshare.utils.Swallower object at 0x00000259D7DA7390>
robot[anFL9UsxNr+4vr8u].panel_frame.childex.Image_2.scale_x=<gshare.utils.Swallower object at 0x00000259D7DA7390>
robot[anFL9UsxNr+4vr8u].panel_frame.childex.Image_2.scale_y=<gshare.utils.Swallower object at 0x00000259D7DA7390>
robot[anFL9UsxNr+4vr8u].panel_frame.childex.Image_2.x=<gshare.utils.Swallower object at 0x00000259D7DA7390>
robot[anFL9UsxNr+4vr8u].panel_frame.childex.Image_2.y=<gshare.utils.Swallower object at 0x00000259D7DA7390>
robot[anFL9UsxNr+4vr8u].panel_frame.childex.Image_2.width=<gshare.utils.Swallower object at 0x00000259D7DA7390>
robot[anFL9UsxNr+4vr8u].panel_frame.childex.Image_2.height=<gshare.utils.Swallower object at 0x00000259D7DA7390>
robot[anFL9UsxNr+4vr8u].panel_frame.childex.Image_2.widget=<gshare.utils.Swallower object at 0x00000259D7DA7390>
robot[anFL9UsxNr+4vr8u].panel_frame.childex.Image_2.getName()=<gshare.utils.Swallower object at 0x00000259D7DA7390>
robot[anFL9UsxNr+4vr8u].panel_frame.childex.Image_2.GetName()=<gshare.utils.Swallower object at 0x00000259D7DA7390>
robot[anFL9UsxNr+4vr8u].panel_frame.childex.Image_2.GetWidth()=<gshare.utils.Swallower object at 0x00000259D7DA7390>
robot[anFL9UsxNr+4vr8u].panel_frame.childex.Image_2.GetHeight()=<gshare.utils.Swallower object at 0x00000259D7DA7390>
robot[anFL9UsxNr+4vr8u].panel_frame.childex.Image_2.getContentSize()=<gshare.utils.Swallower object at 0x00000259D7DA7390>
robot[anFL9UsxNr+4vr8u].panel_frame.childex.Image_2.GetRealContentSize()=Size(1.000000, 1.000000)
robot[anFL9UsxNr+4vr8u].panel_frame.childex.Image_2.getPosition()=<gshare.utils.Swallower object at 0x00000259D7DA7390>
robot[anFL9UsxNr+4vr8u].panel_frame.childex.Image_2.GetPosition()=<gshare.utils.Swallower object at 0x00000259D7DA7390>
robot[anFL9UsxNr+4vr8u].panel_frame.childex.Image_2.getPositionX()=<gshare.utils.Swallower object at 0x00000259D7DA7390>
robot[anFL9UsxNr+4vr8u].panel_frame.childex.Image_2.getPositionY()=<gshare.utils.Swallower object at 0x00000259D7DA7390>
robot[anFL9UsxNr+4vr8u].panel_frame.childex.Image_2.getAnchorPoint()=<gshare.utils.Swallower object at 0x00000259D7DA7390>
robot[anFL9UsxNr+4vr8u].panel_frame.childex.Image_2.GetWorldPosition()=<gshare.utils.Swallower object at 0x00000259D7DA7390>
robot[anFL9UsxNr+4vr8u].panel_frame.childex.Image_2.getScale()=<gshare.utils.Swallower object at 0x00000259D7DA7390>
robot[anFL9UsxNr+4vr8u].panel_frame.childex.Image_2.getScaleX()=<gshare.utils.Swallower object at 0x00000259D7DA7390>
robot[anFL9UsxNr+4vr8u].panel_frame.childex.Image_2.getScaleY()=<gshare.utils.Swallower object at 0x00000259D7DA7390>
robot[anFL9UsxNr+4vr8u].panel_frame.childex.Image_2.IsAncestorsVisible()=False
robot[anFL9UsxNr+4vr8u].panel_frame.childex.Image_2.isVisible()=<gshare.utils.Swallower object at 0x00000259D7DA7390>
robot[anFL9UsxNr+4vr8u].panel_frame.childex.Image_2.getChildrenCount()=<gshare.utils.Swallower object at 0x00000259D7DA7390>
robot[anFL9UsxNr+4vr8u].panel_frame.childex.Image_2.interesting=['AddChild', 'CheckPosInView', 'EnablePressScale', 'GetHeight', 'GetRealContentSize', 'GetWidth', 'GetWorldPosition', 'GetWorldPositionLeftBottom', 'GetWorldPositionPercent', 'IsAncestorsVisible', 'IsWorldPosInNodeBound', 'SCRATCH_CARD_IMAGE_NAME', 'SCRATCH_CARD_TOUCH_NAME', 'SetChildrenClippingEnabled', 'SetChildrenClippingType', 'SetHeight', 'SetPosition', 'SetPositionX', 'SetPositionY', 'SetWidth', 'SetWidthHeight', 'SetWorldPosition', 'SetWorldPositionPercent', '_pos_began', 'addChild', 'child', 'childex', 'getContentSize', 'rchild', 'rchildex', 'scale', 'setContentSize', 'setZoomChildren', 'visible', 'zoomChildren']
robot[anFL9UsxNr+4vr8u].panel_frame.childex('Image_3') -> <gclient.framework.ui.widgets.ui_node.UINode object(Swallower) at 0x25A032B8D70> type=<class 'gclient.framework.ui.widgets.ui_node.UINode'>
robot[anFL9UsxNr+4vr8u].panel_frame.childex.Image_3: <gclient.framework.ui.widgets.ui_node.UINode object(Swallower) at 0x25A032B8D70> type=<class 'gclient.framework.ui.widgets.ui_node.UINode'>
robot[anFL9UsxNr+4vr8u].panel_frame.childex.Image_3.visible=<gshare.utils.Swallower object at 0x0000025A17417C50>
robot[anFL9UsxNr+4vr8u].panel_frame.childex.Image_3.opacity=<gshare.utils.Swallower object at 0x0000025A17417C50>
robot[anFL9UsxNr+4vr8u].panel_frame.childex.Image_3.scale=<gshare.utils.Swallower object at 0x0000025A17417C50>
robot[anFL9UsxNr+4vr8u].panel_frame.childex.Image_3.scale_x=<gshare.utils.Swallower object at 0x0000025A17417C50>
robot[anFL9UsxNr+4vr8u].panel_frame.childex.Image_3.scale_y=<gshare.utils.Swallower object at 0x0000025A17417C50>
robot[anFL9UsxNr+4vr8u].panel_frame.childex.Image_3.x=<gshare.utils.Swallower object at 0x0000025A17417C50>
robot[anFL9UsxNr+4vr8u].panel_frame.childex.Image_3.y=<gshare.utils.Swallower object at 0x0000025A17417C50>
robot[anFL9UsxNr+4vr8u].panel_frame.childex.Image_3.width=<gshare.utils.Swallower object at 0x0000025A17417C50>
robot[anFL9UsxNr+4vr8u].panel_frame.childex.Image_3.height=<gshare.utils.Swallower object at 0x0000025A17417C50>
robot[anFL9UsxNr+4vr8u].panel_frame.childex.Image_3.widget=<gshare.utils.Swallower object at 0x0000025A17417C50>
robot[anFL9UsxNr+4vr8u].panel_frame.childex.Image_3.getName()=<gshare.utils.Swallower object at 0x0000025A17417C50>
robot[anFL9UsxNr+4vr8u].panel_frame.childex.Image_3.GetName()=<gshare.utils.Swallower object at 0x0000025A17417C50>
robot[anFL9UsxNr+4vr8u].panel_frame.childex.Image_3.GetWidth()=<gshare.utils.Swallower object at 0x0000025A17417C50>
robot[anFL9UsxNr+4vr8u].panel_frame.childex.Image_3.GetHeight()=<gshare.utils.Swallower object at 0x0000025A17417C50>
robot[anFL9UsxNr+4vr8u].panel_frame.childex.Image_3.getContentSize()=<gshare.utils.Swallower object at 0x0000025A17417C50>
robot[anFL9UsxNr+4vr8u].panel_frame.childex.Image_3.GetRealContentSize()=Size(1.000000, 1.000000)
robot[anFL9UsxNr+4vr8u].panel_frame.childex.Image_3.getPosition()=<gshare.utils.Swallower object at 0x0000025A17417C50>
robot[anFL9UsxNr+4vr8u].panel_frame.childex.Image_3.GetPosition()=<gshare.utils.Swallower object at 0x0000025A17417C50>
robot[anFL9UsxNr+4vr8u].panel_frame.childex.Image_3.getPositionX()=<gshare.utils.Swallower object at 0x0000025A17417C50>
robot[anFL9UsxNr+4vr8u].panel_frame.childex.Image_3.getPositionY()=<gshare.utils.Swallower object at 0x0000025A17417C50>
robot[anFL9UsxNr+4vr8u].panel_frame.childex.Image_3.getAnchorPoint()=<gshare.utils.Swallower object at 0x0000025A17417C50>
robot[anFL9UsxNr+4vr8u].panel_frame.childex.Image_3.GetWorldPosition()=<gshare.utils.Swallower object at 0x0000025A17417C50>
robot[anFL9UsxNr+4vr8u].panel_frame.childex.Image_3.getScale()=<gshare.utils.Swallower object at 0x0000025A17417C50>
robot[anFL9UsxNr+4vr8u].panel_frame.childex.Image_3.getScaleX()=<gshare.utils.Swallower object at 0x0000025A17417C50>
robot[anFL9UsxNr+4vr8u].panel_frame.childex.Image_3.getScaleY()=<gshare.utils.Swallower object at 0x0000025A17417C50>
robot[anFL9UsxNr+4vr8u].panel_frame.childex.Image_3.IsAncestorsVisible()=False
robot[anFL9UsxNr+4vr8u].panel_frame.childex.Image_3.isVisible()=<gshare.utils.Swallower object at 0x0000025A17417C50>
robot[anFL9UsxNr+4vr8u].panel_frame.childex.Image_3.getChildrenCount()=<gshare.utils.Swallower object at 0x0000025A17417C50>
robot[anFL9UsxNr+4vr8u].panel_frame.childex.Image_3.interesting=['AddChild', 'CheckPosInView', 'EnablePressScale', 'GetHeight', 'GetRealContentSize', 'GetWidth', 'GetWorldPosition', 'GetWorldPositionLeftBottom', 'GetWorldPositionPercent', 'IsAncestorsVisible', 'IsWorldPosInNodeBound', 'SCRATCH_CARD_IMAGE_NAME', 'SCRATCH_CARD_TOUCH_NAME', 'SetChildrenClippingEnabled', 'SetChildrenClippingType', 'SetHeight', 'SetPosition', 'SetPositionX', 'SetPositionY', 'SetWidth', 'SetWidthHeight', 'SetWorldPosition', 'SetWorldPositionPercent', '_pos_began', 'addChild', 'child', 'childex', 'getContentSize', 'rchild', 'rchildex', 'scale', 'setContentSize', 'setZoomChildren', 'visible', 'zoomChildren']
robot[anFL9UsxNr+4vr8u].panel_frame.childex('Image_4') -> <gclient.framework.ui.widgets.ui_node.UINode object(Swallower) at 0x25A032EBE00> type=<class 'gclient.framework.ui.widgets.ui_node.UINode'>
robot[anFL9UsxNr+4vr8u].panel_frame.childex.Image_4: <gclient.framework.ui.widgets.ui_node.UINode object(Swallower) at 0x25A032EBE00> type=<class 'gclient.framework.ui.widgets.ui_node.UINode'>
robot[anFL9UsxNr+4vr8u].panel_frame.childex.Image_4.visible=<gshare.utils.Swallower object at 0x00000259D7DA7390>
robot[anFL9UsxNr+4vr8u].panel_frame.childex.Image_4.opacity=<gshare.utils.Swallower object at 0x00000259D7DA7390>
robot[anFL9UsxNr+4vr8u].panel_frame.childex.Image_4.scale=<gshare.utils.Swallower object at 0x00000259D7DA7390>
robot[anFL9UsxNr+4vr8u].panel_frame.childex.Image_4.scale_x=<gshare.utils.Swallower object at 0x00000259D7DA7390>
robot[anFL9UsxNr+4vr8u].panel_frame.childex.Image_4.scale_y=<gshare.utils.Swallower object at 0x00000259D7DA7390>
robot[anFL9UsxNr+4vr8u].panel_frame.childex.Image_4.x=<gshare.utils.Swallower object at 0x00000259D7DA7390>
robot[anFL9UsxNr+4vr8u].panel_frame.childex.Image_4.y=<gshare.utils.Swallower object at 0x00000259D7DA7390>
robot[anFL9UsxNr+4vr8u].panel_frame.childex.Image_4.width=<gshare.utils.Swallower object at 0x00000259D7DA7390>
robot[anFL9UsxNr+4vr8u].panel_frame.childex.Image_4.height=<gshare.utils.Swallower object at 0x00000259D7DA7390>
robot[anFL9UsxNr+4vr8u].panel_frame.childex.Image_4.widget=<gshare.utils.Swallower object at 0x00000259D7DA7390>
robot[anFL9UsxNr+4vr8u].panel_frame.childex.Image_4.getName()=<gshare.utils.Swallower object at 0x00000259D7DA7390>
robot[anFL9UsxNr+4vr8u].panel_frame.childex.Image_4.GetName()=<gshare.utils.Swallower object at 0x00000259D7DA7390>
robot[anFL9UsxNr+4vr8u].panel_frame.childex.Image_4.GetWidth()=<gshare.utils.Swallower object at 0x00000259D7DA7390>
robot[anFL9UsxNr+4vr8u].panel_frame.childex.Image_4.GetHeight()=<gshare.utils.Swallower object at 0x00000259D7DA7390>
robot[anFL9UsxNr+4vr8u].panel_frame.childex.Image_4.getContentSize()=<gshare.utils.Swallower object at 0x00000259D7DA7390>
robot[anFL9UsxNr+4vr8u].panel_frame.childex.Image_4.GetRealContentSize()=Size(1.000000, 1.000000)
robot[anFL9UsxNr+4vr8u].panel_frame.childex.Image_4.getPosition()=<gshare.utils.Swallower object at 0x00000259D7DA7390>
robot[anFL9UsxNr+4vr8u].panel_frame.childex.Image_4.GetPosition()=<gshare.utils.Swallower object at 0x00000259D7DA7390>
robot[anFL9UsxNr+4vr8u].panel_frame.childex.Image_4.getPositionX()=<gshare.utils.Swallower object at 0x00000259D7DA7390>
robot[anFL9UsxNr+4vr8u].panel_frame.childex.Image_4.getPositionY()=<gshare.utils.Swallower object at 0x00000259D7DA7390>
robot[anFL9UsxNr+4vr8u].panel_frame.childex.Image_4.getAnchorPoint()=<gshare.utils.Swallower object at 0x00000259D7DA7390>
robot[anFL9UsxNr+4vr8u].panel_frame.childex.Image_4.GetWorldPosition()=<gshare.utils.Swallower object at 0x00000259D7DA7390>
robot[anFL9UsxNr+4vr8u].panel_frame.childex.Image_4.getScale()=<gshare.utils.Swallower object at 0x00000259D7DA7390>
robot[anFL9UsxNr+4vr8u].panel_frame.childex.Image_4.getScaleX()=<gshare.utils.Swallower object at 0x00000259D7DA7390>
robot[anFL9UsxNr+4vr8u].panel_frame.childex.Image_4.getScaleY()=<gshare.utils.Swallower object at 0x00000259D7DA7390>
robot[anFL9UsxNr+4vr8u].panel_frame.childex.Image_4.IsAncestorsVisible()=False
robot[anFL9UsxNr+4vr8u].panel_frame.childex.Image_4.isVisible()=<gshare.utils.Swallower object at 0x00000259D7DA7390>
robot[anFL9UsxNr+4vr8u].panel_frame.childex.Image_4.getChildrenCount()=<gshare.utils.Swallower object at 0x00000259D7DA7390>
robot[anFL9UsxNr+4vr8u].panel_frame.childex.Image_4.interesting=['AddChild', 'CheckPosInView', 'EnablePressScale', 'GetHeight', 'GetRealContentSize', 'GetWidth', 'GetWorldPosition', 'GetWorldPositionLeftBottom', 'GetWorldPositionPercent', 'IsAncestorsVisible', 'IsWorldPosInNodeBound', 'SCRATCH_CARD_IMAGE_NAME', 'SCRATCH_CARD_TOUCH_NAME', 'SetChildrenClippingEnabled', 'SetChildrenClippingType', 'SetHeight', 'SetPosition', 'SetPositionX', 'SetPositionY', 'SetWidth', 'SetWidthHeight', 'SetWorldPosition', 'SetWorldPositionPercent', '_pos_began', 'addChild', 'child', 'childex', 'getContentSize', 'rchild', 'rchildex', 'scale', 'setContentSize', 'setZoomChildren', 'visible', 'zoomChildren']
END
ROBOT key=anFL9UsxNr+4vr8u pos=(-3.6765191555023193, 0.05925846844911575, -9.500686645507812) stats={'hp': 125.0, 'maxhp': 125.0, 'armor': 0.0, 'maxarmor': 0.0, 'dead': False} ready_before=True EnsureShootingRangeToplogo=True ShowEnemyToplogo=None SetToplogoVisible=None AddToplogoVisibleTick=None EnemyTopLogoTimer=None RefreshToplogo=None RefreshEnemyHpBar=None RefreshEnemyArmorBar=None ready_after=True frame=58x152@0.587
ROBOT key=anFL9UsxNr+4vr8p pos=(-8.783376693725586, 0.09060771018266678, -13.467101097106934) stats={'hp': 125.0, 'maxhp': 125.0, 'armor': 0.0, 'maxarmor': 0.0, 'dead': False} ready_before=True EnsureShootingRangeToplogo=True ShowEnemyToplogo=None SetToplogoVisible=None AddToplogoVisibleTick=None EnemyTopLogoTimer=None RefreshToplogo=None RefreshEnemyHpBar=None RefreshEnemyArmorBar=None ready_after=True frame=58x152@0.574
ROBOT key=anFL9UsxNr+4vr8y pos=(6.3227458000183105, 0.06980297714471817, -5.500764846801758) stats={'hp': 125.0, 'maxhp': 125.0, 'armor': 0.0, 'maxarmor': 0.0, 'dead': False} ready_before=True EnsureShootingRangeToplogo=True ShowEnemyToplogo=None SetToplogoVisible=None AddToplogoVisibleTick=None EnemyTopLogoTimer=None RefreshToplogo=None RefreshEnemyHpBar=None RefreshEnemyArmorBar=None ready_after=True frame=58x152@0.499
ROBOT key=anFL9UsxNr+4vr86 pos=(16.224382400512695, 0.08436132222414017, -1.4008004665374756) stats={'hp': 125.0, 'maxhp': 125.0, 'armor': 0.0, 'maxarmor': 0.0, 'dead': False} ready_before=True EnsureShootingRangeToplogo=True ShowEnemyToplogo=None SetToplogoVisible=None AddToplogoVisibleTick=None EnemyTopLogoTimer=None RefreshToplogo=None RefreshEnemyHpBar=None RefreshEnemyArmorBar=None ready_after=True frame=54x148@0.415
ROBOT key=anFL9UsxNr+4vr9C pos=(26.320396423339844, 0.06699013710021973, 2.5996055603027344) stats={'hp': 125.0, 'maxhp': 125.0, 'armor': 0.0, 'maxarmor': 0.0, 'dead': False} ready_before=True EnsureShootingRangeToplogo=True ShowEnemyToplogo=None SetToplogoVisible=None AddToplogoVisibleTick=None EnemyTopLogoTimer=None RefreshToplogo=None RefreshEnemyHpBar=None RefreshEnemyArmorBar=None ready_after=True frame=54x148@0.351
ROBOT key=anFL9UsxNr+4vr9G pos=(-28.0, 0.05000007152557373, -13.0) stats={'hp': 125.0, 'maxhp': 125.0, 'armor': 0.0, 'maxarmor': 0.0, 'dead': False} ready_before=True EnsureShootingRangeToplogo=True ShowEnemyToplogo=None SetToplogoVisible=None AddToplogoVisibleTick=None EnemyTopLogoTimer=None RefreshToplogo=None RefreshEnemyHpBar=None RefreshEnemyArmorBar=None ready_after=True frame=58x152@0.514
TICK n=440 total=23 players=[('anFMmksxNr+4vtxr', (-13.954489707946777, 0.6361846923828125, 1.5059490203857422))] robots=[('anFL9UsxNr+4vr8u', (-3.6765191555023193, 0.05925846844911575, -9.500686645507812), 15.07035338757847, {'hp': 125.0, 'maxhp': 125.0, 'armor': 0.0, 'maxarmor': 0.0, 'dead': False}), ('anFL9UsxNr+4vr8p', (-8.783376693725586, 0.09060771018266678, -13.467101097106934), 15.850245861509588, {'hp': 125.0, 'maxhp': 125.0, 'armor': 0.0, 'maxarmor': 0.0, 'dead': False}), ('anFL9UsxNr+4vr8y', (6.3227458000183105, 0.06980297714471817, -5.500764846801758), 21.461153447787325, {'hp': 125.0, 'maxhp': 125.0, 'armor': 0.0, 'maxarmor': 0.0, 'dead': False}), ('anFL9UsxNr+4vr86', (16.224382400512695, 0.08436132222414017, -1.4008004665374756), 30.323555585556498, {'hp': 125.0, 'maxhp': 125.0, 'armor': 0.0, 'maxarmor': 0.0, 'dead': False}), ('anFL9UsxNr+4vr9C', (26.320396423339844, 0.06699013710021973, 2.5996055603027344), 40.29375286514238, {'hp': 125.0, 'maxhp': 125.0, 'armor': 0.0, 'maxarmor': 0.0, 'dead': False}), ('anFL9UsxNr+4vr9G', (-28.0, 0.05000007152557373, -13.0), 20.200062592871653, {'hp': 125.0, 'maxhp': 125.0, 'armor': 0.0, 'maxarmor': 0.0, 'dead': False})]
ROBOT key=anFL9UsxNr+4vr8u pos=(-3.6765191555023193, 0.05925846844911575, -9.500686645507812) stats={'hp': 125.0, 'maxhp': 125.0, 'armor': 0.0, 'maxarmor': 0.0, 'dead': False} ready_before=True EnsureShootingRangeToplogo=True ShowEnemyToplogo=None SetToplogoVisible=None AddToplogoVisibleTick=None EnemyTopLogoTimer=None RefreshToplogo=None RefreshEnemyHpBar=None RefreshEnemyArmorBar=None ready_after=True frame=58x152@0.587
ROBOT key=anFL9UsxNr+4vr8p pos=(-8.783376693725586, 0.09060771018266678, -13.467101097106934) stats={'hp': 125.0, 'maxhp': 125.0, 'armor': 0.0, 'maxarmor': 0.0, 'dead': False} ready_before=True EnsureShootingRangeToplogo=True ShowEnemyToplogo=None SetToplogoVisible=None AddToplogoVisibleTick=None EnemyTopLogoTimer=None RefreshToplogo=None RefreshEnemyHpBar=None RefreshEnemyArmorBar=None ready_after=True frame=58x152@0.574
ROBOT key=anFL9UsxNr+4vr8y pos=(6.3227458000183105, 0.06980297714471817, -5.500764846801758) stats={'hp': 125.0, 'maxhp': 125.0, 'armor': 0.0, 'maxarmor': 0.0, 'dead': False} ready_before=True EnsureShootingRangeToplogo=True ShowEnemyToplogo=None SetToplogoVisible=None AddToplogoVisibleTick=None EnemyTopLogoTimer=None RefreshToplogo=None RefreshEnemyHpBar=None RefreshEnemyArmorBar=None ready_after=True frame=58x152@0.499
ROBOT key=anFL9UsxNr+4vr86 pos=(16.224382400512695, 0.08436132222414017, -1.4008004665374756) stats={'hp': 125.0, 'maxhp': 125.0, 'armor': 0.0, 'maxarmor': 0.0, 'dead': False} ready_before=True EnsureShootingRangeToplogo=True ShowEnemyToplogo=None SetToplogoVisible=None AddToplogoVisibleTick=None EnemyTopLogoTimer=None RefreshToplogo=None RefreshEnemyHpBar=None RefreshEnemyArmorBar=None ready_after=True frame=54x148@0.415
ROBOT key=anFL9UsxNr+4vr9C pos=(26.320396423339844, 0.06699013710021973, 2.5996055603027344) stats={'hp': 125.0, 'maxhp': 125.0, 'armor': 0.0, 'maxarmor': 0.0, 'dead': False} ready_before=True EnsureShootingRangeToplogo=True ShowEnemyToplogo=None SetToplogoVisible=None AddToplogoVisibleTick=None EnemyTopLogoTimer=None RefreshToplogo=None RefreshEnemyHpBar=None RefreshEnemyArmorBar=None ready_after=True frame=54x148@0.351
ROBOT key=anFL9UsxNr+4vr9G pos=(-28.0, 0.05000007152557373, -13.0) stats={'hp': 125.0, 'maxhp': 125.0, 'armor': 0.0, 'maxarmor': 0.0, 'dead': False} ready_before=True EnsureShootingRangeToplogo=True ShowEnemyToplogo=None SetToplogoVisible=None AddToplogoVisibleTick=None EnemyTopLogoTimer=None RefreshToplogo=None RefreshEnemyHpBar=None RefreshEnemyArmorBar=None ready_after=True frame=58x152@0.514
ROBOT key=anFL9UsxNr+4vr8u pos=(-3.6765191555023193, 0.05925846844911575, -9.500686645507812) stats={'hp': 125.0, 'maxhp': 125.0, 'armor': 0.0, 'maxarmor': 0.0, 'dead': False} ready_before=True EnsureShootingRangeToplogo=True ShowEnemyToplogo=None SetToplogoVisible=None AddToplogoVisibleTick=None EnemyTopLogoTimer=None RefreshToplogo=None RefreshEnemyHpBar=None RefreshEnemyArmorBar=None ready_after=True frame=58x152@0.587
ROBOT key=anFL9UsxNr+4vr8p pos=(-8.783376693725586, 0.09060771018266678, -13.467101097106934) stats={'hp': 125.0, 'maxhp': 125.0, 'armor': 0.0, 'maxarmor': 0.0, 'dead': False} ready_before=True EnsureShootingRangeToplogo=True ShowEnemyToplogo=None SetToplogoVisible=None AddToplogoVisibleTick=None EnemyTopLogoTimer=None RefreshToplogo=None RefreshEnemyHpBar=None RefreshEnemyArmorBar=None ready_after=True frame=58x152@0.574
ROBOT key=anFL9UsxNr+4vr8y pos=(6.3227458000183105, 0.06980297714471817, -5.500764846801758) stats={'hp': 125.0, 'maxhp': 125.0, 'armor': 0.0, 'maxarmor': 0.0, 'dead': False} ready_before=True EnsureShootingRangeToplogo=True ShowEnemyToplogo=None SetToplogoVisible=None AddToplogoVisibleTick=None EnemyTopLogoTimer=None RefreshToplogo=None RefreshEnemyHpBar=None RefreshEnemyArmorBar=None ready_after=True frame=58x152@0.499
ROBOT key=anFL9UsxNr+4vr86 pos=(16.224382400512695, 0.08436132222414017, -1.4008004665374756) stats={'hp': 125.0, 'maxhp': 125.0, 'armor': 0.0, 'maxarmor': 0.0, 'dead': False} ready_before=True EnsureShootingRangeToplogo=True ShowEnemyToplogo=None SetToplogoVisible=None AddToplogoVisibleTick=None EnemyTopLogoTimer=None RefreshToplogo=None RefreshEnemyHpBar=None RefreshEnemyArmorBar=None ready_after=True frame=54x148@0.415
ROBOT key=anFL9UsxNr+4vr9C pos=(26.320396423339844, 0.06699013710021973, 2.5996055603027344) stats={'hp': 125.0, 'maxhp': 125.0, 'armor': 0.0, 'maxarmor': 0.0, 'dead': False} ready_before=True EnsureShootingRangeToplogo=True ShowEnemyToplogo=None SetToplogoVisible=None AddToplogoVisibleTick=None EnemyTopLogoTimer=None RefreshToplogo=None RefreshEnemyHpBar=None RefreshEnemyArmorBar=None ready_after=True frame=54x148@0.351
ROBOT key=anFL9UsxNr+4vr9G pos=(-28.0, 0.05000007152557373, -13.0) stats={'hp': 125.0, 'maxhp': 125.0, 'armor': 0.0, 'maxarmor': 0.0, 'dead': False} ready_before=True EnsureShootingRangeToplogo=True ShowEnemyToplogo=None SetToplogoVisible=None AddToplogoVisibleTick=None EnemyTopLogoTimer=None RefreshToplogo=None RefreshEnemyHpBar=None RefreshEnemyArmorBar=None ready_after=True frame=58x152@0.514
TICK n=480 total=23 players=[('anFMmksxNr+4vtxr', (-13.954489707946777, 0.6361846923828125, 1.5059490203857422))] robots=[('anFL9UsxNr+4vr8u', (-3.6765191555023193, 0.05925846844911575, -9.500686645507812), 15.07035338757847, {'hp': 125.0, 'maxhp': 125.0, 'armor': 0.0, 'maxarmor': 0.0, 'dead': False}), ('anFL9UsxNr+4vr8p', (-8.783376693725586, 0.09060771018266678, -13.467101097106934), 15.850245861509588, {'hp': 125.0, 'maxhp': 125.0, 'armor': 0.0, 'maxarmor': 0.0, 'dead': False}), ('anFL9UsxNr+4vr8y', (6.3227458000183105, 0.06980297714471817, -5.500764846801758), 21.461153447787325, {'hp': 125.0, 'maxhp': 125.0, 'armor': 0.0, 'maxarmor': 0.0, 'dead': False}), ('anFL9UsxNr+4vr86', (16.224382400512695, 0.08436132222414017, -1.4008004665374756), 30.323555585556498, {'hp': 125.0, 'maxhp': 125.0, 'armor': 0.0, 'maxarmor': 0.0, 'dead': False}), ('anFL9UsxNr+4vr9C', (26.320396423339844, 0.06699013710021973, 2.5996055603027344), 40.29375286514238, {'hp': 125.0, 'maxhp': 125.0, 'armor': 0.0, 'maxarmor': 0.0, 'dead': False}), ('anFL9UsxNr+4vr9G', (-28.0, 0.05000007152557373, -13.0), 20.200062592871653, {'hp': 125.0, 'maxhp': 125.0, 'armor': 0.0, 'maxarmor': 0.0, 'dead': False})]
ROBOT key=anFL9UsxNr+4vr8u pos=(-3.6765191555023193, 0.05925846844911575, -9.500686645507812) stats={'hp': 125.0, 'maxhp': 125.0, 'armor': 0.0, 'maxarmor': 0.0, 'dead': False} ready_before=True EnsureShootingRangeToplogo=True ShowEnemyToplogo=None SetToplogoVisible=None AddToplogoVisibleTick=None EnemyTopLogoTimer=None RefreshToplogo=None RefreshEnemyHpBar=None RefreshEnemyArmorBar=None ready_after=True frame=58x152@0.587
ROBOT key=anFL9UsxNr+4vr8p pos=(-8.783376693725586, 0.09060771018266678, -13.467101097106934) stats={'hp': 125.0, 'maxhp': 125.0, 'armor': 0.0, 'maxarmor': 0.0, 'dead': False} ready_before=True EnsureShootingRangeToplogo=True ShowEnemyToplogo=None SetToplogoVisible=None AddToplogoVisibleTick=None EnemyTopLogoTimer=None RefreshToplogo=None RefreshEnemyHpBar=None RefreshEnemyArmorBar=None ready_after=True frame=58x152@0.574
ROBOT key=anFL9UsxNr+4vr8y pos=(6.3227458000183105, 0.06980297714471817, -5.500764846801758) stats={'hp': 125.0, 'maxhp': 125.0, 'armor': 0.0, 'maxarmor': 0.0, 'dead': False} ready_before=True EnsureShootingRangeToplogo=True ShowEnemyToplogo=None SetToplogoVisible=None AddToplogoVisibleTick=None EnemyTopLogoTimer=None RefreshToplogo=None RefreshEnemyHpBar=None RefreshEnemyArmorBar=None ready_after=True frame=58x152@0.499
ROBOT key=anFL9UsxNr+4vr86 pos=(16.224382400512695, 0.08436132222414017, -1.4008004665374756) stats={'hp': 125.0, 'maxhp': 125.0, 'armor': 0.0, 'maxarmor': 0.0, 'dead': False} ready_before=True EnsureShootingRangeToplogo=True ShowEnemyToplogo=None SetToplogoVisible=None AddToplogoVisibleTick=None EnemyTopLogoTimer=None RefreshToplogo=None RefreshEnemyHpBar=None RefreshEnemyArmorBar=None ready_after=True frame=54x148@0.415
ROBOT key=anFL9UsxNr+4vr9C pos=(26.320396423339844, 0.06699013710021973, 2.5996055603027344) stats={'hp': 125.0, 'maxhp': 125.0, 'armor': 0.0, 'maxarmor': 0.0, 'dead': False} ready_before=True EnsureShootingRangeToplogo=True ShowEnemyToplogo=None SetToplogoVisible=None AddToplogoVisibleTick=None EnemyTopLogoTimer=None RefreshToplogo=None RefreshEnemyHpBar=None RefreshEnemyArmorBar=None ready_after=True frame=54x148@0.351
ROBOT key=anFL9UsxNr+4vr9G pos=(-28.0, 0.05000007152557373, -13.0) stats={'hp': 125.0, 'maxhp': 125.0, 'armor': 0.0, 'maxarmor': 0.0, 'dead': False} ready_before=True EnsureShootingRangeToplogo=True ShowEnemyToplogo=None SetToplogoVisible=None AddToplogoVisibleTick=None EnemyTopLogoTimer=None RefreshToplogo=None RefreshEnemyHpBar=None RefreshEnemyArmorBar=None ready_after=True frame=58x152@0.514
ROBOT key=anFL9UsxNr+4vr8u pos=(-3.6765191555023193, 0.05925846844911575, -9.500686645507812) stats={'hp': 125.0, 'maxhp': 125.0, 'armor': 0.0, 'maxarmor': 0.0, 'dead': False} ready_before=True EnsureShootingRangeToplogo=True ShowEnemyToplogo=None SetToplogoVisible=None AddToplogoVisibleTick=None EnemyTopLogoTimer=None RefreshToplogo=None RefreshEnemyHpBar=None RefreshEnemyArmorBar=None ready_after=True frame=58x152@0.587
ROBOT key=anFL9UsxNr+4vr8p pos=(-8.783376693725586, 0.09060771018266678, -13.467101097106934) stats={'hp': 125.0, 'maxhp': 125.0, 'armor': 0.0, 'maxarmor': 0.0, 'dead': False} ready_before=True EnsureShootingRangeToplogo=True ShowEnemyToplogo=None SetToplogoVisible=None AddToplogoVisibleTick=None EnemyTopLogoTimer=None RefreshToplogo=None RefreshEnemyHpBar=None RefreshEnemyArmorBar=None ready_after=True frame=58x152@0.574
ROBOT key=anFL9UsxNr+4vr8y pos=(6.3227458000183105, 0.06980297714471817, -5.500764846801758) stats={'hp': 125.0, 'maxhp': 125.0, 'armor': 0.0, 'maxarmor': 0.0, 'dead': False} ready_before=True EnsureShootingRangeToplogo=True ShowEnemyToplogo=None SetToplogoVisible=None AddToplogoVisibleTick=None EnemyTopLogoTimer=None RefreshToplogo=None RefreshEnemyHpBar=None RefreshEnemyArmorBar=None ready_after=True frame=58x152@0.499
ROBOT key=anFL9UsxNr+4vr86 pos=(16.224382400512695, 0.08436132222414017, -1.4008004665374756) stats={'hp': 125.0, 'maxhp': 125.0, 'armor': 0.0, 'maxarmor': 0.0, 'dead': False} ready_before=True EnsureShootingRangeToplogo=True ShowEnemyToplogo=None SetToplogoVisible=None AddToplogoVisibleTick=None EnemyTopLogoTimer=None RefreshToplogo=None RefreshEnemyHpBar=None RefreshEnemyArmorBar=None ready_after=True frame=54x148@0.415
ROBOT key=anFL9UsxNr+4vr9C pos=(26.320396423339844, 0.06699013710021973, 2.5996055603027344) stats={'hp': 125.0, 'maxhp': 125.0, 'armor': 0.0, 'maxarmor': 0.0, 'dead': False} ready_before=True EnsureShootingRangeToplogo=True ShowEnemyToplogo=None SetToplogoVisible=None AddToplogoVisibleTick=None EnemyTopLogoTimer=None RefreshToplogo=None RefreshEnemyHpBar=None RefreshEnemyArmorBar=None ready_after=True frame=54x148@0.351
ROBOT key=anFL9UsxNr+4vr9G pos=(-28.0, 0.05000007152557373, -13.0) stats={'hp': 125.0, 'maxhp': 125.0, 'armor': 0.0, 'maxarmor': 0.0, 'dead': False} ready_before=True EnsureShootingRangeToplogo=True ShowEnemyToplogo=None SetToplogoVisible=None AddToplogoVisibleTick=None EnemyTopLogoTimer=None RefreshToplogo=None RefreshEnemyHpBar=None RefreshEnemyArmorBar=None ready_after=True frame=58x152@0.514
TICK n=520 total=23 players=[('anFMmksxNr+4vtxr', (-13.954489707946777, 0.6361846923828125, 1.5059490203857422))] robots=[('anFL9UsxNr+4vr8u', (-3.6765191555023193, 0.05925846844911575, -9.500686645507812), 15.07035338757847, {'hp': 125.0, 'maxhp': 125.0, 'armor': 0.0, 'maxarmor': 0.0, 'dead': False}), ('anFL9UsxNr+4vr8p', (-8.783376693725586, 0.09060771018266678, -13.467101097106934), 15.850245861509588, {'hp': 125.0, 'maxhp': 125.0, 'armor': 0.0, 'maxarmor': 0.0, 'dead': False}), ('anFL9UsxNr+4vr8y', (6.3227458000183105, 0.06980297714471817, -5.500764846801758), 21.461153447787325, {'hp': 125.0, 'maxhp': 125.0, 'armor': 0.0, 'maxarmor': 0.0, 'dead': False}), ('anFL9UsxNr+4vr86', (16.224382400512695, 0.08436132222414017, -1.4008004665374756), 30.323555585556498, {'hp': 125.0, 'maxhp': 125.0, 'armor': 0.0, 'maxarmor': 0.0, 'dead': False}), ('anFL9UsxNr+4vr9C', (26.320396423339844, 0.06699013710021973, 2.5996055603027344), 40.29375286514238, {'hp': 125.0, 'maxhp': 125.0, 'armor': 0.0, 'maxarmor': 0.0, 'dead': False}), ('anFL9UsxNr+4vr9G', (-28.0, 0.05000007152557373, -13.0), 20.200062592871653, {'hp': 125.0, 'maxhp': 125.0, 'armor': 0.0, 'maxarmor': 0.0, 'dead': False})]
ROBOT key=anFL9UsxNr+4vr8u pos=(-3.6765191555023193, 0.05925846844911575, -9.500686645507812) stats={'hp': 125.0, 'maxhp': 125.0, 'armor': 0.0, 'maxarmor': 0.0, 'dead': False} ready_before=True EnsureShootingRangeToplogo=True ShowEnemyToplogo=None SetToplogoVisible=None AddToplogoVisibleTick=None EnemyTopLogoTimer=None RefreshToplogo=None RefreshEnemyHpBar=None RefreshEnemyArmorBar=None ready_after=True frame=58x152@0.587
ROBOT key=anFL9UsxNr+4vr8p pos=(-8.783376693725586, 0.09060771018266678, -13.467101097106934) stats={'hp': 125.0, 'maxhp': 125.0, 'armor': 0.0, 'maxarmor': 0.0, 'dead': False} ready_before=True EnsureShootingRangeToplogo=True ShowEnemyToplogo=None SetToplogoVisible=None AddToplogoVisibleTick=None EnemyTopLogoTimer=None RefreshToplogo=None RefreshEnemyHpBar=None RefreshEnemyArmorBar=None ready_after=True frame=58x152@0.574
ROBOT key=anFL9UsxNr+4vr8y pos=(6.3227458000183105, 0.06980297714471817, -5.500764846801758) stats={'hp': 125.0, 'maxhp': 125.0, 'armor': 0.0, 'maxarmor': 0.0, 'dead': False} ready_before=True EnsureShootingRangeToplogo=True ShowEnemyToplogo=None SetToplogoVisible=None AddToplogoVisibleTick=None EnemyTopLogoTimer=None RefreshToplogo=None RefreshEnemyHpBar=None RefreshEnemyArmorBar=None ready_after=True frame=58x152@0.499
ROBOT key=anFL9UsxNr+4vr86 pos=(16.224382400512695, 0.08436132222414017, -1.4008004665374756) stats={'hp': 125.0, 'maxhp': 125.0, 'armor': 0.0, 'maxarmor': 0.0, 'dead': False} ready_before=True EnsureShootingRangeToplogo=True ShowEnemyToplogo=None SetToplogoVisible=None AddToplogoVisibleTick=None EnemyTopLogoTimer=None RefreshToplogo=None RefreshEnemyHpBar=None RefreshEnemyArmorBar=None ready_after=True frame=54x148@0.415
ROBOT key=anFL9UsxNr+4vr9C pos=(26.320396423339844, 0.06699013710021973, 2.5996055603027344) stats={'hp': 125.0, 'maxhp': 125.0, 'armor': 0.0, 'maxarmor': 0.0, 'dead': False} ready_before=True EnsureShootingRangeToplogo=True ShowEnemyToplogo=None SetToplogoVisible=None AddToplogoVisibleTick=None EnemyTopLogoTimer=None RefreshToplogo=None RefreshEnemyHpBar=None RefreshEnemyArmorBar=None ready_after=True frame=54x148@0.351
ROBOT key=anFL9UsxNr+4vr9G pos=(-28.0, 0.05000007152557373, -13.0) stats={'hp': 125.0, 'maxhp': 125.0, 'armor': 0.0, 'maxarmor': 0.0, 'dead': False} ready_before=True EnsureShootingRangeToplogo=True ShowEnemyToplogo=None SetToplogoVisible=None AddToplogoVisibleTick=None EnemyTopLogoTimer=None RefreshToplogo=None RefreshEnemyHpBar=None RefreshEnemyArmorBar=None ready_after=True frame=58x152@0.514
ROBOT key=anFL9UsxNr+4vr8u pos=(-3.6765191555023193, 0.05925846844911575, -9.500686645507812) stats={'hp': 125.0, 'maxhp': 125.0, 'armor': 0.0, 'maxarmor': 0.0, 'dead': False} ready_before=True EnsureShootingRangeToplogo=True ShowEnemyToplogo=None SetToplogoVisible=None AddToplogoVisibleTick=None EnemyTopLogoTimer=None RefreshToplogo=None RefreshEnemyHpBar=None RefreshEnemyArmorBar=None ready_after=True frame=58x152@0.587
ROBOT key=anFL9UsxNr+4vr8p pos=(-8.783376693725586, 0.09060771018266678, -13.467101097106934) stats={'hp': 125.0, 'maxhp': 125.0, 'armor': 0.0, 'maxarmor': 0.0, 'dead': False} ready_before=True EnsureShootingRangeToplogo=True ShowEnemyToplogo=None SetToplogoVisible=None AddToplogoVisibleTick=None EnemyTopLogoTimer=None RefreshToplogo=None RefreshEnemyHpBar=None RefreshEnemyArmorBar=None ready_after=True frame=58x152@0.574
ROBOT key=anFL9UsxNr+4vr8y pos=(6.3227458000183105, 0.06980297714471817, -5.500764846801758) stats={'hp': 125.0, 'maxhp': 125.0, 'armor': 0.0, 'maxarmor': 0.0, 'dead': False} ready_before=True EnsureShootingRangeToplogo=True ShowEnemyToplogo=None SetToplogoVisible=None AddToplogoVisibleTick=None EnemyTopLogoTimer=None RefreshToplogo=None RefreshEnemyHpBar=None RefreshEnemyArmorBar=None ready_after=True frame=58x152@0.499
ROBOT key=anFL9UsxNr+4vr86 pos=(16.224382400512695, 0.08436132222414017, -1.4008004665374756) stats={'hp': 125.0, 'maxhp': 125.0, 'armor': 0.0, 'maxarmor': 0.0, 'dead': False} ready_before=True EnsureShootingRangeToplogo=True ShowEnemyToplogo=None SetToplogoVisible=None AddToplogoVisibleTick=None EnemyTopLogoTimer=None RefreshToplogo=None RefreshEnemyHpBar=None RefreshEnemyArmorBar=None ready_after=True frame=54x148@0.415
ROBOT key=anFL9UsxNr+4vr9C pos=(26.320396423339844, 0.06699013710021973, 2.5996055603027344) stats={'hp': 125.0, 'maxhp': 125.0, 'armor': 0.0, 'maxarmor': 0.0, 'dead': False} ready_before=True EnsureShootingRangeToplogo=True ShowEnemyToplogo=None SetToplogoVisible=None AddToplogoVisibleTick=None EnemyTopLogoTimer=None RefreshToplogo=None RefreshEnemyHpBar=None RefreshEnemyArmorBar=None ready_after=True frame=54x148@0.351
ROBOT key=anFL9UsxNr+4vr9G pos=(-28.0, 0.05000007152557373, -13.0) stats={'hp': 125.0, 'maxhp': 125.0, 'armor': 0.0, 'maxarmor': 0.0, 'dead': False} ready_before=True EnsureShootingRangeToplogo=True ShowEnemyToplogo=None SetToplogoVisible=None AddToplogoVisibleTick=None EnemyTopLogoTimer=None RefreshToplogo=None RefreshEnemyHpBar=None RefreshEnemyArmorBar=None ready_after=True frame=58x152@0.514
TICK n=560 total=23 players=[('anFMmksxNr+4vtxr', (-13.954489707946777, 0.6361846923828125, 1.5059490203857422))] robots=[('anFL9UsxNr+4vr8u', (-3.6765191555023193, 0.05925846844911575, -9.500686645507812), 15.07035338757847, {'hp': 125.0, 'maxhp': 125.0, 'armor': 0.0, 'maxarmor': 0.0, 'dead': False}), ('anFL9UsxNr+4vr8p', (-8.783376693725586, 0.09060771018266678, -13.467101097106934), 15.850245861509588, {'hp': 125.0, 'maxhp': 125.0, 'armor': 0.0, 'maxarmor': 0.0, 'dead': False}), ('anFL9UsxNr+4vr8y', (6.3227458000183105, 0.06980297714471817, -5.500764846801758), 21.461153447787325, {'hp': 125.0, 'maxhp': 125.0, 'armor': 0.0, 'maxarmor': 0.0, 'dead': False}), ('anFL9UsxNr+4vr86', (16.224382400512695, 0.08436132222414017, -1.4008004665374756), 30.323555585556498, {'hp': 125.0, 'maxhp': 125.0, 'armor': 0.0, 'maxarmor': 0.0, 'dead': False}), ('anFL9UsxNr+4vr9C', (26.320396423339844, 0.06699013710021973, 2.5996055603027344), 40.29375286514238, {'hp': 125.0, 'maxhp': 125.0, 'armor': 0.0, 'maxarmor': 0.0, 'dead': False}), ('anFL9UsxNr+4vr9G', (-28.0, 0.05000007152557373, -13.0), 20.200062592871653, {'hp': 125.0, 'maxhp': 125.0, 'armor': 0.0, 'maxarmor': 0.0, 'dead': False})]
ROBOT key=anFL9UsxNr+4vr8u pos=(-3.6765191555023193, 0.05925846844911575, -9.500686645507812) stats={'hp': 125.0, 'maxhp': 125.0, 'armor': 0.0, 'maxarmor': 0.0, 'dead': False} ready_before=True EnsureShootingRangeToplogo=True ShowEnemyToplogo=None SetToplogoVisible=None AddToplogoVisibleTick=None EnemyTopLogoTimer=None RefreshToplogo=None RefreshEnemyHpBar=None RefreshEnemyArmorBar=None ready_after=True frame=58x152@0.587
ROBOT key=anFL9UsxNr+4vr8p pos=(-8.783376693725586, 0.09060771018266678, -13.467101097106934) stats={'hp': 125.0, 'maxhp': 125.0, 'armor': 0.0, 'maxarmor': 0.0, 'dead': False} ready_before=True EnsureShootingRangeToplogo=True ShowEnemyToplogo=None SetToplogoVisible=None AddToplogoVisibleTick=None EnemyTopLogoTimer=None RefreshToplogo=None RefreshEnemyHpBar=None RefreshEnemyArmorBar=None ready_after=True frame=58x152@0.574
ROBOT key=anFL9UsxNr+4vr8y pos=(6.3227458000183105, 0.06980297714471817, -5.500764846801758) stats={'hp': 125.0, 'maxhp': 125.0, 'armor': 0.0, 'maxarmor': 0.0, 'dead': False} ready_before=True EnsureShootingRangeToplogo=True ShowEnemyToplogo=None SetToplogoVisible=None AddToplogoVisibleTick=None EnemyTopLogoTimer=None RefreshToplogo=None RefreshEnemyHpBar=None RefreshEnemyArmorBar=None ready_after=True frame=58x152@0.499
ROBOT key=anFL9UsxNr+4vr86 pos=(16.224382400512695, 0.08436132222414017, -1.4008004665374756) stats={'hp': 125.0, 'maxhp': 125.0, 'armor': 0.0, 'maxarmor': 0.0, 'dead': False} ready_before=True EnsureShootingRangeToplogo=True ShowEnemyToplogo=None SetToplogoVisible=None AddToplogoVisibleTick=None EnemyTopLogoTimer=None RefreshToplogo=None RefreshEnemyHpBar=None RefreshEnemyArmorBar=None ready_after=True frame=54x148@0.415
ROBOT key=anFL9UsxNr+4vr9C pos=(26.320396423339844, 0.06699013710021973, 2.5996055603027344) stats={'hp': 125.0, 'maxhp': 125.0, 'armor': 0.0, 'maxarmor': 0.0, 'dead': False} ready_before=True EnsureShootingRangeToplogo=True ShowEnemyToplogo=None SetToplogoVisible=None AddToplogoVisibleTick=None EnemyTopLogoTimer=None RefreshToplogo=None RefreshEnemyHpBar=None RefreshEnemyArmorBar=None ready_after=True frame=54x148@0.351
ROBOT key=anFL9UsxNr+4vr9G pos=(-28.0, 0.05000007152557373, -13.0) stats={'hp': 125.0, 'maxhp': 125.0, 'armor': 0.0, 'maxarmor': 0.0, 'dead': False} ready_before=True EnsureShootingRangeToplogo=True ShowEnemyToplogo=None SetToplogoVisible=None AddToplogoVisibleTick=None EnemyTopLogoTimer=None RefreshToplogo=None RefreshEnemyHpBar=None RefreshEnemyArmorBar=None ready_after=True frame=58x152@0.514
ROBOT key=anFL9UsxNr+4vr8u pos=(-3.6765191555023193, 0.05925846844911575, -9.500686645507812) stats={'hp': 125.0, 'maxhp': 125.0, 'armor': 0.0, 'maxarmor': 0.0, 'dead': False} ready_before=True EnsureShootingRangeToplogo=True ShowEnemyToplogo=None SetToplogoVisible=None AddToplogoVisibleTick=None EnemyTopLogoTimer=None RefreshToplogo=None RefreshEnemyHpBar=None RefreshEnemyArmorBar=None ready_after=True frame=58x152@0.587
ROBOT key=anFL9UsxNr+4vr8p pos=(-8.783376693725586, 0.09060771018266678, -13.467101097106934) stats={'hp': 125.0, 'maxhp': 125.0, 'armor': 0.0, 'maxarmor': 0.0, 'dead': False} ready_before=True EnsureShootingRangeToplogo=True ShowEnemyToplogo=None SetToplogoVisible=None AddToplogoVisibleTick=None EnemyTopLogoTimer=None RefreshToplogo=None RefreshEnemyHpBar=None RefreshEnemyArmorBar=None ready_after=True frame=58x152@0.574
ROBOT key=anFL9UsxNr+4vr8y pos=(6.3227458000183105, 0.06980297714471817, -5.500764846801758) stats={'hp': 125.0, 'maxhp': 125.0, 'armor': 0.0, 'maxarmor': 0.0, 'dead': False} ready_before=True EnsureShootingRangeToplogo=True ShowEnemyToplogo=None SetToplogoVisible=None AddToplogoVisibleTick=None EnemyTopLogoTimer=None RefreshToplogo=None RefreshEnemyHpBar=None RefreshEnemyArmorBar=None ready_after=True frame=58x152@0.499
ROBOT key=anFL9UsxNr+4vr86 pos=(16.224382400512695, 0.08436132222414017, -1.4008004665374756) stats={'hp': 125.0, 'maxhp': 125.0, 'armor': 0.0, 'maxarmor': 0.0, 'dead': False} ready_before=True EnsureShootingRangeToplogo=True ShowEnemyToplogo=None SetToplogoVisible=None AddToplogoVisibleTick=None EnemyTopLogoTimer=None RefreshToplogo=None RefreshEnemyHpBar=None RefreshEnemyArmorBar=None ready_after=True frame=54x148@0.415
ROBOT key=anFL9UsxNr+4vr9C pos=(26.320396423339844, 0.06699013710021973, 2.5996055603027344) stats={'hp': 125.0, 'maxhp': 125.0, 'armor': 0.0, 'maxarmor': 0.0, 'dead': False} ready_before=True EnsureShootingRangeToplogo=True ShowEnemyToplogo=None SetToplogoVisible=None AddToplogoVisibleTick=None EnemyTopLogoTimer=None RefreshToplogo=None RefreshEnemyHpBar=None RefreshEnemyArmorBar=None ready_after=True frame=54x148@0.351
ROBOT key=anFL9UsxNr+4vr9G pos=(-28.0, 0.05000007152557373, -13.0) stats={'hp': 125.0, 'maxhp': 125.0, 'armor': 0.0, 'maxarmor': 0.0, 'dead': False} ready_before=True EnsureShootingRangeToplogo=True ShowEnemyToplogo=None SetToplogoVisible=None AddToplogoVisibleTick=None EnemyTopLogoTimer=None RefreshToplogo=None RefreshEnemyHpBar=None RefreshEnemyArmorBar=None ready_after=True frame=58x152@0.514
TICK n=600 total=23 players=[('anFMmksxNr+4vtxr', (-13.954489707946777, 0.6361846923828125, 1.5059490203857422))] robots=[('anFL9UsxNr+4vr8u', (-3.6765191555023193, 0.05925846844911575, -9.500686645507812), 15.07035338757847, {'hp': 125.0, 'maxhp': 125.0, 'armor': 0.0, 'maxarmor': 0.0, 'dead': False}), ('anFL9UsxNr+4vr8p', (-8.783376693725586, 0.09060771018266678, -13.467101097106934), 15.850245861509588, {'hp': 125.0, 'maxhp': 125.0, 'armor': 0.0, 'maxarmor': 0.0, 'dead': False}), ('anFL9UsxNr+4vr8y', (6.3227458000183105, 0.06980297714471817, -5.500764846801758), 21.461153447787325, {'hp': 125.0, 'maxhp': 125.0, 'armor': 0.0, 'maxarmor': 0.0, 'dead': False}), ('anFL9UsxNr+4vr86', (16.224382400512695, 0.08436132222414017, -1.4008004665374756), 30.323555585556498, {'hp': 125.0, 'maxhp': 125.0, 'armor': 0.0, 'maxarmor': 0.0, 'dead': False}), ('anFL9UsxNr+4vr9C', (26.320396423339844, 0.06699013710021973, 2.5996055603027344), 40.29375286514238, {'hp': 125.0, 'maxhp': 125.0, 'armor': 0.0, 'maxarmor': 0.0, 'dead': False}), ('anFL9UsxNr+4vr9G', (-28.0, 0.05000007152557373, -13.0), 20.200062592871653, {'hp': 125.0, 'maxhp': 125.0, 'armor': 0.0, 'maxarmor': 0.0, 'dead': False})]
ROBOT key=anFL9UsxNr+4vr8u pos=(-3.6765191555023193, 0.05925846844911575, -9.500686645507812) stats={'hp': 125.0, 'maxhp': 125.0, 'armor': 0.0, 'maxarmor': 0.0, 'dead': False} ready_before=True EnsureShootingRangeToplogo=True ShowEnemyToplogo=None SetToplogoVisible=None AddToplogoVisibleTick=None EnemyTopLogoTimer=None RefreshToplogo=None RefreshEnemyHpBar=None RefreshEnemyArmorBar=None ready_after=True frame=58x152@0.587
ROBOT key=anFL9UsxNr+4vr8p pos=(-8.783376693725586, 0.09060771018266678, -13.467101097106934) stats={'hp': 125.0, 'maxhp': 125.0, 'armor': 0.0, 'maxarmor': 0.0, 'dead': False} ready_before=True EnsureShootingRangeToplogo=True ShowEnemyToplogo=None SetToplogoVisible=None AddToplogoVisibleTick=None EnemyTopLogoTimer=None RefreshToplogo=None RefreshEnemyHpBar=None RefreshEnemyArmorBar=None ready_after=True frame=58x152@0.574
ROBOT key=anFL9UsxNr+4vr8y pos=(6.3227458000183105, 0.06980297714471817, -5.500764846801758) stats={'hp': 125.0, 'maxhp': 125.0, 'armor': 0.0, 'maxarmor': 0.0, 'dead': False} ready_before=True EnsureShootingRangeToplogo=True ShowEnemyToplogo=None SetToplogoVisible=None AddToplogoVisibleTick=None EnemyTopLogoTimer=None RefreshToplogo=None RefreshEnemyHpBar=None RefreshEnemyArmorBar=None ready_after=True frame=58x152@0.499
ROBOT key=anFL9UsxNr+4vr86 pos=(16.224382400512695, 0.08436132222414017, -1.4008004665374756) stats={'hp': 125.0, 'maxhp': 125.0, 'armor': 0.0, 'maxarmor': 0.0, 'dead': False} ready_before=True EnsureShootingRangeToplogo=True ShowEnemyToplogo=None SetToplogoVisible=None AddToplogoVisibleTick=None EnemyTopLogoTimer=None RefreshToplogo=None RefreshEnemyHpBar=None RefreshEnemyArmorBar=None ready_after=True frame=54x148@0.415
ROBOT key=anFL9UsxNr+4vr9C pos=(26.320396423339844, 0.06699013710021973, 2.5996055603027344) stats={'hp': 125.0, 'maxhp': 125.0, 'armor': 0.0, 'maxarmor': 0.0, 'dead': False} ready_before=True EnsureShootingRangeToplogo=True ShowEnemyToplogo=None SetToplogoVisible=None AddToplogoVisibleTick=None EnemyTopLogoTimer=None RefreshToplogo=None RefreshEnemyHpBar=None RefreshEnemyArmorBar=None ready_after=True frame=54x148@0.351
ROBOT key=anFL9UsxNr+4vr9G pos=(-28.0, 0.05000007152557373, -13.0) stats={'hp': 125.0, 'maxhp': 125.0, 'armor': 0.0, 'maxarmor': 0.0, 'dead': False} ready_before=True EnsureShootingRangeToplogo=True ShowEnemyToplogo=None SetToplogoVisible=None AddToplogoVisibleTick=None EnemyTopLogoTimer=None RefreshToplogo=None RefreshEnemyHpBar=None RefreshEnemyArmorBar=None ready_after=True frame=58x152@0.514
ROBOT key=anFL9UsxNr+4vr8u pos=(-3.6765191555023193, 0.05925846844911575, -9.500686645507812) stats={'hp': 125.0, 'maxhp': 125.0, 'armor': 0.0, 'maxarmor': 0.0, 'dead': False} ready_before=True EnsureShootingRangeToplogo=True ShowEnemyToplogo=None SetToplogoVisible=None AddToplogoVisibleTick=None EnemyTopLogoTimer=None RefreshToplogo=None RefreshEnemyHpBar=None RefreshEnemyArmorBar=None ready_after=True frame=58x152@0.587
ROBOT key=anFL9UsxNr+4vr8p pos=(-8.783376693725586, 0.09060771018266678, -13.467101097106934) stats={'hp': 125.0, 'maxhp': 125.0, 'armor': 0.0, 'maxarmor': 0.0, 'dead': False} ready_before=True EnsureShootingRangeToplogo=True ShowEnemyToplogo=None SetToplogoVisible=None AddToplogoVisibleTick=None EnemyTopLogoTimer=None RefreshToplogo=None RefreshEnemyHpBar=None RefreshEnemyArmorBar=None ready_after=True frame=58x152@0.574
ROBOT key=anFL9UsxNr+4vr8y pos=(6.3227458000183105, 0.06980297714471817, -5.500764846801758) stats={'hp': 125.0, 'maxhp': 125.0, 'armor': 0.0, 'maxarmor': 0.0, 'dead': False} ready_before=True EnsureShootingRangeToplogo=True ShowEnemyToplogo=None SetToplogoVisible=None AddToplogoVisibleTick=None EnemyTopLogoTimer=None RefreshToplogo=None RefreshEnemyHpBar=None RefreshEnemyArmorBar=None ready_after=True frame=58x152@0.499
ROBOT key=anFL9UsxNr+4vr86 pos=(16.224382400512695, 0.08436132222414017, -1.4008004665374756) stats={'hp': 125.0, 'maxhp': 125.0, 'armor': 0.0, 'maxarmor': 0.0, 'dead': False} ready_before=True EnsureShootingRangeToplogo=True ShowEnemyToplogo=None SetToplogoVisible=None AddToplogoVisibleTick=None EnemyTopLogoTimer=None RefreshToplogo=None RefreshEnemyHpBar=None RefreshEnemyArmorBar=None ready_after=True frame=54x148@0.415
ROBOT key=anFL9UsxNr+4vr9C pos=(26.320396423339844, 0.06699013710021973, 2.5996055603027344) stats={'hp': 125.0, 'maxhp': 125.0, 'armor': 0.0, 'maxarmor': 0.0, 'dead': False} ready_before=True EnsureShootingRangeToplogo=True ShowEnemyToplogo=None SetToplogoVisible=None AddToplogoVisibleTick=None EnemyTopLogoTimer=None RefreshToplogo=None RefreshEnemyHpBar=None RefreshEnemyArmorBar=None ready_after=True frame=54x148@0.351
ROBOT key=anFL9UsxNr+4vr9G pos=(-28.0, 0.05000007152557373, -13.0) stats={'hp': 125.0, 'maxhp': 125.0, 'armor': 0.0, 'maxarmor': 0.0, 'dead': False} ready_before=True EnsureShootingRangeToplogo=True ShowEnemyToplogo=None SetToplogoVisible=None AddToplogoVisibleTick=None EnemyTopLogoTimer=None RefreshToplogo=None RefreshEnemyHpBar=None RefreshEnemyArmorBar=None ready_after=True frame=58x152@0.514
