BEGIN 1785809396.1790366
entities=23 players=1 robots=6
toplogo=<gclient.gameplay.util.common_toplogo.ToplogoGunRefit object at 0x0000025A174EA710>
toplogo.txt_distance: repr=<gclient.framework.ui.widgets.ui_text.UIText object(Text) at 0x25A174EA850> type=<class 'gclient.framework.ui.widgets.ui_text.UIText'>
toplogo.txt_distance: names=['AddChild', 'AddForceShowReason', 'AddHiddenReason', 'AttachScratchCardNode', 'AutoFitParentSize', 'CancelBounceTimer', 'CancelTypewriterTimer', 'CheckIsDestroyed', 'CheckPosInView', 'ClearLastFrameCallFunc', 'CloneWidget', 'Destroy', 'DetachScratchCardNode', 'EnableClickSound', 'EnableLongClick', 'EnableLongTouch', 'EnableMergeDraw', 'EnableMultiTouch', 'EnablePressScale', 'EnableShadow', 'EnableTouch', 'ForceOneLineForSingleWord', 'FrameEventCallbackForSound', 'GetCurrentFrame', 'GetEndFrame', 'GetHeight', 'GetRealContentSize', 'GetScratchCardNode', 'GetStartFrame', 'GetTextureType', 'GetTotalFrame', 'GetWidth', 'GetWorldPosition', 'GetWorldPositionLeftBottom', 'GetWorldPositionPercent', 'GoAndKeepAnimLastFrame', 'GotoFrameAndPlay', 'HasAnim', 'HasTouchEvent', 'HaveForceShowReason', 'HaveHiddenReason', 'InitClickSoundForUI', 'IsAncestorsVisible', 'IsInButtonCD', 'IsLongTouchTriggered', 'IsPlayingAnim', 'IsSwallower', 'IsTouchValid', 'IsWorldPosInNodeBound', 'LoadAnimFromFile', 'MakeSureActionByLoadFile', 'OnScratchCardAutoClear', 'OnScratchCardMaskRelease', 'OnTypewriterTimer', 'PauseAnim', 'PlayAnim', 'PlayClickSoundForUI', 'RemoveAnim', 'RemoveForceShowReason', 'RemoveHiddenReason', 'ResetTypewriter', 'SCRATCH_CARD_IMAGE_NAME', 'SCRATCH_CARD_TOUCH_NAME', 'SetAutoFitParentSize', 'SetCD', 'SetCDOnlyOnClick', 'SetChildrenClippingEnabled', 'SetChildrenClippingType', 'SetEnabled', 'SetFontSize', 'SetForceOneLineForSingleWord', 'SetFrameEventCallback', 'SetHeight', 'SetHiddenReason', 'SetLongTouchTime', 'SetMouseMoveEventEnable', 'SetNodeHoverImage', 'SetPosition', 'SetPositionX', 'SetPositionY', 'SetSwallowTouchesRecursively', 'SetTextColorByList', 'SetTypewriterText', 'SetVertexColor', 'SetWidth', 'SetWidthHeight', 'SetWorldPosition', 'SetWorldPositionPercent', 'ShowNodeHoverImage', 'StartTextNumBounce', 'StartTypewriterTimer', 'StopAnim', 'StopTypewriter', 'TIMER_COUNTER', 'UpdateBounceText', '_ApplyFontSize', '_CreateScratchCardImage', '_CreateScratchCardSplendorNode', '_CreateScratchCardTouchImage', '_FindMaxFontSizeForLines', '_FitMultiLine', '_FitOneLine', '_IsNoRef', '_LoadAnimFromFile', '_MakeSureAction', '_MeasureLineHeight', '_MeasureTextHeight', '_OnLongTouchTimer', '_ScaleVSpace', '_SetWidgetSwallowTouches', '_beginClickTime', '_cancelLongTouch', '_cd', '_cd_prompt', '_cur_action', '_enable_muti_touch_ori', '_force_show_reason', '_hidden_reason', '_last_click_time', '_last_text', '_longClickEnabled', '_longTouchEnabled', '_longTouchTime', '_multiTouchEnabled', '_pos_began', '_res_path', '_scratch_card_auto_clear_callback', '_scratch_card_image', '_scratch_card_node', '_scratch_card_remove_on_auto_clear', '_scratch_card_touch_image', '_show_node_hover', '_touch_info', '_touches', '_zoom_action', 'addChild', 'add_repeat_timer', 'add_repeat_timer_range', 'add_timer', 'auto_fit_parent_size', 'bottom_left_vertex_color', 'bottom_right_vertex_color', 'bounce_timer', 'cancel_timer', 'child', 'childex', 'click_sound_id', 'click_sound_id_for_ui', 'click_sound_init', 'color', 'double_click_t', 'eventDispatcher', 'force_one_line_for_single_word', 'force_show_reason', 'getContentSize', 'hidden_reason', 'init_font_size', 'init_vertical_spacing', 'last_touch_id', 'need_protect', 'onClick', 'onClickBegin', 'onClickCancel', 'onClickMove', 'onDoubleClick', 'onLongTouch', 'onLongTouched', 'onMouseEnter', 'onMouseEntered', 'onMouseHover', 'onMouseLeave', 'onMouseleft', 'onMultiTouchBegan', 'onMultiTouchBegin', 'onMultiTouchCancel', 'onMultiTouchCancelled', 'onMultiTouchEnd', 'onMultiTouchEnded', 'onMultiTouchMove', 'onMultiTouchMoved', 'onReddotNotify', 'onTouchBegan', 'onTouchCancelled', 'onTouchEnded', 'onTouchMoved', 'opacity', 'rchild', 'rchildex', 'rseek', 'runAction', 'runZoomAction', 'scale', 'seek', 'setContentSize', 'setFntFile', 'setGrayRecursively', 'setSwallowTouches', 'setZoomChildren', 'string_message_id', 'text', 'text_color', 'top_left_vertex_color', 'top_right_vertex_color', 'touch_begin_id', 'touch_cancel_id', 'touch_end_id', 'touch_move_id', 'typewriter_text', 'typewriter_text_idx', 'typewriter_timer', 'vertex_color_enabled', 'visible', 'widget', 'zoomChildren']
toplogo.txt_distance.AutoFitParentSize: <bound method UiTextBase.AutoFitParentSize of <gclient.framework.ui.widgets.ui_text.UIText object(Text) at 0x25A174EA850>> type=<class 'method'>
toplogo.txt_distance.AutoFitParentSize: sig=<Signature (force_one_line=False, max_line_count=None)>
toplogo.txt_distance.CheckPosInView: <bound method UINode.CheckPosInView of <gclient.framework.ui.widgets.ui_text.UIText object(Text) at 0x25A174EA850>> type=<class 'method'>
toplogo.txt_distance.CheckPosInView: sig=<Signature (pos, is_out_bounds, widget_size, visible_size, anchor=None)>
toplogo.txt_distance.EnablePressScale: <bound method UINode.EnablePressScale of <gclient.framework.ui.widgets.ui_text.UIText object(Text) at 0x25A174EA850>> type=<class 'method'>
toplogo.txt_distance.EnablePressScale: sig=<Signature (enable, scale=0.0, origin_scale=1.0)>
toplogo.txt_distance.GetRealContentSize: <bound method UINode.GetRealContentSize of <gclient.framework.ui.widgets.ui_text.UIText object(Text) at 0x25A174EA850>> type=<class 'method'>
toplogo.txt_distance.GetRealContentSize: sig=<Signature ()>
toplogo.txt_distance.GetTextureType: <function UINode.GetTextureType at 0x00000259F53FF690> type=<class 'function'>
toplogo.txt_distance.GetTextureType: sig=<Signature (resource_name)>
toplogo.txt_distance.GetWorldPosition: <bound method UINode.GetWorldPosition of <gclient.framework.ui.widgets.ui_text.UIText object(Text) at 0x25A174EA850>> type=<class 'method'>
toplogo.txt_distance.GetWorldPosition: sig=<Signature ()>
toplogo.txt_distance.GetWorldPositionLeftBottom: <bound method UINode.GetWorldPositionLeftBottom of <gclient.framework.ui.widgets.ui_text.UIText object(Text) at 0x25A174EA850>> type=<class 'method'>
toplogo.txt_distance.GetWorldPositionLeftBottom: sig=<Signature (offset=Vec2(0.000000, 0.000000))>
toplogo.txt_distance.GetWorldPositionPercent: <bound method UINode.GetWorldPositionPercent of <gclient.framework.ui.widgets.ui_text.UIText object(Text) at 0x25A174EA850>> type=<class 'method'>
toplogo.txt_distance.GetWorldPositionPercent: sig=<Signature ()>
toplogo.txt_distance.IsAncestorsVisible: <bound method UINode.IsAncestorsVisible of <gclient.framework.ui.widgets.ui_text.UIText object(Text) at 0x25A174EA850>> type=<class 'method'>
toplogo.txt_distance.IsAncestorsVisible: sig=<Signature ()>
toplogo.txt_distance.IsWorldPosInNodeBound: <bound method UINode.IsWorldPosInNodeBound of <gclient.framework.ui.widgets.ui_text.UIText object(Text) at 0x25A174EA850>> type=<class 'method'>
toplogo.txt_distance.IsWorldPosInNodeBound: sig=<Signature (x, y)>
toplogo.txt_distance.ResetTypewriter: <bound method UIText.ResetTypewriter of <gclient.framework.ui.widgets.ui_text.UIText object(Text) at 0x25A174EA850>> type=<class 'method'>
toplogo.txt_distance.ResetTypewriter: sig=<Signature ()>
toplogo.txt_distance.SetAutoFitParentSize: <bound method UiTextBase.SetAutoFitParentSize of <gclient.framework.ui.widgets.ui_text.UIText object(Text) at 0x25A174EA850>> type=<class 'method'>
toplogo.txt_distance.SetAutoFitParentSize: sig=<Signature (enable, max_line_count=-1)>
toplogo.txt_distance.SetCD: <bound method UINode.SetCD of <gclient.framework.ui.widgets.ui_text.UIText object(Text) at 0x25A174EA850>> type=<class 'method'>
toplogo.txt_distance.SetCD: sig=<Signature (cd, cd_prompt=False)>
toplogo.txt_distance.SetCDOnlyOnClick: <bound method UINode.SetCDOnlyOnClick of <gclient.framework.ui.widgets.ui_text.UIText object(Text) at 0x25A174EA850>> type=<class 'method'>
toplogo.txt_distance.SetCDOnlyOnClick: sig=<Signature (cd, cd_prompt=False)>
toplogo.txt_distance.SetChildrenClippingEnabled: <bound method UINode.SetChildrenClippingEnabled of <gclient.framework.ui.widgets.ui_text.UIText object(Text) at 0x25A174EA850>> type=<class 'method'>
toplogo.txt_distance.SetChildrenClippingEnabled: sig=<Signature (enabled)>
toplogo.txt_distance.SetChildrenClippingType: <bound method UINode.SetChildrenClippingType of <gclient.framework.ui.widgets.ui_text.UIText object(Text) at 0x25A174EA850>> type=<class 'method'>
toplogo.txt_distance.SetChildrenClippingType: sig=<Signature (clipping_type)>
toplogo.txt_distance.SetEnabled: <bound method UINode.SetEnabled of <gclient.framework.ui.widgets.ui_text.UIText object(Text) at 0x25A174EA850>> type=<class 'method'>
toplogo.txt_distance.SetEnabled: sig=<Signature (is_enable)>
toplogo.txt_distance.SetFontSize: <bound method UIText.SetFontSize of <gclient.framework.ui.widgets.ui_text.UIText object(Text) at 0x25A174EA850>> type=<class 'method'>
toplogo.txt_distance.SetFontSize: sig=<Signature (size)>
toplogo.txt_distance.SetForceOneLineForSingleWord: <bound method UiTextBase.SetForceOneLineForSingleWord of <gclient.framework.ui.widgets.ui_text.UIText object(Text) at 0x25A174EA850>> type=<class 'method'>
toplogo.txt_distance.SetForceOneLineForSingleWord: sig=<Signature (enable)>
toplogo.txt_distance.SetFrameEventCallback: <bound method UINode.SetFrameEventCallback of <gclient.framework.ui.widgets.ui_text.UIText object(Text) at 0x25A174EA850>> type=<class 'method'>
toplogo.txt_distance.SetFrameEventCallback: sig=<Signature (callback)>
toplogo.txt_distance.SetHeight: <bound method UINode.SetHeight of <gclient.framework.ui.widgets.ui_text.UIText object(Text) at 0x25A174EA850>> type=<class 'method'>
toplogo.txt_distance.SetHeight: sig=<Signature (height)>
toplogo.txt_distance.SetHiddenReason: <bound method UINode.SetHiddenReason of <gclient.framework.ui.widgets.ui_text.UIText object(Text) at 0x25A174EA850>> type=<class 'method'>
toplogo.txt_distance.SetHiddenReason: sig=<Signature (value, reaseon)>
toplogo.txt_distance.SetLongTouchTime: <bound method UINode.SetLongTouchTime of <gclient.framework.ui.widgets.ui_text.UIText object(Text) at 0x25A174EA850>> type=<class 'method'>
toplogo.txt_distance.SetLongTouchTime: sig=<Signature (val)>
toplogo.txt_distance.SetMouseMoveEventEnable: <bound method UINode.SetMouseMoveEventEnable of <gclient.framework.ui.widgets.ui_text.UIText object(Text) at 0x25A174EA850>> type=<class 'method'>
toplogo.txt_distance.SetMouseMoveEventEnable: sig=<Signature (enable)>
toplogo.txt_distance.SetNodeHoverImage: <bound method UINode.SetNodeHoverImage of <gclient.framework.ui.widgets.ui_text.UIText object(Text) at 0x25A174EA850>> type=<class 'method'>
toplogo.txt_distance.SetNodeHoverImage: sig=<Signature (image_id, is_scale9=False, scale9_params=None, anchor_point=None, pos=None, contentsize=None, size_offset=None)>
toplogo.txt_distance.SetPosition: <bound method UINode.SetPosition of <gclient.framework.ui.widgets.ui_text.UIText object(Text) at 0x25A174EA850>> type=<class 'method'>
toplogo.txt_distance.SetPosition: sig=<Signature (*args)>
toplogo.txt_distance.SetPositionX: <bound method UINode.SetPositionX of <gclient.framework.ui.widgets.ui_text.UIText object(Text) at 0x25A174EA850>> type=<class 'method'>
toplogo.txt_distance.SetPositionX: sig=<Signature (arg0)>
toplogo.txt_distance.SetPositionY: <bound method UINode.SetPositionY of <gclient.framework.ui.widgets.ui_text.UIText object(Text) at 0x25A174EA850>> type=<class 'method'>
toplogo.txt_distance.SetPositionY: sig=<Signature (arg0)>
toplogo.txt_distance.SetSwallowTouchesRecursively: <bound method UINode.SetSwallowTouchesRecursively of <gclient.framework.ui.widgets.ui_text.UIText object(Text) at 0x25A174EA850>> type=<class 'method'>
toplogo.txt_distance.SetSwallowTouchesRecursively: sig=<Signature (enable, widget=None)>
toplogo.txt_distance.SetTextColorByList: <bound method UIText.SetTextColorByList of <gclient.framework.ui.widgets.ui_text.UIText object(Text) at 0x25A174EA850>> type=<class 'method'>
toplogo.txt_distance.SetTextColorByList: sig=<Signature (color_list)>
toplogo.txt_distance.SetTypewriterText: <bound method UIText.SetTypewriterText of <gclient.framework.ui.widgets.ui_text.UIText object(Text) at 0x25A174EA850>> type=<class 'method'>
toplogo.txt_distance.SetTypewriterText: sig=<Signature (text, interval=0.1)>
toplogo.txt_distance.SetVertexColor: <bound method UIText.SetVertexColor of <gclient.framework.ui.widgets.ui_text.UIText object(Text) at 0x25A174EA850>> type=<class 'method'>
toplogo.txt_distance.SetVertexColor: sig=<Signature (enable, bottom_left=None, bottom_right=None, top_left=None, top_right=None)>
toplogo.txt_distance.SetWidth: <bound method UINode.SetWidth of <gclient.framework.ui.widgets.ui_text.UIText object(Text) at 0x25A174EA850>> type=<class 'method'>
toplogo.txt_distance.SetWidth: sig=<Signature (width)>
toplogo.txt_distance.SetWidthHeight: <bound method UINode.SetWidthHeight of <gclient.framework.ui.widgets.ui_text.UIText object(Text) at 0x25A174EA850>> type=<class 'method'>
toplogo.txt_distance.SetWidthHeight: sig=<Signature (width, height)>
toplogo.txt_distance.SetWorldPosition: <bound method UINode.SetWorldPosition of <gclient.framework.ui.widgets.ui_text.UIText object(Text) at 0x25A174EA850>> type=<class 'method'>
toplogo.txt_distance.SetWorldPosition: sig=<Signature (pos)>
toplogo.txt_distance.SetWorldPositionPercent: <bound method UINode.SetWorldPositionPercent of <gclient.framework.ui.widgets.ui_text.UIText object(Text) at 0x25A174EA850>> type=<class 'method'>
toplogo.txt_distance.SetWorldPositionPercent: sig=<Signature (percent)>
toplogo.txt_distance.StartTextNumBounce: <bound method UiTextBase.StartTextNumBounce of <gclient.framework.ui.widgets.ui_text.UIText object(Text) at 0x25A174EA850>> type=<class 'method'>
toplogo.txt_distance.StartTextNumBounce: sig=<Signature (target_num, txt_template='{}', bounce_time=1, bounce_interval=0.03, init_num=0)>
toplogo.txt_distance.UpdateBounceText: <bound method UiTextBase.UpdateBounceText of <gclient.framework.ui.widgets.ui_text.UIText object(Text) at 0x25A174EA850>> type=<class 'method'>
toplogo.txt_distance.UpdateBounceText: sig=<Signature (init_num, target_num, txt_template, bounce_time, *args)>
toplogo.txt_distance._ApplyFontSize: <bound method UiTextBase._ApplyFontSize of <gclient.framework.ui.widgets.ui_text.UIText object(Text) at 0x25A174EA850>> type=<class 'method'>
toplogo.txt_distance._ApplyFontSize: sig=<Signature (font_size, vertical_spacing)>
toplogo.txt_distance._FindMaxFontSizeForLines: <bound method UiTextBase._FindMaxFontSizeForLines of <gclient.framework.ui.widgets.ui_text.UIText object(Text) at 0x25A174EA850>> type=<class 'method'>
toplogo.txt_distance._FindMaxFontSizeForLines: sig=<Signature (text, max_width, font_name, target_lines, max_height=None)>
toplogo.txt_distance._MeasureTextHeight: <bound method UiTextBase._MeasureTextHeight of <gclient.framework.ui.widgets.ui_text.UIText object(Text) at 0x25A174EA850>> type=<class 'method'>
toplogo.txt_distance._MeasureTextHeight: sig=<Signature (text, font_size, max_width, vertical_spacing, font_name)>
toplogo.txt_distance._ScaleVSpace: <bound method UiTextBase._ScaleVSpace of <gclient.framework.ui.widgets.ui_text.UIText object(Text) at 0x25A174EA850>> type=<class 'method'>
toplogo.txt_distance._ScaleVSpace: sig=<Signature (new_font_size)>
toplogo.txt_distance._SetWidgetSwallowTouches: <function UINode._SetWidgetSwallowTouches at 0x00000259F538C7D0> type=<class 'function'>
toplogo.txt_distance._SetWidgetSwallowTouches: sig=<Signature (widget, enable)>
toplogo.txt_distance._last_text: 'GUN WORKBENCH' type=<class 'str'>
toplogo.txt_distance._pos_began: (0, 0) type=<class 'tuple'>
toplogo.txt_distance.auto_fit_parent_size: 0 type=<class 'int'>
toplogo.txt_distance.bottom_left_vertex_color: None type=<class 'NoneType'>
toplogo.txt_distance.bottom_right_vertex_color: None type=<class 'NoneType'>
toplogo.txt_distance.color: (255, 255, 255) type=<class 'tuple'>
toplogo.txt_distance.getContentSize: <bound method UINode.getContentSize of <gclient.framework.ui.widgets.ui_text.UIText object(Text) at 0x25A174EA850>> type=<class 'method'>
toplogo.txt_distance.getContentSize: sig=<Signature ()>
toplogo.txt_distance.init_font_size: 20 type=<class 'int'>
toplogo.txt_distance.opacity: 255 type=<class 'int'>
toplogo.txt_distance.scale: 1.0 type=<class 'float'>
toplogo.txt_distance.setContentSize: <bound method UINode.setContentSize of <gclient.framework.ui.widgets.ui_text.UIText object(Text) at 0x25A174EA850>> type=<class 'method'>
toplogo.txt_distance.setContentSize: sig=<Signature (size)>
toplogo.txt_distance.setFntFile: <bound method UIText.setFntFile of <gclient.framework.ui.widgets.ui_text.UIText object(Text) at 0x25A174EA850>> type=<class 'method'>
toplogo.txt_distance.setFntFile: sig=<Signature (fnt_index)>
toplogo.txt_distance.setGrayRecursively: <bound method UINode.setGrayRecursively of <gclient.framework.ui.widgets.ui_text.UIText object(Text) at 0x25A174EA850>> type=<class 'method'>
toplogo.txt_distance.setGrayRecursively: sig=<Signature (gray)>
toplogo.txt_distance.setSwallowTouches: <bound method UINode.setSwallowTouches of <gclient.framework.ui.widgets.ui_text.UIText object(Text) at 0x25A174EA850>> type=<class 'method'>
toplogo.txt_distance.setSwallowTouches: sig=<Signature (enable)>
toplogo.txt_distance.setZoomChildren: <bound method UINode.setZoomChildren of <gclient.framework.ui.widgets.ui_text.UIText object(Text) at 0x25A174EA850>> type=<class 'method'>
toplogo.txt_distance.setZoomChildren: sig=<Signature (children)>
toplogo.txt_distance.string_message_id: None type=<class 'NoneType'>
toplogo.txt_distance.text: 'GUN WORKBENCH' type=<class 'str'>
toplogo.txt_distance.text_color: (245, 245, 245, 255) type=<class 'tuple'>
toplogo.txt_distance.top_left_vertex_color: None type=<class 'NoneType'>
toplogo.txt_distance.top_right_vertex_color: None type=<class 'NoneType'>
toplogo.txt_distance.typewriter_text: '' type=<class 'str'>
toplogo.txt_distance.typewriter_text_idx: 0 type=<class 'int'>
toplogo.txt_distance.vertex_color_enabled: False type=<class 'bool'>
toplogo.txt_distance.visible: True type=<class 'bool'>
toplogo.mark_toplogo_widget: repr=<gclient.framework.ui.widgets.ui_autohide_node.UiAutohideNode object(Node) at 0x25A0337D2B0> type=<class 'gclient.framework.ui.widgets.ui_autohide_node.UiAutohideNode'>
toplogo.mark_toplogo_widget: names=['AddChild', 'AddForceShowReason', 'AddHiddenReason', 'AttachScratchCardNode', 'CheckIsDestroyed', 'CheckPosInView', 'ClearLastFrameCallFunc', 'CloneWidget', 'Destroy', 'DetachScratchCardNode', 'EnableClickSound', 'EnableLongClick', 'EnableLongTouch', 'EnableMultiTouch', 'EnablePressScale', 'EnableTouch', 'FrameEventCallbackForSound', 'GetCurrentFrame', 'GetEndFrame', 'GetHeight', 'GetRealContentSize', 'GetScratchCardNode', 'GetStartFrame', 'GetTextureType', 'GetTotalFrame', 'GetWidth', 'GetWorldPosition', 'GetWorldPositionLeftBottom', 'GetWorldPositionPercent', 'GoAndKeepAnimLastFrame', 'GotoFrameAndPlay', 'HasAnim', 'HasTouchEvent', 'HaveForceShowReason', 'HaveHiddenReason', 'HideAllAutoNode', 'InitClickSoundForUI', 'IsAncestorsVisible', 'IsInButtonCD', 'IsLongTouchTriggered', 'IsPlayingAnim', 'IsSwallower', 'IsTouchValid', 'IsWorldPosInNodeBound', 'LoadAnimFromFile', 'MakeSureActionByLoadFile', 'OnScratchCardAutoClear', 'OnScratchCardMaskRelease', 'PauseAnim', 'PlayAnim', 'PlayClickSoundForUI', 'RemoveAnim', 'RemoveForceShowReason', 'RemoveHiddenReason', 'SCRATCH_CARD_IMAGE_NAME', 'SCRATCH_CARD_TOUCH_NAME', 'SetCD', 'SetCDOnlyOnClick', 'SetChildrenClippingEnabled', 'SetChildrenClippingType', 'SetEnabled', 'SetFrameEventCallback', 'SetHeight', 'SetHiddenReason', 'SetLongTouchTime', 'SetMouseMoveEventEnable', 'SetNodeHoverImage', 'SetPosition', 'SetPositionX', 'SetPositionY', 'SetSwallowTouchesRecursively', 'SetWidth', 'SetWidthHeight', 'SetWorldPosition', 'SetWorldPositionPercent', 'ShowNodeHoverImage', 'StopAnim', 'TIMER_COUNTER', '_CreateScratchCardImage', '_CreateScratchCardSplendorNode', '_CreateScratchCardTouchImage', '_IsNoRef', '_LoadAnimFromFile', '_MakeSureAction', '_OnLongTouchTimer', '_SetWidgetSwallowTouches', '_auto_hide_nodes', '_beginClickTime', '_cancelLongTouch', '_cd', '_cd_prompt', '_cur_action', '_enable_muti_touch_ori', '_force_show_reason', '_hidden_reason', '_last_click_time', '_longClickEnabled', '_longTouchEnabled', '_longTouchTime', '_multiTouchEnabled', '_pos_began', '_res_path', '_scratch_card_auto_clear_callback', '_scratch_card_image', '_scratch_card_node', '_scratch_card_remove_on_auto_clear', '_scratch_card_touch_image', '_show_node_hover', '_touch_info', '_touches', '_zoom_action', 'addChild', 'add_repeat_timer', 'add_repeat_timer_range', 'add_timer', 'cancel_timer', 'child', 'childex', 'click_sound_id', 'click_sound_id_for_ui', 'click_sound_init', 'color', 'double_click_t', 'eventDispatcher', 'force_show_reason', 'getContentSize', 'hidden_reason', 'last_touch_id', 'onClick', 'onClickBegin', 'onClickCancel', 'onClickMove', 'onDoubleClick', 'onLongTouch', 'onLongTouched', 'onMouseEnter', 'onMouseEntered', 'onMouseHover', 'onMouseLeave', 'onMouseleft', 'onMultiTouchBegan', 'onMultiTouchBegin', 'onMultiTouchCancel', 'onMultiTouchCancelled', 'onMultiTouchEnd', 'onMultiTouchEnded', 'onMultiTouchMove', 'onMultiTouchMoved', 'onReddotNotify', 'onTouchBegan', 'onTouchCancelled', 'onTouchEnded', 'onTouchMoved', 'opacity', 'rchild', 'rchildex', 'rseek', 'runAction', 'runZoomAction', 'scale', 'seek', 'setContentSize', 'setGrayRecursively', 'setSwallowTouches', 'setZoomChildren', 'set_auto_hide_nodes', 'touch_begin_id', 'touch_cancel_id', 'touch_end_id', 'touch_move_id', 'visible', 'widget', 'zoomChildren']
toplogo.mark_toplogo_widget.CheckPosInView: <bound method UINode.CheckPosInView of <gclient.framework.ui.widgets.ui_autohide_node.UiAutohideNode object(Node) at 0x25A0337D2B0>> type=<class 'method'>
toplogo.mark_toplogo_widget.CheckPosInView: sig=<Signature (pos, is_out_bounds, widget_size, visible_size, anchor=None)>
toplogo.mark_toplogo_widget.EnablePressScale: <bound method UINode.EnablePressScale of <gclient.framework.ui.widgets.ui_autohide_node.UiAutohideNode object(Node) at 0x25A0337D2B0>> type=<class 'method'>
toplogo.mark_toplogo_widget.EnablePressScale: sig=<Signature (enable, scale=0.0, origin_scale=1.0)>
toplogo.mark_toplogo_widget.GetRealContentSize: <bound method UINode.GetRealContentSize of <gclient.framework.ui.widgets.ui_autohide_node.UiAutohideNode object(Node) at 0x25A0337D2B0>> type=<class 'method'>
toplogo.mark_toplogo_widget.GetRealContentSize: sig=<Signature ()>
toplogo.mark_toplogo_widget.GetTextureType: <function UINode.GetTextureType at 0x00000259F53FF690> type=<class 'function'>
toplogo.mark_toplogo_widget.GetTextureType: sig=<Signature (resource_name)>
toplogo.mark_toplogo_widget.GetWorldPosition: <bound method UINode.GetWorldPosition of <gclient.framework.ui.widgets.ui_autohide_node.UiAutohideNode object(Node) at 0x25A0337D2B0>> type=<class 'method'>
toplogo.mark_toplogo_widget.GetWorldPosition: sig=<Signature ()>
toplogo.mark_toplogo_widget.GetWorldPositionLeftBottom: <bound method UINode.GetWorldPositionLeftBottom of <gclient.framework.ui.widgets.ui_autohide_node.UiAutohideNode object(Node) at 0x25A0337D2B0>> type=<class 'method'>
toplogo.mark_toplogo_widget.GetWorldPositionLeftBottom: sig=<Signature (offset=Vec2(0.000000, 0.000000))>
toplogo.mark_toplogo_widget.GetWorldPositionPercent: <bound method UINode.GetWorldPositionPercent of <gclient.framework.ui.widgets.ui_autohide_node.UiAutohideNode object(Node) at 0x25A0337D2B0>> type=<class 'method'>
toplogo.mark_toplogo_widget.GetWorldPositionPercent: sig=<Signature ()>
toplogo.mark_toplogo_widget.IsAncestorsVisible: <bound method UINode.IsAncestorsVisible of <gclient.framework.ui.widgets.ui_autohide_node.UiAutohideNode object(Node) at 0x25A0337D2B0>> type=<class 'method'>
toplogo.mark_toplogo_widget.IsAncestorsVisible: sig=<Signature ()>
toplogo.mark_toplogo_widget.IsWorldPosInNodeBound: <bound method UINode.IsWorldPosInNodeBound of <gclient.framework.ui.widgets.ui_autohide_node.UiAutohideNode object(Node) at 0x25A0337D2B0>> type=<class 'method'>
toplogo.mark_toplogo_widget.IsWorldPosInNodeBound: sig=<Signature (x, y)>
toplogo.mark_toplogo_widget.SetCD: <bound method UINode.SetCD of <gclient.framework.ui.widgets.ui_autohide_node.UiAutohideNode object(Node) at 0x25A0337D2B0>> type=<class 'method'>
toplogo.mark_toplogo_widget.SetCD: sig=<Signature (cd, cd_prompt=False)>
toplogo.mark_toplogo_widget.SetCDOnlyOnClick: <bound method UINode.SetCDOnlyOnClick of <gclient.framework.ui.widgets.ui_autohide_node.UiAutohideNode object(Node) at 0x25A0337D2B0>> type=<class 'method'>
toplogo.mark_toplogo_widget.SetCDOnlyOnClick: sig=<Signature (cd, cd_prompt=False)>
toplogo.mark_toplogo_widget.SetChildrenClippingEnabled: <bound method UINode.SetChildrenClippingEnabled of <gclient.framework.ui.widgets.ui_autohide_node.UiAutohideNode object(Node) at 0x25A0337D2B0>> type=<class 'method'>
toplogo.mark_toplogo_widget.SetChildrenClippingEnabled: sig=<Signature (enabled)>
toplogo.mark_toplogo_widget.SetChildrenClippingType: <bound method UINode.SetChildrenClippingType of <gclient.framework.ui.widgets.ui_autohide_node.UiAutohideNode object(Node) at 0x25A0337D2B0>> type=<class 'method'>
toplogo.mark_toplogo_widget.SetChildrenClippingType: sig=<Signature (clipping_type)>
toplogo.mark_toplogo_widget.SetEnabled: <bound method UINode.SetEnabled of <gclient.framework.ui.widgets.ui_autohide_node.UiAutohideNode object(Node) at 0x25A0337D2B0>> type=<class 'method'>
toplogo.mark_toplogo_widget.SetEnabled: sig=<Signature (is_enable)>
toplogo.mark_toplogo_widget.SetFrameEventCallback: <bound method UINode.SetFrameEventCallback of <gclient.framework.ui.widgets.ui_autohide_node.UiAutohideNode object(Node) at 0x25A0337D2B0>> type=<class 'method'>
toplogo.mark_toplogo_widget.SetFrameEventCallback: sig=<Signature (callback)>
toplogo.mark_toplogo_widget.SetHeight: <bound method UINode.SetHeight of <gclient.framework.ui.widgets.ui_autohide_node.UiAutohideNode object(Node) at 0x25A0337D2B0>> type=<class 'method'>
toplogo.mark_toplogo_widget.SetHeight: sig=<Signature (height)>
toplogo.mark_toplogo_widget.SetHiddenReason: <bound method UINode.SetHiddenReason of <gclient.framework.ui.widgets.ui_autohide_node.UiAutohideNode object(Node) at 0x25A0337D2B0>> type=<class 'method'>
toplogo.mark_toplogo_widget.SetHiddenReason: sig=<Signature (value, reaseon)>
toplogo.mark_toplogo_widget.SetLongTouchTime: <bound method UINode.SetLongTouchTime of <gclient.framework.ui.widgets.ui_autohide_node.UiAutohideNode object(Node) at 0x25A0337D2B0>> type=<class 'method'>
toplogo.mark_toplogo_widget.SetLongTouchTime: sig=<Signature (val)>
toplogo.mark_toplogo_widget.SetMouseMoveEventEnable: <bound method UINode.SetMouseMoveEventEnable of <gclient.framework.ui.widgets.ui_autohide_node.UiAutohideNode object(Node) at 0x25A0337D2B0>> type=<class 'method'>
toplogo.mark_toplogo_widget.SetMouseMoveEventEnable: sig=<Signature (enable)>
toplogo.mark_toplogo_widget.SetNodeHoverImage: <bound method UINode.SetNodeHoverImage of <gclient.framework.ui.widgets.ui_autohide_node.UiAutohideNode object(Node) at 0x25A0337D2B0>> type=<class 'method'>
toplogo.mark_toplogo_widget.SetNodeHoverImage: sig=<Signature (image_id, is_scale9=False, scale9_params=None, anchor_point=None, pos=None, contentsize=None, size_offset=None)>
toplogo.mark_toplogo_widget.SetPosition: <bound method UINode.SetPosition of <gclient.framework.ui.widgets.ui_autohide_node.UiAutohideNode object(Node) at 0x25A0337D2B0>> type=<class 'method'>
toplogo.mark_toplogo_widget.SetPosition: sig=<Signature (*args)>
toplogo.mark_toplogo_widget.SetPositionX: <bound method UINode.SetPositionX of <gclient.framework.ui.widgets.ui_autohide_node.UiAutohideNode object(Node) at 0x25A0337D2B0>> type=<class 'method'>
toplogo.mark_toplogo_widget.SetPositionX: sig=<Signature (arg0)>
toplogo.mark_toplogo_widget.SetPositionY: <bound method UINode.SetPositionY of <gclient.framework.ui.widgets.ui_autohide_node.UiAutohideNode object(Node) at 0x25A0337D2B0>> type=<class 'method'>
toplogo.mark_toplogo_widget.SetPositionY: sig=<Signature (arg0)>
toplogo.mark_toplogo_widget.SetSwallowTouchesRecursively: <bound method UINode.SetSwallowTouchesRecursively of <gclient.framework.ui.widgets.ui_autohide_node.UiAutohideNode object(Node) at 0x25A0337D2B0>> type=<class 'method'>
toplogo.mark_toplogo_widget.SetSwallowTouchesRecursively: sig=<Signature (enable, widget=None)>
toplogo.mark_toplogo_widget.SetWidth: <bound method UINode.SetWidth of <gclient.framework.ui.widgets.ui_autohide_node.UiAutohideNode object(Node) at 0x25A0337D2B0>> type=<class 'method'>
toplogo.mark_toplogo_widget.SetWidth: sig=<Signature (width)>
toplogo.mark_toplogo_widget.SetWidthHeight: <bound method UINode.SetWidthHeight of <gclient.framework.ui.widgets.ui_autohide_node.UiAutohideNode object(Node) at 0x25A0337D2B0>> type=<class 'method'>
toplogo.mark_toplogo_widget.SetWidthHeight: sig=<Signature (width, height)>
toplogo.mark_toplogo_widget.SetWorldPosition: <bound method UINode.SetWorldPosition of <gclient.framework.ui.widgets.ui_autohide_node.UiAutohideNode object(Node) at 0x25A0337D2B0>> type=<class 'method'>
toplogo.mark_toplogo_widget.SetWorldPosition: sig=<Signature (pos)>
toplogo.mark_toplogo_widget.SetWorldPositionPercent: <bound method UINode.SetWorldPositionPercent of <gclient.framework.ui.widgets.ui_autohide_node.UiAutohideNode object(Node) at 0x25A0337D2B0>> type=<class 'method'>
toplogo.mark_toplogo_widget.SetWorldPositionPercent: sig=<Signature (percent)>
toplogo.mark_toplogo_widget._SetWidgetSwallowTouches: <function UINode._SetWidgetSwallowTouches at 0x00000259F538C7D0> type=<class 'function'>
toplogo.mark_toplogo_widget._SetWidgetSwallowTouches: sig=<Signature (widget, enable)>
toplogo.mark_toplogo_widget._pos_began: (0, 0) type=<class 'tuple'>
toplogo.mark_toplogo_widget.color: (255, 255, 255) type=<class 'tuple'>
toplogo.mark_toplogo_widget.getContentSize: <bound method UINode.getContentSize of <gclient.framework.ui.widgets.ui_autohide_node.UiAutohideNode object(Node) at 0x25A0337D2B0>> type=<class 'method'>
toplogo.mark_toplogo_widget.getContentSize: sig=<Signature ()>
toplogo.mark_toplogo_widget.opacity: 255 type=<class 'int'>
toplogo.mark_toplogo_widget.scale: 1.0 type=<class 'float'>
toplogo.mark_toplogo_widget.setContentSize: <bound method UINode.setContentSize of <gclient.framework.ui.widgets.ui_autohide_node.UiAutohideNode object(Node) at 0x25A0337D2B0>> type=<class 'method'>
toplogo.mark_toplogo_widget.setContentSize: sig=<Signature (size)>
toplogo.mark_toplogo_widget.setGrayRecursively: <bound method UINode.setGrayRecursively of <gclient.framework.ui.widgets.ui_autohide_node.UiAutohideNode object(Node) at 0x25A0337D2B0>> type=<class 'method'>
toplogo.mark_toplogo_widget.setGrayRecursively: sig=<Signature (gray)>
toplogo.mark_toplogo_widget.setSwallowTouches: <bound method UINode.setSwallowTouches of <gclient.framework.ui.widgets.ui_autohide_node.UiAutohideNode object(Node) at 0x25A0337D2B0>> type=<class 'method'>
toplogo.mark_toplogo_widget.setSwallowTouches: sig=<Signature (enable)>
toplogo.mark_toplogo_widget.setZoomChildren: <bound method UINode.setZoomChildren of <gclient.framework.ui.widgets.ui_autohide_node.UiAutohideNode object(Node) at 0x25A0337D2B0>> type=<class 'method'>
toplogo.mark_toplogo_widget.setZoomChildren: sig=<Signature (children)>
toplogo.mark_toplogo_widget.set_auto_hide_nodes: <bound method UiAutohideNode.set_auto_hide_nodes of <gclient.framework.ui.widgets.ui_autohide_node.UiAutohideNode object(Node) at 0x25A0337D2B0>> type=<class 'method'>
toplogo.mark_toplogo_widget.set_auto_hide_nodes: sig=<Signature (nodes)>
toplogo.mark_toplogo_widget.visible: True type=<class 'bool'>
toplogo.panel_mark: repr=<gclient.framework.ui.widgets.ui_node.UINode object(Layout) at 0x25A174E3A10> type=<class 'gclient.framework.ui.widgets.ui_node.UINode'>
toplogo.panel_mark: names=['AddChild', 'AddForceShowReason', 'AddHiddenReason', 'AttachScratchCardNode', 'CheckIsDestroyed', 'CheckPosInView', 'ClearLastFrameCallFunc', 'CloneWidget', 'Destroy', 'DetachScratchCardNode', 'EnableClickSound', 'EnableLongClick', 'EnableLongTouch', 'EnableMultiTouch', 'EnablePressScale', 'EnableTouch', 'FrameEventCallbackForSound', 'GetCurrentFrame', 'GetEndFrame', 'GetHeight', 'GetRealContentSize', 'GetScratchCardNode', 'GetStartFrame', 'GetTextureType', 'GetTotalFrame', 'GetWidth', 'GetWorldPosition', 'GetWorldPositionLeftBottom', 'GetWorldPositionPercent', 'GoAndKeepAnimLastFrame', 'GotoFrameAndPlay', 'HasAnim', 'HasTouchEvent', 'HaveForceShowReason', 'HaveHiddenReason', 'InitClickSoundForUI', 'IsAncestorsVisible', 'IsInButtonCD', 'IsLongTouchTriggered', 'IsPlayingAnim', 'IsSwallower', 'IsTouchValid', 'IsWorldPosInNodeBound', 'LoadAnimFromFile', 'MakeSureActionByLoadFile', 'OnScratchCardAutoClear', 'OnScratchCardMaskRelease', 'PauseAnim', 'PlayAnim', 'PlayClickSoundForUI', 'RemoveAnim', 'RemoveForceShowReason', 'RemoveHiddenReason', 'SCRATCH_CARD_IMAGE_NAME', 'SCRATCH_CARD_TOUCH_NAME', 'SetCD', 'SetCDOnlyOnClick', 'SetChildrenClippingEnabled', 'SetChildrenClippingType', 'SetEnabled', 'SetFrameEventCallback', 'SetHeight', 'SetHiddenReason', 'SetLongTouchTime', 'SetMouseMoveEventEnable', 'SetNodeHoverImage', 'SetPosition', 'SetPositionX', 'SetPositionY', 'SetSwallowTouchesRecursively', 'SetWidth', 'SetWidthHeight', 'SetWorldPosition', 'SetWorldPositionPercent', 'ShowNodeHoverImage', 'StopAnim', 'TIMER_COUNTER', '_CreateScratchCardImage', '_CreateScratchCardSplendorNode', '_CreateScratchCardTouchImage', '_IsNoRef', '_LoadAnimFromFile', '_MakeSureAction', '_OnLongTouchTimer', '_SetWidgetSwallowTouches', '_beginClickTime', '_cancelLongTouch', '_cd', '_cd_prompt', '_cur_action', '_enable_muti_touch_ori', '_force_show_reason', '_hidden_reason', '_last_click_time', '_longClickEnabled', '_longTouchEnabled', '_longTouchTime', '_multiTouchEnabled', '_pos_began', '_res_path', '_scratch_card_auto_clear_callback', '_scratch_card_image', '_scratch_card_node', '_scratch_card_remove_on_auto_clear', '_scratch_card_touch_image', '_show_node_hover', '_touch_info', '_touches', '_zoom_action', 'addChild', 'add_repeat_timer', 'add_repeat_timer_range', 'add_timer', 'cancel_timer', 'child', 'childex', 'click_sound_id', 'click_sound_id_for_ui', 'click_sound_init', 'color', 'double_click_t', 'eventDispatcher', 'force_show_reason', 'getContentSize', 'hidden_reason', 'last_touch_id', 'onClick', 'onClickBegin', 'onClickCancel', 'onClickMove', 'onDoubleClick', 'onLongTouch', 'onLongTouched', 'onMouseEnter', 'onMouseEntered', 'onMouseHover', 'onMouseLeave', 'onMouseleft', 'onMultiTouchBegan', 'onMultiTouchBegin', 'onMultiTouchCancel', 'onMultiTouchCancelled', 'onMultiTouchEnd', 'onMultiTouchEnded', 'onMultiTouchMove', 'onMultiTouchMoved', 'onReddotNotify', 'onTouchBegan', 'onTouchCancelled', 'onTouchEnded', 'onTouchMoved', 'opacity', 'rchild', 'rchildex', 'rseek', 'runAction', 'runZoomAction', 'scale', 'seek', 'setContentSize', 'setGrayRecursively', 'setSwallowTouches', 'setZoomChildren', 'touch_begin_id', 'touch_cancel_id', 'touch_end_id', 'touch_move_id', 'visible', 'widget', 'zoomChildren']
toplogo.panel_mark.CheckPosInView: <bound method UINode.CheckPosInView of <gclient.framework.ui.widgets.ui_node.UINode object(Layout) at 0x25A174E3A10>> type=<class 'method'>
toplogo.panel_mark.CheckPosInView: sig=<Signature (pos, is_out_bounds, widget_size, visible_size, anchor=None)>
toplogo.panel_mark.EnablePressScale: <bound method UINode.EnablePressScale of <gclient.framework.ui.widgets.ui_node.UINode object(Layout) at 0x25A174E3A10>> type=<class 'method'>
toplogo.panel_mark.EnablePressScale: sig=<Signature (enable, scale=0.0, origin_scale=1.0)>
toplogo.panel_mark.GetRealContentSize: <bound method UINode.GetRealContentSize of <gclient.framework.ui.widgets.ui_node.UINode object(Layout) at 0x25A174E3A10>> type=<class 'method'>
toplogo.panel_mark.GetRealContentSize: sig=<Signature ()>
toplogo.panel_mark.GetTextureType: <function UINode.GetTextureType at 0x00000259F53FF690> type=<class 'function'>
toplogo.panel_mark.GetTextureType: sig=<Signature (resource_name)>
toplogo.panel_mark.GetWorldPosition: <bound method UINode.GetWorldPosition of <gclient.framework.ui.widgets.ui_node.UINode object(Layout) at 0x25A174E3A10>> type=<class 'method'>
toplogo.panel_mark.GetWorldPosition: sig=<Signature ()>
toplogo.panel_mark.GetWorldPositionLeftBottom: <bound method UINode.GetWorldPositionLeftBottom of <gclient.framework.ui.widgets.ui_node.UINode object(Layout) at 0x25A174E3A10>> type=<class 'method'>
toplogo.panel_mark.GetWorldPositionLeftBottom: sig=<Signature (offset=Vec2(0.000000, 0.000000))>
toplogo.panel_mark.GetWorldPositionPercent: <bound method UINode.GetWorldPositionPercent of <gclient.framework.ui.widgets.ui_node.UINode object(Layout) at 0x25A174E3A10>> type=<class 'method'>
toplogo.panel_mark.GetWorldPositionPercent: sig=<Signature ()>
toplogo.panel_mark.IsAncestorsVisible: <bound method UINode.IsAncestorsVisible of <gclient.framework.ui.widgets.ui_node.UINode object(Layout) at 0x25A174E3A10>> type=<class 'method'>
toplogo.panel_mark.IsAncestorsVisible: sig=<Signature ()>
toplogo.panel_mark.IsWorldPosInNodeBound: <bound method UINode.IsWorldPosInNodeBound of <gclient.framework.ui.widgets.ui_node.UINode object(Layout) at 0x25A174E3A10>> type=<class 'method'>
toplogo.panel_mark.IsWorldPosInNodeBound: sig=<Signature (x, y)>
toplogo.panel_mark.SetCD: <bound method UINode.SetCD of <gclient.framework.ui.widgets.ui_node.UINode object(Layout) at 0x25A174E3A10>> type=<class 'method'>
toplogo.panel_mark.SetCD: sig=<Signature (cd, cd_prompt=False)>
toplogo.panel_mark.SetCDOnlyOnClick: <bound method UINode.SetCDOnlyOnClick of <gclient.framework.ui.widgets.ui_node.UINode object(Layout) at 0x25A174E3A10>> type=<class 'method'>
toplogo.panel_mark.SetCDOnlyOnClick: sig=<Signature (cd, cd_prompt=False)>
toplogo.panel_mark.SetChildrenClippingEnabled: <bound method UINode.SetChildrenClippingEnabled of <gclient.framework.ui.widgets.ui_node.UINode object(Layout) at 0x25A174E3A10>> type=<class 'method'>
toplogo.panel_mark.SetChildrenClippingEnabled: sig=<Signature (enabled)>
toplogo.panel_mark.SetChildrenClippingType: <bound method UINode.SetChildrenClippingType of <gclient.framework.ui.widgets.ui_node.UINode object(Layout) at 0x25A174E3A10>> type=<class 'method'>
toplogo.panel_mark.SetChildrenClippingType: sig=<Signature (clipping_type)>
toplogo.panel_mark.SetEnabled: <bound method UINode.SetEnabled of <gclient.framework.ui.widgets.ui_node.UINode object(Layout) at 0x25A174E3A10>> type=<class 'method'>
toplogo.panel_mark.SetEnabled: sig=<Signature (is_enable)>
toplogo.panel_mark.SetFrameEventCallback: <bound method UINode.SetFrameEventCallback of <gclient.framework.ui.widgets.ui_node.UINode object(Layout) at 0x25A174E3A10>> type=<class 'method'>
toplogo.panel_mark.SetFrameEventCallback: sig=<Signature (callback)>
toplogo.panel_mark.SetHeight: <bound method UINode.SetHeight of <gclient.framework.ui.widgets.ui_node.UINode object(Layout) at 0x25A174E3A10>> type=<class 'method'>
toplogo.panel_mark.SetHeight: sig=<Signature (height)>
toplogo.panel_mark.SetHiddenReason: <bound method UINode.SetHiddenReason of <gclient.framework.ui.widgets.ui_node.UINode object(Layout) at 0x25A174E3A10>> type=<class 'method'>
toplogo.panel_mark.SetHiddenReason: sig=<Signature (value, reaseon)>
toplogo.panel_mark.SetLongTouchTime: <bound method UINode.SetLongTouchTime of <gclient.framework.ui.widgets.ui_node.UINode object(Layout) at 0x25A174E3A10>> type=<class 'method'>
toplogo.panel_mark.SetLongTouchTime: sig=<Signature (val)>
toplogo.panel_mark.SetMouseMoveEventEnable: <bound method UINode.SetMouseMoveEventEnable of <gclient.framework.ui.widgets.ui_node.UINode object(Layout) at 0x25A174E3A10>> type=<class 'method'>
toplogo.panel_mark.SetMouseMoveEventEnable: sig=<Signature (enable)>
toplogo.panel_mark.SetNodeHoverImage: <bound method UINode.SetNodeHoverImage of <gclient.framework.ui.widgets.ui_node.UINode object(Layout) at 0x25A174E3A10>> type=<class 'method'>
toplogo.panel_mark.SetNodeHoverImage: sig=<Signature (image_id, is_scale9=False, scale9_params=None, anchor_point=None, pos=None, contentsize=None, size_offset=None)>
toplogo.panel_mark.SetPosition: <bound method UINode.SetPosition of <gclient.framework.ui.widgets.ui_node.UINode object(Layout) at 0x25A174E3A10>> type=<class 'method'>
toplogo.panel_mark.SetPosition: sig=<Signature (*args)>
toplogo.panel_mark.SetPositionX: <bound method UINode.SetPositionX of <gclient.framework.ui.widgets.ui_node.UINode object(Layout) at 0x25A174E3A10>> type=<class 'method'>
toplogo.panel_mark.SetPositionX: sig=<Signature (arg0)>
toplogo.panel_mark.SetPositionY: <bound method UINode.SetPositionY of <gclient.framework.ui.widgets.ui_node.UINode object(Layout) at 0x25A174E3A10>> type=<class 'method'>
toplogo.panel_mark.SetPositionY: sig=<Signature (arg0)>
toplogo.panel_mark.SetSwallowTouchesRecursively: <bound method UINode.SetSwallowTouchesRecursively of <gclient.framework.ui.widgets.ui_node.UINode object(Layout) at 0x25A174E3A10>> type=<class 'method'>
toplogo.panel_mark.SetSwallowTouchesRecursively: sig=<Signature (enable, widget=None)>
toplogo.panel_mark.SetWidth: <bound method UINode.SetWidth of <gclient.framework.ui.widgets.ui_node.UINode object(Layout) at 0x25A174E3A10>> type=<class 'method'>
toplogo.panel_mark.SetWidth: sig=<Signature (width)>
toplogo.panel_mark.SetWidthHeight: <bound method UINode.SetWidthHeight of <gclient.framework.ui.widgets.ui_node.UINode object(Layout) at 0x25A174E3A10>> type=<class 'method'>
toplogo.panel_mark.SetWidthHeight: sig=<Signature (width, height)>
toplogo.panel_mark.SetWorldPosition: <bound method UINode.SetWorldPosition of <gclient.framework.ui.widgets.ui_node.UINode object(Layout) at 0x25A174E3A10>> type=<class 'method'>
toplogo.panel_mark.SetWorldPosition: sig=<Signature (pos)>
toplogo.panel_mark.SetWorldPositionPercent: <bound method UINode.SetWorldPositionPercent of <gclient.framework.ui.widgets.ui_node.UINode object(Layout) at 0x25A174E3A10>> type=<class 'method'>
toplogo.panel_mark.SetWorldPositionPercent: sig=<Signature (percent)>
toplogo.panel_mark._SetWidgetSwallowTouches: <function UINode._SetWidgetSwallowTouches at 0x00000259F538C7D0> type=<class 'function'>
toplogo.panel_mark._SetWidgetSwallowTouches: sig=<Signature (widget, enable)>
toplogo.panel_mark._pos_began: (0, 0) type=<class 'tuple'>
toplogo.panel_mark.color: (255, 255, 255) type=<class 'tuple'>
toplogo.panel_mark.getContentSize: <bound method UINode.getContentSize of <gclient.framework.ui.widgets.ui_node.UINode object(Layout) at 0x25A174E3A10>> type=<class 'method'>
toplogo.panel_mark.getContentSize: sig=<Signature ()>
toplogo.panel_mark.opacity: 255 type=<class 'int'>
toplogo.panel_mark.scale: 1.0 type=<class 'float'>
toplogo.panel_mark.setContentSize: <bound method UINode.setContentSize of <gclient.framework.ui.widgets.ui_node.UINode object(Layout) at 0x25A174E3A10>> type=<class 'method'>
toplogo.panel_mark.setContentSize: sig=<Signature (size)>
toplogo.panel_mark.setGrayRecursively: <bound method UINode.setGrayRecursively of <gclient.framework.ui.widgets.ui_node.UINode object(Layout) at 0x25A174E3A10>> type=<class 'method'>
toplogo.panel_mark.setGrayRecursively: sig=<Signature (gray)>
toplogo.panel_mark.setSwallowTouches: <bound method UINode.setSwallowTouches of <gclient.framework.ui.widgets.ui_node.UINode object(Layout) at 0x25A174E3A10>> type=<class 'method'>
toplogo.panel_mark.setSwallowTouches: sig=<Signature (enable)>
toplogo.panel_mark.setZoomChildren: <bound method UINode.setZoomChildren of <gclient.framework.ui.widgets.ui_node.UINode object(Layout) at 0x25A174E3A10>> type=<class 'method'>
toplogo.panel_mark.setZoomChildren: sig=<Signature (children)>
toplogo.panel_mark.visible: True type=<class 'bool'>
toplogo.img_mark: repr=<gclient.framework.ui.widgets.ui_texture.UITexture object(ImageView) at 0x25A174EAAD0> type=<class 'gclient.framework.ui.widgets.ui_texture.UITexture'>
toplogo.img_mark: names=['AddChild', 'AddExternalImage', 'AddForceShowReason', 'AddHiddenReason', 'AttachScratchCardNode', 'AutoStopVideoOnRelease', 'CheckExternalImageExist', 'CheckExternalImageReleaseKey', 'CheckIsDestroyed', 'CheckPosInView', 'CheckRegisterReleaseCallback', 'ClearLastFrameCallFunc', 'CloneWidget', 'Destroy', 'DetachScratchCardNode', 'DisableLoadingExternalImageNode', 'EnableClickSound', 'EnableLoadingExternalImageNode', 'EnableLongClick', 'EnableLongTouch', 'EnableMultiTouch', 'EnablePressScale', 'EnableTouch', 'FrameEventCallbackForSound', 'GetCurrentFrame', 'GetEndFrame', 'GetHeight', 'GetRealContentSize', 'GetScratchCardNode', 'GetStartFrame', 'GetTextureType', 'GetTotalFrame', 'GetWidth', 'GetWorldPosition', 'GetWorldPositionLeftBottom', 'GetWorldPositionPercent', 'GoAndKeepAnimLastFrame', 'GotoFrameAndPlay', 'HasAnim', 'HasTouchEvent', 'HaveForceShowReason', 'HaveHiddenReason', 'InitClickSoundForUI', 'IsAncestorsVisible', 'IsInButtonCD', 'IsLoading', 'IsLongTouchTriggered', 'IsPlayingAnim', 'IsSameTexture', 'IsSwallower', 'IsTouchValid', 'IsWorldPosInNodeBound', 'LoadAnimFromFile', 'LoadDefaultTexture', 'LoadTextureAndCheckScale9Enabled', 'MakeSureActionByLoadFile', 'OnCloudResLoadRefresh', 'OnDownloadRefreshTexture', 'OnRequestNetTexture', 'OnRequestNetVideo', 'OnScratchCardAutoClear', 'OnScratchCardMaskRelease', 'OnWidgetRelease', 'PauseAnim', 'PlayAnim', 'PlayClickSoundForUI', 'PlayVideo', 'PlayVideoCallback', 'RemoveAnim', 'RemoveForceShowReason', 'RemoveHiddenReason', 'RequestNetTexture', 'RequestNetVideo', 'SCRATCH_CARD_IMAGE_NAME', 'SCRATCH_CARD_TOUCH_NAME', 'SetCD', 'SetCDOnlyOnClick', 'SetChildrenClippingEnabled', 'SetChildrenClippingType', 'SetEnabled', 'SetExternalImage', 'SetFrameEventCallback', 'SetHeight', 'SetHiddenReason', 'SetLongTouchTime', 'SetMouseMoveEventEnable', 'SetNodeHoverImage', 'SetPosition', 'SetPositionX', 'SetPositionY', 'SetReverse', 'SetSwallowTouchesRecursively', 'SetTextColorByList', 'SetVertexColor', 'SetVideoEndCallback', 'SetWidth', 'SetWidthHeight', 'SetWorldPosition', 'SetWorldPositionPercent', 'ShowNodeHoverImage', 'StopAnim', 'StopVideo', 'TIMER_COUNTER', '_CreateScratchCardImage', '_CreateScratchCardSplendorNode', '_CreateScratchCardTouchImage', '_IsNoRef', '_LoadAnimFromFile', '_MakeSureAction', '_OnLongTouchTimer', '_SetWidgetSwallowTouches', '_beginClickTime', '_cancelLongTouch', '_cd', '_cd_prompt', '_cur_action', '_enable_muti_touch_ori', '_external_image_check_times', '_external_image_key', '_external_image_loading', '_external_image_path', '_force_show_reason', '_gray', '_hidden_reason', '_last_click_time', '_longClickEnabled', '_longTouchEnabled', '_longTouchTime', '_multiTouchEnabled', '_pos_began', '_res_path', '_reverse', '_scratch_card_auto_clear_callback', '_scratch_card_image', '_scratch_card_node', '_scratch_card_remove_on_auto_clear', '_scratch_card_touch_image', '_show_node_hover', '_tex', '_touch_info', '_touches', '_value', '_video', '_video_path', '_video_value', '_zoom_action', 'addChild', 'add_repeat_timer', 'add_repeat_timer_range', 'add_timer', 'cancel_timer', 'check_video_exist', 'child', 'childex', 'click_sound_id', 'click_sound_id_for_ui', 'click_sound_init', 'color', 'double_click_t', 'eventDispatcher', 'external_image_key', 'force_show_reason', 'getContentSize', 'get_texture_value', 'gray', 'has_register_callback', 'hidden_reason', 'initCircle', 'last_touch_id', 'loading_node', 'loading_node_file', 'need_loading', 'onClick', 'onClickBegin', 'onClickCancel', 'onClickMove', 'onDoubleClick', 'onLongTouch', 'onLongTouched', 'onMouseEnter', 'onMouseEntered', 'onMouseHover', 'onMouseLeave', 'onMouseleft', 'onMultiTouchBegan', 'onMultiTouchBegin', 'onMultiTouchCancel', 'onMultiTouchCancelled', 'onMultiTouchEnd', 'onMultiTouchEnded', 'onMultiTouchMove', 'onMultiTouchMoved', 'onReddotNotify', 'onTextureLoaded', 'onTouchBegan', 'onTouchCancelled', 'onTouchEnded', 'onTouchMoved', 'onVideoLoaded', 'opacity', 'origin_texture', 'rchild', 'rchildex', 'rseek', 'runAction', 'runZoomAction', 'scale', 'seek', 'setCicrlePercent', 'setContentSize', 'setGrayRecursively', 'setSwallowTouches', 'setZoomChildren', 'texture', 'touch_begin_id', 'touch_cancel_id', 'touch_end_id', 'touch_move_id', 'video', 'video_end_callback', 'visible', 'widget', 'zoomChildren']
toplogo.img_mark.CheckPosInView: <bound method UINode.CheckPosInView of <gclient.framework.ui.widgets.ui_texture.UITexture object(ImageView) at 0x25A174EAAD0>> type=<class 'method'>
toplogo.img_mark.CheckPosInView: sig=<Signature (pos, is_out_bounds, widget_size, visible_size, anchor=None)>
toplogo.img_mark.EnablePressScale: <bound method UINode.EnablePressScale of <gclient.framework.ui.widgets.ui_texture.UITexture object(ImageView) at 0x25A174EAAD0>> type=<class 'method'>
toplogo.img_mark.EnablePressScale: sig=<Signature (enable, scale=0.0, origin_scale=1.0)>
toplogo.img_mark.GetRealContentSize: <bound method UINode.GetRealContentSize of <gclient.framework.ui.widgets.ui_texture.UITexture object(ImageView) at 0x25A174EAAD0>> type=<class 'method'>
toplogo.img_mark.GetRealContentSize: sig=<Signature ()>
toplogo.img_mark.GetTextureType: <function UINode.GetTextureType at 0x00000259F53FF690> type=<class 'function'>
toplogo.img_mark.GetTextureType: sig=<Signature (resource_name)>
toplogo.img_mark.GetWorldPosition: <bound method UINode.GetWorldPosition of <gclient.framework.ui.widgets.ui_texture.UITexture object(ImageView) at 0x25A174EAAD0>> type=<class 'method'>
toplogo.img_mark.GetWorldPosition: sig=<Signature ()>
toplogo.img_mark.GetWorldPositionLeftBottom: <bound method UINode.GetWorldPositionLeftBottom of <gclient.framework.ui.widgets.ui_texture.UITexture object(ImageView) at 0x25A174EAAD0>> type=<class 'method'>
toplogo.img_mark.GetWorldPositionLeftBottom: sig=<Signature (offset=Vec2(0.000000, 0.000000))>
toplogo.img_mark.GetWorldPositionPercent: <bound method UINode.GetWorldPositionPercent of <gclient.framework.ui.widgets.ui_texture.UITexture object(ImageView) at 0x25A174EAAD0>> type=<class 'method'>
toplogo.img_mark.GetWorldPositionPercent: sig=<Signature ()>
toplogo.img_mark.IsAncestorsVisible: <bound method UINode.IsAncestorsVisible of <gclient.framework.ui.widgets.ui_texture.UITexture object(ImageView) at 0x25A174EAAD0>> type=<class 'method'>
toplogo.img_mark.IsAncestorsVisible: sig=<Signature ()>
toplogo.img_mark.IsSameTexture: <bound method UITexture.IsSameTexture of <gclient.framework.ui.widgets.ui_texture.UITexture object(ImageView) at 0x25A174EAAD0>> type=<class 'method'>
toplogo.img_mark.IsSameTexture: sig=<Signature (value)>
toplogo.img_mark.IsWorldPosInNodeBound: <bound method UINode.IsWorldPosInNodeBound of <gclient.framework.ui.widgets.ui_texture.UITexture object(ImageView) at 0x25A174EAAD0>> type=<class 'method'>
toplogo.img_mark.IsWorldPosInNodeBound: sig=<Signature (x, y)>
toplogo.img_mark.LoadDefaultTexture: <bound method UITexture.LoadDefaultTexture of <gclient.framework.ui.widgets.ui_texture.UITexture object(ImageView) at 0x25A174EAAD0>> type=<class 'method'>
toplogo.img_mark.LoadDefaultTexture: sig=<Signature (value_int)>
toplogo.img_mark.LoadTextureAndCheckScale9Enabled: <bound method UITexture.LoadTextureAndCheckScale9Enabled of <gclient.framework.ui.widgets.ui_texture.UITexture object(ImageView) at 0x25A174EAAD0>> type=<class 'method'>
toplogo.img_mark.LoadTextureAndCheckScale9Enabled: sig=<Signature (value, texture_type)>
toplogo.img_mark.OnDownloadRefreshTexture: <bound method UITexture.OnDownloadRefreshTexture of <gclient.framework.ui.widgets.ui_texture.UITexture object(ImageView) at 0x25A174EAAD0>> type=<class 'method'>
toplogo.img_mark.OnDownloadRefreshTexture: sig=<Signature (value)>
toplogo.img_mark.OnRequestNetTexture: <bound method UITexture.OnRequestNetTexture of <gclient.framework.ui.widgets.ui_texture.UITexture object(ImageView) at 0x25A174EAAD0>> type=<class 'method'>
toplogo.img_mark.OnRequestNetTexture: sig=<Signature (host, image_url, content)>
toplogo.img_mark.RequestNetTexture: <bound method UITexture.RequestNetTexture of <gclient.framework.ui.widgets.ui_texture.UITexture object(ImageView) at 0x25A174EAAD0>> type=<class 'method'>
toplogo.img_mark.RequestNetTexture: sig=<Signature (image_url)>
toplogo.img_mark.SetCD: <bound method UINode.SetCD of <gclient.framework.ui.widgets.ui_texture.UITexture object(ImageView) at 0x25A174EAAD0>> type=<class 'method'>
toplogo.img_mark.SetCD: sig=<Signature (cd, cd_prompt=False)>
toplogo.img_mark.SetCDOnlyOnClick: <bound method UINode.SetCDOnlyOnClick of <gclient.framework.ui.widgets.ui_texture.UITexture object(ImageView) at 0x25A174EAAD0>> type=<class 'method'>
toplogo.img_mark.SetCDOnlyOnClick: sig=<Signature (cd, cd_prompt=False)>
toplogo.img_mark.SetChildrenClippingEnabled: <bound method UINode.SetChildrenClippingEnabled of <gclient.framework.ui.widgets.ui_texture.UITexture object(ImageView) at 0x25A174EAAD0>> type=<class 'method'>
toplogo.img_mark.SetChildrenClippingEnabled: sig=<Signature (enabled)>
toplogo.img_mark.SetChildrenClippingType: <bound method UINode.SetChildrenClippingType of <gclient.framework.ui.widgets.ui_texture.UITexture object(ImageView) at 0x25A174EAAD0>> type=<class 'method'>
toplogo.img_mark.SetChildrenClippingType: sig=<Signature (clipping_type)>
toplogo.img_mark.SetEnabled: <bound method UINode.SetEnabled of <gclient.framework.ui.widgets.ui_texture.UITexture object(ImageView) at 0x25A174EAAD0>> type=<class 'method'>
toplogo.img_mark.SetEnabled: sig=<Signature (is_enable)>
toplogo.img_mark.SetExternalImage: <bound method UITexture.SetExternalImage of <gclient.framework.ui.widgets.ui_texture.UITexture object(ImageView) at 0x25A174EAAD0>> type=<class 'method'>
toplogo.img_mark.SetExternalImage: sig=<Signature (key, isok)>
toplogo.img_mark.SetFrameEventCallback: <bound method UINode.SetFrameEventCallback of <gclient.framework.ui.widgets.ui_texture.UITexture object(ImageView) at 0x25A174EAAD0>> type=<class 'method'>
toplogo.img_mark.SetFrameEventCallback: sig=<Signature (callback)>
toplogo.img_mark.SetHeight: <bound method UINode.SetHeight of <gclient.framework.ui.widgets.ui_texture.UITexture object(ImageView) at 0x25A174EAAD0>> type=<class 'method'>
toplogo.img_mark.SetHeight: sig=<Signature (height)>
toplogo.img_mark.SetHiddenReason: <bound method UINode.SetHiddenReason of <gclient.framework.ui.widgets.ui_texture.UITexture object(ImageView) at 0x25A174EAAD0>> type=<class 'method'>
toplogo.img_mark.SetHiddenReason: sig=<Signature (value, reaseon)>
toplogo.img_mark.SetLongTouchTime: <bound method UINode.SetLongTouchTime of <gclient.framework.ui.widgets.ui_texture.UITexture object(ImageView) at 0x25A174EAAD0>> type=<class 'method'>
toplogo.img_mark.SetLongTouchTime: sig=<Signature (val)>
toplogo.img_mark.SetMouseMoveEventEnable: <bound method UINode.SetMouseMoveEventEnable of <gclient.framework.ui.widgets.ui_texture.UITexture object(ImageView) at 0x25A174EAAD0>> type=<class 'method'>
toplogo.img_mark.SetMouseMoveEventEnable: sig=<Signature (enable)>
toplogo.img_mark.SetNodeHoverImage: <bound method UINode.SetNodeHoverImage of <gclient.framework.ui.widgets.ui_texture.UITexture object(ImageView) at 0x25A174EAAD0>> type=<class 'method'>
toplogo.img_mark.SetNodeHoverImage: sig=<Signature (image_id, is_scale9=False, scale9_params=None, anchor_point=None, pos=None, contentsize=None, size_offset=None)>
toplogo.img_mark.SetPosition: <bound method UINode.SetPosition of <gclient.framework.ui.widgets.ui_texture.UITexture object(ImageView) at 0x25A174EAAD0>> type=<class 'method'>
toplogo.img_mark.SetPosition: sig=<Signature (*args)>
toplogo.img_mark.SetPositionX: <bound method UINode.SetPositionX of <gclient.framework.ui.widgets.ui_texture.UITexture object(ImageView) at 0x25A174EAAD0>> type=<class 'method'>
toplogo.img_mark.SetPositionX: sig=<Signature (arg0)>
toplogo.img_mark.SetPositionY: <bound method UINode.SetPositionY of <gclient.framework.ui.widgets.ui_texture.UITexture object(ImageView) at 0x25A174EAAD0>> type=<class 'method'>
toplogo.img_mark.SetPositionY: sig=<Signature (arg0)>
toplogo.img_mark.SetReverse: <bound method UITexture.SetReverse of <gclient.framework.ui.widgets.ui_texture.UITexture object(ImageView) at 0x25A174EAAD0>> type=<class 'method'>
toplogo.img_mark.SetReverse: sig=<Signature ()>
toplogo.img_mark.SetSwallowTouchesRecursively: <bound method UINode.SetSwallowTouchesRecursively of <gclient.framework.ui.widgets.ui_texture.UITexture object(ImageView) at 0x25A174EAAD0>> type=<class 'method'>
toplogo.img_mark.SetSwallowTouchesRecursively: sig=<Signature (enable, widget=None)>
toplogo.img_mark.SetTextColorByList: <bound method UITexture.SetTextColorByList of <gclient.framework.ui.widgets.ui_texture.UITexture object(ImageView) at 0x25A174EAAD0>> type=<class 'method'>
toplogo.img_mark.SetTextColorByList: sig=<Signature (color_list)>
toplogo.img_mark.SetVertexColor: <bound method UITexture.SetVertexColor of <gclient.framework.ui.widgets.ui_texture.UITexture object(ImageView) at 0x25A174EAAD0>> type=<class 'method'>
toplogo.img_mark.SetVertexColor: sig=<Signature (enable, bottom_left=None, bottom_right=None, top_left=None, top_right=None)>
toplogo.img_mark.SetVideoEndCallback: <bound method UITexture.SetVideoEndCallback of <gclient.framework.ui.widgets.ui_texture.UITexture object(ImageView) at 0x25A174EAAD0>> type=<class 'method'>
toplogo.img_mark.SetVideoEndCallback: sig=<Signature (callback)>
toplogo.img_mark.SetWidth: <bound method UINode.SetWidth of <gclient.framework.ui.widgets.ui_texture.UITexture object(ImageView) at 0x25A174EAAD0>> type=<class 'method'>
toplogo.img_mark.SetWidth: sig=<Signature (width)>
toplogo.img_mark.SetWidthHeight: <bound method UINode.SetWidthHeight of <gclient.framework.ui.widgets.ui_texture.UITexture object(ImageView) at 0x25A174EAAD0>> type=<class 'method'>
toplogo.img_mark.SetWidthHeight: sig=<Signature (width, height)>
toplogo.img_mark.SetWorldPosition: <bound method UINode.SetWorldPosition of <gclient.framework.ui.widgets.ui_texture.UITexture object(ImageView) at 0x25A174EAAD0>> type=<class 'method'>
toplogo.img_mark.SetWorldPosition: sig=<Signature (pos)>
toplogo.img_mark.SetWorldPositionPercent: <bound method UINode.SetWorldPositionPercent of <gclient.framework.ui.widgets.ui_texture.UITexture object(ImageView) at 0x25A174EAAD0>> type=<class 'method'>
toplogo.img_mark.SetWorldPositionPercent: sig=<Signature (percent)>
toplogo.img_mark._SetWidgetSwallowTouches: <function UINode._SetWidgetSwallowTouches at 0x00000259F538C7D0> type=<class 'function'>
toplogo.img_mark._SetWidgetSwallowTouches: sig=<Signature (widget, enable)>
toplogo.img_mark._pos_began: (0, 0) type=<class 'tuple'>
toplogo.img_mark.color: (255, 255, 255) type=<class 'tuple'>
toplogo.img_mark.getContentSize: <bound method UINode.getContentSize of <gclient.framework.ui.widgets.ui_texture.UITexture object(ImageView) at 0x25A174EAAD0>> type=<class 'method'>
toplogo.img_mark.getContentSize: sig=<Signature ()>
toplogo.img_mark.get_texture_value: <bound method UITexture.get_texture_value of <gclient.framework.ui.widgets.ui_texture.UITexture object(ImageView) at 0x25A174EAAD0>> type=<class 'method'>
toplogo.img_mark.get_texture_value: sig=<Signature ()>
toplogo.img_mark.onTextureLoaded: None type=<class 'NoneType'>
toplogo.img_mark.opacity: 255 type=<class 'int'>
toplogo.img_mark.origin_texture: 'img_ig_map_icon_26.png' type=<class 'str'>
toplogo.img_mark.scale: 1.100000023841858 type=<class 'float'>
toplogo.img_mark.setCicrlePercent: <bound method UITexture.setCicrlePercent of <gclient.framework.ui.widgets.ui_texture.UITexture object(ImageView) at 0x25A174EAAD0>> type=<class 'method'>
toplogo.img_mark.setCicrlePercent: sig=<Signature (percent)>
toplogo.img_mark.setContentSize: <bound method UINode.setContentSize of <gclient.framework.ui.widgets.ui_texture.UITexture object(ImageView) at 0x25A174EAAD0>> type=<class 'method'>
toplogo.img_mark.setContentSize: sig=<Signature (size)>
toplogo.img_mark.setGrayRecursively: <bound method UINode.setGrayRecursively of <gclient.framework.ui.widgets.ui_texture.UITexture object(ImageView) at 0x25A174EAAD0>> type=<class 'method'>
toplogo.img_mark.setGrayRecursively: sig=<Signature (gray)>
toplogo.img_mark.setSwallowTouches: <bound method UINode.setSwallowTouches of <gclient.framework.ui.widgets.ui_texture.UITexture object(ImageView) at 0x25A174EAAD0>> type=<class 'method'>
toplogo.img_mark.setSwallowTouches: sig=<Signature (enable)>
toplogo.img_mark.setZoomChildren: <bound method UINode.setZoomChildren of <gclient.framework.ui.widgets.ui_texture.UITexture object(ImageView) at 0x25A174EAAD0>> type=<class 'method'>
toplogo.img_mark.setZoomChildren: sig=<Signature (children)>
toplogo.img_mark.texture: 'img_ig_map_icon_18.png' type=<class 'str'>
toplogo.img_mark.visible: True type=<class 'bool'>
toplogo.img_black: repr=<gclient.framework.ui.widgets.ui_node.UINode object(ImageView) at 0x25A174E38C0> type=<class 'gclient.framework.ui.widgets.ui_node.UINode'>
toplogo.img_black: names=['AddChild', 'AddForceShowReason', 'AddHiddenReason', 'AttachScratchCardNode', 'CheckIsDestroyed', 'CheckPosInView', 'ClearLastFrameCallFunc', 'CloneWidget', 'Destroy', 'DetachScratchCardNode', 'EnableClickSound', 'EnableLongClick', 'EnableLongTouch', 'EnableMultiTouch', 'EnablePressScale', 'EnableTouch', 'FrameEventCallbackForSound', 'GetCurrentFrame', 'GetEndFrame', 'GetHeight', 'GetRealContentSize', 'GetScratchCardNode', 'GetStartFrame', 'GetTextureType', 'GetTotalFrame', 'GetWidth', 'GetWorldPosition', 'GetWorldPositionLeftBottom', 'GetWorldPositionPercent', 'GoAndKeepAnimLastFrame', 'GotoFrameAndPlay', 'HasAnim', 'HasTouchEvent', 'HaveForceShowReason', 'HaveHiddenReason', 'InitClickSoundForUI', 'IsAncestorsVisible', 'IsInButtonCD', 'IsLongTouchTriggered', 'IsPlayingAnim', 'IsSwallower', 'IsTouchValid', 'IsWorldPosInNodeBound', 'LoadAnimFromFile', 'MakeSureActionByLoadFile', 'OnScratchCardAutoClear', 'OnScratchCardMaskRelease', 'PauseAnim', 'PlayAnim', 'PlayClickSoundForUI', 'RemoveAnim', 'RemoveForceShowReason', 'RemoveHiddenReason', 'SCRATCH_CARD_IMAGE_NAME', 'SCRATCH_CARD_TOUCH_NAME', 'SetCD', 'SetCDOnlyOnClick', 'SetChildrenClippingEnabled', 'SetChildrenClippingType', 'SetEnabled', 'SetFrameEventCallback', 'SetHeight', 'SetHiddenReason', 'SetLongTouchTime', 'SetMouseMoveEventEnable', 'SetNodeHoverImage', 'SetPosition', 'SetPositionX', 'SetPositionY', 'SetSwallowTouchesRecursively', 'SetWidth', 'SetWidthHeight', 'SetWorldPosition', 'SetWorldPositionPercent', 'ShowNodeHoverImage', 'StopAnim', 'TIMER_COUNTER', '_CreateScratchCardImage', '_CreateScratchCardSplendorNode', '_CreateScratchCardTouchImage', '_IsNoRef', '_LoadAnimFromFile', '_MakeSureAction', '_OnLongTouchTimer', '_SetWidgetSwallowTouches', '_beginClickTime', '_cancelLongTouch', '_cd', '_cd_prompt', '_cur_action', '_enable_muti_touch_ori', '_force_show_reason', '_hidden_reason', '_last_click_time', '_longClickEnabled', '_longTouchEnabled', '_longTouchTime', '_multiTouchEnabled', '_pos_began', '_res_path', '_scratch_card_auto_clear_callback', '_scratch_card_image', '_scratch_card_node', '_scratch_card_remove_on_auto_clear', '_scratch_card_touch_image', '_show_node_hover', '_touch_info', '_touches', '_zoom_action', 'addChild', 'add_repeat_timer', 'add_repeat_timer_range', 'add_timer', 'cancel_timer', 'child', 'childex', 'click_sound_id', 'click_sound_id_for_ui', 'click_sound_init', 'color', 'double_click_t', 'eventDispatcher', 'force_show_reason', 'getContentSize', 'hidden_reason', 'last_touch_id', 'onClick', 'onClickBegin', 'onClickCancel', 'onClickMove', 'onDoubleClick', 'onLongTouch', 'onLongTouched', 'onMouseEnter', 'onMouseEntered', 'onMouseHover', 'onMouseLeave', 'onMouseleft', 'onMultiTouchBegan', 'onMultiTouchBegin', 'onMultiTouchCancel', 'onMultiTouchCancelled', 'onMultiTouchEnd', 'onMultiTouchEnded', 'onMultiTouchMove', 'onMultiTouchMoved', 'onReddotNotify', 'onTouchBegan', 'onTouchCancelled', 'onTouchEnded', 'onTouchMoved', 'opacity', 'rchild', 'rchildex', 'rseek', 'runAction', 'runZoomAction', 'scale', 'seek', 'setContentSize', 'setGrayRecursively', 'setSwallowTouches', 'setZoomChildren', 'touch_begin_id', 'touch_cancel_id', 'touch_end_id', 'touch_move_id', 'visible', 'widget', 'zoomChildren']
toplogo.img_black.CheckPosInView: <bound method UINode.CheckPosInView of <gclient.framework.ui.widgets.ui_node.UINode object(ImageView) at 0x25A174E38C0>> type=<class 'method'>
toplogo.img_black.CheckPosInView: sig=<Signature (pos, is_out_bounds, widget_size, visible_size, anchor=None)>
toplogo.img_black.EnablePressScale: <bound method UINode.EnablePressScale of <gclient.framework.ui.widgets.ui_node.UINode object(ImageView) at 0x25A174E38C0>> type=<class 'method'>
toplogo.img_black.EnablePressScale: sig=<Signature (enable, scale=0.0, origin_scale=1.0)>
toplogo.img_black.GetRealContentSize: <bound method UINode.GetRealContentSize of <gclient.framework.ui.widgets.ui_node.UINode object(ImageView) at 0x25A174E38C0>> type=<class 'method'>
toplogo.img_black.GetRealContentSize: sig=<Signature ()>
toplogo.img_black.GetTextureType: <function UINode.GetTextureType at 0x00000259F53FF690> type=<class 'function'>
toplogo.img_black.GetTextureType: sig=<Signature (resource_name)>
toplogo.img_black.GetWorldPosition: <bound method UINode.GetWorldPosition of <gclient.framework.ui.widgets.ui_node.UINode object(ImageView) at 0x25A174E38C0>> type=<class 'method'>
toplogo.img_black.GetWorldPosition: sig=<Signature ()>
toplogo.img_black.GetWorldPositionLeftBottom: <bound method UINode.GetWorldPositionLeftBottom of <gclient.framework.ui.widgets.ui_node.UINode object(ImageView) at 0x25A174E38C0>> type=<class 'method'>
toplogo.img_black.GetWorldPositionLeftBottom: sig=<Signature (offset=Vec2(0.000000, 0.000000))>
toplogo.img_black.GetWorldPositionPercent: <bound method UINode.GetWorldPositionPercent of <gclient.framework.ui.widgets.ui_node.UINode object(ImageView) at 0x25A174E38C0>> type=<class 'method'>
toplogo.img_black.GetWorldPositionPercent: sig=<Signature ()>
toplogo.img_black.IsAncestorsVisible: <bound method UINode.IsAncestorsVisible of <gclient.framework.ui.widgets.ui_node.UINode object(ImageView) at 0x25A174E38C0>> type=<class 'method'>
toplogo.img_black.IsAncestorsVisible: sig=<Signature ()>
toplogo.img_black.IsWorldPosInNodeBound: <bound method UINode.IsWorldPosInNodeBound of <gclient.framework.ui.widgets.ui_node.UINode object(ImageView) at 0x25A174E38C0>> type=<class 'method'>
toplogo.img_black.IsWorldPosInNodeBound: sig=<Signature (x, y)>
toplogo.img_black.SetCD: <bound method UINode.SetCD of <gclient.framework.ui.widgets.ui_node.UINode object(ImageView) at 0x25A174E38C0>> type=<class 'method'>
toplogo.img_black.SetCD: sig=<Signature (cd, cd_prompt=False)>
toplogo.img_black.SetCDOnlyOnClick: <bound method UINode.SetCDOnlyOnClick of <gclient.framework.ui.widgets.ui_node.UINode object(ImageView) at 0x25A174E38C0>> type=<class 'method'>
toplogo.img_black.SetCDOnlyOnClick: sig=<Signature (cd, cd_prompt=False)>
toplogo.img_black.SetChildrenClippingEnabled: <bound method UINode.SetChildrenClippingEnabled of <gclient.framework.ui.widgets.ui_node.UINode object(ImageView) at 0x25A174E38C0>> type=<class 'method'>
toplogo.img_black.SetChildrenClippingEnabled: sig=<Signature (enabled)>
toplogo.img_black.SetChildrenClippingType: <bound method UINode.SetChildrenClippingType of <gclient.framework.ui.widgets.ui_node.UINode object(ImageView) at 0x25A174E38C0>> type=<class 'method'>
toplogo.img_black.SetChildrenClippingType: sig=<Signature (clipping_type)>
toplogo.img_black.SetEnabled: <bound method UINode.SetEnabled of <gclient.framework.ui.widgets.ui_node.UINode object(ImageView) at 0x25A174E38C0>> type=<class 'method'>
toplogo.img_black.SetEnabled: sig=<Signature (is_enable)>
toplogo.img_black.SetFrameEventCallback: <bound method UINode.SetFrameEventCallback of <gclient.framework.ui.widgets.ui_node.UINode object(ImageView) at 0x25A174E38C0>> type=<class 'method'>
toplogo.img_black.SetFrameEventCallback: sig=<Signature (callback)>
toplogo.img_black.SetHeight: <bound method UINode.SetHeight of <gclient.framework.ui.widgets.ui_node.UINode object(ImageView) at 0x25A174E38C0>> type=<class 'method'>
toplogo.img_black.SetHeight: sig=<Signature (height)>
toplogo.img_black.SetHiddenReason: <bound method UINode.SetHiddenReason of <gclient.framework.ui.widgets.ui_node.UINode object(ImageView) at 0x25A174E38C0>> type=<class 'method'>
toplogo.img_black.SetHiddenReason: sig=<Signature (value, reaseon)>
toplogo.img_black.SetLongTouchTime: <bound method UINode.SetLongTouchTime of <gclient.framework.ui.widgets.ui_node.UINode object(ImageView) at 0x25A174E38C0>> type=<class 'method'>
toplogo.img_black.SetLongTouchTime: sig=<Signature (val)>
toplogo.img_black.SetMouseMoveEventEnable: <bound method UINode.SetMouseMoveEventEnable of <gclient.framework.ui.widgets.ui_node.UINode object(ImageView) at 0x25A174E38C0>> type=<class 'method'>
toplogo.img_black.SetMouseMoveEventEnable: sig=<Signature (enable)>
toplogo.img_black.SetNodeHoverImage: <bound method UINode.SetNodeHoverImage of <gclient.framework.ui.widgets.ui_node.UINode object(ImageView) at 0x25A174E38C0>> type=<class 'method'>
toplogo.img_black.SetNodeHoverImage: sig=<Signature (image_id, is_scale9=False, scale9_params=None, anchor_point=None, pos=None, contentsize=None, size_offset=None)>
toplogo.img_black.SetPosition: <bound method UINode.SetPosition of <gclient.framework.ui.widgets.ui_node.UINode object(ImageView) at 0x25A174E38C0>> type=<class 'method'>
toplogo.img_black.SetPosition: sig=<Signature (*args)>
toplogo.img_black.SetPositionX: <bound method UINode.SetPositionX of <gclient.framework.ui.widgets.ui_node.UINode object(ImageView) at 0x25A174E38C0>> type=<class 'method'>
toplogo.img_black.SetPositionX: sig=<Signature (arg0)>
toplogo.img_black.SetPositionY: <bound method UINode.SetPositionY of <gclient.framework.ui.widgets.ui_node.UINode object(ImageView) at 0x25A174E38C0>> type=<class 'method'>
toplogo.img_black.SetPositionY: sig=<Signature (arg0)>
toplogo.img_black.SetSwallowTouchesRecursively: <bound method UINode.SetSwallowTouchesRecursively of <gclient.framework.ui.widgets.ui_node.UINode object(ImageView) at 0x25A174E38C0>> type=<class 'method'>
toplogo.img_black.SetSwallowTouchesRecursively: sig=<Signature (enable, widget=None)>
toplogo.img_black.SetWidth: <bound method UINode.SetWidth of <gclient.framework.ui.widgets.ui_node.UINode object(ImageView) at 0x25A174E38C0>> type=<class 'method'>
toplogo.img_black.SetWidth: sig=<Signature (width)>
toplogo.img_black.SetWidthHeight: <bound method UINode.SetWidthHeight of <gclient.framework.ui.widgets.ui_node.UINode object(ImageView) at 0x25A174E38C0>> type=<class 'method'>
toplogo.img_black.SetWidthHeight: sig=<Signature (width, height)>
toplogo.img_black.SetWorldPosition: <bound method UINode.SetWorldPosition of <gclient.framework.ui.widgets.ui_node.UINode object(ImageView) at 0x25A174E38C0>> type=<class 'method'>
toplogo.img_black.SetWorldPosition: sig=<Signature (pos)>
toplogo.img_black.SetWorldPositionPercent: <bound method UINode.SetWorldPositionPercent of <gclient.framework.ui.widgets.ui_node.UINode object(ImageView) at 0x25A174E38C0>> type=<class 'method'>
toplogo.img_black.SetWorldPositionPercent: sig=<Signature (percent)>
toplogo.img_black._SetWidgetSwallowTouches: <function UINode._SetWidgetSwallowTouches at 0x00000259F538C7D0> type=<class 'function'>
toplogo.img_black._SetWidgetSwallowTouches: sig=<Signature (widget, enable)>
toplogo.img_black._pos_began: (0, 0) type=<class 'tuple'>
toplogo.img_black.color: (0, 0, 0) type=<class 'tuple'>
toplogo.img_black.getContentSize: <bound method UINode.getContentSize of <gclient.framework.ui.widgets.ui_node.UINode object(ImageView) at 0x25A174E38C0>> type=<class 'method'>
toplogo.img_black.getContentSize: sig=<Signature ()>
toplogo.img_black.opacity: 76 type=<class 'int'>
toplogo.img_black.scale: 1.0 type=<class 'float'>
toplogo.img_black.setContentSize: <bound method UINode.setContentSize of <gclient.framework.ui.widgets.ui_node.UINode object(ImageView) at 0x25A174E38C0>> type=<class 'method'>
toplogo.img_black.setContentSize: sig=<Signature (size)>
toplogo.img_black.setGrayRecursively: <bound method UINode.setGrayRecursively of <gclient.framework.ui.widgets.ui_node.UINode object(ImageView) at 0x25A174E38C0>> type=<class 'method'>
toplogo.img_black.setGrayRecursively: sig=<Signature (gray)>
toplogo.img_black.setSwallowTouches: <bound method UINode.setSwallowTouches of <gclient.framework.ui.widgets.ui_node.UINode object(ImageView) at 0x25A174E38C0>> type=<class 'method'>
toplogo.img_black.setSwallowTouches: sig=<Signature (enable)>
toplogo.img_black.setZoomChildren: <bound method UINode.setZoomChildren of <gclient.framework.ui.widgets.ui_node.UINode object(ImageView) at 0x25A174E38C0>> type=<class 'method'>
toplogo.img_black.setZoomChildren: sig=<Signature (children)>
toplogo.img_black.visible: True type=<class 'bool'>
toplogo.mark_vx_panel_2: repr=<gclient.framework.ui.widgets.ui_node.UINode object(Layout) at 0x25A174E3B60> type=<class 'gclient.framework.ui.widgets.ui_node.UINode'>
toplogo.mark_vx_panel_2: names=['AddChild', 'AddForceShowReason', 'AddHiddenReason', 'AttachScratchCardNode', 'CheckIsDestroyed', 'CheckPosInView', 'ClearLastFrameCallFunc', 'CloneWidget', 'Destroy', 'DetachScratchCardNode', 'EnableClickSound', 'EnableLongClick', 'EnableLongTouch', 'EnableMultiTouch', 'EnablePressScale', 'EnableTouch', 'FrameEventCallbackForSound', 'GetCurrentFrame', 'GetEndFrame', 'GetHeight', 'GetRealContentSize', 'GetScratchCardNode', 'GetStartFrame', 'GetTextureType', 'GetTotalFrame', 'GetWidth', 'GetWorldPosition', 'GetWorldPositionLeftBottom', 'GetWorldPositionPercent', 'GoAndKeepAnimLastFrame', 'GotoFrameAndPlay', 'HasAnim', 'HasTouchEvent', 'HaveForceShowReason', 'HaveHiddenReason', 'InitClickSoundForUI', 'IsAncestorsVisible', 'IsInButtonCD', 'IsLongTouchTriggered', 'IsPlayingAnim', 'IsSwallower', 'IsTouchValid', 'IsWorldPosInNodeBound', 'LoadAnimFromFile', 'MakeSureActionByLoadFile', 'OnScratchCardAutoClear', 'OnScratchCardMaskRelease', 'PauseAnim', 'PlayAnim', 'PlayClickSoundForUI', 'RemoveAnim', 'RemoveForceShowReason', 'RemoveHiddenReason', 'SCRATCH_CARD_IMAGE_NAME', 'SCRATCH_CARD_TOUCH_NAME', 'SetCD', 'SetCDOnlyOnClick', 'SetChildrenClippingEnabled', 'SetChildrenClippingType', 'SetEnabled', 'SetFrameEventCallback', 'SetHeight', 'SetHiddenReason', 'SetLongTouchTime', 'SetMouseMoveEventEnable', 'SetNodeHoverImage', 'SetPosition', 'SetPositionX', 'SetPositionY', 'SetSwallowTouchesRecursively', 'SetWidth', 'SetWidthHeight', 'SetWorldPosition', 'SetWorldPositionPercent', 'ShowNodeHoverImage', 'StopAnim', 'TIMER_COUNTER', '_CreateScratchCardImage', '_CreateScratchCardSplendorNode', '_CreateScratchCardTouchImage', '_IsNoRef', '_LoadAnimFromFile', '_MakeSureAction', '_OnLongTouchTimer', '_SetWidgetSwallowTouches', '_beginClickTime', '_cancelLongTouch', '_cd', '_cd_prompt', '_cur_action', '_enable_muti_touch_ori', '_force_show_reason', '_hidden_reason', '_last_click_time', '_longClickEnabled', '_longTouchEnabled', '_longTouchTime', '_multiTouchEnabled', '_pos_began', '_res_path', '_scratch_card_auto_clear_callback', '_scratch_card_image', '_scratch_card_node', '_scratch_card_remove_on_auto_clear', '_scratch_card_touch_image', '_show_node_hover', '_touch_info', '_touches', '_zoom_action', 'addChild', 'add_repeat_timer', 'add_repeat_timer_range', 'add_timer', 'cancel_timer', 'child', 'childex', 'click_sound_id', 'click_sound_id_for_ui', 'click_sound_init', 'color', 'double_click_t', 'eventDispatcher', 'force_show_reason', 'getContentSize', 'hidden_reason', 'last_touch_id', 'onClick', 'onClickBegin', 'onClickCancel', 'onClickMove', 'onDoubleClick', 'onLongTouch', 'onLongTouched', 'onMouseEnter', 'onMouseEntered', 'onMouseHover', 'onMouseLeave', 'onMouseleft', 'onMultiTouchBegan', 'onMultiTouchBegin', 'onMultiTouchCancel', 'onMultiTouchCancelled', 'onMultiTouchEnd', 'onMultiTouchEnded', 'onMultiTouchMove', 'onMultiTouchMoved', 'onReddotNotify', 'onTouchBegan', 'onTouchCancelled', 'onTouchEnded', 'onTouchMoved', 'opacity', 'rchild', 'rchildex', 'rseek', 'runAction', 'runZoomAction', 'scale', 'seek', 'setContentSize', 'setGrayRecursively', 'setSwallowTouches', 'setZoomChildren', 'touch_begin_id', 'touch_cancel_id', 'touch_end_id', 'touch_move_id', 'visible', 'widget', 'zoomChildren']
toplogo.mark_vx_panel_2.CheckPosInView: <bound method UINode.CheckPosInView of <gclient.framework.ui.widgets.ui_node.UINode object(Layout) at 0x25A174E3B60>> type=<class 'method'>
toplogo.mark_vx_panel_2.CheckPosInView: sig=<Signature (pos, is_out_bounds, widget_size, visible_size, anchor=None)>
toplogo.mark_vx_panel_2.EnablePressScale: <bound method UINode.EnablePressScale of <gclient.framework.ui.widgets.ui_node.UINode object(Layout) at 0x25A174E3B60>> type=<class 'method'>
toplogo.mark_vx_panel_2.EnablePressScale: sig=<Signature (enable, scale=0.0, origin_scale=1.0)>
toplogo.mark_vx_panel_2.GetRealContentSize: <bound method UINode.GetRealContentSize of <gclient.framework.ui.widgets.ui_node.UINode object(Layout) at 0x25A174E3B60>> type=<class 'method'>
toplogo.mark_vx_panel_2.GetRealContentSize: sig=<Signature ()>
toplogo.mark_vx_panel_2.GetTextureType: <function UINode.GetTextureType at 0x00000259F53FF690> type=<class 'function'>
toplogo.mark_vx_panel_2.GetTextureType: sig=<Signature (resource_name)>
toplogo.mark_vx_panel_2.GetWorldPosition: <bound method UINode.GetWorldPosition of <gclient.framework.ui.widgets.ui_node.UINode object(Layout) at 0x25A174E3B60>> type=<class 'method'>
toplogo.mark_vx_panel_2.GetWorldPosition: sig=<Signature ()>
toplogo.mark_vx_panel_2.GetWorldPositionLeftBottom: <bound method UINode.GetWorldPositionLeftBottom of <gclient.framework.ui.widgets.ui_node.UINode object(Layout) at 0x25A174E3B60>> type=<class 'method'>
toplogo.mark_vx_panel_2.GetWorldPositionLeftBottom: sig=<Signature (offset=Vec2(0.000000, 0.000000))>
toplogo.mark_vx_panel_2.GetWorldPositionPercent: <bound method UINode.GetWorldPositionPercent of <gclient.framework.ui.widgets.ui_node.UINode object(Layout) at 0x25A174E3B60>> type=<class 'method'>
toplogo.mark_vx_panel_2.GetWorldPositionPercent: sig=<Signature ()>
toplogo.mark_vx_panel_2.IsAncestorsVisible: <bound method UINode.IsAncestorsVisible of <gclient.framework.ui.widgets.ui_node.UINode object(Layout) at 0x25A174E3B60>> type=<class 'method'>
toplogo.mark_vx_panel_2.IsAncestorsVisible: sig=<Signature ()>
toplogo.mark_vx_panel_2.IsWorldPosInNodeBound: <bound method UINode.IsWorldPosInNodeBound of <gclient.framework.ui.widgets.ui_node.UINode object(Layout) at 0x25A174E3B60>> type=<class 'method'>
toplogo.mark_vx_panel_2.IsWorldPosInNodeBound: sig=<Signature (x, y)>
toplogo.mark_vx_panel_2.SetCD: <bound method UINode.SetCD of <gclient.framework.ui.widgets.ui_node.UINode object(Layout) at 0x25A174E3B60>> type=<class 'method'>
toplogo.mark_vx_panel_2.SetCD: sig=<Signature (cd, cd_prompt=False)>
toplogo.mark_vx_panel_2.SetCDOnlyOnClick: <bound method UINode.SetCDOnlyOnClick of <gclient.framework.ui.widgets.ui_node.UINode object(Layout) at 0x25A174E3B60>> type=<class 'method'>
toplogo.mark_vx_panel_2.SetCDOnlyOnClick: sig=<Signature (cd, cd_prompt=False)>
toplogo.mark_vx_panel_2.SetChildrenClippingEnabled: <bound method UINode.SetChildrenClippingEnabled of <gclient.framework.ui.widgets.ui_node.UINode object(Layout) at 0x25A174E3B60>> type=<class 'method'>
toplogo.mark_vx_panel_2.SetChildrenClippingEnabled: sig=<Signature (enabled)>
toplogo.mark_vx_panel_2.SetChildrenClippingType: <bound method UINode.SetChildrenClippingType of <gclient.framework.ui.widgets.ui_node.UINode object(Layout) at 0x25A174E3B60>> type=<class 'method'>
toplogo.mark_vx_panel_2.SetChildrenClippingType: sig=<Signature (clipping_type)>
toplogo.mark_vx_panel_2.SetEnabled: <bound method UINode.SetEnabled of <gclient.framework.ui.widgets.ui_node.UINode object(Layout) at 0x25A174E3B60>> type=<class 'method'>
toplogo.mark_vx_panel_2.SetEnabled: sig=<Signature (is_enable)>
toplogo.mark_vx_panel_2.SetFrameEventCallback: <bound method UINode.SetFrameEventCallback of <gclient.framework.ui.widgets.ui_node.UINode object(Layout) at 0x25A174E3B60>> type=<class 'method'>
toplogo.mark_vx_panel_2.SetFrameEventCallback: sig=<Signature (callback)>
toplogo.mark_vx_panel_2.SetHeight: <bound method UINode.SetHeight of <gclient.framework.ui.widgets.ui_node.UINode object(Layout) at 0x25A174E3B60>> type=<class 'method'>
toplogo.mark_vx_panel_2.SetHeight: sig=<Signature (height)>
toplogo.mark_vx_panel_2.SetHiddenReason: <bound method UINode.SetHiddenReason of <gclient.framework.ui.widgets.ui_node.UINode object(Layout) at 0x25A174E3B60>> type=<class 'method'>
toplogo.mark_vx_panel_2.SetHiddenReason: sig=<Signature (value, reaseon)>
toplogo.mark_vx_panel_2.SetLongTouchTime: <bound method UINode.SetLongTouchTime of <gclient.framework.ui.widgets.ui_node.UINode object(Layout) at 0x25A174E3B60>> type=<class 'method'>
toplogo.mark_vx_panel_2.SetLongTouchTime: sig=<Signature (val)>
toplogo.mark_vx_panel_2.SetMouseMoveEventEnable: <bound method UINode.SetMouseMoveEventEnable of <gclient.framework.ui.widgets.ui_node.UINode object(Layout) at 0x25A174E3B60>> type=<class 'method'>
toplogo.mark_vx_panel_2.SetMouseMoveEventEnable: sig=<Signature (enable)>
toplogo.mark_vx_panel_2.SetNodeHoverImage: <bound method UINode.SetNodeHoverImage of <gclient.framework.ui.widgets.ui_node.UINode object(Layout) at 0x25A174E3B60>> type=<class 'method'>
toplogo.mark_vx_panel_2.SetNodeHoverImage: sig=<Signature (image_id, is_scale9=False, scale9_params=None, anchor_point=None, pos=None, contentsize=None, size_offset=None)>
toplogo.mark_vx_panel_2.SetPosition: <bound method UINode.SetPosition of <gclient.framework.ui.widgets.ui_node.UINode object(Layout) at 0x25A174E3B60>> type=<class 'method'>
toplogo.mark_vx_panel_2.SetPosition: sig=<Signature (*args)>
toplogo.mark_vx_panel_2.SetPositionX: <bound method UINode.SetPositionX of <gclient.framework.ui.widgets.ui_node.UINode object(Layout) at 0x25A174E3B60>> type=<class 'method'>
toplogo.mark_vx_panel_2.SetPositionX: sig=<Signature (arg0)>
toplogo.mark_vx_panel_2.SetPositionY: <bound method UINode.SetPositionY of <gclient.framework.ui.widgets.ui_node.UINode object(Layout) at 0x25A174E3B60>> type=<class 'method'>
toplogo.mark_vx_panel_2.SetPositionY: sig=<Signature (arg0)>
toplogo.mark_vx_panel_2.SetSwallowTouchesRecursively: <bound method UINode.SetSwallowTouchesRecursively of <gclient.framework.ui.widgets.ui_node.UINode object(Layout) at 0x25A174E3B60>> type=<class 'method'>
toplogo.mark_vx_panel_2.SetSwallowTouchesRecursively: sig=<Signature (enable, widget=None)>
toplogo.mark_vx_panel_2.SetWidth: <bound method UINode.SetWidth of <gclient.framework.ui.widgets.ui_node.UINode object(Layout) at 0x25A174E3B60>> type=<class 'method'>
toplogo.mark_vx_panel_2.SetWidth: sig=<Signature (width)>
toplogo.mark_vx_panel_2.SetWidthHeight: <bound method UINode.SetWidthHeight of <gclient.framework.ui.widgets.ui_node.UINode object(Layout) at 0x25A174E3B60>> type=<class 'method'>
toplogo.mark_vx_panel_2.SetWidthHeight: sig=<Signature (width, height)>
toplogo.mark_vx_panel_2.SetWorldPosition: <bound method UINode.SetWorldPosition of <gclient.framework.ui.widgets.ui_node.UINode object(Layout) at 0x25A174E3B60>> type=<class 'method'>
toplogo.mark_vx_panel_2.SetWorldPosition: sig=<Signature (pos)>
toplogo.mark_vx_panel_2.SetWorldPositionPercent: <bound method UINode.SetWorldPositionPercent of <gclient.framework.ui.widgets.ui_node.UINode object(Layout) at 0x25A174E3B60>> type=<class 'method'>
toplogo.mark_vx_panel_2.SetWorldPositionPercent: sig=<Signature (percent)>
toplogo.mark_vx_panel_2._SetWidgetSwallowTouches: <function UINode._SetWidgetSwallowTouches at 0x00000259F538C7D0> type=<class 'function'>
toplogo.mark_vx_panel_2._SetWidgetSwallowTouches: sig=<Signature (widget, enable)>
toplogo.mark_vx_panel_2._pos_began: (0, 0) type=<class 'tuple'>
toplogo.mark_vx_panel_2.color: (255, 255, 255) type=<class 'tuple'>
toplogo.mark_vx_panel_2.getContentSize: <bound method UINode.getContentSize of <gclient.framework.ui.widgets.ui_node.UINode object(Layout) at 0x25A174E3B60>> type=<class 'method'>
toplogo.mark_vx_panel_2.getContentSize: sig=<Signature ()>
toplogo.mark_vx_panel_2.opacity: 0 type=<class 'int'>
toplogo.mark_vx_panel_2.scale: 1.0 type=<class 'float'>
toplogo.mark_vx_panel_2.setContentSize: <bound method UINode.setContentSize of <gclient.framework.ui.widgets.ui_node.UINode object(Layout) at 0x25A174E3B60>> type=<class 'method'>
toplogo.mark_vx_panel_2.setContentSize: sig=<Signature (size)>
toplogo.mark_vx_panel_2.setGrayRecursively: <bound method UINode.setGrayRecursively of <gclient.framework.ui.widgets.ui_node.UINode object(Layout) at 0x25A174E3B60>> type=<class 'method'>
toplogo.mark_vx_panel_2.setGrayRecursively: sig=<Signature (gray)>
toplogo.mark_vx_panel_2.setSwallowTouches: <bound method UINode.setSwallowTouches of <gclient.framework.ui.widgets.ui_node.UINode object(Layout) at 0x25A174E3B60>> type=<class 'method'>
toplogo.mark_vx_panel_2.setSwallowTouches: sig=<Signature (enable)>
toplogo.mark_vx_panel_2.setZoomChildren: <bound method UINode.setZoomChildren of <gclient.framework.ui.widgets.ui_node.UINode object(Layout) at 0x25A174E3B60>> type=<class 'method'>
toplogo.mark_vx_panel_2.setZoomChildren: sig=<Signature (children)>
toplogo.mark_vx_panel_2.visible: False type=<class 'bool'>
toplogo.mark_vx_panel_2_0: repr=<gclient.framework.ui.widgets.ui_node.UINode object(Layout) at 0x25A174E3CB0> type=<class 'gclient.framework.ui.widgets.ui_node.UINode'>
toplogo.mark_vx_panel_2_0: names=['AddChild', 'AddForceShowReason', 'AddHiddenReason', 'AttachScratchCardNode', 'CheckIsDestroyed', 'CheckPosInView', 'ClearLastFrameCallFunc', 'CloneWidget', 'Destroy', 'DetachScratchCardNode', 'EnableClickSound', 'EnableLongClick', 'EnableLongTouch', 'EnableMultiTouch', 'EnablePressScale', 'EnableTouch', 'FrameEventCallbackForSound', 'GetCurrentFrame', 'GetEndFrame', 'GetHeight', 'GetRealContentSize', 'GetScratchCardNode', 'GetStartFrame', 'GetTextureType', 'GetTotalFrame', 'GetWidth', 'GetWorldPosition', 'GetWorldPositionLeftBottom', 'GetWorldPositionPercent', 'GoAndKeepAnimLastFrame', 'GotoFrameAndPlay', 'HasAnim', 'HasTouchEvent', 'HaveForceShowReason', 'HaveHiddenReason', 'InitClickSoundForUI', 'IsAncestorsVisible', 'IsInButtonCD', 'IsLongTouchTriggered', 'IsPlayingAnim', 'IsSwallower', 'IsTouchValid', 'IsWorldPosInNodeBound', 'LoadAnimFromFile', 'MakeSureActionByLoadFile', 'OnScratchCardAutoClear', 'OnScratchCardMaskRelease', 'PauseAnim', 'PlayAnim', 'PlayClickSoundForUI', 'RemoveAnim', 'RemoveForceShowReason', 'RemoveHiddenReason', 'SCRATCH_CARD_IMAGE_NAME', 'SCRATCH_CARD_TOUCH_NAME', 'SetCD', 'SetCDOnlyOnClick', 'SetChildrenClippingEnabled', 'SetChildrenClippingType', 'SetEnabled', 'SetFrameEventCallback', 'SetHeight', 'SetHiddenReason', 'SetLongTouchTime', 'SetMouseMoveEventEnable', 'SetNodeHoverImage', 'SetPosition', 'SetPositionX', 'SetPositionY', 'SetSwallowTouchesRecursively', 'SetWidth', 'SetWidthHeight', 'SetWorldPosition', 'SetWorldPositionPercent', 'ShowNodeHoverImage', 'StopAnim', 'TIMER_COUNTER', '_CreateScratchCardImage', '_CreateScratchCardSplendorNode', '_CreateScratchCardTouchImage', '_IsNoRef', '_LoadAnimFromFile', '_MakeSureAction', '_OnLongTouchTimer', '_SetWidgetSwallowTouches', '_beginClickTime', '_cancelLongTouch', '_cd', '_cd_prompt', '_cur_action', '_enable_muti_touch_ori', '_force_show_reason', '_hidden_reason', '_last_click_time', '_longClickEnabled', '_longTouchEnabled', '_longTouchTime', '_multiTouchEnabled', '_pos_began', '_res_path', '_scratch_card_auto_clear_callback', '_scratch_card_image', '_scratch_card_node', '_scratch_card_remove_on_auto_clear', '_scratch_card_touch_image', '_show_node_hover', '_touch_info', '_touches', '_zoom_action', 'addChild', 'add_repeat_timer', 'add_repeat_timer_range', 'add_timer', 'cancel_timer', 'child', 'childex', 'click_sound_id', 'click_sound_id_for_ui', 'click_sound_init', 'color', 'double_click_t', 'eventDispatcher', 'force_show_reason', 'getContentSize', 'hidden_reason', 'last_touch_id', 'onClick', 'onClickBegin', 'onClickCancel', 'onClickMove', 'onDoubleClick', 'onLongTouch', 'onLongTouched', 'onMouseEnter', 'onMouseEntered', 'onMouseHover', 'onMouseLeave', 'onMouseleft', 'onMultiTouchBegan', 'onMultiTouchBegin', 'onMultiTouchCancel', 'onMultiTouchCancelled', 'onMultiTouchEnd', 'onMultiTouchEnded', 'onMultiTouchMove', 'onMultiTouchMoved', 'onReddotNotify', 'onTouchBegan', 'onTouchCancelled', 'onTouchEnded', 'onTouchMoved', 'opacity', 'rchild', 'rchildex', 'rseek', 'runAction', 'runZoomAction', 'scale', 'seek', 'setContentSize', 'setGrayRecursively', 'setSwallowTouches', 'setZoomChildren', 'touch_begin_id', 'touch_cancel_id', 'touch_end_id', 'touch_move_id', 'visible', 'widget', 'zoomChildren']
toplogo.mark_vx_panel_2_0.CheckPosInView: <bound method UINode.CheckPosInView of <gclient.framework.ui.widgets.ui_node.UINode object(Layout) at 0x25A174E3CB0>> type=<class 'method'>
toplogo.mark_vx_panel_2_0.CheckPosInView: sig=<Signature (pos, is_out_bounds, widget_size, visible_size, anchor=None)>
toplogo.mark_vx_panel_2_0.EnablePressScale: <bound method UINode.EnablePressScale of <gclient.framework.ui.widgets.ui_node.UINode object(Layout) at 0x25A174E3CB0>> type=<class 'method'>
toplogo.mark_vx_panel_2_0.EnablePressScale: sig=<Signature (enable, scale=0.0, origin_scale=1.0)>
toplogo.mark_vx_panel_2_0.GetRealContentSize: <bound method UINode.GetRealContentSize of <gclient.framework.ui.widgets.ui_node.UINode object(Layout) at 0x25A174E3CB0>> type=<class 'method'>
toplogo.mark_vx_panel_2_0.GetRealContentSize: sig=<Signature ()>
toplogo.mark_vx_panel_2_0.GetTextureType: <function UINode.GetTextureType at 0x00000259F53FF690> type=<class 'function'>
toplogo.mark_vx_panel_2_0.GetTextureType: sig=<Signature (resource_name)>
toplogo.mark_vx_panel_2_0.GetWorldPosition: <bound method UINode.GetWorldPosition of <gclient.framework.ui.widgets.ui_node.UINode object(Layout) at 0x25A174E3CB0>> type=<class 'method'>
toplogo.mark_vx_panel_2_0.GetWorldPosition: sig=<Signature ()>
toplogo.mark_vx_panel_2_0.GetWorldPositionLeftBottom: <bound method UINode.GetWorldPositionLeftBottom of <gclient.framework.ui.widgets.ui_node.UINode object(Layout) at 0x25A174E3CB0>> type=<class 'method'>
toplogo.mark_vx_panel_2_0.GetWorldPositionLeftBottom: sig=<Signature (offset=Vec2(0.000000, 0.000000))>
toplogo.mark_vx_panel_2_0.GetWorldPositionPercent: <bound method UINode.GetWorldPositionPercent of <gclient.framework.ui.widgets.ui_node.UINode object(Layout) at 0x25A174E3CB0>> type=<class 'method'>
toplogo.mark_vx_panel_2_0.GetWorldPositionPercent: sig=<Signature ()>
toplogo.mark_vx_panel_2_0.IsAncestorsVisible: <bound method UINode.IsAncestorsVisible of <gclient.framework.ui.widgets.ui_node.UINode object(Layout) at 0x25A174E3CB0>> type=<class 'method'>
toplogo.mark_vx_panel_2_0.IsAncestorsVisible: sig=<Signature ()>
toplogo.mark_vx_panel_2_0.IsWorldPosInNodeBound: <bound method UINode.IsWorldPosInNodeBound of <gclient.framework.ui.widgets.ui_node.UINode object(Layout) at 0x25A174E3CB0>> type=<class 'method'>
toplogo.mark_vx_panel_2_0.IsWorldPosInNodeBound: sig=<Signature (x, y)>
toplogo.mark_vx_panel_2_0.SetCD: <bound method UINode.SetCD of <gclient.framework.ui.widgets.ui_node.UINode object(Layout) at 0x25A174E3CB0>> type=<class 'method'>
toplogo.mark_vx_panel_2_0.SetCD: sig=<Signature (cd, cd_prompt=False)>
toplogo.mark_vx_panel_2_0.SetCDOnlyOnClick: <bound method UINode.SetCDOnlyOnClick of <gclient.framework.ui.widgets.ui_node.UINode object(Layout) at 0x25A174E3CB0>> type=<class 'method'>
toplogo.mark_vx_panel_2_0.SetCDOnlyOnClick: sig=<Signature (cd, cd_prompt=False)>
toplogo.mark_vx_panel_2_0.SetChildrenClippingEnabled: <bound method UINode.SetChildrenClippingEnabled of <gclient.framework.ui.widgets.ui_node.UINode object(Layout) at 0x25A174E3CB0>> type=<class 'method'>
toplogo.mark_vx_panel_2_0.SetChildrenClippingEnabled: sig=<Signature (enabled)>
toplogo.mark_vx_panel_2_0.SetChildrenClippingType: <bound method UINode.SetChildrenClippingType of <gclient.framework.ui.widgets.ui_node.UINode object(Layout) at 0x25A174E3CB0>> type=<class 'method'>
toplogo.mark_vx_panel_2_0.SetChildrenClippingType: sig=<Signature (clipping_type)>
toplogo.mark_vx_panel_2_0.SetEnabled: <bound method UINode.SetEnabled of <gclient.framework.ui.widgets.ui_node.UINode object(Layout) at 0x25A174E3CB0>> type=<class 'method'>
toplogo.mark_vx_panel_2_0.SetEnabled: sig=<Signature (is_enable)>
toplogo.mark_vx_panel_2_0.SetFrameEventCallback: <bound method UINode.SetFrameEventCallback of <gclient.framework.ui.widgets.ui_node.UINode object(Layout) at 0x25A174E3CB0>> type=<class 'method'>
toplogo.mark_vx_panel_2_0.SetFrameEventCallback: sig=<Signature (callback)>
toplogo.mark_vx_panel_2_0.SetHeight: <bound method UINode.SetHeight of <gclient.framework.ui.widgets.ui_node.UINode object(Layout) at 0x25A174E3CB0>> type=<class 'method'>
toplogo.mark_vx_panel_2_0.SetHeight: sig=<Signature (height)>
toplogo.mark_vx_panel_2_0.SetHiddenReason: <bound method UINode.SetHiddenReason of <gclient.framework.ui.widgets.ui_node.UINode object(Layout) at 0x25A174E3CB0>> type=<class 'method'>
toplogo.mark_vx_panel_2_0.SetHiddenReason: sig=<Signature (value, reaseon)>
toplogo.mark_vx_panel_2_0.SetLongTouchTime: <bound method UINode.SetLongTouchTime of <gclient.framework.ui.widgets.ui_node.UINode object(Layout) at 0x25A174E3CB0>> type=<class 'method'>
toplogo.mark_vx_panel_2_0.SetLongTouchTime: sig=<Signature (val)>
toplogo.mark_vx_panel_2_0.SetMouseMoveEventEnable: <bound method UINode.SetMouseMoveEventEnable of <gclient.framework.ui.widgets.ui_node.UINode object(Layout) at 0x25A174E3CB0>> type=<class 'method'>
toplogo.mark_vx_panel_2_0.SetMouseMoveEventEnable: sig=<Signature (enable)>
toplogo.mark_vx_panel_2_0.SetNodeHoverImage: <bound method UINode.SetNodeHoverImage of <gclient.framework.ui.widgets.ui_node.UINode object(Layout) at 0x25A174E3CB0>> type=<class 'method'>
toplogo.mark_vx_panel_2_0.SetNodeHoverImage: sig=<Signature (image_id, is_scale9=False, scale9_params=None, anchor_point=None, pos=None, contentsize=None, size_offset=None)>
toplogo.mark_vx_panel_2_0.SetPosition: <bound method UINode.SetPosition of <gclient.framework.ui.widgets.ui_node.UINode object(Layout) at 0x25A174E3CB0>> type=<class 'method'>
toplogo.mark_vx_panel_2_0.SetPosition: sig=<Signature (*args)>
toplogo.mark_vx_panel_2_0.SetPositionX: <bound method UINode.SetPositionX of <gclient.framework.ui.widgets.ui_node.UINode object(Layout) at 0x25A174E3CB0>> type=<class 'method'>
toplogo.mark_vx_panel_2_0.SetPositionX: sig=<Signature (arg0)>
toplogo.mark_vx_panel_2_0.SetPositionY: <bound method UINode.SetPositionY of <gclient.framework.ui.widgets.ui_node.UINode object(Layout) at 0x25A174E3CB0>> type=<class 'method'>
toplogo.mark_vx_panel_2_0.SetPositionY: sig=<Signature (arg0)>
toplogo.mark_vx_panel_2_0.SetSwallowTouchesRecursively: <bound method UINode.SetSwallowTouchesRecursively of <gclient.framework.ui.widgets.ui_node.UINode object(Layout) at 0x25A174E3CB0>> type=<class 'method'>
toplogo.mark_vx_panel_2_0.SetSwallowTouchesRecursively: sig=<Signature (enable, widget=None)>
toplogo.mark_vx_panel_2_0.SetWidth: <bound method UINode.SetWidth of <gclient.framework.ui.widgets.ui_node.UINode object(Layout) at 0x25A174E3CB0>> type=<class 'method'>
toplogo.mark_vx_panel_2_0.SetWidth: sig=<Signature (width)>
toplogo.mark_vx_panel_2_0.SetWidthHeight: <bound method UINode.SetWidthHeight of <gclient.framework.ui.widgets.ui_node.UINode object(Layout) at 0x25A174E3CB0>> type=<class 'method'>
toplogo.mark_vx_panel_2_0.SetWidthHeight: sig=<Signature (width, height)>
toplogo.mark_vx_panel_2_0.SetWorldPosition: <bound method UINode.SetWorldPosition of <gclient.framework.ui.widgets.ui_node.UINode object(Layout) at 0x25A174E3CB0>> type=<class 'method'>
toplogo.mark_vx_panel_2_0.SetWorldPosition: sig=<Signature (pos)>
toplogo.mark_vx_panel_2_0.SetWorldPositionPercent: <bound method UINode.SetWorldPositionPercent of <gclient.framework.ui.widgets.ui_node.UINode object(Layout) at 0x25A174E3CB0>> type=<class 'method'>
toplogo.mark_vx_panel_2_0.SetWorldPositionPercent: sig=<Signature (percent)>
toplogo.mark_vx_panel_2_0._SetWidgetSwallowTouches: <function UINode._SetWidgetSwallowTouches at 0x00000259F538C7D0> type=<class 'function'>
toplogo.mark_vx_panel_2_0._SetWidgetSwallowTouches: sig=<Signature (widget, enable)>
toplogo.mark_vx_panel_2_0._pos_began: (0, 0) type=<class 'tuple'>
toplogo.mark_vx_panel_2_0.color: (255, 255, 255) type=<class 'tuple'>
toplogo.mark_vx_panel_2_0.getContentSize: <bound method UINode.getContentSize of <gclient.framework.ui.widgets.ui_node.UINode object(Layout) at 0x25A174E3CB0>> type=<class 'method'>
toplogo.mark_vx_panel_2_0.getContentSize: sig=<Signature ()>
toplogo.mark_vx_panel_2_0.opacity: 0 type=<class 'int'>
toplogo.mark_vx_panel_2_0.scale: 0.6000000238418579 type=<class 'float'>
toplogo.mark_vx_panel_2_0.setContentSize: <bound method UINode.setContentSize of <gclient.framework.ui.widgets.ui_node.UINode object(Layout) at 0x25A174E3CB0>> type=<class 'method'>
toplogo.mark_vx_panel_2_0.setContentSize: sig=<Signature (size)>
toplogo.mark_vx_panel_2_0.setGrayRecursively: <bound method UINode.setGrayRecursively of <gclient.framework.ui.widgets.ui_node.UINode object(Layout) at 0x25A174E3CB0>> type=<class 'method'>
toplogo.mark_vx_panel_2_0.setGrayRecursively: sig=<Signature (gray)>
toplogo.mark_vx_panel_2_0.setSwallowTouches: <bound method UINode.setSwallowTouches of <gclient.framework.ui.widgets.ui_node.UINode object(Layout) at 0x25A174E3CB0>> type=<class 'method'>
toplogo.mark_vx_panel_2_0.setSwallowTouches: sig=<Signature (enable)>
toplogo.mark_vx_panel_2_0.setZoomChildren: <bound method UINode.setZoomChildren of <gclient.framework.ui.widgets.ui_node.UINode object(Layout) at 0x25A174E3CB0>> type=<class 'method'>
toplogo.mark_vx_panel_2_0.setZoomChildren: sig=<Signature (children)>
toplogo.mark_vx_panel_2_0.visible: False type=<class 'bool'>
SOURCE InitMarkToplogoUI FAIL OSError('could not get source code')
SOURCE UpdateMarkToplogo FAIL OSError('could not get source code')
SOURCE _UpdateMarkToplogo FAIL OSError('could not get source code')
SOURCE AdjustWidgetByScale FAIL OSError('could not get source code')
SOURCE SetOpacity FAIL OSError('could not get source code')
END
ROBOT key=anFFTEsxNr+4vTgF pos=(16.224382400512695, 0.08436138182878494, -1.4008004665374756) stats={'hp': 125.0, 'maxhp': 125.0, 'armor': 0.0, 'maxarmor': 0.0, 'dead': False} ready_before=True EnsureShootingRangeToplogo=True ShowEnemyToplogo=None SetToplogoVisible=None AddToplogoVisibleTick=None EnemyTopLogoTimer=None RefreshToplogo=None RefreshEnemyHpBar=None RefreshEnemyArmorBar=None ready_after=True
ROBOT key=anFFTEsxNr+4vTgO pos=(-28.0, 0.05000007152557373, -13.0) stats={'hp': 125.0, 'maxhp': 125.0, 'armor': 0.0, 'maxarmor': 0.0, 'dead': False} ready_before=True EnsureShootingRangeToplogo=True ShowEnemyToplogo=None SetToplogoVisible=None AddToplogoVisibleTick=None EnemyTopLogoTimer=None RefreshToplogo=None RefreshEnemyHpBar=None RefreshEnemyArmorBar=None ready_after=True
ROBOT key=anFFTEsxNr+4vTgJ pos=(26.3205623626709, 0.06777054071426392, 2.599637508392334) stats={'hp': 125.0, 'maxhp': 125.0, 'armor': 0.0, 'maxarmor': 0.0, 'dead': False} ready_before=True EnsureShootingRangeToplogo=True ShowEnemyToplogo=None SetToplogoVisible=None AddToplogoVisibleTick=None EnemyTopLogoTimer=None RefreshToplogo=None RefreshEnemyHpBar=None RefreshEnemyArmorBar=None ready_after=True
ROBOT key=anFFTEsxNr+4vTf9 pos=(-3.6765191555023193, 0.05925852805376053, -9.500686645507812) stats={'hp': 20.0, 'maxhp': 125.0, 'armor': 0.0, 'maxarmor': 0.0, 'dead': False} ready_before=True EnsureShootingRangeToplogo=True ShowEnemyToplogo=None SetToplogoVisible=None AddToplogoVisibleTick=None EnemyTopLogoTimer=None RefreshToplogo=None RefreshEnemyHpBar=None RefreshEnemyArmorBar=None ready_after=True
ROBOT key=anFFTEsxNr+4vTf4 pos=(-8.783376693725586, 0.09060776978731155, -13.467101097106934) stats={'hp': 125.0, 'maxhp': 125.0, 'armor': 0.0, 'maxarmor': 0.0, 'dead': False} ready_before=True EnsureShootingRangeToplogo=True ShowEnemyToplogo=None SetToplogoVisible=None AddToplogoVisibleTick=None EnemyTopLogoTimer=None RefreshToplogo=None RefreshEnemyHpBar=None RefreshEnemyArmorBar=None ready_after=True
ROBOT key=anFFTEsxNr+4vTgB pos=(6.3205156326293945, 0.0634201169013977, -5.500304698944092) stats={'hp': 125.0, 'maxhp': 125.0, 'armor': 0.0, 'maxarmor': 0.0, 'dead': False} ready_before=True EnsureShootingRangeToplogo=True ShowEnemyToplogo=None SetToplogoVisible=None AddToplogoVisibleTick=None EnemyTopLogoTimer=None RefreshToplogo=None RefreshEnemyHpBar=None RefreshEnemyArmorBar=None ready_after=True
TICK n=480 total=23 players=[('anFFZUsxNr+4vT0l', (-16.968557357788086, 0.050000011920928955, -9.098176002502441))] robots=[('anFFTEsxNr+4vTgF', (16.224382400512695, 0.08436138182878494, -1.4008004665374756), 34.073773208196336, {'hp': 125.0, 'maxhp': 125.0, 'armor': 0.0, 'maxarmor': 0.0, 'dead': False}), ('anFFTEsxNr+4vTgO', (-28.0, 0.05000007152557373, -13.0), 11.701151963625598, {'hp': 125.0, 'maxhp': 125.0, 'armor': 0.0, 'maxarmor': 0.0, 'dead': False}), ('anFFTEsxNr+4vTgJ', (26.3205623626709, 0.06777054071426392, 2.599637508392334), 44.84180017460937, {'hp': 125.0, 'maxhp': 125.0, 'armor': 0.0, 'maxarmor': 0.0, 'dead': False}), ('anFFTEsxNr+4vTf9', (-3.6765191555023193, 0.05925852805376053, -9.500686645507812), 13.298134459723206, {'hp': 20.0, 'maxhp': 125.0, 'armor': 0.0, 'maxarmor': 0.0, 'dead': False}), ('anFFTEsxNr+4vTf4', (-8.783376693725586, 0.09060776978731155, -13.467101097106934), 9.278272359421576, {'hp': 125.0, 'maxhp': 125.0, 'armor': 0.0, 'maxarmor': 0.0, 'dead': False}), ('anFFTEsxNr+4vTgB', (6.3205156326293945, 0.0634201169013977, -5.500304698944092), 23.56535123373253, {'hp': 125.0, 'maxhp': 125.0, 'armor': 0.0, 'maxarmor': 0.0, 'dead': False})]
TEXT key=anFFTEsxNr+4vTgF id=4724 label='T1 F 34.1m H125 A0' pos=(16.224382400512695, 0.08436138182878494, -1.4008004665374756) color=(0.1, 0.95, 0.25)
TEXT key=anFFTEsxNr+4vTgO id=4725 label='T2 N 11.7m H125 A0' pos=(-28.0, 0.05000007152557373, -13.0) color=(1.0, 0.12, 0.08)
TEXT key=anFFTEsxNr+4vTgJ id=4726 label='T3 F 44.8m H125 A0' pos=(26.3205623626709, 0.06777054071426392, 2.599637508392334) color=(0.1, 0.95, 0.25)
TEXT key=anFFTEsxNr+4vTf9 id=4727 label='T4 M 13.3m H20 A0' pos=(-3.6765191555023193, 0.05925852805376053, -9.500686645507812) color=(1.0, 0.85, 0.05)
TEXT key=anFFTEsxNr+4vTf4 id=4728 label='T5 N 9.3m H125 A0' pos=(-8.783376693725586, 0.09060776978731155, -13.467101097106934) color=(1.0, 0.12, 0.08)
TEXT key=anFFTEsxNr+4vTgB id=4729 label='T6 M 23.6m H125 A0' pos=(6.3205156326293945, 0.0634201169013977, -5.500304698944092) color=(1.0, 0.85, 0.05)
ROBOT key=anFFTEsxNr+4vTgF pos=(16.224382400512695, 0.08436138182878494, -1.4008004665374756) stats={'hp': 125.0, 'maxhp': 125.0, 'armor': 0.0, 'maxarmor': 0.0, 'dead': False} ready_before=True EnsureShootingRangeToplogo=True ShowEnemyToplogo=None SetToplogoVisible=None AddToplogoVisibleTick=None EnemyTopLogoTimer=None RefreshToplogo=None RefreshEnemyHpBar=None RefreshEnemyArmorBar=None ready_after=True
ROBOT key=anFFTEsxNr+4vTgO pos=(-28.0, 0.05000007152557373, -13.0) stats={'hp': 125.0, 'maxhp': 125.0, 'armor': 0.0, 'maxarmor': 0.0, 'dead': False} ready_before=True EnsureShootingRangeToplogo=True ShowEnemyToplogo=None SetToplogoVisible=None AddToplogoVisibleTick=None EnemyTopLogoTimer=None RefreshToplogo=None RefreshEnemyHpBar=None RefreshEnemyArmorBar=None ready_after=True
ROBOT key=anFFTEsxNr+4vTgJ pos=(26.3205623626709, 0.06777054071426392, 2.599637508392334) stats={'hp': 125.0, 'maxhp': 125.0, 'armor': 0.0, 'maxarmor': 0.0, 'dead': False} ready_before=True EnsureShootingRangeToplogo=True ShowEnemyToplogo=None SetToplogoVisible=None AddToplogoVisibleTick=None EnemyTopLogoTimer=None RefreshToplogo=None RefreshEnemyHpBar=None RefreshEnemyArmorBar=None ready_after=True
ROBOT key=anFFTEsxNr+4vTf9 pos=(-3.6765191555023193, 0.05925852805376053, -9.500686645507812) stats={'hp': 20.0, 'maxhp': 125.0, 'armor': 0.0, 'maxarmor': 0.0, 'dead': False} ready_before=True EnsureShootingRangeToplogo=True ShowEnemyToplogo=None SetToplogoVisible=None AddToplogoVisibleTick=None EnemyTopLogoTimer=None RefreshToplogo=None RefreshEnemyHpBar=None RefreshEnemyArmorBar=None ready_after=True
ROBOT key=anFFTEsxNr+4vTf4 pos=(-8.783376693725586, 0.09060776978731155, -13.467101097106934) stats={'hp': 125.0, 'maxhp': 125.0, 'armor': 0.0, 'maxarmor': 0.0, 'dead': False} ready_before=True EnsureShootingRangeToplogo=True ShowEnemyToplogo=None SetToplogoVisible=None AddToplogoVisibleTick=None EnemyTopLogoTimer=None RefreshToplogo=None RefreshEnemyHpBar=None RefreshEnemyArmorBar=None ready_after=True
ROBOT key=anFFTEsxNr+4vTgB pos=(6.3205156326293945, 0.0634201169013977, -5.500304698944092) stats={'hp': 125.0, 'maxhp': 125.0, 'armor': 0.0, 'maxarmor': 0.0, 'dead': False} ready_before=True EnsureShootingRangeToplogo=True ShowEnemyToplogo=None SetToplogoVisible=None AddToplogoVisibleTick=None EnemyTopLogoTimer=None RefreshToplogo=None RefreshEnemyHpBar=None RefreshEnemyArmorBar=None ready_after=True
ROBOT key=anFFTEsxNr+4vTgF pos=(16.224382400512695, 0.08436138182878494, -1.4008004665374756) stats={'hp': 125.0, 'maxhp': 125.0, 'armor': 0.0, 'maxarmor': 0.0, 'dead': False} ready_before=True EnsureShootingRangeToplogo=True ShowEnemyToplogo=None SetToplogoVisible=None AddToplogoVisibleTick=None EnemyTopLogoTimer=None RefreshToplogo=None RefreshEnemyHpBar=None RefreshEnemyArmorBar=None ready_after=True
ROBOT key=anFFTEsxNr+4vTgO pos=(-28.0, 0.05000007152557373, -13.0) stats={'hp': 125.0, 'maxhp': 125.0, 'armor': 0.0, 'maxarmor': 0.0, 'dead': False} ready_before=True EnsureShootingRangeToplogo=True ShowEnemyToplogo=None SetToplogoVisible=None AddToplogoVisibleTick=None EnemyTopLogoTimer=None RefreshToplogo=None RefreshEnemyHpBar=None RefreshEnemyArmorBar=None ready_after=True
ROBOT key=anFFTEsxNr+4vTgJ pos=(26.3205623626709, 0.06777054071426392, 2.599637508392334) stats={'hp': 125.0, 'maxhp': 125.0, 'armor': 0.0, 'maxarmor': 0.0, 'dead': False} ready_before=True EnsureShootingRangeToplogo=True ShowEnemyToplogo=None SetToplogoVisible=None AddToplogoVisibleTick=None EnemyTopLogoTimer=None RefreshToplogo=None RefreshEnemyHpBar=None RefreshEnemyArmorBar=None ready_after=True
ROBOT key=anFFTEsxNr+4vTf9 pos=(-3.6765191555023193, 0.05925852805376053, -9.500686645507812) stats={'hp': 20.0, 'maxhp': 125.0, 'armor': 0.0, 'maxarmor': 0.0, 'dead': False} ready_before=True EnsureShootingRangeToplogo=True ShowEnemyToplogo=None SetToplogoVisible=None AddToplogoVisibleTick=None EnemyTopLogoTimer=None RefreshToplogo=None RefreshEnemyHpBar=None RefreshEnemyArmorBar=None ready_after=True
ROBOT key=anFFTEsxNr+4vTf4 pos=(-8.783376693725586, 0.09060776978731155, -13.467101097106934) stats={'hp': 125.0, 'maxhp': 125.0, 'armor': 0.0, 'maxarmor': 0.0, 'dead': False} ready_before=True EnsureShootingRangeToplogo=True ShowEnemyToplogo=None SetToplogoVisible=None AddToplogoVisibleTick=None EnemyTopLogoTimer=None RefreshToplogo=None RefreshEnemyHpBar=None RefreshEnemyArmorBar=None ready_after=True
ROBOT key=anFFTEsxNr+4vTgB pos=(6.3205156326293945, 0.0634201169013977, -5.500304698944092) stats={'hp': 125.0, 'maxhp': 125.0, 'armor': 0.0, 'maxarmor': 0.0, 'dead': False} ready_before=True EnsureShootingRangeToplogo=True ShowEnemyToplogo=None SetToplogoVisible=None AddToplogoVisibleTick=None EnemyTopLogoTimer=None RefreshToplogo=None RefreshEnemyHpBar=None RefreshEnemyArmorBar=None ready_after=True
TICK n=520 total=23 players=[('anFFZUsxNr+4vT0l', (-16.968557357788086, 0.050000011920928955, -9.098176002502441))] robots=[('anFFTEsxNr+4vTgF', (16.224382400512695, 0.08436138182878494, -1.4008004665374756), 34.073773208196336, {'hp': 125.0, 'maxhp': 125.0, 'armor': 0.0, 'maxarmor': 0.0, 'dead': False}), ('anFFTEsxNr+4vTgO', (-28.0, 0.05000007152557373, -13.0), 11.701151963625598, {'hp': 125.0, 'maxhp': 125.0, 'armor': 0.0, 'maxarmor': 0.0, 'dead': False}), ('anFFTEsxNr+4vTgJ', (26.3205623626709, 0.06777054071426392, 2.599637508392334), 44.84180017460937, {'hp': 125.0, 'maxhp': 125.0, 'armor': 0.0, 'maxarmor': 0.0, 'dead': False}), ('anFFTEsxNr+4vTf9', (-3.6765191555023193, 0.05925852805376053, -9.500686645507812), 13.298134459723206, {'hp': 20.0, 'maxhp': 125.0, 'armor': 0.0, 'maxarmor': 0.0, 'dead': False}), ('anFFTEsxNr+4vTf4', (-8.783376693725586, 0.09060776978731155, -13.467101097106934), 9.278272359421576, {'hp': 125.0, 'maxhp': 125.0, 'armor': 0.0, 'maxarmor': 0.0, 'dead': False}), ('anFFTEsxNr+4vTgB', (6.3205156326293945, 0.0634201169013977, -5.500304698944092), 23.56535123373253, {'hp': 125.0, 'maxhp': 125.0, 'armor': 0.0, 'maxarmor': 0.0, 'dead': False})]
TEXT key=anFFTEsxNr+4vTgF id=4784 label='T1 F 34.1m H125 A0' pos=(16.224382400512695, 0.08436138182878494, -1.4008004665374756) color=(0.1, 0.95, 0.25)
TEXT key=anFFTEsxNr+4vTgO id=4785 label='T2 N 11.7m H125 A0' pos=(-28.0, 0.05000007152557373, -13.0) color=(1.0, 0.12, 0.08)
TEXT key=anFFTEsxNr+4vTgJ id=4786 label='T3 F 44.8m H125 A0' pos=(26.3205623626709, 0.06777054071426392, 2.599637508392334) color=(0.1, 0.95, 0.25)
TEXT key=anFFTEsxNr+4vTf9 id=4787 label='T4 M 13.3m H20 A0' pos=(-3.6765191555023193, 0.05925852805376053, -9.500686645507812) color=(1.0, 0.85, 0.05)
TEXT key=anFFTEsxNr+4vTf4 id=4788 label='T5 N 9.3m H125 A0' pos=(-8.783376693725586, 0.09060776978731155, -13.467101097106934) color=(1.0, 0.12, 0.08)
TEXT key=anFFTEsxNr+4vTgB id=4789 label='T6 M 23.6m H125 A0' pos=(6.3205156326293945, 0.0634201169013977, -5.500304698944092) color=(1.0, 0.85, 0.05)
ROBOT key=anFFTEsxNr+4vTgF pos=(16.224382400512695, 0.08436138182878494, -1.4008004665374756) stats={'hp': 125.0, 'maxhp': 125.0, 'armor': 0.0, 'maxarmor': 0.0, 'dead': False} ready_before=True EnsureShootingRangeToplogo=True ShowEnemyToplogo=None SetToplogoVisible=None AddToplogoVisibleTick=None EnemyTopLogoTimer=None RefreshToplogo=None RefreshEnemyHpBar=None RefreshEnemyArmorBar=None ready_after=True
ROBOT key=anFFTEsxNr+4vTgO pos=(-28.0, 0.05000007152557373, -13.0) stats={'hp': 125.0, 'maxhp': 125.0, 'armor': 0.0, 'maxarmor': 0.0, 'dead': False} ready_before=True EnsureShootingRangeToplogo=True ShowEnemyToplogo=None SetToplogoVisible=None AddToplogoVisibleTick=None EnemyTopLogoTimer=None RefreshToplogo=None RefreshEnemyHpBar=None RefreshEnemyArmorBar=None ready_after=True
ROBOT key=anFFTEsxNr+4vTgJ pos=(26.3205623626709, 0.06777054071426392, 2.599637508392334) stats={'hp': 125.0, 'maxhp': 125.0, 'armor': 0.0, 'maxarmor': 0.0, 'dead': False} ready_before=True EnsureShootingRangeToplogo=True ShowEnemyToplogo=None SetToplogoVisible=None AddToplogoVisibleTick=None EnemyTopLogoTimer=None RefreshToplogo=None RefreshEnemyHpBar=None RefreshEnemyArmorBar=None ready_after=True
ROBOT key=anFFTEsxNr+4vTf9 pos=(-3.6765191555023193, 0.05925852805376053, -9.500686645507812) stats={'hp': 20.0, 'maxhp': 125.0, 'armor': 0.0, 'maxarmor': 0.0, 'dead': False} ready_before=True EnsureShootingRangeToplogo=True ShowEnemyToplogo=None SetToplogoVisible=None AddToplogoVisibleTick=None EnemyTopLogoTimer=None RefreshToplogo=None RefreshEnemyHpBar=None RefreshEnemyArmorBar=None ready_after=True
ROBOT key=anFFTEsxNr+4vTf4 pos=(-8.783376693725586, 0.09060776978731155, -13.467101097106934) stats={'hp': 125.0, 'maxhp': 125.0, 'armor': 0.0, 'maxarmor': 0.0, 'dead': False} ready_before=True EnsureShootingRangeToplogo=True ShowEnemyToplogo=None SetToplogoVisible=None AddToplogoVisibleTick=None EnemyTopLogoTimer=None RefreshToplogo=None RefreshEnemyHpBar=None RefreshEnemyArmorBar=None ready_after=True
ROBOT key=anFFTEsxNr+4vTgB pos=(6.3205156326293945, 0.0634201169013977, -5.500304698944092) stats={'hp': 125.0, 'maxhp': 125.0, 'armor': 0.0, 'maxarmor': 0.0, 'dead': False} ready_before=True EnsureShootingRangeToplogo=True ShowEnemyToplogo=None SetToplogoVisible=None AddToplogoVisibleTick=None EnemyTopLogoTimer=None RefreshToplogo=None RefreshEnemyHpBar=None RefreshEnemyArmorBar=None ready_after=True
ROBOT key=anFFTEsxNr+4vTgF pos=(16.224382400512695, 0.08436138182878494, -1.4008004665374756) stats={'hp': 125.0, 'maxhp': 125.0, 'armor': 0.0, 'maxarmor': 0.0, 'dead': False} ready_before=True EnsureShootingRangeToplogo=True ShowEnemyToplogo=None SetToplogoVisible=None AddToplogoVisibleTick=None EnemyTopLogoTimer=None RefreshToplogo=None RefreshEnemyHpBar=None RefreshEnemyArmorBar=None ready_after=True
ROBOT key=anFFTEsxNr+4vTgO pos=(-28.0, 0.05000007152557373, -13.0) stats={'hp': 125.0, 'maxhp': 125.0, 'armor': 0.0, 'maxarmor': 0.0, 'dead': False} ready_before=True EnsureShootingRangeToplogo=True ShowEnemyToplogo=None SetToplogoVisible=None AddToplogoVisibleTick=None EnemyTopLogoTimer=None RefreshToplogo=None RefreshEnemyHpBar=None RefreshEnemyArmorBar=None ready_after=True
ROBOT key=anFFTEsxNr+4vTgJ pos=(26.3205623626709, 0.06777054071426392, 2.599637508392334) stats={'hp': 125.0, 'maxhp': 125.0, 'armor': 0.0, 'maxarmor': 0.0, 'dead': False} ready_before=True EnsureShootingRangeToplogo=True ShowEnemyToplogo=None SetToplogoVisible=None AddToplogoVisibleTick=None EnemyTopLogoTimer=None RefreshToplogo=None RefreshEnemyHpBar=None RefreshEnemyArmorBar=None ready_after=True
ROBOT key=anFFTEsxNr+4vTf9 pos=(-3.6765191555023193, 0.05925852805376053, -9.500686645507812) stats={'hp': 20.0, 'maxhp': 125.0, 'armor': 0.0, 'maxarmor': 0.0, 'dead': False} ready_before=True EnsureShootingRangeToplogo=True ShowEnemyToplogo=None SetToplogoVisible=None AddToplogoVisibleTick=None EnemyTopLogoTimer=None RefreshToplogo=None RefreshEnemyHpBar=None RefreshEnemyArmorBar=None ready_after=True
ROBOT key=anFFTEsxNr+4vTf4 pos=(-8.783376693725586, 0.09060776978731155, -13.467101097106934) stats={'hp': 125.0, 'maxhp': 125.0, 'armor': 0.0, 'maxarmor': 0.0, 'dead': False} ready_before=True EnsureShootingRangeToplogo=True ShowEnemyToplogo=None SetToplogoVisible=None AddToplogoVisibleTick=None EnemyTopLogoTimer=None RefreshToplogo=None RefreshEnemyHpBar=None RefreshEnemyArmorBar=None ready_after=True
ROBOT key=anFFTEsxNr+4vTgB pos=(6.3205156326293945, 0.0634201169013977, -5.500304698944092) stats={'hp': 125.0, 'maxhp': 125.0, 'armor': 0.0, 'maxarmor': 0.0, 'dead': False} ready_before=True EnsureShootingRangeToplogo=True ShowEnemyToplogo=None SetToplogoVisible=None AddToplogoVisibleTick=None EnemyTopLogoTimer=None RefreshToplogo=None RefreshEnemyHpBar=None RefreshEnemyArmorBar=None ready_after=True
TICK n=560 total=23 players=[('anFFZUsxNr+4vT0l', (-16.968557357788086, 0.050000011920928955, -9.098176002502441))] robots=[('anFFTEsxNr+4vTgF', (16.224382400512695, 0.08436138182878494, -1.4008004665374756), 34.073773208196336, {'hp': 125.0, 'maxhp': 125.0, 'armor': 0.0, 'maxarmor': 0.0, 'dead': False}), ('anFFTEsxNr+4vTgO', (-28.0, 0.05000007152557373, -13.0), 11.701151963625598, {'hp': 125.0, 'maxhp': 125.0, 'armor': 0.0, 'maxarmor': 0.0, 'dead': False}), ('anFFTEsxNr+4vTgJ', (26.3205623626709, 0.06777054071426392, 2.599637508392334), 44.84180017460937, {'hp': 125.0, 'maxhp': 125.0, 'armor': 0.0, 'maxarmor': 0.0, 'dead': False}), ('anFFTEsxNr+4vTf9', (-3.6765191555023193, 0.05925852805376053, -9.500686645507812), 13.298134459723206, {'hp': 20.0, 'maxhp': 125.0, 'armor': 0.0, 'maxarmor': 0.0, 'dead': False}), ('anFFTEsxNr+4vTf4', (-8.783376693725586, 0.09060776978731155, -13.467101097106934), 9.278272359421576, {'hp': 125.0, 'maxhp': 125.0, 'armor': 0.0, 'maxarmor': 0.0, 'dead': False}), ('anFFTEsxNr+4vTgB', (6.3205156326293945, 0.0634201169013977, -5.500304698944092), 23.56535123373253, {'hp': 125.0, 'maxhp': 125.0, 'armor': 0.0, 'maxarmor': 0.0, 'dead': False})]
TEXT key=anFFTEsxNr+4vTgF id=4844 label='T1 F 34.1m H125 A0' pos=(16.224382400512695, 0.08436138182878494, -1.4008004665374756) color=(0.1, 0.95, 0.25)
TEXT key=anFFTEsxNr+4vTgO id=4845 label='T2 N 11.7m H125 A0' pos=(-28.0, 0.05000007152557373, -13.0) color=(1.0, 0.12, 0.08)
TEXT key=anFFTEsxNr+4vTgJ id=4846 label='T3 F 44.8m H125 A0' pos=(26.3205623626709, 0.06777054071426392, 2.599637508392334) color=(0.1, 0.95, 0.25)
TEXT key=anFFTEsxNr+4vTf9 id=4847 label='T4 M 13.3m H20 A0' pos=(-3.6765191555023193, 0.05925852805376053, -9.500686645507812) color=(1.0, 0.85, 0.05)
TEXT key=anFFTEsxNr+4vTf4 id=4848 label='T5 N 9.3m H125 A0' pos=(-8.783376693725586, 0.09060776978731155, -13.467101097106934) color=(1.0, 0.12, 0.08)
TEXT key=anFFTEsxNr+4vTgB id=4849 label='T6 M 23.6m H125 A0' pos=(6.3205156326293945, 0.0634201169013977, -5.500304698944092) color=(1.0, 0.85, 0.05)
ROBOT key=anFFTEsxNr+4vTgF pos=(16.224382400512695, 0.08436138182878494, -1.4008004665374756) stats={'hp': 125.0, 'maxhp': 125.0, 'armor': 0.0, 'maxarmor': 0.0, 'dead': False} ready_before=True EnsureShootingRangeToplogo=True ShowEnemyToplogo=None SetToplogoVisible=None AddToplogoVisibleTick=None EnemyTopLogoTimer=None RefreshToplogo=None RefreshEnemyHpBar=None RefreshEnemyArmorBar=None ready_after=True
ROBOT key=anFFTEsxNr+4vTgO pos=(-28.0, 0.05000007152557373, -13.0) stats={'hp': 125.0, 'maxhp': 125.0, 'armor': 0.0, 'maxarmor': 0.0, 'dead': False} ready_before=True EnsureShootingRangeToplogo=True ShowEnemyToplogo=None SetToplogoVisible=None AddToplogoVisibleTick=None EnemyTopLogoTimer=None RefreshToplogo=None RefreshEnemyHpBar=None RefreshEnemyArmorBar=None ready_after=True
ROBOT key=anFFTEsxNr+4vTgJ pos=(26.3205623626709, 0.06777054071426392, 2.599637508392334) stats={'hp': 125.0, 'maxhp': 125.0, 'armor': 0.0, 'maxarmor': 0.0, 'dead': False} ready_before=True EnsureShootingRangeToplogo=True ShowEnemyToplogo=None SetToplogoVisible=None AddToplogoVisibleTick=None EnemyTopLogoTimer=None RefreshToplogo=None RefreshEnemyHpBar=None RefreshEnemyArmorBar=None ready_after=True
ROBOT key=anFFTEsxNr+4vTf9 pos=(-3.6765191555023193, 0.05925852805376053, -9.500686645507812) stats={'hp': 20.0, 'maxhp': 125.0, 'armor': 0.0, 'maxarmor': 0.0, 'dead': False} ready_before=True EnsureShootingRangeToplogo=True ShowEnemyToplogo=None SetToplogoVisible=None AddToplogoVisibleTick=None EnemyTopLogoTimer=None RefreshToplogo=None RefreshEnemyHpBar=None RefreshEnemyArmorBar=None ready_after=True
ROBOT key=anFFTEsxNr+4vTf4 pos=(-8.783376693725586, 0.09060776978731155, -13.467101097106934) stats={'hp': 125.0, 'maxhp': 125.0, 'armor': 0.0, 'maxarmor': 0.0, 'dead': False} ready_before=True EnsureShootingRangeToplogo=True ShowEnemyToplogo=None SetToplogoVisible=None AddToplogoVisibleTick=None EnemyTopLogoTimer=None RefreshToplogo=None RefreshEnemyHpBar=None RefreshEnemyArmorBar=None ready_after=True
ROBOT key=anFFTEsxNr+4vTgB pos=(6.3205156326293945, 0.0634201169013977, -5.500304698944092) stats={'hp': 125.0, 'maxhp': 125.0, 'armor': 0.0, 'maxarmor': 0.0, 'dead': False} ready_before=True EnsureShootingRangeToplogo=True ShowEnemyToplogo=None SetToplogoVisible=None AddToplogoVisibleTick=None EnemyTopLogoTimer=None RefreshToplogo=None RefreshEnemyHpBar=None RefreshEnemyArmorBar=None ready_after=True
ROBOT key=anFFTEsxNr+4vTgF pos=(16.224382400512695, 0.08436138182878494, -1.4008004665374756) stats={'hp': 125.0, 'maxhp': 125.0, 'armor': 0.0, 'maxarmor': 0.0, 'dead': False} ready_before=True EnsureShootingRangeToplogo=True ShowEnemyToplogo=None SetToplogoVisible=None AddToplogoVisibleTick=None EnemyTopLogoTimer=None RefreshToplogo=None RefreshEnemyHpBar=None RefreshEnemyArmorBar=None ready_after=True
ROBOT key=anFFTEsxNr+4vTgO pos=(-28.0, 0.05000007152557373, -13.0) stats={'hp': 125.0, 'maxhp': 125.0, 'armor': 0.0, 'maxarmor': 0.0, 'dead': False} ready_before=True EnsureShootingRangeToplogo=True ShowEnemyToplogo=None SetToplogoVisible=None AddToplogoVisibleTick=None EnemyTopLogoTimer=None RefreshToplogo=None RefreshEnemyHpBar=None RefreshEnemyArmorBar=None ready_after=True
ROBOT key=anFFTEsxNr+4vTgJ pos=(26.3205623626709, 0.06777054071426392, 2.599637508392334) stats={'hp': 125.0, 'maxhp': 125.0, 'armor': 0.0, 'maxarmor': 0.0, 'dead': False} ready_before=True EnsureShootingRangeToplogo=True ShowEnemyToplogo=None SetToplogoVisible=None AddToplogoVisibleTick=None EnemyTopLogoTimer=None RefreshToplogo=None RefreshEnemyHpBar=None RefreshEnemyArmorBar=None ready_after=True
ROBOT key=anFFTEsxNr+4vTf9 pos=(-3.6765191555023193, 0.05925852805376053, -9.500686645507812) stats={'hp': 20.0, 'maxhp': 125.0, 'armor': 0.0, 'maxarmor': 0.0, 'dead': False} ready_before=True EnsureShootingRangeToplogo=True ShowEnemyToplogo=None SetToplogoVisible=None AddToplogoVisibleTick=None EnemyTopLogoTimer=None RefreshToplogo=None RefreshEnemyHpBar=None RefreshEnemyArmorBar=None ready_after=True
ROBOT key=anFFTEsxNr+4vTf4 pos=(-8.783376693725586, 0.09060776978731155, -13.467101097106934) stats={'hp': 125.0, 'maxhp': 125.0, 'armor': 0.0, 'maxarmor': 0.0, 'dead': False} ready_before=True EnsureShootingRangeToplogo=True ShowEnemyToplogo=None SetToplogoVisible=None AddToplogoVisibleTick=None EnemyTopLogoTimer=None RefreshToplogo=None RefreshEnemyHpBar=None RefreshEnemyArmorBar=None ready_after=True
ROBOT key=anFFTEsxNr+4vTgB pos=(6.3205156326293945, 0.0634201169013977, -5.500304698944092) stats={'hp': 125.0, 'maxhp': 125.0, 'armor': 0.0, 'maxarmor': 0.0, 'dead': False} ready_before=True EnsureShootingRangeToplogo=True ShowEnemyToplogo=None SetToplogoVisible=None AddToplogoVisibleTick=None EnemyTopLogoTimer=None RefreshToplogo=None RefreshEnemyHpBar=None RefreshEnemyArmorBar=None ready_after=True
TICK n=600 total=23 players=[('anFFZUsxNr+4vT0l', (-16.968557357788086, 0.050000011920928955, -9.098176002502441))] robots=[('anFFTEsxNr+4vTgF', (16.224382400512695, 0.08436138182878494, -1.4008004665374756), 34.073773208196336, {'hp': 125.0, 'maxhp': 125.0, 'armor': 0.0, 'maxarmor': 0.0, 'dead': False}), ('anFFTEsxNr+4vTgO', (-28.0, 0.05000007152557373, -13.0), 11.701151963625598, {'hp': 125.0, 'maxhp': 125.0, 'armor': 0.0, 'maxarmor': 0.0, 'dead': False}), ('anFFTEsxNr+4vTgJ', (26.3205623626709, 0.06777054071426392, 2.599637508392334), 44.84180017460937, {'hp': 125.0, 'maxhp': 125.0, 'armor': 0.0, 'maxarmor': 0.0, 'dead': False}), ('anFFTEsxNr+4vTf9', (-3.6765191555023193, 0.05925852805376053, -9.500686645507812), 13.298134459723206, {'hp': 20.0, 'maxhp': 125.0, 'armor': 0.0, 'maxarmor': 0.0, 'dead': False}), ('anFFTEsxNr+4vTf4', (-8.783376693725586, 0.09060776978731155, -13.467101097106934), 9.278272359421576, {'hp': 125.0, 'maxhp': 125.0, 'armor': 0.0, 'maxarmor': 0.0, 'dead': False}), ('anFFTEsxNr+4vTgB', (6.3205156326293945, 0.0634201169013977, -5.500304698944092), 23.56535123373253, {'hp': 125.0, 'maxhp': 125.0, 'armor': 0.0, 'maxarmor': 0.0, 'dead': False})]
TEXT key=anFFTEsxNr+4vTgF id=4904 label='T1 F 34.1m H125 A0' pos=(16.224382400512695, 0.08436138182878494, -1.4008004665374756) color=(0.1, 0.95, 0.25)
TEXT key=anFFTEsxNr+4vTgO id=4905 label='T2 N 11.7m H125 A0' pos=(-28.0, 0.05000007152557373, -13.0) color=(1.0, 0.12, 0.08)
TEXT key=anFFTEsxNr+4vTgJ id=4906 label='T3 F 44.8m H125 A0' pos=(26.3205623626709, 0.06777054071426392, 2.599637508392334) color=(0.1, 0.95, 0.25)
TEXT key=anFFTEsxNr+4vTf9 id=4907 label='T4 M 13.3m H20 A0' pos=(-3.6765191555023193, 0.05925852805376053, -9.500686645507812) color=(1.0, 0.85, 0.05)
TEXT key=anFFTEsxNr+4vTf4 id=4908 label='T5 N 9.3m H125 A0' pos=(-8.783376693725586, 0.09060776978731155, -13.467101097106934) color=(1.0, 0.12, 0.08)
TEXT key=anFFTEsxNr+4vTgB id=4909 label='T6 M 23.6m H125 A0' pos=(6.3205156326293945, 0.0634201169013977, -5.500304698944092) color=(1.0, 0.85, 0.05)
ROBOT key=anFFTEsxNr+4vTgF pos=(16.224382400512695, 0.08436138182878494, -1.4008004665374756) stats={'hp': 125.0, 'maxhp': 125.0, 'armor': 0.0, 'maxarmor': 0.0, 'dead': False} ready_before=True EnsureShootingRangeToplogo=True ShowEnemyToplogo=None SetToplogoVisible=None AddToplogoVisibleTick=None EnemyTopLogoTimer=None RefreshToplogo=None RefreshEnemyHpBar=None RefreshEnemyArmorBar=None ready_after=True
ROBOT key=anFFTEsxNr+4vTgO pos=(-28.0, 0.05000007152557373, -13.0) stats={'hp': 125.0, 'maxhp': 125.0, 'armor': 0.0, 'maxarmor': 0.0, 'dead': False} ready_before=True EnsureShootingRangeToplogo=True ShowEnemyToplogo=None SetToplogoVisible=None AddToplogoVisibleTick=None EnemyTopLogoTimer=None RefreshToplogo=None RefreshEnemyHpBar=None RefreshEnemyArmorBar=None ready_after=True
ROBOT key=anFFTEsxNr+4vTgJ pos=(26.3205623626709, 0.06777054071426392, 2.599637508392334) stats={'hp': 125.0, 'maxhp': 125.0, 'armor': 0.0, 'maxarmor': 0.0, 'dead': False} ready_before=True EnsureShootingRangeToplogo=True ShowEnemyToplogo=None SetToplogoVisible=None AddToplogoVisibleTick=None EnemyTopLogoTimer=None RefreshToplogo=None RefreshEnemyHpBar=None RefreshEnemyArmorBar=None ready_after=True
ROBOT key=anFFTEsxNr+4vTf9 pos=(-3.6765191555023193, 0.05925852805376053, -9.500686645507812) stats={'hp': 20.0, 'maxhp': 125.0, 'armor': 0.0, 'maxarmor': 0.0, 'dead': False} ready_before=True EnsureShootingRangeToplogo=True ShowEnemyToplogo=None SetToplogoVisible=None AddToplogoVisibleTick=None EnemyTopLogoTimer=None RefreshToplogo=None RefreshEnemyHpBar=None RefreshEnemyArmorBar=None ready_after=True
ROBOT key=anFFTEsxNr+4vTf4 pos=(-8.783376693725586, 0.09060776978731155, -13.467101097106934) stats={'hp': 125.0, 'maxhp': 125.0, 'armor': 0.0, 'maxarmor': 0.0, 'dead': False} ready_before=True EnsureShootingRangeToplogo=True ShowEnemyToplogo=None SetToplogoVisible=None AddToplogoVisibleTick=None EnemyTopLogoTimer=None RefreshToplogo=None RefreshEnemyHpBar=None RefreshEnemyArmorBar=None ready_after=True
ROBOT key=anFFTEsxNr+4vTgB pos=(6.3205156326293945, 0.0634201169013977, -5.500304698944092) stats={'hp': 125.0, 'maxhp': 125.0, 'armor': 0.0, 'maxarmor': 0.0, 'dead': False} ready_before=True EnsureShootingRangeToplogo=True ShowEnemyToplogo=None SetToplogoVisible=None AddToplogoVisibleTick=None EnemyTopLogoTimer=None RefreshToplogo=None RefreshEnemyHpBar=None RefreshEnemyArmorBar=None ready_after=True
ROBOT key=anFFTEsxNr+4vTgF pos=(16.224382400512695, 0.08436138182878494, -1.4008004665374756) stats={'hp': 125.0, 'maxhp': 125.0, 'armor': 0.0, 'maxarmor': 0.0, 'dead': False} ready_before=True EnsureShootingRangeToplogo=True ShowEnemyToplogo=None SetToplogoVisible=None AddToplogoVisibleTick=None EnemyTopLogoTimer=None RefreshToplogo=None RefreshEnemyHpBar=None RefreshEnemyArmorBar=None ready_after=True
ROBOT key=anFFTEsxNr+4vTgO pos=(-28.0, 0.05000007152557373, -13.0) stats={'hp': 125.0, 'maxhp': 125.0, 'armor': 0.0, 'maxarmor': 0.0, 'dead': False} ready_before=True EnsureShootingRangeToplogo=True ShowEnemyToplogo=None SetToplogoVisible=None AddToplogoVisibleTick=None EnemyTopLogoTimer=None RefreshToplogo=None RefreshEnemyHpBar=None RefreshEnemyArmorBar=None ready_after=True
ROBOT key=anFFTEsxNr+4vTgJ pos=(26.3205623626709, 0.06777054071426392, 2.599637508392334) stats={'hp': 125.0, 'maxhp': 125.0, 'armor': 0.0, 'maxarmor': 0.0, 'dead': False} ready_before=True EnsureShootingRangeToplogo=True ShowEnemyToplogo=None SetToplogoVisible=None AddToplogoVisibleTick=None EnemyTopLogoTimer=None RefreshToplogo=None RefreshEnemyHpBar=None RefreshEnemyArmorBar=None ready_after=True
ROBOT key=anFFTEsxNr+4vTf9 pos=(-3.6765191555023193, 0.05925852805376053, -9.500686645507812) stats={'hp': 20.0, 'maxhp': 125.0, 'armor': 0.0, 'maxarmor': 0.0, 'dead': False} ready_before=True EnsureShootingRangeToplogo=True ShowEnemyToplogo=None SetToplogoVisible=None AddToplogoVisibleTick=None EnemyTopLogoTimer=None RefreshToplogo=None RefreshEnemyHpBar=None RefreshEnemyArmorBar=None ready_after=True
ROBOT key=anFFTEsxNr+4vTf4 pos=(-8.783376693725586, 0.09060776978731155, -13.467101097106934) stats={'hp': 125.0, 'maxhp': 125.0, 'armor': 0.0, 'maxarmor': 0.0, 'dead': False} ready_before=True EnsureShootingRangeToplogo=True ShowEnemyToplogo=None SetToplogoVisible=None AddToplogoVisibleTick=None EnemyTopLogoTimer=None RefreshToplogo=None RefreshEnemyHpBar=None RefreshEnemyArmorBar=None ready_after=True
ROBOT key=anFFTEsxNr+4vTgB pos=(6.3205156326293945, 0.0634201169013977, -5.500304698944092) stats={'hp': 125.0, 'maxhp': 125.0, 'armor': 0.0, 'maxarmor': 0.0, 'dead': False} ready_before=True EnsureShootingRangeToplogo=True ShowEnemyToplogo=None SetToplogoVisible=None AddToplogoVisibleTick=None EnemyTopLogoTimer=None RefreshToplogo=None RefreshEnemyHpBar=None RefreshEnemyArmorBar=None ready_after=True
TICK n=640 total=23 players=[('anFFZUsxNr+4vT0l', (-16.968557357788086, 0.050000011920928955, -9.098176002502441))] robots=[('anFFTEsxNr+4vTgF', (16.224382400512695, 0.08436138182878494, -1.4008004665374756), 34.073773208196336, {'hp': 125.0, 'maxhp': 125.0, 'armor': 0.0, 'maxarmor': 0.0, 'dead': False}), ('anFFTEsxNr+4vTgO', (-28.0, 0.05000007152557373, -13.0), 11.701151963625598, {'hp': 125.0, 'maxhp': 125.0, 'armor': 0.0, 'maxarmor': 0.0, 'dead': False}), ('anFFTEsxNr+4vTgJ', (26.3205623626709, 0.06777054071426392, 2.599637508392334), 44.84180017460937, {'hp': 125.0, 'maxhp': 125.0, 'armor': 0.0, 'maxarmor': 0.0, 'dead': False}), ('anFFTEsxNr+4vTf9', (-3.6765191555023193, 0.05925852805376053, -9.500686645507812), 13.298134459723206, {'hp': 20.0, 'maxhp': 125.0, 'armor': 0.0, 'maxarmor': 0.0, 'dead': False}), ('anFFTEsxNr+4vTf4', (-8.783376693725586, 0.09060776978731155, -13.467101097106934), 9.278272359421576, {'hp': 125.0, 'maxhp': 125.0, 'armor': 0.0, 'maxarmor': 0.0, 'dead': False}), ('anFFTEsxNr+4vTgB', (6.3205156326293945, 0.0634201169013977, -5.500304698944092), 23.56535123373253, {'hp': 125.0, 'maxhp': 125.0, 'armor': 0.0, 'maxarmor': 0.0, 'dead': False})]
TEXT key=anFFTEsxNr+4vTgF id=4964 label='T1 F 34.1m H125 A0' pos=(16.224382400512695, 0.08436138182878494, -1.4008004665374756) color=(0.1, 0.95, 0.25)
TEXT key=anFFTEsxNr+4vTgO id=4965 label='T2 N 11.7m H125 A0' pos=(-28.0, 0.05000007152557373, -13.0) color=(1.0, 0.12, 0.08)
TEXT key=anFFTEsxNr+4vTgJ id=4966 label='T3 F 44.8m H125 A0' pos=(26.3205623626709, 0.06777054071426392, 2.599637508392334) color=(0.1, 0.95, 0.25)
TEXT key=anFFTEsxNr+4vTf9 id=4967 label='T4 M 13.3m H20 A0' pos=(-3.6765191555023193, 0.05925852805376053, -9.500686645507812) color=(1.0, 0.85, 0.05)
TEXT key=anFFTEsxNr+4vTf4 id=4968 label='T5 N 9.3m H125 A0' pos=(-8.783376693725586, 0.09060776978731155, -13.467101097106934) color=(1.0, 0.12, 0.08)
TEXT key=anFFTEsxNr+4vTgB id=4969 label='T6 M 23.6m H125 A0' pos=(6.3205156326293945, 0.0634201169013977, -5.500304698944092) color=(1.0, 0.85, 0.05)
ROBOT key=anFFTEsxNr+4vTgF pos=(16.224382400512695, 0.08436138182878494, -1.4008004665374756) stats={'hp': 125.0, 'maxhp': 125.0, 'armor': 0.0, 'maxarmor': 0.0, 'dead': False} ready_before=True EnsureShootingRangeToplogo=True ShowEnemyToplogo=None SetToplogoVisible=None AddToplogoVisibleTick=None EnemyTopLogoTimer=None RefreshToplogo=None RefreshEnemyHpBar=None RefreshEnemyArmorBar=None ready_after=True
ROBOT key=anFFTEsxNr+4vTgO pos=(-28.0, 0.05000007152557373, -13.0) stats={'hp': 125.0, 'maxhp': 125.0, 'armor': 0.0, 'maxarmor': 0.0, 'dead': False} ready_before=True EnsureShootingRangeToplogo=True ShowEnemyToplogo=None SetToplogoVisible=None AddToplogoVisibleTick=None EnemyTopLogoTimer=None RefreshToplogo=None RefreshEnemyHpBar=None RefreshEnemyArmorBar=None ready_after=True
ROBOT key=anFFTEsxNr+4vTgJ pos=(26.3205623626709, 0.06777054071426392, 2.599637508392334) stats={'hp': 125.0, 'maxhp': 125.0, 'armor': 0.0, 'maxarmor': 0.0, 'dead': False} ready_before=True EnsureShootingRangeToplogo=True ShowEnemyToplogo=None SetToplogoVisible=None AddToplogoVisibleTick=None EnemyTopLogoTimer=None RefreshToplogo=None RefreshEnemyHpBar=None RefreshEnemyArmorBar=None ready_after=True
ROBOT key=anFFTEsxNr+4vTf9 pos=(-3.6765191555023193, 0.05925852805376053, -9.500686645507812) stats={'hp': 20.0, 'maxhp': 125.0, 'armor': 0.0, 'maxarmor': 0.0, 'dead': False} ready_before=True EnsureShootingRangeToplogo=True ShowEnemyToplogo=None SetToplogoVisible=None AddToplogoVisibleTick=None EnemyTopLogoTimer=None RefreshToplogo=None RefreshEnemyHpBar=None RefreshEnemyArmorBar=None ready_after=True
ROBOT key=anFFTEsxNr+4vTf4 pos=(-8.783376693725586, 0.09060776978731155, -13.467101097106934) stats={'hp': 125.0, 'maxhp': 125.0, 'armor': 0.0, 'maxarmor': 0.0, 'dead': False} ready_before=True EnsureShootingRangeToplogo=True ShowEnemyToplogo=None SetToplogoVisible=None AddToplogoVisibleTick=None EnemyTopLogoTimer=None RefreshToplogo=None RefreshEnemyHpBar=None RefreshEnemyArmorBar=None ready_after=True
ROBOT key=anFFTEsxNr+4vTgB pos=(6.3205156326293945, 0.0634201169013977, -5.500304698944092) stats={'hp': 125.0, 'maxhp': 125.0, 'armor': 0.0, 'maxarmor': 0.0, 'dead': False} ready_before=True EnsureShootingRangeToplogo=True ShowEnemyToplogo=None SetToplogoVisible=None AddToplogoVisibleTick=None EnemyTopLogoTimer=None RefreshToplogo=None RefreshEnemyHpBar=None RefreshEnemyArmorBar=None ready_after=True
ROBOT key=anFFTEsxNr+4vTgF pos=(16.224382400512695, 0.08436138182878494, -1.4008004665374756) stats={'hp': 125.0, 'maxhp': 125.0, 'armor': 0.0, 'maxarmor': 0.0, 'dead': False} ready_before=True EnsureShootingRangeToplogo=True ShowEnemyToplogo=None SetToplogoVisible=None AddToplogoVisibleTick=None EnemyTopLogoTimer=None RefreshToplogo=None RefreshEnemyHpBar=None RefreshEnemyArmorBar=None ready_after=True
ROBOT key=anFFTEsxNr+4vTgO pos=(-28.0, 0.05000007152557373, -13.0) stats={'hp': 125.0, 'maxhp': 125.0, 'armor': 0.0, 'maxarmor': 0.0, 'dead': False} ready_before=True EnsureShootingRangeToplogo=True ShowEnemyToplogo=None SetToplogoVisible=None AddToplogoVisibleTick=None EnemyTopLogoTimer=None RefreshToplogo=None RefreshEnemyHpBar=None RefreshEnemyArmorBar=None ready_after=True
ROBOT key=anFFTEsxNr+4vTgJ pos=(26.3205623626709, 0.06777054071426392, 2.599637508392334) stats={'hp': 125.0, 'maxhp': 125.0, 'armor': 0.0, 'maxarmor': 0.0, 'dead': False} ready_before=True EnsureShootingRangeToplogo=True ShowEnemyToplogo=None SetToplogoVisible=None AddToplogoVisibleTick=None EnemyTopLogoTimer=None RefreshToplogo=None RefreshEnemyHpBar=None RefreshEnemyArmorBar=None ready_after=True
ROBOT key=anFFTEsxNr+4vTf9 pos=(-3.6765191555023193, 0.05925852805376053, -9.500686645507812) stats={'hp': 20.0, 'maxhp': 125.0, 'armor': 0.0, 'maxarmor': 0.0, 'dead': False} ready_before=True EnsureShootingRangeToplogo=True ShowEnemyToplogo=None SetToplogoVisible=None AddToplogoVisibleTick=None EnemyTopLogoTimer=None RefreshToplogo=None RefreshEnemyHpBar=None RefreshEnemyArmorBar=None ready_after=True
ROBOT key=anFFTEsxNr+4vTf4 pos=(-8.783376693725586, 0.09060776978731155, -13.467101097106934) stats={'hp': 125.0, 'maxhp': 125.0, 'armor': 0.0, 'maxarmor': 0.0, 'dead': False} ready_before=True EnsureShootingRangeToplogo=True ShowEnemyToplogo=None SetToplogoVisible=None AddToplogoVisibleTick=None EnemyTopLogoTimer=None RefreshToplogo=None RefreshEnemyHpBar=None RefreshEnemyArmorBar=None ready_after=True
ROBOT key=anFFTEsxNr+4vTgB pos=(6.3205156326293945, 0.0634201169013977, -5.500304698944092) stats={'hp': 125.0, 'maxhp': 125.0, 'armor': 0.0, 'maxarmor': 0.0, 'dead': False} ready_before=True EnsureShootingRangeToplogo=True ShowEnemyToplogo=None SetToplogoVisible=None AddToplogoVisibleTick=None EnemyTopLogoTimer=None RefreshToplogo=None RefreshEnemyHpBar=None RefreshEnemyArmorBar=None ready_after=True
TICK n=680 total=23 players=[('anFFZUsxNr+4vT0l', (-16.968557357788086, 0.050000011920928955, -9.098176002502441))] robots=[('anFFTEsxNr+4vTgF', (16.224382400512695, 0.08436138182878494, -1.4008004665374756), 34.073773208196336, {'hp': 125.0, 'maxhp': 125.0, 'armor': 0.0, 'maxarmor': 0.0, 'dead': False}), ('anFFTEsxNr+4vTgO', (-28.0, 0.05000007152557373, -13.0), 11.701151963625598, {'hp': 125.0, 'maxhp': 125.0, 'armor': 0.0, 'maxarmor': 0.0, 'dead': False}), ('anFFTEsxNr+4vTgJ', (26.3205623626709, 0.06777054071426392, 2.599637508392334), 44.84180017460937, {'hp': 125.0, 'maxhp': 125.0, 'armor': 0.0, 'maxarmor': 0.0, 'dead': False}), ('anFFTEsxNr+4vTf9', (-3.6765191555023193, 0.05925852805376053, -9.500686645507812), 13.298134459723206, {'hp': 20.0, 'maxhp': 125.0, 'armor': 0.0, 'maxarmor': 0.0, 'dead': False}), ('anFFTEsxNr+4vTf4', (-8.783376693725586, 0.09060776978731155, -13.467101097106934), 9.278272359421576, {'hp': 125.0, 'maxhp': 125.0, 'armor': 0.0, 'maxarmor': 0.0, 'dead': False}), ('anFFTEsxNr+4vTgB', (6.3205156326293945, 0.0634201169013977, -5.500304698944092), 23.56535123373253, {'hp': 125.0, 'maxhp': 125.0, 'armor': 0.0, 'maxarmor': 0.0, 'dead': False})]
TEXT key=anFFTEsxNr+4vTgF id=5024 label='T1 F 34.1m H125 A0' pos=(16.224382400512695, 0.08436138182878494, -1.4008004665374756) color=(0.1, 0.95, 0.25)
TEXT key=anFFTEsxNr+4vTgO id=5025 label='T2 N 11.7m H125 A0' pos=(-28.0, 0.05000007152557373, -13.0) color=(1.0, 0.12, 0.08)
TEXT key=anFFTEsxNr+4vTgJ id=5026 label='T3 F 44.8m H125 A0' pos=(26.3205623626709, 0.06777054071426392, 2.599637508392334) color=(0.1, 0.95, 0.25)
TEXT key=anFFTEsxNr+4vTf9 id=5027 label='T4 M 13.3m H20 A0' pos=(-3.6765191555023193, 0.05925852805376053, -9.500686645507812) color=(1.0, 0.85, 0.05)
TEXT key=anFFTEsxNr+4vTf4 id=5028 label='T5 N 9.3m H125 A0' pos=(-8.783376693725586, 0.09060776978731155, -13.467101097106934) color=(1.0, 0.12, 0.08)
TEXT key=anFFTEsxNr+4vTgB id=5029 label='T6 M 23.6m H125 A0' pos=(6.3205156326293945, 0.0634201169013977, -5.500304698944092) color=(1.0, 0.85, 0.05)
ROBOT key=anFFTEsxNr+4vTgF pos=(16.224382400512695, 0.08436138182878494, -1.4008004665374756) stats={'hp': 125.0, 'maxhp': 125.0, 'armor': 0.0, 'maxarmor': 0.0, 'dead': False} ready_before=True EnsureShootingRangeToplogo=True ShowEnemyToplogo=None SetToplogoVisible=None AddToplogoVisibleTick=None EnemyTopLogoTimer=None RefreshToplogo=None RefreshEnemyHpBar=None RefreshEnemyArmorBar=None ready_after=True
ROBOT key=anFFTEsxNr+4vTgO pos=(-28.0, 0.05000007152557373, -13.0) stats={'hp': 125.0, 'maxhp': 125.0, 'armor': 0.0, 'maxarmor': 0.0, 'dead': False} ready_before=True EnsureShootingRangeToplogo=True ShowEnemyToplogo=None SetToplogoVisible=None AddToplogoVisibleTick=None EnemyTopLogoTimer=None RefreshToplogo=None RefreshEnemyHpBar=None RefreshEnemyArmorBar=None ready_after=True
ROBOT key=anFFTEsxNr+4vTgJ pos=(26.3205623626709, 0.06777054071426392, 2.599637508392334) stats={'hp': 125.0, 'maxhp': 125.0, 'armor': 0.0, 'maxarmor': 0.0, 'dead': False} ready_before=True EnsureShootingRangeToplogo=True ShowEnemyToplogo=None SetToplogoVisible=None AddToplogoVisibleTick=None EnemyTopLogoTimer=None RefreshToplogo=None RefreshEnemyHpBar=None RefreshEnemyArmorBar=None ready_after=True
ROBOT key=anFFTEsxNr+4vTf9 pos=(-3.6765191555023193, 0.05925852805376053, -9.500686645507812) stats={'hp': 20.0, 'maxhp': 125.0, 'armor': 0.0, 'maxarmor': 0.0, 'dead': False} ready_before=True EnsureShootingRangeToplogo=True ShowEnemyToplogo=None SetToplogoVisible=None AddToplogoVisibleTick=None EnemyTopLogoTimer=None RefreshToplogo=None RefreshEnemyHpBar=None RefreshEnemyArmorBar=None ready_after=True
ROBOT key=anFFTEsxNr+4vTf4 pos=(-8.783376693725586, 0.09060776978731155, -13.467101097106934) stats={'hp': 125.0, 'maxhp': 125.0, 'armor': 0.0, 'maxarmor': 0.0, 'dead': False} ready_before=True EnsureShootingRangeToplogo=True ShowEnemyToplogo=None SetToplogoVisible=None AddToplogoVisibleTick=None EnemyTopLogoTimer=None RefreshToplogo=None RefreshEnemyHpBar=None RefreshEnemyArmorBar=None ready_after=True
ROBOT key=anFFTEsxNr+4vTgB pos=(6.3205156326293945, 0.0634201169013977, -5.500304698944092) stats={'hp': 125.0, 'maxhp': 125.0, 'armor': 0.0, 'maxarmor': 0.0, 'dead': False} ready_before=True EnsureShootingRangeToplogo=True ShowEnemyToplogo=None SetToplogoVisible=None AddToplogoVisibleTick=None EnemyTopLogoTimer=None RefreshToplogo=None RefreshEnemyHpBar=None RefreshEnemyArmorBar=None ready_after=True
ROBOT key=anFFTEsxNr+4vTgF pos=(16.224382400512695, 0.08436138182878494, -1.4008004665374756) stats={'hp': 125.0, 'maxhp': 125.0, 'armor': 0.0, 'maxarmor': 0.0, 'dead': False} ready_before=True EnsureShootingRangeToplogo=True ShowEnemyToplogo=None SetToplogoVisible=None AddToplogoVisibleTick=None EnemyTopLogoTimer=None RefreshToplogo=None RefreshEnemyHpBar=None RefreshEnemyArmorBar=None ready_after=True
ROBOT key=anFFTEsxNr+4vTgO pos=(-28.0, 0.05000007152557373, -13.0) stats={'hp': 125.0, 'maxhp': 125.0, 'armor': 0.0, 'maxarmor': 0.0, 'dead': False} ready_before=True EnsureShootingRangeToplogo=True ShowEnemyToplogo=None SetToplogoVisible=None AddToplogoVisibleTick=None EnemyTopLogoTimer=None RefreshToplogo=None RefreshEnemyHpBar=None RefreshEnemyArmorBar=None ready_after=True
ROBOT key=anFFTEsxNr+4vTgJ pos=(26.3205623626709, 0.06777054071426392, 2.599637508392334) stats={'hp': 125.0, 'maxhp': 125.0, 'armor': 0.0, 'maxarmor': 0.0, 'dead': False} ready_before=True EnsureShootingRangeToplogo=True ShowEnemyToplogo=None SetToplogoVisible=None AddToplogoVisibleTick=None EnemyTopLogoTimer=None RefreshToplogo=None RefreshEnemyHpBar=None RefreshEnemyArmorBar=None ready_after=True
ROBOT key=anFFTEsxNr+4vTf9 pos=(-3.6765191555023193, 0.05925852805376053, -9.500686645507812) stats={'hp': 20.0, 'maxhp': 125.0, 'armor': 0.0, 'maxarmor': 0.0, 'dead': False} ready_before=True EnsureShootingRangeToplogo=True ShowEnemyToplogo=None SetToplogoVisible=None AddToplogoVisibleTick=None EnemyTopLogoTimer=None RefreshToplogo=None RefreshEnemyHpBar=None RefreshEnemyArmorBar=None ready_after=True
ROBOT key=anFFTEsxNr+4vTf4 pos=(-8.783376693725586, 0.09060776978731155, -13.467101097106934) stats={'hp': 125.0, 'maxhp': 125.0, 'armor': 0.0, 'maxarmor': 0.0, 'dead': False} ready_before=True EnsureShootingRangeToplogo=True ShowEnemyToplogo=None SetToplogoVisible=None AddToplogoVisibleTick=None EnemyTopLogoTimer=None RefreshToplogo=None RefreshEnemyHpBar=None RefreshEnemyArmorBar=None ready_after=True
ROBOT key=anFFTEsxNr+4vTgB pos=(6.3205156326293945, 0.0634201169013977, -5.500304698944092) stats={'hp': 125.0, 'maxhp': 125.0, 'armor': 0.0, 'maxarmor': 0.0, 'dead': False} ready_before=True EnsureShootingRangeToplogo=True ShowEnemyToplogo=None SetToplogoVisible=None AddToplogoVisibleTick=None EnemyTopLogoTimer=None RefreshToplogo=None RefreshEnemyHpBar=None RefreshEnemyArmorBar=None ready_after=True
TICK n=720 total=23 players=[('anFFZUsxNr+4vT0l', (-16.968557357788086, 0.050000011920928955, -9.098176002502441))] robots=[('anFFTEsxNr+4vTgF', (16.224382400512695, 0.08436138182878494, -1.4008004665374756), 34.073773208196336, {'hp': 125.0, 'maxhp': 125.0, 'armor': 0.0, 'maxarmor': 0.0, 'dead': False}), ('anFFTEsxNr+4vTgO', (-28.0, 0.05000007152557373, -13.0), 11.701151963625598, {'hp': 125.0, 'maxhp': 125.0, 'armor': 0.0, 'maxarmor': 0.0, 'dead': False}), ('anFFTEsxNr+4vTgJ', (26.3205623626709, 0.06777054071426392, 2.599637508392334), 44.84180017460937, {'hp': 125.0, 'maxhp': 125.0, 'armor': 0.0, 'maxarmor': 0.0, 'dead': False}), ('anFFTEsxNr+4vTf9', (-3.6765191555023193, 0.05925852805376053, -9.500686645507812), 13.298134459723206, {'hp': 20.0, 'maxhp': 125.0, 'armor': 0.0, 'maxarmor': 0.0, 'dead': False}), ('anFFTEsxNr+4vTf4', (-8.783376693725586, 0.09060776978731155, -13.467101097106934), 9.278272359421576, {'hp': 125.0, 'maxhp': 125.0, 'armor': 0.0, 'maxarmor': 0.0, 'dead': False}), ('anFFTEsxNr+4vTgB', (6.3205156326293945, 0.0634201169013977, -5.500304698944092), 23.56535123373253, {'hp': 125.0, 'maxhp': 125.0, 'armor': 0.0, 'maxarmor': 0.0, 'dead': False})]
TEXT key=anFFTEsxNr+4vTgF id=5084 label='T1 F 34.1m H125 A0' pos=(16.224382400512695, 0.08436138182878494, -1.4008004665374756) color=(0.1, 0.95, 0.25)
TEXT key=anFFTEsxNr+4vTgO id=5085 label='T2 N 11.7m H125 A0' pos=(-28.0, 0.05000007152557373, -13.0) color=(1.0, 0.12, 0.08)
TEXT key=anFFTEsxNr+4vTgJ id=5086 label='T3 F 44.8m H125 A0' pos=(26.3205623626709, 0.06777054071426392, 2.599637508392334) color=(0.1, 0.95, 0.25)
TEXT key=anFFTEsxNr+4vTf9 id=5087 label='T4 M 13.3m H20 A0' pos=(-3.6765191555023193, 0.05925852805376053, -9.500686645507812) color=(1.0, 0.85, 0.05)
TEXT key=anFFTEsxNr+4vTf4 id=5088 label='T5 N 9.3m H125 A0' pos=(-8.783376693725586, 0.09060776978731155, -13.467101097106934) color=(1.0, 0.12, 0.08)
TEXT key=anFFTEsxNr+4vTgB id=5089 label='T6 M 23.6m H125 A0' pos=(6.3205156326293945, 0.0634201169013977, -5.500304698944092) color=(1.0, 0.85, 0.05)
ROBOT key=anFFTEsxNr+4vTgF pos=(16.224382400512695, 0.08436138182878494, -1.4008004665374756) stats={'hp': 125.0, 'maxhp': 125.0, 'armor': 0.0, 'maxarmor': 0.0, 'dead': False} ready_before=True EnsureShootingRangeToplogo=True ShowEnemyToplogo=None SetToplogoVisible=None AddToplogoVisibleTick=None EnemyTopLogoTimer=None RefreshToplogo=None RefreshEnemyHpBar=None RefreshEnemyArmorBar=None ready_after=True
ROBOT key=anFFTEsxNr+4vTgO pos=(-28.0, 0.05000007152557373, -13.0) stats={'hp': 125.0, 'maxhp': 125.0, 'armor': 0.0, 'maxarmor': 0.0, 'dead': False} ready_before=True EnsureShootingRangeToplogo=True ShowEnemyToplogo=None SetToplogoVisible=None AddToplogoVisibleTick=None EnemyTopLogoTimer=None RefreshToplogo=None RefreshEnemyHpBar=None RefreshEnemyArmorBar=None ready_after=True
ROBOT key=anFFTEsxNr+4vTgJ pos=(26.3205623626709, 0.06777054071426392, 2.599637508392334) stats={'hp': 125.0, 'maxhp': 125.0, 'armor': 0.0, 'maxarmor': 0.0, 'dead': False} ready_before=True EnsureShootingRangeToplogo=True ShowEnemyToplogo=None SetToplogoVisible=None AddToplogoVisibleTick=None EnemyTopLogoTimer=None RefreshToplogo=None RefreshEnemyHpBar=None RefreshEnemyArmorBar=None ready_after=True
ROBOT key=anFFTEsxNr+4vTf9 pos=(-3.6765191555023193, 0.05925852805376053, -9.500686645507812) stats={'hp': 20.0, 'maxhp': 125.0, 'armor': 0.0, 'maxarmor': 0.0, 'dead': False} ready_before=True EnsureShootingRangeToplogo=True ShowEnemyToplogo=None SetToplogoVisible=None AddToplogoVisibleTick=None EnemyTopLogoTimer=None RefreshToplogo=None RefreshEnemyHpBar=None RefreshEnemyArmorBar=None ready_after=True
ROBOT key=anFFTEsxNr+4vTf4 pos=(-8.783376693725586, 0.09060776978731155, -13.467101097106934) stats={'hp': 125.0, 'maxhp': 125.0, 'armor': 0.0, 'maxarmor': 0.0, 'dead': False} ready_before=True EnsureShootingRangeToplogo=True ShowEnemyToplogo=None SetToplogoVisible=None AddToplogoVisibleTick=None EnemyTopLogoTimer=None RefreshToplogo=None RefreshEnemyHpBar=None RefreshEnemyArmorBar=None ready_after=True
ROBOT key=anFFTEsxNr+4vTgB pos=(6.3205156326293945, 0.0634201169013977, -5.500304698944092) stats={'hp': 125.0, 'maxhp': 125.0, 'armor': 0.0, 'maxarmor': 0.0, 'dead': False} ready_before=True EnsureShootingRangeToplogo=True ShowEnemyToplogo=None SetToplogoVisible=None AddToplogoVisibleTick=None EnemyTopLogoTimer=None RefreshToplogo=None RefreshEnemyHpBar=None RefreshEnemyArmorBar=None ready_after=True
ROBOT key=anFFTEsxNr+4vTgF pos=(16.224382400512695, 0.08436138182878494, -1.4008004665374756) stats={'hp': 125.0, 'maxhp': 125.0, 'armor': 0.0, 'maxarmor': 0.0, 'dead': False} ready_before=True EnsureShootingRangeToplogo=True ShowEnemyToplogo=None SetToplogoVisible=None AddToplogoVisibleTick=None EnemyTopLogoTimer=None RefreshToplogo=None RefreshEnemyHpBar=None RefreshEnemyArmorBar=None ready_after=True
ROBOT key=anFFTEsxNr+4vTgO pos=(-28.0, 0.05000007152557373, -13.0) stats={'hp': 125.0, 'maxhp': 125.0, 'armor': 0.0, 'maxarmor': 0.0, 'dead': False} ready_before=True EnsureShootingRangeToplogo=True ShowEnemyToplogo=None SetToplogoVisible=None AddToplogoVisibleTick=None EnemyTopLogoTimer=None RefreshToplogo=None RefreshEnemyHpBar=None RefreshEnemyArmorBar=None ready_after=True
ROBOT key=anFFTEsxNr+4vTgJ pos=(26.3205623626709, 0.06777054071426392, 2.599637508392334) stats={'hp': 125.0, 'maxhp': 125.0, 'armor': 0.0, 'maxarmor': 0.0, 'dead': False} ready_before=True EnsureShootingRangeToplogo=True ShowEnemyToplogo=None SetToplogoVisible=None AddToplogoVisibleTick=None EnemyTopLogoTimer=None RefreshToplogo=None RefreshEnemyHpBar=None RefreshEnemyArmorBar=None ready_after=True
ROBOT key=anFFTEsxNr+4vTf9 pos=(-3.6765191555023193, 0.05925852805376053, -9.500686645507812) stats={'hp': 20.0, 'maxhp': 125.0, 'armor': 0.0, 'maxarmor': 0.0, 'dead': False} ready_before=True EnsureShootingRangeToplogo=True ShowEnemyToplogo=None SetToplogoVisible=None AddToplogoVisibleTick=None EnemyTopLogoTimer=None RefreshToplogo=None RefreshEnemyHpBar=None RefreshEnemyArmorBar=None ready_after=True
ROBOT key=anFFTEsxNr+4vTf4 pos=(-8.783376693725586, 0.09060776978731155, -13.467101097106934) stats={'hp': 125.0, 'maxhp': 125.0, 'armor': 0.0, 'maxarmor': 0.0, 'dead': False} ready_before=True EnsureShootingRangeToplogo=True ShowEnemyToplogo=None SetToplogoVisible=None AddToplogoVisibleTick=None EnemyTopLogoTimer=None RefreshToplogo=None RefreshEnemyHpBar=None RefreshEnemyArmorBar=None ready_after=True
ROBOT key=anFFTEsxNr+4vTgB pos=(6.3205156326293945, 0.0634201169013977, -5.500304698944092) stats={'hp': 125.0, 'maxhp': 125.0, 'armor': 0.0, 'maxarmor': 0.0, 'dead': False} ready_before=True EnsureShootingRangeToplogo=True ShowEnemyToplogo=None SetToplogoVisible=None AddToplogoVisibleTick=None EnemyTopLogoTimer=None RefreshToplogo=None RefreshEnemyHpBar=None RefreshEnemyArmorBar=None ready_after=True
TICK n=760 total=23 players=[('anFFZUsxNr+4vT0l', (-16.968557357788086, 0.050000011920928955, -9.098176002502441))] robots=[('anFFTEsxNr+4vTgF', (16.224382400512695, 0.08436138182878494, -1.4008004665374756), 34.073773208196336, {'hp': 125.0, 'maxhp': 125.0, 'armor': 0.0, 'maxarmor': 0.0, 'dead': False}), ('anFFTEsxNr+4vTgO', (-28.0, 0.05000007152557373, -13.0), 11.701151963625598, {'hp': 125.0, 'maxhp': 125.0, 'armor': 0.0, 'maxarmor': 0.0, 'dead': False}), ('anFFTEsxNr+4vTgJ', (26.3205623626709, 0.06777054071426392, 2.599637508392334), 44.84180017460937, {'hp': 125.0, 'maxhp': 125.0, 'armor': 0.0, 'maxarmor': 0.0, 'dead': False}), ('anFFTEsxNr+4vTf9', (-3.6765191555023193, 0.05925852805376053, -9.500686645507812), 13.298134459723206, {'hp': 20.0, 'maxhp': 125.0, 'armor': 0.0, 'maxarmor': 0.0, 'dead': False}), ('anFFTEsxNr+4vTf4', (-8.783376693725586, 0.09060776978731155, -13.467101097106934), 9.278272359421576, {'hp': 125.0, 'maxhp': 125.0, 'armor': 0.0, 'maxarmor': 0.0, 'dead': False}), ('anFFTEsxNr+4vTgB', (6.3205156326293945, 0.0634201169013977, -5.500304698944092), 23.56535123373253, {'hp': 125.0, 'maxhp': 125.0, 'armor': 0.0, 'maxarmor': 0.0, 'dead': False})]
TEXT key=anFFTEsxNr+4vTgF id=5144 label='T1 F 34.1m H125 A0' pos=(16.224382400512695, 0.08436138182878494, -1.4008004665374756) color=(0.1, 0.95, 0.25)
TEXT key=anFFTEsxNr+4vTgO id=5145 label='T2 N 11.7m H125 A0' pos=(-28.0, 0.05000007152557373, -13.0) color=(1.0, 0.12, 0.08)
TEXT key=anFFTEsxNr+4vTgJ id=5146 label='T3 F 44.8m H125 A0' pos=(26.3205623626709, 0.06777054071426392, 2.599637508392334) color=(0.1, 0.95, 0.25)
TEXT key=anFFTEsxNr+4vTf9 id=5147 label='T4 M 13.3m H20 A0' pos=(-3.6765191555023193, 0.05925852805376053, -9.500686645507812) color=(1.0, 0.85, 0.05)
TEXT key=anFFTEsxNr+4vTf4 id=5148 label='T5 N 9.3m H125 A0' pos=(-8.783376693725586, 0.09060776978731155, -13.467101097106934) color=(1.0, 0.12, 0.08)
TEXT key=anFFTEsxNr+4vTgB id=5149 label='T6 M 23.6m H125 A0' pos=(6.3205156326293945, 0.0634201169013977, -5.500304698944092) color=(1.0, 0.85, 0.05)
ROBOT key=anFFTEsxNr+4vTgF pos=(16.224382400512695, 0.08436138182878494, -1.4008004665374756) stats={'hp': 125.0, 'maxhp': 125.0, 'armor': 0.0, 'maxarmor': 0.0, 'dead': False} ready_before=True EnsureShootingRangeToplogo=True ShowEnemyToplogo=None SetToplogoVisible=None AddToplogoVisibleTick=None EnemyTopLogoTimer=None RefreshToplogo=None RefreshEnemyHpBar=None RefreshEnemyArmorBar=None ready_after=True
ROBOT key=anFFTEsxNr+4vTgO pos=(-28.0, 0.05000007152557373, -13.0) stats={'hp': 125.0, 'maxhp': 125.0, 'armor': 0.0, 'maxarmor': 0.0, 'dead': False} ready_before=True EnsureShootingRangeToplogo=True ShowEnemyToplogo=None SetToplogoVisible=None AddToplogoVisibleTick=None EnemyTopLogoTimer=None RefreshToplogo=None RefreshEnemyHpBar=None RefreshEnemyArmorBar=None ready_after=True
ROBOT key=anFFTEsxNr+4vTgJ pos=(26.3205623626709, 0.06777054071426392, 2.599637508392334) stats={'hp': 125.0, 'maxhp': 125.0, 'armor': 0.0, 'maxarmor': 0.0, 'dead': False} ready_before=True EnsureShootingRangeToplogo=True ShowEnemyToplogo=None SetToplogoVisible=None AddToplogoVisibleTick=None EnemyTopLogoTimer=None RefreshToplogo=None RefreshEnemyHpBar=None RefreshEnemyArmorBar=None ready_after=True
ROBOT key=anFFTEsxNr+4vTf9 pos=(-3.6765191555023193, 0.05925852805376053, -9.500686645507812) stats={'hp': 20.0, 'maxhp': 125.0, 'armor': 0.0, 'maxarmor': 0.0, 'dead': False} ready_before=True EnsureShootingRangeToplogo=True ShowEnemyToplogo=None SetToplogoVisible=None AddToplogoVisibleTick=None EnemyTopLogoTimer=None RefreshToplogo=None RefreshEnemyHpBar=None RefreshEnemyArmorBar=None ready_after=True
ROBOT key=anFFTEsxNr+4vTf4 pos=(-8.783376693725586, 0.09060776978731155, -13.467101097106934) stats={'hp': 125.0, 'maxhp': 125.0, 'armor': 0.0, 'maxarmor': 0.0, 'dead': False} ready_before=True EnsureShootingRangeToplogo=True ShowEnemyToplogo=None SetToplogoVisible=None AddToplogoVisibleTick=None EnemyTopLogoTimer=None RefreshToplogo=None RefreshEnemyHpBar=None RefreshEnemyArmorBar=None ready_after=True
ROBOT key=anFFTEsxNr+4vTgB pos=(6.3205156326293945, 0.0634201169013977, -5.500304698944092) stats={'hp': 125.0, 'maxhp': 125.0, 'armor': 0.0, 'maxarmor': 0.0, 'dead': False} ready_before=True EnsureShootingRangeToplogo=True ShowEnemyToplogo=None SetToplogoVisible=None AddToplogoVisibleTick=None EnemyTopLogoTimer=None RefreshToplogo=None RefreshEnemyHpBar=None RefreshEnemyArmorBar=None ready_after=True
ROBOT key=anFFTEsxNr+4vTgF pos=(16.224382400512695, 0.08436138182878494, -1.4008004665374756) stats={'hp': 125.0, 'maxhp': 125.0, 'armor': 0.0, 'maxarmor': 0.0, 'dead': False} ready_before=True EnsureShootingRangeToplogo=True ShowEnemyToplogo=None SetToplogoVisible=None AddToplogoVisibleTick=None EnemyTopLogoTimer=None RefreshToplogo=None RefreshEnemyHpBar=None RefreshEnemyArmorBar=None ready_after=True
ROBOT key=anFFTEsxNr+4vTgO pos=(-28.0, 0.05000007152557373, -13.0) stats={'hp': 125.0, 'maxhp': 125.0, 'armor': 0.0, 'maxarmor': 0.0, 'dead': False} ready_before=True EnsureShootingRangeToplogo=True ShowEnemyToplogo=None SetToplogoVisible=None AddToplogoVisibleTick=None EnemyTopLogoTimer=None RefreshToplogo=None RefreshEnemyHpBar=None RefreshEnemyArmorBar=None ready_after=True
ROBOT key=anFFTEsxNr+4vTgJ pos=(26.3205623626709, 0.06777054071426392, 2.599637508392334) stats={'hp': 125.0, 'maxhp': 125.0, 'armor': 0.0, 'maxarmor': 0.0, 'dead': False} ready_before=True EnsureShootingRangeToplogo=True ShowEnemyToplogo=None SetToplogoVisible=None AddToplogoVisibleTick=None EnemyTopLogoTimer=None RefreshToplogo=None RefreshEnemyHpBar=None RefreshEnemyArmorBar=None ready_after=True
ROBOT key=anFFTEsxNr+4vTf9 pos=(-3.6765191555023193, 0.05925852805376053, -9.500686645507812) stats={'hp': 20.0, 'maxhp': 125.0, 'armor': 0.0, 'maxarmor': 0.0, 'dead': False} ready_before=True EnsureShootingRangeToplogo=True ShowEnemyToplogo=None SetToplogoVisible=None AddToplogoVisibleTick=None EnemyTopLogoTimer=None RefreshToplogo=None RefreshEnemyHpBar=None RefreshEnemyArmorBar=None ready_after=True
ROBOT key=anFFTEsxNr+4vTf4 pos=(-8.783376693725586, 0.09060776978731155, -13.467101097106934) stats={'hp': 125.0, 'maxhp': 125.0, 'armor': 0.0, 'maxarmor': 0.0, 'dead': False} ready_before=True EnsureShootingRangeToplogo=True ShowEnemyToplogo=None SetToplogoVisible=None AddToplogoVisibleTick=None EnemyTopLogoTimer=None RefreshToplogo=None RefreshEnemyHpBar=None RefreshEnemyArmorBar=None ready_after=True
ROBOT key=anFFTEsxNr+4vTgB pos=(6.3205156326293945, 0.0634201169013977, -5.500304698944092) stats={'hp': 125.0, 'maxhp': 125.0, 'armor': 0.0, 'maxarmor': 0.0, 'dead': False} ready_before=True EnsureShootingRangeToplogo=True ShowEnemyToplogo=None SetToplogoVisible=None AddToplogoVisibleTick=None EnemyTopLogoTimer=None RefreshToplogo=None RefreshEnemyHpBar=None RefreshEnemyArmorBar=None ready_after=True
TICK n=800 total=23 players=[('anFFZUsxNr+4vT0l', (-16.968557357788086, 0.050000011920928955, -9.098176002502441))] robots=[('anFFTEsxNr+4vTgF', (16.224382400512695, 0.08436138182878494, -1.4008004665374756), 34.073773208196336, {'hp': 125.0, 'maxhp': 125.0, 'armor': 0.0, 'maxarmor': 0.0, 'dead': False}), ('anFFTEsxNr+4vTgO', (-28.0, 0.05000007152557373, -13.0), 11.701151963625598, {'hp': 125.0, 'maxhp': 125.0, 'armor': 0.0, 'maxarmor': 0.0, 'dead': False}), ('anFFTEsxNr+4vTgJ', (26.3205623626709, 0.06777054071426392, 2.599637508392334), 44.84180017460937, {'hp': 125.0, 'maxhp': 125.0, 'armor': 0.0, 'maxarmor': 0.0, 'dead': False}), ('anFFTEsxNr+4vTf9', (-3.6765191555023193, 0.05925852805376053, -9.500686645507812), 13.298134459723206, {'hp': 20.0, 'maxhp': 125.0, 'armor': 0.0, 'maxarmor': 0.0, 'dead': False}), ('anFFTEsxNr+4vTf4', (-8.783376693725586, 0.09060776978731155, -13.467101097106934), 9.278272359421576, {'hp': 125.0, 'maxhp': 125.0, 'armor': 0.0, 'maxarmor': 0.0, 'dead': False}), ('anFFTEsxNr+4vTgB', (6.3205156326293945, 0.0634201169013977, -5.500304698944092), 23.56535123373253, {'hp': 125.0, 'maxhp': 125.0, 'armor': 0.0, 'maxarmor': 0.0, 'dead': False})]
TEXT key=anFFTEsxNr+4vTgF id=5204 label='T1 F 34.1m H125 A0' pos=(16.224382400512695, 0.08436138182878494, -1.4008004665374756) color=(0.1, 0.95, 0.25)
TEXT key=anFFTEsxNr+4vTgO id=5205 label='T2 N 11.7m H125 A0' pos=(-28.0, 0.05000007152557373, -13.0) color=(1.0, 0.12, 0.08)
TEXT key=anFFTEsxNr+4vTgJ id=5206 label='T3 F 44.8m H125 A0' pos=(26.3205623626709, 0.06777054071426392, 2.599637508392334) color=(0.1, 0.95, 0.25)
TEXT key=anFFTEsxNr+4vTf9 id=5207 label='T4 M 13.3m H20 A0' pos=(-3.6765191555023193, 0.05925852805376053, -9.500686645507812) color=(1.0, 0.85, 0.05)
TEXT key=anFFTEsxNr+4vTf4 id=5208 label='T5 N 9.3m H125 A0' pos=(-8.783376693725586, 0.09060776978731155, -13.467101097106934) color=(1.0, 0.12, 0.08)
TEXT key=anFFTEsxNr+4vTgB id=5209 label='T6 M 23.6m H125 A0' pos=(6.3205156326293945, 0.0634201169013977, -5.500304698944092) color=(1.0, 0.85, 0.05)
ROBOT key=anFFTEsxNr+4vTgF pos=(16.224382400512695, 0.08436138182878494, -1.4008004665374756) stats={'hp': 125.0, 'maxhp': 125.0, 'armor': 0.0, 'maxarmor': 0.0, 'dead': False} ready_before=True EnsureShootingRangeToplogo=True ShowEnemyToplogo=None SetToplogoVisible=None AddToplogoVisibleTick=None EnemyTopLogoTimer=None RefreshToplogo=None RefreshEnemyHpBar=None RefreshEnemyArmorBar=None ready_after=True
ROBOT key=anFFTEsxNr+4vTgO pos=(-28.0, 0.05000007152557373, -13.0) stats={'hp': 125.0, 'maxhp': 125.0, 'armor': 0.0, 'maxarmor': 0.0, 'dead': False} ready_before=True EnsureShootingRangeToplogo=True ShowEnemyToplogo=None SetToplogoVisible=None AddToplogoVisibleTick=None EnemyTopLogoTimer=None RefreshToplogo=None RefreshEnemyHpBar=None RefreshEnemyArmorBar=None ready_after=True
ROBOT key=anFFTEsxNr+4vTgJ pos=(26.3205623626709, 0.06777054071426392, 2.599637508392334) stats={'hp': 125.0, 'maxhp': 125.0, 'armor': 0.0, 'maxarmor': 0.0, 'dead': False} ready_before=True EnsureShootingRangeToplogo=True ShowEnemyToplogo=None SetToplogoVisible=None AddToplogoVisibleTick=None EnemyTopLogoTimer=None RefreshToplogo=None RefreshEnemyHpBar=None RefreshEnemyArmorBar=None ready_after=True
ROBOT key=anFFTEsxNr+4vTf9 pos=(-3.6765191555023193, 0.05925852805376053, -9.500686645507812) stats={'hp': 20.0, 'maxhp': 125.0, 'armor': 0.0, 'maxarmor': 0.0, 'dead': False} ready_before=True EnsureShootingRangeToplogo=True ShowEnemyToplogo=None SetToplogoVisible=None AddToplogoVisibleTick=None EnemyTopLogoTimer=None RefreshToplogo=None RefreshEnemyHpBar=None RefreshEnemyArmorBar=None ready_after=True
ROBOT key=anFFTEsxNr+4vTf4 pos=(-8.783376693725586, 0.09060776978731155, -13.467101097106934) stats={'hp': 125.0, 'maxhp': 125.0, 'armor': 0.0, 'maxarmor': 0.0, 'dead': False} ready_before=True EnsureShootingRangeToplogo=True ShowEnemyToplogo=None SetToplogoVisible=None AddToplogoVisibleTick=None EnemyTopLogoTimer=None RefreshToplogo=None RefreshEnemyHpBar=None RefreshEnemyArmorBar=None ready_after=True
ROBOT key=anFFTEsxNr+4vTgB pos=(6.3205156326293945, 0.0634201169013977, -5.500304698944092) stats={'hp': 125.0, 'maxhp': 125.0, 'armor': 0.0, 'maxarmor': 0.0, 'dead': False} ready_before=True EnsureShootingRangeToplogo=True ShowEnemyToplogo=None SetToplogoVisible=None AddToplogoVisibleTick=None EnemyTopLogoTimer=None RefreshToplogo=None RefreshEnemyHpBar=None RefreshEnemyArmorBar=None ready_after=True
ROBOT key=anFFTEsxNr+4vTgF pos=(16.224382400512695, 0.08436138182878494, -1.4008004665374756) stats={'hp': 125.0, 'maxhp': 125.0, 'armor': 0.0, 'maxarmor': 0.0, 'dead': False} ready_before=True EnsureShootingRangeToplogo=True ShowEnemyToplogo=None SetToplogoVisible=None AddToplogoVisibleTick=None EnemyTopLogoTimer=None RefreshToplogo=None RefreshEnemyHpBar=None RefreshEnemyArmorBar=None ready_after=True
ROBOT key=anFFTEsxNr+4vTgO pos=(-28.0, 0.05000007152557373, -13.0) stats={'hp': 125.0, 'maxhp': 125.0, 'armor': 0.0, 'maxarmor': 0.0, 'dead': False} ready_before=True EnsureShootingRangeToplogo=True ShowEnemyToplogo=None SetToplogoVisible=None AddToplogoVisibleTick=None EnemyTopLogoTimer=None RefreshToplogo=None RefreshEnemyHpBar=None RefreshEnemyArmorBar=None ready_after=True
ROBOT key=anFFTEsxNr+4vTgJ pos=(26.3205623626709, 0.06777054071426392, 2.599637508392334) stats={'hp': 125.0, 'maxhp': 125.0, 'armor': 0.0, 'maxarmor': 0.0, 'dead': False} ready_before=True EnsureShootingRangeToplogo=True ShowEnemyToplogo=None SetToplogoVisible=None AddToplogoVisibleTick=None EnemyTopLogoTimer=None RefreshToplogo=None RefreshEnemyHpBar=None RefreshEnemyArmorBar=None ready_after=True
ROBOT key=anFFTEsxNr+4vTf9 pos=(-3.6765191555023193, 0.05925852805376053, -9.500686645507812) stats={'hp': 20.0, 'maxhp': 125.0, 'armor': 0.0, 'maxarmor': 0.0, 'dead': False} ready_before=True EnsureShootingRangeToplogo=True ShowEnemyToplogo=None SetToplogoVisible=None AddToplogoVisibleTick=None EnemyTopLogoTimer=None RefreshToplogo=None RefreshEnemyHpBar=None RefreshEnemyArmorBar=None ready_after=True
ROBOT key=anFFTEsxNr+4vTf4 pos=(-8.783376693725586, 0.09060776978731155, -13.467101097106934) stats={'hp': 125.0, 'maxhp': 125.0, 'armor': 0.0, 'maxarmor': 0.0, 'dead': False} ready_before=True EnsureShootingRangeToplogo=True ShowEnemyToplogo=None SetToplogoVisible=None AddToplogoVisibleTick=None EnemyTopLogoTimer=None RefreshToplogo=None RefreshEnemyHpBar=None RefreshEnemyArmorBar=None ready_after=True
ROBOT key=anFFTEsxNr+4vTgB pos=(6.3205156326293945, 0.0634201169013977, -5.500304698944092) stats={'hp': 125.0, 'maxhp': 125.0, 'armor': 0.0, 'maxarmor': 0.0, 'dead': False} ready_before=True EnsureShootingRangeToplogo=True ShowEnemyToplogo=None SetToplogoVisible=None AddToplogoVisibleTick=None EnemyTopLogoTimer=None RefreshToplogo=None RefreshEnemyHpBar=None RefreshEnemyArmorBar=None ready_after=True
TICK n=840 total=23 players=[('anFFZUsxNr+4vT0l', (-16.968557357788086, 0.050000011920928955, -9.098176002502441))] robots=[('anFFTEsxNr+4vTgF', (16.224382400512695, 0.08436138182878494, -1.4008004665374756), 34.073773208196336, {'hp': 125.0, 'maxhp': 125.0, 'armor': 0.0, 'maxarmor': 0.0, 'dead': False}), ('anFFTEsxNr+4vTgO', (-28.0, 0.05000007152557373, -13.0), 11.701151963625598, {'hp': 125.0, 'maxhp': 125.0, 'armor': 0.0, 'maxarmor': 0.0, 'dead': False}), ('anFFTEsxNr+4vTgJ', (26.3205623626709, 0.06777054071426392, 2.599637508392334), 44.84180017460937, {'hp': 125.0, 'maxhp': 125.0, 'armor': 0.0, 'maxarmor': 0.0, 'dead': False}), ('anFFTEsxNr+4vTf9', (-3.6765191555023193, 0.05925852805376053, -9.500686645507812), 13.298134459723206, {'hp': 20.0, 'maxhp': 125.0, 'armor': 0.0, 'maxarmor': 0.0, 'dead': False}), ('anFFTEsxNr+4vTf4', (-8.783376693725586, 0.09060776978731155, -13.467101097106934), 9.278272359421576, {'hp': 125.0, 'maxhp': 125.0, 'armor': 0.0, 'maxarmor': 0.0, 'dead': False}), ('anFFTEsxNr+4vTgB', (6.3205156326293945, 0.0634201169013977, -5.500304698944092), 23.56535123373253, {'hp': 125.0, 'maxhp': 125.0, 'armor': 0.0, 'maxarmor': 0.0, 'dead': False})]
TEXT key=anFFTEsxNr+4vTgF id=5264 label='T1 F 34.1m H125 A0' pos=(16.224382400512695, 0.08436138182878494, -1.4008004665374756) color=(0.1, 0.95, 0.25)
TEXT key=anFFTEsxNr+4vTgO id=5265 label='T2 N 11.7m H125 A0' pos=(-28.0, 0.05000007152557373, -13.0) color=(1.0, 0.12, 0.08)
TEXT key=anFFTEsxNr+4vTgJ id=5266 label='T3 F 44.8m H125 A0' pos=(26.3205623626709, 0.06777054071426392, 2.599637508392334) color=(0.1, 0.95, 0.25)
TEXT key=anFFTEsxNr+4vTf9 id=5267 label='T4 M 13.3m H20 A0' pos=(-3.6765191555023193, 0.05925852805376053, -9.500686645507812) color=(1.0, 0.85, 0.05)
TEXT key=anFFTEsxNr+4vTf4 id=5268 label='T5 N 9.3m H125 A0' pos=(-8.783376693725586, 0.09060776978731155, -13.467101097106934) color=(1.0, 0.12, 0.08)
TEXT key=anFFTEsxNr+4vTgB id=5269 label='T6 M 23.6m H125 A0' pos=(6.3205156326293945, 0.0634201169013977, -5.500304698944092) color=(1.0, 0.85, 0.05)
ROBOT key=anFFTEsxNr+4vTgF pos=(16.224382400512695, 0.08436138182878494, -1.4008004665374756) stats={'hp': 125.0, 'maxhp': 125.0, 'armor': 0.0, 'maxarmor': 0.0, 'dead': False} ready_before=True EnsureShootingRangeToplogo=True ShowEnemyToplogo=None SetToplogoVisible=None AddToplogoVisibleTick=None EnemyTopLogoTimer=None RefreshToplogo=None RefreshEnemyHpBar=None RefreshEnemyArmorBar=None ready_after=True
ROBOT key=anFFTEsxNr+4vTgO pos=(-28.0, 0.05000007152557373, -13.0) stats={'hp': 125.0, 'maxhp': 125.0, 'armor': 0.0, 'maxarmor': 0.0, 'dead': False} ready_before=True EnsureShootingRangeToplogo=True ShowEnemyToplogo=None SetToplogoVisible=None AddToplogoVisibleTick=None EnemyTopLogoTimer=None RefreshToplogo=None RefreshEnemyHpBar=None RefreshEnemyArmorBar=None ready_after=True
ROBOT key=anFFTEsxNr+4vTgJ pos=(26.3205623626709, 0.06777054071426392, 2.599637508392334) stats={'hp': 125.0, 'maxhp': 125.0, 'armor': 0.0, 'maxarmor': 0.0, 'dead': False} ready_before=True EnsureShootingRangeToplogo=True ShowEnemyToplogo=None SetToplogoVisible=None AddToplogoVisibleTick=None EnemyTopLogoTimer=None RefreshToplogo=None RefreshEnemyHpBar=None RefreshEnemyArmorBar=None ready_after=True
ROBOT key=anFFTEsxNr+4vTf9 pos=(-3.6765191555023193, 0.05925852805376053, -9.500686645507812) stats={'hp': 20.0, 'maxhp': 125.0, 'armor': 0.0, 'maxarmor': 0.0, 'dead': False} ready_before=True EnsureShootingRangeToplogo=True ShowEnemyToplogo=None SetToplogoVisible=None AddToplogoVisibleTick=None EnemyTopLogoTimer=None RefreshToplogo=None RefreshEnemyHpBar=None RefreshEnemyArmorBar=None ready_after=True
ROBOT key=anFFTEsxNr+4vTf4 pos=(-8.783376693725586, 0.09060776978731155, -13.467101097106934) stats={'hp': 125.0, 'maxhp': 125.0, 'armor': 0.0, 'maxarmor': 0.0, 'dead': False} ready_before=True EnsureShootingRangeToplogo=True ShowEnemyToplogo=None SetToplogoVisible=None AddToplogoVisibleTick=None EnemyTopLogoTimer=None RefreshToplogo=None RefreshEnemyHpBar=None RefreshEnemyArmorBar=None ready_after=True
ROBOT key=anFFTEsxNr+4vTgB pos=(6.3205156326293945, 0.0634201169013977, -5.500304698944092) stats={'hp': 125.0, 'maxhp': 125.0, 'armor': 0.0, 'maxarmor': 0.0, 'dead': False} ready_before=True EnsureShootingRangeToplogo=True ShowEnemyToplogo=None SetToplogoVisible=None AddToplogoVisibleTick=None EnemyTopLogoTimer=None RefreshToplogo=None RefreshEnemyHpBar=None RefreshEnemyArmorBar=None ready_after=True
ROBOT key=anFFTEsxNr+4vTgF pos=(16.224382400512695, 0.08436138182878494, -1.4008004665374756) stats={'hp': 125.0, 'maxhp': 125.0, 'armor': 0.0, 'maxarmor': 0.0, 'dead': False} ready_before=True EnsureShootingRangeToplogo=True ShowEnemyToplogo=None SetToplogoVisible=None AddToplogoVisibleTick=None EnemyTopLogoTimer=None RefreshToplogo=None RefreshEnemyHpBar=None RefreshEnemyArmorBar=None ready_after=True
ROBOT key=anFFTEsxNr+4vTgO pos=(-28.0, 0.05000007152557373, -13.0) stats={'hp': 125.0, 'maxhp': 125.0, 'armor': 0.0, 'maxarmor': 0.0, 'dead': False} ready_before=True EnsureShootingRangeToplogo=True ShowEnemyToplogo=None SetToplogoVisible=None AddToplogoVisibleTick=None EnemyTopLogoTimer=None RefreshToplogo=None RefreshEnemyHpBar=None RefreshEnemyArmorBar=None ready_after=True
ROBOT key=anFFTEsxNr+4vTgJ pos=(26.3205623626709, 0.06777054071426392, 2.599637508392334) stats={'hp': 125.0, 'maxhp': 125.0, 'armor': 0.0, 'maxarmor': 0.0, 'dead': False} ready_before=True EnsureShootingRangeToplogo=True ShowEnemyToplogo=None SetToplogoVisible=None AddToplogoVisibleTick=None EnemyTopLogoTimer=None RefreshToplogo=None RefreshEnemyHpBar=None RefreshEnemyArmorBar=None ready_after=True
ROBOT key=anFFTEsxNr+4vTf9 pos=(-3.6765191555023193, 0.05925852805376053, -9.500686645507812) stats={'hp': 20.0, 'maxhp': 125.0, 'armor': 0.0, 'maxarmor': 0.0, 'dead': False} ready_before=True EnsureShootingRangeToplogo=True ShowEnemyToplogo=None SetToplogoVisible=None AddToplogoVisibleTick=None EnemyTopLogoTimer=None RefreshToplogo=None RefreshEnemyHpBar=None RefreshEnemyArmorBar=None ready_after=True
ROBOT key=anFFTEsxNr+4vTf4 pos=(-8.783376693725586, 0.09060776978731155, -13.467101097106934) stats={'hp': 125.0, 'maxhp': 125.0, 'armor': 0.0, 'maxarmor': 0.0, 'dead': False} ready_before=True EnsureShootingRangeToplogo=True ShowEnemyToplogo=None SetToplogoVisible=None AddToplogoVisibleTick=None EnemyTopLogoTimer=None RefreshToplogo=None RefreshEnemyHpBar=None RefreshEnemyArmorBar=None ready_after=True
ROBOT key=anFFTEsxNr+4vTgB pos=(6.3205156326293945, 0.0634201169013977, -5.500304698944092) stats={'hp': 125.0, 'maxhp': 125.0, 'armor': 0.0, 'maxarmor': 0.0, 'dead': False} ready_before=True EnsureShootingRangeToplogo=True ShowEnemyToplogo=None SetToplogoVisible=None AddToplogoVisibleTick=None EnemyTopLogoTimer=None RefreshToplogo=None RefreshEnemyHpBar=None RefreshEnemyArmorBar=None ready_after=True
TICK n=880 total=23 players=[('anFFZUsxNr+4vT0l', (-16.968557357788086, 0.050000011920928955, -9.098176002502441))] robots=[('anFFTEsxNr+4vTgF', (16.224382400512695, 0.08436138182878494, -1.4008004665374756), 34.073773208196336, {'hp': 125.0, 'maxhp': 125.0, 'armor': 0.0, 'maxarmor': 0.0, 'dead': False}), ('anFFTEsxNr+4vTgO', (-28.0, 0.05000007152557373, -13.0), 11.701151963625598, {'hp': 125.0, 'maxhp': 125.0, 'armor': 0.0, 'maxarmor': 0.0, 'dead': False}), ('anFFTEsxNr+4vTgJ', (26.3205623626709, 0.06777054071426392, 2.599637508392334), 44.84180017460937, {'hp': 125.0, 'maxhp': 125.0, 'armor': 0.0, 'maxarmor': 0.0, 'dead': False}), ('anFFTEsxNr+4vTf9', (-3.6765191555023193, 0.05925852805376053, -9.500686645507812), 13.298134459723206, {'hp': 20.0, 'maxhp': 125.0, 'armor': 0.0, 'maxarmor': 0.0, 'dead': False}), ('anFFTEsxNr+4vTf4', (-8.783376693725586, 0.09060776978731155, -13.467101097106934), 9.278272359421576, {'hp': 125.0, 'maxhp': 125.0, 'armor': 0.0, 'maxarmor': 0.0, 'dead': False}), ('anFFTEsxNr+4vTgB', (6.3205156326293945, 0.0634201169013977, -5.500304698944092), 23.56535123373253, {'hp': 125.0, 'maxhp': 125.0, 'armor': 0.0, 'maxarmor': 0.0, 'dead': False})]
TEXT key=anFFTEsxNr+4vTgF id=5324 label='T1 F 34.1m H125 A0' pos=(16.224382400512695, 0.08436138182878494, -1.4008004665374756) color=(0.1, 0.95, 0.25)
TEXT key=anFFTEsxNr+4vTgO id=5325 label='T2 N 11.7m H125 A0' pos=(-28.0, 0.05000007152557373, -13.0) color=(1.0, 0.12, 0.08)
TEXT key=anFFTEsxNr+4vTgJ id=5326 label='T3 F 44.8m H125 A0' pos=(26.3205623626709, 0.06777054071426392, 2.599637508392334) color=(0.1, 0.95, 0.25)
TEXT key=anFFTEsxNr+4vTf9 id=5327 label='T4 M 13.3m H20 A0' pos=(-3.6765191555023193, 0.05925852805376053, -9.500686645507812) color=(1.0, 0.85, 0.05)
TEXT key=anFFTEsxNr+4vTf4 id=5328 label='T5 N 9.3m H125 A0' pos=(-8.783376693725586, 0.09060776978731155, -13.467101097106934) color=(1.0, 0.12, 0.08)
TEXT key=anFFTEsxNr+4vTgB id=5329 label='T6 M 23.6m H125 A0' pos=(6.3205156326293945, 0.0634201169013977, -5.500304698944092) color=(1.0, 0.85, 0.05)
ROBOT key=anFFTEsxNr+4vTgF pos=(16.224382400512695, 0.08436138182878494, -1.4008004665374756) stats={'hp': 125.0, 'maxhp': 125.0, 'armor': 0.0, 'maxarmor': 0.0, 'dead': False} ready_before=True EnsureShootingRangeToplogo=True ShowEnemyToplogo=None SetToplogoVisible=None AddToplogoVisibleTick=None EnemyTopLogoTimer=None RefreshToplogo=None RefreshEnemyHpBar=None RefreshEnemyArmorBar=None ready_after=True
ROBOT key=anFFTEsxNr+4vTgO pos=(-28.0, 0.05000007152557373, -13.0) stats={'hp': 125.0, 'maxhp': 125.0, 'armor': 0.0, 'maxarmor': 0.0, 'dead': False} ready_before=True EnsureShootingRangeToplogo=True ShowEnemyToplogo=None SetToplogoVisible=None AddToplogoVisibleTick=None EnemyTopLogoTimer=None RefreshToplogo=None RefreshEnemyHpBar=None RefreshEnemyArmorBar=None ready_after=True
ROBOT key=anFFTEsxNr+4vTgJ pos=(26.3205623626709, 0.06777054071426392, 2.599637508392334) stats={'hp': 125.0, 'maxhp': 125.0, 'armor': 0.0, 'maxarmor': 0.0, 'dead': False} ready_before=True EnsureShootingRangeToplogo=True ShowEnemyToplogo=None SetToplogoVisible=None AddToplogoVisibleTick=None EnemyTopLogoTimer=None RefreshToplogo=None RefreshEnemyHpBar=None RefreshEnemyArmorBar=None ready_after=True
ROBOT key=anFFTEsxNr+4vTf9 pos=(-3.6765191555023193, 0.05925852805376053, -9.500686645507812) stats={'hp': 20.0, 'maxhp': 125.0, 'armor': 0.0, 'maxarmor': 0.0, 'dead': False} ready_before=True EnsureShootingRangeToplogo=True ShowEnemyToplogo=None SetToplogoVisible=None AddToplogoVisibleTick=None EnemyTopLogoTimer=None RefreshToplogo=None RefreshEnemyHpBar=None RefreshEnemyArmorBar=None ready_after=True
ROBOT key=anFFTEsxNr+4vTf4 pos=(-8.783376693725586, 0.09060776978731155, -13.467101097106934) stats={'hp': 125.0, 'maxhp': 125.0, 'armor': 0.0, 'maxarmor': 0.0, 'dead': False} ready_before=True EnsureShootingRangeToplogo=True ShowEnemyToplogo=None SetToplogoVisible=None AddToplogoVisibleTick=None EnemyTopLogoTimer=None RefreshToplogo=None RefreshEnemyHpBar=None RefreshEnemyArmorBar=None ready_after=True
ROBOT key=anFFTEsxNr+4vTgB pos=(6.3205156326293945, 0.0634201169013977, -5.500304698944092) stats={'hp': 125.0, 'maxhp': 125.0, 'armor': 0.0, 'maxarmor': 0.0, 'dead': False} ready_before=True EnsureShootingRangeToplogo=True ShowEnemyToplogo=None SetToplogoVisible=None AddToplogoVisibleTick=None EnemyTopLogoTimer=None RefreshToplogo=None RefreshEnemyHpBar=None RefreshEnemyArmorBar=None ready_after=True
ROBOT key=anFFTEsxNr+4vTgF pos=(16.224382400512695, 0.08436138182878494, -1.4008004665374756) stats={'hp': 125.0, 'maxhp': 125.0, 'armor': 0.0, 'maxarmor': 0.0, 'dead': False} ready_before=True EnsureShootingRangeToplogo=True ShowEnemyToplogo=None SetToplogoVisible=None AddToplogoVisibleTick=None EnemyTopLogoTimer=None RefreshToplogo=None RefreshEnemyHpBar=None RefreshEnemyArmorBar=None ready_after=True
ROBOT key=anFFTEsxNr+4vTgO pos=(-28.0, 0.05000007152557373, -13.0) stats={'hp': 125.0, 'maxhp': 125.0, 'armor': 0.0, 'maxarmor': 0.0, 'dead': False} ready_before=True EnsureShootingRangeToplogo=True ShowEnemyToplogo=None SetToplogoVisible=None AddToplogoVisibleTick=None EnemyTopLogoTimer=None RefreshToplogo=None RefreshEnemyHpBar=None RefreshEnemyArmorBar=None ready_after=True
ROBOT key=anFFTEsxNr+4vTgJ pos=(26.3205623626709, 0.06777054071426392, 2.599637508392334) stats={'hp': 125.0, 'maxhp': 125.0, 'armor': 0.0, 'maxarmor': 0.0, 'dead': False} ready_before=True EnsureShootingRangeToplogo=True ShowEnemyToplogo=None SetToplogoVisible=None AddToplogoVisibleTick=None EnemyTopLogoTimer=None RefreshToplogo=None RefreshEnemyHpBar=None RefreshEnemyArmorBar=None ready_after=True
ROBOT key=anFFTEsxNr+4vTf9 pos=(-3.6765191555023193, 0.05925852805376053, -9.500686645507812) stats={'hp': 20.0, 'maxhp': 125.0, 'armor': 0.0, 'maxarmor': 0.0, 'dead': False} ready_before=True EnsureShootingRangeToplogo=True ShowEnemyToplogo=None SetToplogoVisible=None AddToplogoVisibleTick=None EnemyTopLogoTimer=None RefreshToplogo=None RefreshEnemyHpBar=None RefreshEnemyArmorBar=None ready_after=True
ROBOT key=anFFTEsxNr+4vTf4 pos=(-8.783376693725586, 0.09060776978731155, -13.467101097106934) stats={'hp': 125.0, 'maxhp': 125.0, 'armor': 0.0, 'maxarmor': 0.0, 'dead': False} ready_before=True EnsureShootingRangeToplogo=True ShowEnemyToplogo=None SetToplogoVisible=None AddToplogoVisibleTick=None EnemyTopLogoTimer=None RefreshToplogo=None RefreshEnemyHpBar=None RefreshEnemyArmorBar=None ready_after=True
ROBOT key=anFFTEsxNr+4vTgB pos=(6.3205156326293945, 0.0634201169013977, -5.500304698944092) stats={'hp': 125.0, 'maxhp': 125.0, 'armor': 0.0, 'maxarmor': 0.0, 'dead': False} ready_before=True EnsureShootingRangeToplogo=True ShowEnemyToplogo=None SetToplogoVisible=None AddToplogoVisibleTick=None EnemyTopLogoTimer=None RefreshToplogo=None RefreshEnemyHpBar=None RefreshEnemyArmorBar=None ready_after=True
TICK n=920 total=23 players=[('anFFZUsxNr+4vT0l', (-16.968557357788086, 0.050000011920928955, -9.098176002502441))] robots=[('anFFTEsxNr+4vTgF', (16.224382400512695, 0.08436138182878494, -1.4008004665374756), 34.073773208196336, {'hp': 125.0, 'maxhp': 125.0, 'armor': 0.0, 'maxarmor': 0.0, 'dead': False}), ('anFFTEsxNr+4vTgO', (-28.0, 0.05000007152557373, -13.0), 11.701151963625598, {'hp': 125.0, 'maxhp': 125.0, 'armor': 0.0, 'maxarmor': 0.0, 'dead': False}), ('anFFTEsxNr+4vTgJ', (26.3205623626709, 0.06777054071426392, 2.599637508392334), 44.84180017460937, {'hp': 125.0, 'maxhp': 125.0, 'armor': 0.0, 'maxarmor': 0.0, 'dead': False}), ('anFFTEsxNr+4vTf9', (-3.6765191555023193, 0.05925852805376053, -9.500686645507812), 13.298134459723206, {'hp': 20.0, 'maxhp': 125.0, 'armor': 0.0, 'maxarmor': 0.0, 'dead': False}), ('anFFTEsxNr+4vTf4', (-8.783376693725586, 0.09060776978731155, -13.467101097106934), 9.278272359421576, {'hp': 125.0, 'maxhp': 125.0, 'armor': 0.0, 'maxarmor': 0.0, 'dead': False}), ('anFFTEsxNr+4vTgB', (6.3205156326293945, 0.0634201169013977, -5.500304698944092), 23.56535123373253, {'hp': 125.0, 'maxhp': 125.0, 'armor': 0.0, 'maxarmor': 0.0, 'dead': False})]
TEXT key=anFFTEsxNr+4vTgF id=5384 label='T1 F 34.1m H125 A0' pos=(16.224382400512695, 0.08436138182878494, -1.4008004665374756) color=(0.1, 0.95, 0.25)
TEXT key=anFFTEsxNr+4vTgO id=5385 label='T2 N 11.7m H125 A0' pos=(-28.0, 0.05000007152557373, -13.0) color=(1.0, 0.12, 0.08)
TEXT key=anFFTEsxNr+4vTgJ id=5386 label='T3 F 44.8m H125 A0' pos=(26.3205623626709, 0.06777054071426392, 2.599637508392334) color=(0.1, 0.95, 0.25)
TEXT key=anFFTEsxNr+4vTf9 id=5387 label='T4 M 13.3m H20 A0' pos=(-3.6765191555023193, 0.05925852805376053, -9.500686645507812) color=(1.0, 0.85, 0.05)
TEXT key=anFFTEsxNr+4vTf4 id=5388 label='T5 N 9.3m H125 A0' pos=(-8.783376693725586, 0.09060776978731155, -13.467101097106934) color=(1.0, 0.12, 0.08)
TEXT key=anFFTEsxNr+4vTgB id=5389 label='T6 M 23.6m H125 A0' pos=(6.3205156326293945, 0.0634201169013977, -5.500304698944092) color=(1.0, 0.85, 0.05)
ROBOT key=anFFTEsxNr+4vTgF pos=(16.224382400512695, 0.08436138182878494, -1.4008004665374756) stats={'hp': 125.0, 'maxhp': 125.0, 'armor': 0.0, 'maxarmor': 0.0, 'dead': False} ready_before=True EnsureShootingRangeToplogo=True ShowEnemyToplogo=None SetToplogoVisible=None AddToplogoVisibleTick=None EnemyTopLogoTimer=None RefreshToplogo=None RefreshEnemyHpBar=None RefreshEnemyArmorBar=None ready_after=True
ROBOT key=anFFTEsxNr+4vTgO pos=(-28.0, 0.05000007152557373, -13.0) stats={'hp': 125.0, 'maxhp': 125.0, 'armor': 0.0, 'maxarmor': 0.0, 'dead': False} ready_before=True EnsureShootingRangeToplogo=True ShowEnemyToplogo=None SetToplogoVisible=None AddToplogoVisibleTick=None EnemyTopLogoTimer=None RefreshToplogo=None RefreshEnemyHpBar=None RefreshEnemyArmorBar=None ready_after=True
ROBOT key=anFFTEsxNr+4vTgJ pos=(26.3205623626709, 0.06777054071426392, 2.599637508392334) stats={'hp': 125.0, 'maxhp': 125.0, 'armor': 0.0, 'maxarmor': 0.0, 'dead': False} ready_before=True EnsureShootingRangeToplogo=True ShowEnemyToplogo=None SetToplogoVisible=None AddToplogoVisibleTick=None EnemyTopLogoTimer=None RefreshToplogo=None RefreshEnemyHpBar=None RefreshEnemyArmorBar=None ready_after=True
ROBOT key=anFFTEsxNr+4vTf9 pos=(-3.6765191555023193, 0.05925852805376053, -9.500686645507812) stats={'hp': 20.0, 'maxhp': 125.0, 'armor': 0.0, 'maxarmor': 0.0, 'dead': False} ready_before=True EnsureShootingRangeToplogo=True ShowEnemyToplogo=None SetToplogoVisible=None AddToplogoVisibleTick=None EnemyTopLogoTimer=None RefreshToplogo=None RefreshEnemyHpBar=None RefreshEnemyArmorBar=None ready_after=True
ROBOT key=anFFTEsxNr+4vTf4 pos=(-8.783376693725586, 0.09060776978731155, -13.467101097106934) stats={'hp': 125.0, 'maxhp': 125.0, 'armor': 0.0, 'maxarmor': 0.0, 'dead': False} ready_before=True EnsureShootingRangeToplogo=True ShowEnemyToplogo=None SetToplogoVisible=None AddToplogoVisibleTick=None EnemyTopLogoTimer=None RefreshToplogo=None RefreshEnemyHpBar=None RefreshEnemyArmorBar=None ready_after=True
ROBOT key=anFFTEsxNr+4vTgB pos=(6.3205156326293945, 0.0634201169013977, -5.500304698944092) stats={'hp': 125.0, 'maxhp': 125.0, 'armor': 0.0, 'maxarmor': 0.0, 'dead': False} ready_before=True EnsureShootingRangeToplogo=True ShowEnemyToplogo=None SetToplogoVisible=None AddToplogoVisibleTick=None EnemyTopLogoTimer=None RefreshToplogo=None RefreshEnemyHpBar=None RefreshEnemyArmorBar=None ready_after=True
ROBOT key=anFFTEsxNr+4vTgF pos=(16.224382400512695, 0.08436138182878494, -1.4008004665374756) stats={'hp': 125.0, 'maxhp': 125.0, 'armor': 0.0, 'maxarmor': 0.0, 'dead': False} ready_before=True EnsureShootingRangeToplogo=True ShowEnemyToplogo=None SetToplogoVisible=None AddToplogoVisibleTick=None EnemyTopLogoTimer=None RefreshToplogo=None RefreshEnemyHpBar=None RefreshEnemyArmorBar=None ready_after=True
ROBOT key=anFFTEsxNr+4vTgO pos=(-28.0, 0.05000007152557373, -13.0) stats={'hp': 125.0, 'maxhp': 125.0, 'armor': 0.0, 'maxarmor': 0.0, 'dead': False} ready_before=True EnsureShootingRangeToplogo=True ShowEnemyToplogo=None SetToplogoVisible=None AddToplogoVisibleTick=None EnemyTopLogoTimer=None RefreshToplogo=None RefreshEnemyHpBar=None RefreshEnemyArmorBar=None ready_after=True
ROBOT key=anFFTEsxNr+4vTgJ pos=(26.3205623626709, 0.06777054071426392, 2.599637508392334) stats={'hp': 125.0, 'maxhp': 125.0, 'armor': 0.0, 'maxarmor': 0.0, 'dead': False} ready_before=True EnsureShootingRangeToplogo=True ShowEnemyToplogo=None SetToplogoVisible=None AddToplogoVisibleTick=None EnemyTopLogoTimer=None RefreshToplogo=None RefreshEnemyHpBar=None RefreshEnemyArmorBar=None ready_after=True
ROBOT key=anFFTEsxNr+4vTf9 pos=(-3.6765191555023193, 0.05925852805376053, -9.500686645507812) stats={'hp': 20.0, 'maxhp': 125.0, 'armor': 0.0, 'maxarmor': 0.0, 'dead': False} ready_before=True EnsureShootingRangeToplogo=True ShowEnemyToplogo=None SetToplogoVisible=None AddToplogoVisibleTick=None EnemyTopLogoTimer=None RefreshToplogo=None RefreshEnemyHpBar=None RefreshEnemyArmorBar=None ready_after=True
ROBOT key=anFFTEsxNr+4vTf4 pos=(-8.783376693725586, 0.09060776978731155, -13.467101097106934) stats={'hp': 125.0, 'maxhp': 125.0, 'armor': 0.0, 'maxarmor': 0.0, 'dead': False} ready_before=True EnsureShootingRangeToplogo=True ShowEnemyToplogo=None SetToplogoVisible=None AddToplogoVisibleTick=None EnemyTopLogoTimer=None RefreshToplogo=None RefreshEnemyHpBar=None RefreshEnemyArmorBar=None ready_after=True
ROBOT key=anFFTEsxNr+4vTgB pos=(6.3205156326293945, 0.0634201169013977, -5.500304698944092) stats={'hp': 125.0, 'maxhp': 125.0, 'armor': 0.0, 'maxarmor': 0.0, 'dead': False} ready_before=True EnsureShootingRangeToplogo=True ShowEnemyToplogo=None SetToplogoVisible=None AddToplogoVisibleTick=None EnemyTopLogoTimer=None RefreshToplogo=None RefreshEnemyHpBar=None RefreshEnemyArmorBar=None ready_after=True
TICK n=960 total=23 players=[('anFFZUsxNr+4vT0l', (-16.968557357788086, 0.050000011920928955, -9.098176002502441))] robots=[('anFFTEsxNr+4vTgF', (16.224382400512695, 0.08436138182878494, -1.4008004665374756), 34.073773208196336, {'hp': 125.0, 'maxhp': 125.0, 'armor': 0.0, 'maxarmor': 0.0, 'dead': False}), ('anFFTEsxNr+4vTgO', (-28.0, 0.05000007152557373, -13.0), 11.701151963625598, {'hp': 125.0, 'maxhp': 125.0, 'armor': 0.0, 'maxarmor': 0.0, 'dead': False}), ('anFFTEsxNr+4vTgJ', (26.3205623626709, 0.06777054071426392, 2.599637508392334), 44.84180017460937, {'hp': 125.0, 'maxhp': 125.0, 'armor': 0.0, 'maxarmor': 0.0, 'dead': False}), ('anFFTEsxNr+4vTf9', (-3.6765191555023193, 0.05925852805376053, -9.500686645507812), 13.298134459723206, {'hp': 20.0, 'maxhp': 125.0, 'armor': 0.0, 'maxarmor': 0.0, 'dead': False}), ('anFFTEsxNr+4vTf4', (-8.783376693725586, 0.09060776978731155, -13.467101097106934), 9.278272359421576, {'hp': 125.0, 'maxhp': 125.0, 'armor': 0.0, 'maxarmor': 0.0, 'dead': False}), ('anFFTEsxNr+4vTgB', (6.3205156326293945, 0.0634201169013977, -5.500304698944092), 23.56535123373253, {'hp': 125.0, 'maxhp': 125.0, 'armor': 0.0, 'maxarmor': 0.0, 'dead': False})]
TEXT key=anFFTEsxNr+4vTgF id=5444 label='T1 F 34.1m H125 A0' pos=(16.224382400512695, 0.08436138182878494, -1.4008004665374756) color=(0.1, 0.95, 0.25)
TEXT key=anFFTEsxNr+4vTgO id=5445 label='T2 N 11.7m H125 A0' pos=(-28.0, 0.05000007152557373, -13.0) color=(1.0, 0.12, 0.08)
TEXT key=anFFTEsxNr+4vTgJ id=5446 label='T3 F 44.8m H125 A0' pos=(26.3205623626709, 0.06777054071426392, 2.599637508392334) color=(0.1, 0.95, 0.25)
TEXT key=anFFTEsxNr+4vTf9 id=5447 label='T4 M 13.3m H20 A0' pos=(-3.6765191555023193, 0.05925852805376053, -9.500686645507812) color=(1.0, 0.85, 0.05)
TEXT key=anFFTEsxNr+4vTf4 id=5448 label='T5 N 9.3m H125 A0' pos=(-8.783376693725586, 0.09060776978731155, -13.467101097106934) color=(1.0, 0.12, 0.08)
TEXT key=anFFTEsxNr+4vTgB id=5449 label='T6 M 23.6m H125 A0' pos=(6.3205156326293945, 0.0634201169013977, -5.500304698944092) color=(1.0, 0.85, 0.05)
ROBOT key=anFFTEsxNr+4vTgF pos=(16.224382400512695, 0.08436138182878494, -1.4008004665374756) stats={'hp': 125.0, 'maxhp': 125.0, 'armor': 0.0, 'maxarmor': 0.0, 'dead': False} ready_before=True EnsureShootingRangeToplogo=True ShowEnemyToplogo=None SetToplogoVisible=None AddToplogoVisibleTick=None EnemyTopLogoTimer=None RefreshToplogo=None RefreshEnemyHpBar=None RefreshEnemyArmorBar=None ready_after=True
ROBOT key=anFFTEsxNr+4vTgO pos=(-28.0, 0.05000007152557373, -13.0) stats={'hp': 125.0, 'maxhp': 125.0, 'armor': 0.0, 'maxarmor': 0.0, 'dead': False} ready_before=True EnsureShootingRangeToplogo=True ShowEnemyToplogo=None SetToplogoVisible=None AddToplogoVisibleTick=None EnemyTopLogoTimer=None RefreshToplogo=None RefreshEnemyHpBar=None RefreshEnemyArmorBar=None ready_after=True
ROBOT key=anFFTEsxNr+4vTgJ pos=(26.3205623626709, 0.06777054071426392, 2.599637508392334) stats={'hp': 125.0, 'maxhp': 125.0, 'armor': 0.0, 'maxarmor': 0.0, 'dead': False} ready_before=True EnsureShootingRangeToplogo=True ShowEnemyToplogo=None SetToplogoVisible=None AddToplogoVisibleTick=None EnemyTopLogoTimer=None RefreshToplogo=None RefreshEnemyHpBar=None RefreshEnemyArmorBar=None ready_after=True
ROBOT key=anFFTEsxNr+4vTf9 pos=(-3.6765191555023193, 0.05925852805376053, -9.500686645507812) stats={'hp': 20.0, 'maxhp': 125.0, 'armor': 0.0, 'maxarmor': 0.0, 'dead': False} ready_before=True EnsureShootingRangeToplogo=True ShowEnemyToplogo=None SetToplogoVisible=None AddToplogoVisibleTick=None EnemyTopLogoTimer=None RefreshToplogo=None RefreshEnemyHpBar=None RefreshEnemyArmorBar=None ready_after=True
ROBOT key=anFFTEsxNr+4vTf4 pos=(-8.783376693725586, 0.09060776978731155, -13.467101097106934) stats={'hp': 125.0, 'maxhp': 125.0, 'armor': 0.0, 'maxarmor': 0.0, 'dead': False} ready_before=True EnsureShootingRangeToplogo=True ShowEnemyToplogo=None SetToplogoVisible=None AddToplogoVisibleTick=None EnemyTopLogoTimer=None RefreshToplogo=None RefreshEnemyHpBar=None RefreshEnemyArmorBar=None ready_after=True
ROBOT key=anFFTEsxNr+4vTgB pos=(6.3205156326293945, 0.0634201169013977, -5.500304698944092) stats={'hp': 125.0, 'maxhp': 125.0, 'armor': 0.0, 'maxarmor': 0.0, 'dead': False} ready_before=True EnsureShootingRangeToplogo=True ShowEnemyToplogo=None SetToplogoVisible=None AddToplogoVisibleTick=None EnemyTopLogoTimer=None RefreshToplogo=None RefreshEnemyHpBar=None RefreshEnemyArmorBar=None ready_after=True
ROBOT key=anFFTEsxNr+4vTgF pos=(16.224382400512695, 0.08436138182878494, -1.4008004665374756) stats={'hp': 125.0, 'maxhp': 125.0, 'armor': 0.0, 'maxarmor': 0.0, 'dead': False} ready_before=True EnsureShootingRangeToplogo=True ShowEnemyToplogo=None SetToplogoVisible=None AddToplogoVisibleTick=None EnemyTopLogoTimer=None RefreshToplogo=None RefreshEnemyHpBar=None RefreshEnemyArmorBar=None ready_after=True
ROBOT key=anFFTEsxNr+4vTgO pos=(-28.0, 0.05000007152557373, -13.0) stats={'hp': 125.0, 'maxhp': 125.0, 'armor': 0.0, 'maxarmor': 0.0, 'dead': False} ready_before=True EnsureShootingRangeToplogo=True ShowEnemyToplogo=None SetToplogoVisible=None AddToplogoVisibleTick=None EnemyTopLogoTimer=None RefreshToplogo=None RefreshEnemyHpBar=None RefreshEnemyArmorBar=None ready_after=True
ROBOT key=anFFTEsxNr+4vTgJ pos=(26.3205623626709, 0.06777054071426392, 2.599637508392334) stats={'hp': 125.0, 'maxhp': 125.0, 'armor': 0.0, 'maxarmor': 0.0, 'dead': False} ready_before=True EnsureShootingRangeToplogo=True ShowEnemyToplogo=None SetToplogoVisible=None AddToplogoVisibleTick=None EnemyTopLogoTimer=None RefreshToplogo=None RefreshEnemyHpBar=None RefreshEnemyArmorBar=None ready_after=True
ROBOT key=anFFTEsxNr+4vTf9 pos=(-3.6765191555023193, 0.05925852805376053, -9.500686645507812) stats={'hp': 20.0, 'maxhp': 125.0, 'armor': 0.0, 'maxarmor': 0.0, 'dead': False} ready_before=True EnsureShootingRangeToplogo=True ShowEnemyToplogo=None SetToplogoVisible=None AddToplogoVisibleTick=None EnemyTopLogoTimer=None RefreshToplogo=None RefreshEnemyHpBar=None RefreshEnemyArmorBar=None ready_after=True
ROBOT key=anFFTEsxNr+4vTf4 pos=(-8.783376693725586, 0.09060776978731155, -13.467101097106934) stats={'hp': 125.0, 'maxhp': 125.0, 'armor': 0.0, 'maxarmor': 0.0, 'dead': False} ready_before=True EnsureShootingRangeToplogo=True ShowEnemyToplogo=None SetToplogoVisible=None AddToplogoVisibleTick=None EnemyTopLogoTimer=None RefreshToplogo=None RefreshEnemyHpBar=None RefreshEnemyArmorBar=None ready_after=True
ROBOT key=anFFTEsxNr+4vTgB pos=(6.3205156326293945, 0.0634201169013977, -5.500304698944092) stats={'hp': 125.0, 'maxhp': 125.0, 'armor': 0.0, 'maxarmor': 0.0, 'dead': False} ready_before=True EnsureShootingRangeToplogo=True ShowEnemyToplogo=None SetToplogoVisible=None AddToplogoVisibleTick=None EnemyTopLogoTimer=None RefreshToplogo=None RefreshEnemyHpBar=None RefreshEnemyArmorBar=None ready_after=True
TICK n=1000 total=23 players=[('anFFZUsxNr+4vT0l', (-16.968557357788086, 0.050000011920928955, -9.098176002502441))] robots=[('anFFTEsxNr+4vTgF', (16.224382400512695, 0.08436138182878494, -1.4008004665374756), 34.073773208196336, {'hp': 125.0, 'maxhp': 125.0, 'armor': 0.0, 'maxarmor': 0.0, 'dead': False}), ('anFFTEsxNr+4vTgO', (-28.0, 0.05000007152557373, -13.0), 11.701151963625598, {'hp': 125.0, 'maxhp': 125.0, 'armor': 0.0, 'maxarmor': 0.0, 'dead': False}), ('anFFTEsxNr+4vTgJ', (26.3205623626709, 0.06777054071426392, 2.599637508392334), 44.84180017460937, {'hp': 125.0, 'maxhp': 125.0, 'armor': 0.0, 'maxarmor': 0.0, 'dead': False}), ('anFFTEsxNr+4vTf9', (-3.6765191555023193, 0.05925852805376053, -9.500686645507812), 13.298134459723206, {'hp': 20.0, 'maxhp': 125.0, 'armor': 0.0, 'maxarmor': 0.0, 'dead': False}), ('anFFTEsxNr+4vTf4', (-8.783376693725586, 0.09060776978731155, -13.467101097106934), 9.278272359421576, {'hp': 125.0, 'maxhp': 125.0, 'armor': 0.0, 'maxarmor': 0.0, 'dead': False}), ('anFFTEsxNr+4vTgB', (6.3205156326293945, 0.0634201169013977, -5.500304698944092), 23.56535123373253, {'hp': 125.0, 'maxhp': 125.0, 'armor': 0.0, 'maxarmor': 0.0, 'dead': False})]
TEXT key=anFFTEsxNr+4vTgF id=5504 label='T1 F 34.1m H125 A0' pos=(16.224382400512695, 0.08436138182878494, -1.4008004665374756) color=(0.1, 0.95, 0.25)
TEXT key=anFFTEsxNr+4vTgO id=5505 label='T2 N 11.7m H125 A0' pos=(-28.0, 0.05000007152557373, -13.0) color=(1.0, 0.12, 0.08)
TEXT key=anFFTEsxNr+4vTgJ id=5506 label='T3 F 44.8m H125 A0' pos=(26.3205623626709, 0.06777054071426392, 2.599637508392334) color=(0.1, 0.95, 0.25)
TEXT key=anFFTEsxNr+4vTf9 id=5507 label='T4 M 13.3m H20 A0' pos=(-3.6765191555023193, 0.05925852805376053, -9.500686645507812) color=(1.0, 0.85, 0.05)
TEXT key=anFFTEsxNr+4vTf4 id=5508 label='T5 N 9.3m H125 A0' pos=(-8.783376693725586, 0.09060776978731155, -13.467101097106934) color=(1.0, 0.12, 0.08)
TEXT key=anFFTEsxNr+4vTgB id=5509 label='T6 M 23.6m H125 A0' pos=(6.3205156326293945, 0.0634201169013977, -5.500304698944092) color=(1.0, 0.85, 0.05)
ROBOT key=anFFTEsxNr+4vTgF pos=(16.224382400512695, 0.08436138182878494, -1.4008004665374756) stats={'hp': 125.0, 'maxhp': 125.0, 'armor': 0.0, 'maxarmor': 0.0, 'dead': False} ready_before=True EnsureShootingRangeToplogo=True ShowEnemyToplogo=None SetToplogoVisible=None AddToplogoVisibleTick=None EnemyTopLogoTimer=None RefreshToplogo=None RefreshEnemyHpBar=None RefreshEnemyArmorBar=None ready_after=True
ROBOT key=anFFTEsxNr+4vTgO pos=(-28.0, 0.05000007152557373, -13.0) stats={'hp': 125.0, 'maxhp': 125.0, 'armor': 0.0, 'maxarmor': 0.0, 'dead': False} ready_before=True EnsureShootingRangeToplogo=True ShowEnemyToplogo=None SetToplogoVisible=None AddToplogoVisibleTick=None EnemyTopLogoTimer=None RefreshToplogo=None RefreshEnemyHpBar=None RefreshEnemyArmorBar=None ready_after=True
ROBOT key=anFFTEsxNr+4vTgJ pos=(26.3205623626709, 0.06777054071426392, 2.599637508392334) stats={'hp': 125.0, 'maxhp': 125.0, 'armor': 0.0, 'maxarmor': 0.0, 'dead': False} ready_before=True EnsureShootingRangeToplogo=True ShowEnemyToplogo=None SetToplogoVisible=None AddToplogoVisibleTick=None EnemyTopLogoTimer=None RefreshToplogo=None RefreshEnemyHpBar=None RefreshEnemyArmorBar=None ready_after=True
ROBOT key=anFFTEsxNr+4vTf9 pos=(-3.6765191555023193, 0.05925852805376053, -9.500686645507812) stats={'hp': 20.0, 'maxhp': 125.0, 'armor': 0.0, 'maxarmor': 0.0, 'dead': False} ready_before=True EnsureShootingRangeToplogo=True ShowEnemyToplogo=None SetToplogoVisible=None AddToplogoVisibleTick=None EnemyTopLogoTimer=None RefreshToplogo=None RefreshEnemyHpBar=None RefreshEnemyArmorBar=None ready_after=True
ROBOT key=anFFTEsxNr+4vTf4 pos=(-8.783376693725586, 0.09060776978731155, -13.467101097106934) stats={'hp': 125.0, 'maxhp': 125.0, 'armor': 0.0, 'maxarmor': 0.0, 'dead': False} ready_before=True EnsureShootingRangeToplogo=True ShowEnemyToplogo=None SetToplogoVisible=None AddToplogoVisibleTick=None EnemyTopLogoTimer=None RefreshToplogo=None RefreshEnemyHpBar=None RefreshEnemyArmorBar=None ready_after=True
ROBOT key=anFFTEsxNr+4vTgB pos=(6.3205156326293945, 0.0634201169013977, -5.500304698944092) stats={'hp': 125.0, 'maxhp': 125.0, 'armor': 0.0, 'maxarmor': 0.0, 'dead': False} ready_before=True EnsureShootingRangeToplogo=True ShowEnemyToplogo=None SetToplogoVisible=None AddToplogoVisibleTick=None EnemyTopLogoTimer=None RefreshToplogo=None RefreshEnemyHpBar=None RefreshEnemyArmorBar=None ready_after=True
ROBOT key=anFFTEsxNr+4vTgF pos=(16.224382400512695, 0.08436138182878494, -1.4008004665374756) stats={'hp': 125.0, 'maxhp': 125.0, 'armor': 0.0, 'maxarmor': 0.0, 'dead': False} ready_before=True EnsureShootingRangeToplogo=True ShowEnemyToplogo=None SetToplogoVisible=None AddToplogoVisibleTick=None EnemyTopLogoTimer=None RefreshToplogo=None RefreshEnemyHpBar=None RefreshEnemyArmorBar=None ready_after=True
ROBOT key=anFFTEsxNr+4vTgO pos=(-28.0, 0.05000007152557373, -13.0) stats={'hp': 125.0, 'maxhp': 125.0, 'armor': 0.0, 'maxarmor': 0.0, 'dead': False} ready_before=True EnsureShootingRangeToplogo=True ShowEnemyToplogo=None SetToplogoVisible=None AddToplogoVisibleTick=None EnemyTopLogoTimer=None RefreshToplogo=None RefreshEnemyHpBar=None RefreshEnemyArmorBar=None ready_after=True
ROBOT key=anFFTEsxNr+4vTgJ pos=(26.3205623626709, 0.06777054071426392, 2.599637508392334) stats={'hp': 125.0, 'maxhp': 125.0, 'armor': 0.0, 'maxarmor': 0.0, 'dead': False} ready_before=True EnsureShootingRangeToplogo=True ShowEnemyToplogo=None SetToplogoVisible=None AddToplogoVisibleTick=None EnemyTopLogoTimer=None RefreshToplogo=None RefreshEnemyHpBar=None RefreshEnemyArmorBar=None ready_after=True
ROBOT key=anFFTEsxNr+4vTf9 pos=(-3.6765191555023193, 0.05925852805376053, -9.500686645507812) stats={'hp': 20.0, 'maxhp': 125.0, 'armor': 0.0, 'maxarmor': 0.0, 'dead': False} ready_before=True EnsureShootingRangeToplogo=True ShowEnemyToplogo=None SetToplogoVisible=None AddToplogoVisibleTick=None EnemyTopLogoTimer=None RefreshToplogo=None RefreshEnemyHpBar=None RefreshEnemyArmorBar=None ready_after=True
ROBOT key=anFFTEsxNr+4vTf4 pos=(-8.783376693725586, 0.09060776978731155, -13.467101097106934) stats={'hp': 125.0, 'maxhp': 125.0, 'armor': 0.0, 'maxarmor': 0.0, 'dead': False} ready_before=True EnsureShootingRangeToplogo=True ShowEnemyToplogo=None SetToplogoVisible=None AddToplogoVisibleTick=None EnemyTopLogoTimer=None RefreshToplogo=None RefreshEnemyHpBar=None RefreshEnemyArmorBar=None ready_after=True
ROBOT key=anFFTEsxNr+4vTgB pos=(6.3205156326293945, 0.0634201169013977, -5.500304698944092) stats={'hp': 125.0, 'maxhp': 125.0, 'armor': 0.0, 'maxarmor': 0.0, 'dead': False} ready_before=True EnsureShootingRangeToplogo=True ShowEnemyToplogo=None SetToplogoVisible=None AddToplogoVisibleTick=None EnemyTopLogoTimer=None RefreshToplogo=None RefreshEnemyHpBar=None RefreshEnemyArmorBar=None ready_after=True
