Space import ERROR=ModuleNotFoundError("No module named 'Space'")
Physics import ERROR=ModuleNotFoundError("No module named 'Physics'")
MPhysics type=<class 'module'>
MPhysics.GetMaxPhysicsTicksPerFrame sig=(self, /) doc=None repr=<built-in function GetMaxPhysicsTicksPerFrame>
MPhysics.GetPhysicsBPSwitch sig=(self, /) doc=None repr=<built-in function GetPhysicsBPSwitch>
MPhysics.GetPhysicsStepDelta sig=(self, /) doc=None repr=<built-in function GetPhysicsStepDelta>
MPhysics.SetEnablePhysicsTracy sig=(self, object, /) doc=None repr=<built-in function SetEnablePhysicsTracy>
MPhysics.SetMaxPhysicsTicksPerFrame sig=(self, object, /) doc=None repr=<built-in function SetMaxPhysicsTicksPerFrame>
MPhysics.SetPhysicsBPSwitch sig=(self, object, /) doc=None repr=<built-in function SetPhysicsBPSwitch>
MPhysics.SetPhysicsStepDelta sig=(self, object, /) doc=None repr=<built-in function SetPhysicsStepDelta>
MEngine type=<class 'module'>
MEngine.GetPhysicsVersion sig=(self, /) doc=None repr=<built-in function GetPhysicsVersion>
loaded_modules=['MPhysics', 'gshare.space_inquiry', 'gclient.framework.ui.widgets.ui_scene', 'gclient.data.bomb_physics_data', 'gclient.data.dlc_space_data', 'gclient.data.space_data', 'gclient.data.scene_node_base_data', 'gclient.data.scene_node_diff_data', 'gclient.data.scene_node_data', 'gclient.framework.entities.avatarmembers.cimp_space', 'gclient.gamesystem.uihall.ui_personal_space', 'gclient.gamesystem.uihall.ui_personal_space.profilephoto_reddot_mgr', 'gclient.data.sight_spacer_data', 'gclient.gameplay.logic_base.entities.cbiological_ray', 'gclient.gameplay.logic_base.spell.spell_core.mega_biological_ray_spell', 'gclient.gameplay.logic_base.spell.spell_core.space_gem_beam_spell', 'gclient.gameplay.logic_base.spell.spell_core.space_teleport_spell', 'gclient.gameplay.logic_base.spell.spell_core.space_black_hole_spell', 'SunshineSDK.Custom.Entity.Vehicle.PhysicsMaterialConfig', 'SunshineSDK.Custom.Entity.Vehicle.PhysicsShapeConfig', 'SunshineSDK.Custom.Editor.EditorMeta.vehicle.PhysicsMaterialConfigMeta', 'SunshineSDK.Custom.Editor.EditorMeta.vehicle.PhysicsShapeConfigMeta', 'gclient.framework.commoncomps.space_giant_entity_comp', 'gclient.framework.commoncomps.space_high_value_item_comp', 'gclient.framework.commoncomps.space_level_comp', 'client.ClientSpace', 'gclient.data.world_field_rank_data', 'gclient.framework.commoncomps.space_weather_comp', 'gclient.framework.commoncomps.space_vehicle_cache_comp', 'gclient.framework.commoncomps.space_water_trigger', 'gclient.framework.entities.space', 'gclient.gameplay.logic_base.entities.panpan_world_model', 'gclient.gameplay.logic_base.entities.combatavatarmembers.cimp_space', 'gclient.gameplay.logic_base.entities.combatavatarmembers.cimp_space_black_hole', 'gclient.gameplay.logic_base.entities.combatavatarmembers.cimp_world_field', 'gclient.ui.common.head_frame_to_personal_space_node', 'gclient.gameplay.logic_base.comps.avatar_scene_node', 'gclient.gamesystem.uihall.hall_space_setting_red_dot_only_comp', 'gclient.gamesystem.uihall.ui_personal_space.hall_space_head_change', 'gclient.gameplay.logic_base.ui.hud_game_scene_effect_window', 'gclient.framework.entities.hall_space', 'gclient.gamesystem.uihall.activity.football_activity.world_cup_win_tickets_window', 'gclient.gameplay.logic_base.entities.space_airship', 'gclient.gameplay.logic_base.entities.cspace_snare', 'gclient.data.football_physics_data', 'gclient.gamesystem.uihall.ui_dlc_center.dlc_storage_space_confirm', 'gclient.gamesystem.uihall.ui_personal_space.hall_space_credit_window', 'gclient.gameplay.logic_peekaboo.ui.peekaboo_space_scoreboard_comp', 'gclient.gamesystem.uihall.ui_personal_space.space_arms_race_calculaton_copm', 'gclient.gamesystem.uihall.ui_personal_space.space_moba_calculation_comp', 'gclient.gamesystem.uihall.ui_personal_space.space_grand_theft_calculation_comp', 'gclient.gamesystem.uihall.ui_personal_space.space_lock_down_calculation_comp', 'gclient.gamesystem.uihall.ui_personal_space.space_hotspot_calculation_comp', 'gclient.gamesystem.uihall.ui_personal_space.space_blasting_calculation_comp', 'gclient.gamesystem.uihall.ui_personal_space.space_football_calculation_comp', 'gclient.gamesystem.uihall.ui_personal_space.space_squadfight_calculation_comp', 'gclient.gamesystem.uihall.ui_personal_space.hall_player_combat_record_comp', 'gclient.gamesystem.uihall.ui_personal_space.hall_space_kill_moments_window', 'gclient.gamesystem.uihall.ui_personal_space.player_achievement_model', 'gclient.gamesystem.uihall.ui_personal_space.space_player_achievement_window', 'gclient.gamesystem.uihall.ui_personal_space.hall_personal_space_comp']
loaded MPhysics matches=['EPhysicsMaterialCombineType', 'EPhysicsMotionType', 'GetMaxPhysicsTicksPerFrame', 'GetPhysicsBPSwitch', 'GetPhysicsStepDelta', 'SetEnablePhysicsTracy', 'SetMaxPhysicsTicksPerFrame', 'SetPhysicsBPSwitch', 'SetPhysicsStepDelta']
loaded gshare.space_inquiry matches=['SpaceInquiry', 'space_data']
loaded gclient.gamesystem.uihall.ui_personal_space matches=['hall_personal_space_comp', 'hall_space_credit_window', 'hall_space_head_change', 'hall_space_kill_moments_window', 'space_arms_race_calculaton_copm', 'space_blasting_calculation_comp', 'space_football_calculation_comp', 'space_grand_theft_calculation_comp', 'space_hotspot_calculation_comp', 'space_lock_down_calculation_comp', 'space_moba_calculation_comp', 'space_player_achievement_window', 'space_squadfight_calculation_comp']
loaded gclient.gameplay.logic_base.entities.cbiological_ray matches=['BiologicalRay', 'FP_RAY_EFFECT_OFFSET', 'RAY_EFFECT_ID_ALLY', 'RAY_EFFECT_ID_ENEMY', 'RAY_SOUND']
loaded gclient.gameplay.logic_base.spell.spell_core.mega_biological_ray_spell matches=['FP_RAY_EFFECT_OFFSET', 'RAY_EFFECT_ID_ALLY', 'RAY_SOUND']
loaded gclient.gameplay.logic_base.spell.spell_core.space_teleport_spell matches=['SpaceTeleportPreviewEffect']
loaded SunshineSDK.Custom.Entity.Vehicle.PhysicsMaterialConfig matches=['PhysicsMaterialConfig']
loaded SunshineSDK.Custom.Entity.Vehicle.PhysicsShapeConfig matches=['PhysicsShapeConfig']
loaded SunshineSDK.Custom.Editor.EditorMeta.vehicle.PhysicsMaterialConfigMeta matches=['PArray', 'PFixArray', 'PObjectArray', 'PhysicsMaterialConfigMeta']
loaded SunshineSDK.Custom.Editor.EditorMeta.vehicle.PhysicsShapeConfigMeta matches=['MArray', 'MPhysics', 'PArray', 'PFixArray', 'PObjectArray', 'PhysicsShapeConfigMeta']
loaded gclient.framework.commoncomps.space_giant_entity_comp matches=['SpaceGiantEntityComp']
loaded gclient.framework.commoncomps.space_high_value_item_comp matches=['SpaceHighValueItemComp']
loaded gclient.framework.commoncomps.space_level_comp matches=['SpaceLevelComp']
loaded client.ClientSpace matches=['ClientSpace', 'SpaceClass']
loaded gclient.framework.commoncomps.space_weather_comp matches=['SpaceWeatherComp']
loaded gclient.framework.commoncomps.space_vehicle_cache_comp matches=['SpaceVehicleCacheComp']
loaded gclient.framework.commoncomps.space_water_trigger matches=['SpaceWaterTriggerComp']
loaded gclient.framework.entities.space matches=['ClientSpace', 'CombatSpacePerformanceComponent', 'SeamlessSpaceLoader', 'Space', 'SpaceClass', 'SpaceGiantEntityComp', 'SpaceHighValueItemComp', 'SpaceLevelComp', 'SpaceLoader', 'SpacePrincipleRoleMgr', 'SpacePrincipleRoleModifier', 'SpaceStateCached', 'SpaceStateEmpty', 'SpaceStateLoaded', 'SpaceStateLoading', 'SpaceVehicleCacheComp', 'SpaceWaterTriggerComp', 'SpaceWeatherComp', 'TAG_SPACE', 'space_data']
loaded gclient.gameplay.logic_base.entities.combatavatarmembers.cimp_space matches=['HumanoidMonsterSpace', 'SPACE_HEIGH_EXTRA_FOCUS_DISTANCES']
loaded gclient.gameplay.logic_base.entities.combatavatarmembers.cimp_space_black_hole matches=['SPACE_BLACK_HOLE_ACTIVE_ENTITY_GRACE', 'SPACE_BLACK_HOLE_LOCAL_EFFECT_ID', 'SPACE_BLACK_HOLE_SKILL_ID', 'SPACE_BLACK_HOLE_TARGET_HIT_RADIUS', 'SpaceBlackHoleLocalCarrier']
loaded gclient.ui.common.head_frame_to_personal_space_node matches=['DirectToSpaceHeadNode']
loaded gclient.gamesystem.uihall.ui_personal_space.hall_space_head_change matches=['SpaceHeadChangeWindow']
loaded gclient.framework.entities.hall_space matches=['ClientSpace', 'HallSpace', 'HallSpaceCameraModifier', 'HallSpaceLoader', 'HallSpacePrincipleRoleModifier', 'HallSpaceStateCached', 'HallSpaceStateEmpty', 'HallSpaceStateLoaded', 'HallSpaceStateLoading', 'SeamlessSpaceLoader', 'SpaceLoader', 'SpaceStateCached', 'SpaceStateEmpty', 'SpaceStateLoaded', 'SpaceStateLoading', 'traceback']
loaded gclient.gameplay.logic_base.entities.space_airship matches=['SpaceAirship', 'SpaceAirshipModelComp']
loaded gclient.gameplay.logic_base.entities.cspace_snare matches=['SpaceSnare', 'SpaceSnareModel']
loaded gclient.gamesystem.uihall.ui_dlc_center.dlc_storage_space_confirm matches=['DLC_STORAGE_SPACE_CONFIRM_NO_REMIND_DAYS_DEFAULT', 'DlcStorageSpaceConfirmListener', 'DlcStorageSpaceConfirmWindow', 'GetDlcStorageSpaceConfirmContent', 'GetDlcStorageSpaceNoRemindDays', 'GetDlcStorageSpaceNoRemindText', 'GetDlcStorageSpaceNoRemindTime', 'InitDlcStorageSpaceConfirmListener', 'IsDlcStorageSpaceConfirmScene', 'NeedShowDlcStorageSpaceConfirm', 'StartDlcStorageSpaceConfirm', '_SPACE_NOT_ENOUGH_ROW_ID', 'dlc_space_data']
loaded gclient.gamesystem.uihall.ui_personal_space.hall_space_credit_window matches=['SpaceCreditWindow', 'space_data']
loaded gclient.gameplay.logic_peekaboo.ui.peekaboo_space_scoreboard_comp matches=['SpacePeekabooScoreBoardComp', 'space_data']
loaded gclient.gamesystem.uihall.ui_personal_space.space_arms_race_calculaton_copm matches=['SpaceArmsRaceScoreBoardComp', 'space_data']
loaded gclient.gamesystem.uihall.ui_personal_space.space_moba_calculation_comp matches=['SpaceCommonDetailNode', 'SpaceMobaCalculationComp', 'SpaceNodeBtnLikeComp']
loaded gclient.gamesystem.uihall.ui_personal_space.space_grand_theft_calculation_comp matches=['SpaceCommonDetailNode', 'SpaceGrandTheftCalculationComp', 'SpaceMobaCalculationComp']
loaded gclient.gamesystem.uihall.ui_personal_space.space_lock_down_calculation_comp matches=['SpaceCommonDetailNode', 'SpaceLockDownCalculationComp', 'SpaceLockDownDetailNode', 'SpaceLockDownScoreBoardComp', 'SpaceMobaCalculationComp', 'space_data']
loaded gclient.gamesystem.uihall.ui_personal_space.space_hotspot_calculation_comp matches=['SpaceBigHeadCalculationComp', 'SpaceDesperadoCalculationComp', 'SpaceHotSpotCalculationComp', 'SpaceOverLoadCalculationComp', 'SpaceSnipeModeCalculationComp', 'SpaceUIRoleNode', 'SpaceUIScoreDetailNode']
loaded gclient.gamesystem.uihall.ui_personal_space.space_blasting_calculation_comp matches=['SpaceBlastingCalComp', 'SpaceUIRoleNodeBlasting', 'SpaceUIScoreDetailNodeBlasting', 'space_data']
loaded gclient.gamesystem.uihall.ui_personal_space.space_football_calculation_comp matches=['SpaceFootballCalComp', 'SpaceFootballRoleNode', 'SpaceFootballScoreDetailNode', 'space_data']
loaded gclient.gamesystem.uihall.ui_personal_space.space_squadfight_calculation_comp matches=['SpaceSquadfightCalComp', 'SpaceUIRoleNodeSquadFight', 'SpaceUIScoreDetailNodeSquadFight', 'space_data']
loaded gclient.gamesystem.uihall.ui_personal_space.hall_player_combat_record_comp matches=['SpaceArmsRaceScoreBoardComp', 'SpaceBigHeadCalculationComp', 'SpaceBlastingCalComp', 'SpaceCombatRecordWindow', 'SpaceDesperadoCalculationComp', 'SpaceFootballCalComp', 'SpaceGrandTheftCalculationComp', 'SpaceHotSpotCalculationComp', 'SpaceLockDownCalculationComp', 'SpaceMobaCalculationComp', 'SpaceOverLoadCalculationComp', 'SpacePeekabooScoreBoardComp', 'SpaceSnipeModeCalculationComp', 'SpaceSquadfightCalComp', 'space_data']
loaded gclient.gamesystem.uihall.ui_personal_space.hall_space_kill_moments_window matches=['HallSpaceKillMomentsWindow', 'space_data']
loaded gclient.gamesystem.uihall.ui_personal_space.space_player_achievement_window matches=['SpacePlayerAchievementWindow']
loaded gclient.gamesystem.uihall.ui_personal_space.hall_personal_space_comp matches=['HallSpaceKillMomentsWindow', 'PersonalSpaceComp', 'SpaceCombatRecordWindow', 'SpaceCreditWindow', 'SpaceLbsRankingPromptComp', 'SpacePlayerAchievementWindow']
Space import ERROR=ModuleNotFoundError("No module named 'Space'")
Physics import ERROR=ModuleNotFoundError("No module named 'Physics'")
MPhysics type=<class 'module'>
MPhysics.GetMaxPhysicsTicksPerFrame sig=(self, /) doc=None repr=<built-in function GetMaxPhysicsTicksPerFrame>
MPhysics.GetPhysicsBPSwitch sig=(self, /) doc=None repr=<built-in function GetPhysicsBPSwitch>
MPhysics.GetPhysicsStepDelta sig=(self, /) doc=None repr=<built-in function GetPhysicsStepDelta>
MPhysics.SetEnablePhysicsTracy sig=(self, object, /) doc=None repr=<built-in function SetEnablePhysicsTracy>
MPhysics.SetMaxPhysicsTicksPerFrame sig=(self, object, /) doc=None repr=<built-in function SetMaxPhysicsTicksPerFrame>
MPhysics.SetPhysicsBPSwitch sig=(self, object, /) doc=None repr=<built-in function SetPhysicsBPSwitch>
MPhysics.SetPhysicsStepDelta sig=(self, object, /) doc=None repr=<built-in function SetPhysicsStepDelta>
MEngine type=<class 'module'>
MEngine.GetPhysicsVersion sig=(self, /) doc=None repr=<built-in function GetPhysicsVersion>
loaded_modules=['MPhysics', 'gshare.space_inquiry', 'gclient.framework.ui.widgets.ui_scene', 'gclient.data.bomb_physics_data', 'gclient.data.dlc_space_data', 'gclient.data.space_data', 'gclient.data.scene_node_base_data', 'gclient.data.scene_node_diff_data', 'gclient.data.scene_node_data', 'gclient.framework.entities.avatarmembers.cimp_space', 'gclient.gamesystem.uihall.ui_personal_space', 'gclient.gamesystem.uihall.ui_personal_space.profilephoto_reddot_mgr', 'gclient.data.sight_spacer_data', 'gclient.gameplay.logic_base.entities.cbiological_ray', 'gclient.gameplay.logic_base.spell.spell_core.mega_biological_ray_spell', 'gclient.gameplay.logic_base.spell.spell_core.space_gem_beam_spell', 'gclient.gameplay.logic_base.spell.spell_core.space_teleport_spell', 'gclient.gameplay.logic_base.spell.spell_core.space_black_hole_spell', 'SunshineSDK.Custom.Entity.Vehicle.PhysicsMaterialConfig', 'SunshineSDK.Custom.Entity.Vehicle.PhysicsShapeConfig', 'SunshineSDK.Custom.Editor.EditorMeta.vehicle.PhysicsMaterialConfigMeta', 'SunshineSDK.Custom.Editor.EditorMeta.vehicle.PhysicsShapeConfigMeta', 'gclient.framework.commoncomps.space_giant_entity_comp', 'gclient.framework.commoncomps.space_high_value_item_comp', 'gclient.framework.commoncomps.space_level_comp', 'client.ClientSpace', 'gclient.data.world_field_rank_data', 'gclient.framework.commoncomps.space_weather_comp', 'gclient.framework.commoncomps.space_vehicle_cache_comp', 'gclient.framework.commoncomps.space_water_trigger', 'gclient.framework.entities.space', 'gclient.gameplay.logic_base.entities.panpan_world_model', 'gclient.gameplay.logic_base.entities.combatavatarmembers.cimp_space', 'gclient.gameplay.logic_base.entities.combatavatarmembers.cimp_space_black_hole', 'gclient.gameplay.logic_base.entities.combatavatarmembers.cimp_world_field', 'gclient.ui.common.head_frame_to_personal_space_node', 'gclient.gameplay.logic_base.comps.avatar_scene_node', 'gclient.gamesystem.uihall.hall_space_setting_red_dot_only_comp', 'gclient.gamesystem.uihall.ui_personal_space.hall_space_head_change', 'gclient.gameplay.logic_base.ui.hud_game_scene_effect_window', 'gclient.framework.entities.hall_space', 'gclient.gamesystem.uihall.activity.football_activity.world_cup_win_tickets_window', 'gclient.gameplay.logic_base.entities.space_airship', 'gclient.gameplay.logic_base.entities.cspace_snare', 'gclient.data.football_physics_data', 'gclient.gamesystem.uihall.ui_dlc_center.dlc_storage_space_confirm', 'gclient.gamesystem.uihall.ui_personal_space.hall_space_credit_window', 'gclient.gameplay.logic_peekaboo.ui.peekaboo_space_scoreboard_comp', 'gclient.gamesystem.uihall.ui_personal_space.space_arms_race_calculaton_copm', 'gclient.gamesystem.uihall.ui_personal_space.space_moba_calculation_comp', 'gclient.gamesystem.uihall.ui_personal_space.space_grand_theft_calculation_comp', 'gclient.gamesystem.uihall.ui_personal_space.space_lock_down_calculation_comp', 'gclient.gamesystem.uihall.ui_personal_space.space_hotspot_calculation_comp', 'gclient.gamesystem.uihall.ui_personal_space.space_blasting_calculation_comp', 'gclient.gamesystem.uihall.ui_personal_space.space_football_calculation_comp', 'gclient.gamesystem.uihall.ui_personal_space.space_squadfight_calculation_comp', 'gclient.gamesystem.uihall.ui_personal_space.hall_player_combat_record_comp', 'gclient.gamesystem.uihall.ui_personal_space.hall_space_kill_moments_window', 'gclient.gamesystem.uihall.ui_personal_space.player_achievement_model', 'gclient.gamesystem.uihall.ui_personal_space.space_player_achievement_window', 'gclient.gamesystem.uihall.ui_personal_space.hall_personal_space_comp']
loaded MPhysics matches=['EPhysicsMaterialCombineType', 'EPhysicsMotionType', 'GetMaxPhysicsTicksPerFrame', 'GetPhysicsBPSwitch', 'GetPhysicsStepDelta', 'SetEnablePhysicsTracy', 'SetMaxPhysicsTicksPerFrame', 'SetPhysicsBPSwitch', 'SetPhysicsStepDelta']
loaded gshare.space_inquiry matches=['SpaceInquiry', 'space_data']
loaded gclient.gamesystem.uihall.ui_personal_space matches=['hall_personal_space_comp', 'hall_space_credit_window', 'hall_space_head_change', 'hall_space_kill_moments_window', 'space_arms_race_calculaton_copm', 'space_blasting_calculation_comp', 'space_football_calculation_comp', 'space_grand_theft_calculation_comp', 'space_hotspot_calculation_comp', 'space_lock_down_calculation_comp', 'space_moba_calculation_comp', 'space_player_achievement_window', 'space_squadfight_calculation_comp']
loaded gclient.gameplay.logic_base.entities.cbiological_ray matches=['BiologicalRay', 'FP_RAY_EFFECT_OFFSET', 'RAY_EFFECT_ID_ALLY', 'RAY_EFFECT_ID_ENEMY', 'RAY_SOUND']
loaded gclient.gameplay.logic_base.spell.spell_core.mega_biological_ray_spell matches=['FP_RAY_EFFECT_OFFSET', 'RAY_EFFECT_ID_ALLY', 'RAY_SOUND']
loaded gclient.gameplay.logic_base.spell.spell_core.space_teleport_spell matches=['SpaceTeleportPreviewEffect']
loaded SunshineSDK.Custom.Entity.Vehicle.PhysicsMaterialConfig matches=['PhysicsMaterialConfig']
loaded SunshineSDK.Custom.Entity.Vehicle.PhysicsShapeConfig matches=['PhysicsShapeConfig']
loaded SunshineSDK.Custom.Editor.EditorMeta.vehicle.PhysicsMaterialConfigMeta matches=['PArray', 'PFixArray', 'PObjectArray', 'PhysicsMaterialConfigMeta']
loaded SunshineSDK.Custom.Editor.EditorMeta.vehicle.PhysicsShapeConfigMeta matches=['MArray', 'MPhysics', 'PArray', 'PFixArray', 'PObjectArray', 'PhysicsShapeConfigMeta']
loaded gclient.framework.commoncomps.space_giant_entity_comp matches=['SpaceGiantEntityComp']
loaded gclient.framework.commoncomps.space_high_value_item_comp matches=['SpaceHighValueItemComp']
loaded gclient.framework.commoncomps.space_level_comp matches=['SpaceLevelComp']
loaded client.ClientSpace matches=['ClientSpace', 'SpaceClass']
loaded gclient.framework.commoncomps.space_weather_comp matches=['SpaceWeatherComp']
loaded gclient.framework.commoncomps.space_vehicle_cache_comp matches=['SpaceVehicleCacheComp']
loaded gclient.framework.commoncomps.space_water_trigger matches=['SpaceWaterTriggerComp']
loaded gclient.framework.entities.space matches=['ClientSpace', 'CombatSpacePerformanceComponent', 'SeamlessSpaceLoader', 'Space', 'SpaceClass', 'SpaceGiantEntityComp', 'SpaceHighValueItemComp', 'SpaceLevelComp', 'SpaceLoader', 'SpacePrincipleRoleMgr', 'SpacePrincipleRoleModifier', 'SpaceStateCached', 'SpaceStateEmpty', 'SpaceStateLoaded', 'SpaceStateLoading', 'SpaceVehicleCacheComp', 'SpaceWaterTriggerComp', 'SpaceWeatherComp', 'TAG_SPACE', 'space_data']
loaded gclient.gameplay.logic_base.entities.combatavatarmembers.cimp_space matches=['HumanoidMonsterSpace', 'SPACE_HEIGH_EXTRA_FOCUS_DISTANCES']
loaded gclient.gameplay.logic_base.entities.combatavatarmembers.cimp_space_black_hole matches=['SPACE_BLACK_HOLE_ACTIVE_ENTITY_GRACE', 'SPACE_BLACK_HOLE_LOCAL_EFFECT_ID', 'SPACE_BLACK_HOLE_SKILL_ID', 'SPACE_BLACK_HOLE_TARGET_HIT_RADIUS', 'SpaceBlackHoleLocalCarrier']
loaded gclient.ui.common.head_frame_to_personal_space_node matches=['DirectToSpaceHeadNode']
loaded gclient.gamesystem.uihall.ui_personal_space.hall_space_head_change matches=['SpaceHeadChangeWindow']
loaded gclient.framework.entities.hall_space matches=['ClientSpace', 'HallSpace', 'HallSpaceCameraModifier', 'HallSpaceLoader', 'HallSpacePrincipleRoleModifier', 'HallSpaceStateCached', 'HallSpaceStateEmpty', 'HallSpaceStateLoaded', 'HallSpaceStateLoading', 'SeamlessSpaceLoader', 'SpaceLoader', 'SpaceStateCached', 'SpaceStateEmpty', 'SpaceStateLoaded', 'SpaceStateLoading', 'traceback']
loaded gclient.gameplay.logic_base.entities.space_airship matches=['SpaceAirship', 'SpaceAirshipModelComp']
loaded gclient.gameplay.logic_base.entities.cspace_snare matches=['SpaceSnare', 'SpaceSnareModel']
loaded gclient.gamesystem.uihall.ui_dlc_center.dlc_storage_space_confirm matches=['DLC_STORAGE_SPACE_CONFIRM_NO_REMIND_DAYS_DEFAULT', 'DlcStorageSpaceConfirmListener', 'DlcStorageSpaceConfirmWindow', 'GetDlcStorageSpaceConfirmContent', 'GetDlcStorageSpaceNoRemindDays', 'GetDlcStorageSpaceNoRemindText', 'GetDlcStorageSpaceNoRemindTime', 'InitDlcStorageSpaceConfirmListener', 'IsDlcStorageSpaceConfirmScene', 'NeedShowDlcStorageSpaceConfirm', 'StartDlcStorageSpaceConfirm', '_SPACE_NOT_ENOUGH_ROW_ID', 'dlc_space_data']
loaded gclient.gamesystem.uihall.ui_personal_space.hall_space_credit_window matches=['SpaceCreditWindow', 'space_data']
loaded gclient.gameplay.logic_peekaboo.ui.peekaboo_space_scoreboard_comp matches=['SpacePeekabooScoreBoardComp', 'space_data']
loaded gclient.gamesystem.uihall.ui_personal_space.space_arms_race_calculaton_copm matches=['SpaceArmsRaceScoreBoardComp', 'space_data']
loaded gclient.gamesystem.uihall.ui_personal_space.space_moba_calculation_comp matches=['SpaceCommonDetailNode', 'SpaceMobaCalculationComp', 'SpaceNodeBtnLikeComp']
loaded gclient.gamesystem.uihall.ui_personal_space.space_grand_theft_calculation_comp matches=['SpaceCommonDetailNode', 'SpaceGrandTheftCalculationComp', 'SpaceMobaCalculationComp']
loaded gclient.gamesystem.uihall.ui_personal_space.space_lock_down_calculation_comp matches=['SpaceCommonDetailNode', 'SpaceLockDownCalculationComp', 'SpaceLockDownDetailNode', 'SpaceLockDownScoreBoardComp', 'SpaceMobaCalculationComp', 'space_data']
loaded gclient.gamesystem.uihall.ui_personal_space.space_hotspot_calculation_comp matches=['SpaceBigHeadCalculationComp', 'SpaceDesperadoCalculationComp', 'SpaceHotSpotCalculationComp', 'SpaceOverLoadCalculationComp', 'SpaceSnipeModeCalculationComp', 'SpaceUIRoleNode', 'SpaceUIScoreDetailNode']
loaded gclient.gamesystem.uihall.ui_personal_space.space_blasting_calculation_comp matches=['SpaceBlastingCalComp', 'SpaceUIRoleNodeBlasting', 'SpaceUIScoreDetailNodeBlasting', 'space_data']
loaded gclient.gamesystem.uihall.ui_personal_space.space_football_calculation_comp matches=['SpaceFootballCalComp', 'SpaceFootballRoleNode', 'SpaceFootballScoreDetailNode', 'space_data']
loaded gclient.gamesystem.uihall.ui_personal_space.space_squadfight_calculation_comp matches=['SpaceSquadfightCalComp', 'SpaceUIRoleNodeSquadFight', 'SpaceUIScoreDetailNodeSquadFight', 'space_data']
loaded gclient.gamesystem.uihall.ui_personal_space.hall_player_combat_record_comp matches=['SpaceArmsRaceScoreBoardComp', 'SpaceBigHeadCalculationComp', 'SpaceBlastingCalComp', 'SpaceCombatRecordWindow', 'SpaceDesperadoCalculationComp', 'SpaceFootballCalComp', 'SpaceGrandTheftCalculationComp', 'SpaceHotSpotCalculationComp', 'SpaceLockDownCalculationComp', 'SpaceMobaCalculationComp', 'SpaceOverLoadCalculationComp', 'SpacePeekabooScoreBoardComp', 'SpaceSnipeModeCalculationComp', 'SpaceSquadfightCalComp', 'space_data']
loaded gclient.gamesystem.uihall.ui_personal_space.hall_space_kill_moments_window matches=['HallSpaceKillMomentsWindow', 'space_data']
loaded gclient.gamesystem.uihall.ui_personal_space.space_player_achievement_window matches=['SpacePlayerAchievementWindow']
loaded gclient.gamesystem.uihall.ui_personal_space.hall_personal_space_comp matches=['HallSpaceKillMomentsWindow', 'PersonalSpaceComp', 'SpaceCombatRecordWindow', 'SpaceCreditWindow', 'SpaceLbsRankingPromptComp', 'SpacePlayerAchievementWindow']
Space import ERROR=ModuleNotFoundError("No module named 'Space'")
Physics import ERROR=ModuleNotFoundError("No module named 'Physics'")
MPhysics type=<class 'module'>
MPhysics.GetMaxPhysicsTicksPerFrame sig=(self, /) doc=None repr=<built-in function GetMaxPhysicsTicksPerFrame>
MPhysics.GetPhysicsBPSwitch sig=(self, /) doc=None repr=<built-in function GetPhysicsBPSwitch>
MPhysics.GetPhysicsStepDelta sig=(self, /) doc=None repr=<built-in function GetPhysicsStepDelta>
MPhysics.SetEnablePhysicsTracy sig=(self, object, /) doc=None repr=<built-in function SetEnablePhysicsTracy>
MPhysics.SetMaxPhysicsTicksPerFrame sig=(self, object, /) doc=None repr=<built-in function SetMaxPhysicsTicksPerFrame>
MPhysics.SetPhysicsBPSwitch sig=(self, object, /) doc=None repr=<built-in function SetPhysicsBPSwitch>
MPhysics.SetPhysicsStepDelta sig=(self, object, /) doc=None repr=<built-in function SetPhysicsStepDelta>
MEngine type=<class 'module'>
MEngine.GetPhysicsVersion sig=(self, /) doc=None repr=<built-in function GetPhysicsVersion>
SpaceClass=<class 'gclient.framework.entities.space.Space'>
SpaceClass.AddPhysicsPostTick sig=(self, func) repr=<function Space.AddPhysicsPostTick at 0x00000259CFC671C0>
SpaceClass.AddSpaceCameraEffect sig=(self, effect_id, keep_time=-1) repr=<function Space.AddSpaceCameraEffect at 0x00000259CFC6F690>
SpaceClass.AddSpacePostTick sig=(self, func) repr=<function Space.AddSpacePostTick at 0x00000259CFC673D0>
SpaceClass.AllRaycast sig=(self, frm, dist, filter_info, to_pos=None, to_dir=None) repr=<function Space.AllRaycast at 0x00000259CFC6C670>
SpaceClass.AllRaycastBothway sig=(self, frm, dist, filter_info, to_pos=None, to_dir=None) repr=<function Space.AllRaycastBothway at 0x00000259CFC6C720>
SpaceClass.CheckReuseForSpaceLoaded sig=(self) repr=<function Space.CheckReuseForSpaceLoaded at 0x00000259CFC66980>
SpaceClass.ClosestRaycast sig=(self, frm, to_pos, filter_info, with_trigger=True) repr=<function Space.ClosestRaycast at 0x00000259CFC6C5C0>
SpaceClass.ClosestRaycastBone sig=(self, frm, to_pos, exclude_skeleton=None) repr=<function Space.ClosestRaycastBone at 0x00000259CFC6C7D0>
SpaceClass.DrawRay sig=(self, start_pos, end_pos, reset=True, color=(1, 1, 1)) repr=<function Space.DrawRay at 0x00000259CFC6CE00>
SpaceClass.GetPhysicsShapeWrapper sig=(self) repr=<function Space.GetPhysicsShapeWrapper at 0x00000259CFC6DE80>
SpaceClass.HotfixPhysicsByAirWall sig=(self) repr=<function Space.HotfixPhysicsByAirWall at 0x00000259CFC6F480>
SpaceClass.LoadSpaceWorldData sig=(self, data_name) repr=<function Space.LoadSpaceWorldData at 0x00000259CFC67690>
SpaceClass.OnPhysicsPostTick sig=(self, dtime, timeRemained) repr=<function Space.OnPhysicsPostTick at 0x00000259CFC67320>
SpaceClass.OnPlayerBecomeZombieSpace sig=(self, *args) repr=<function SpaceHighValueItemComp.OnPlayerBecomeZombieSpace at 0x00000259C9638930>
SpaceClass.OnPlayerCombatAvatarCreateSpace sig=(self, *args) repr=<function SpaceHighValueItemComp.OnPlayerCombatAvatarCreateSpace at 0x00000259C9638B40>
SpaceClass.OnReaplayPlayerBecomeZombieSpace sig=(self, *args) repr=<function SpaceHighValueItemComp.OnReaplayPlayerBecomeZombieSpace at 0x00000259C96389E0>
SpaceClass.OnReplayPlayerCreatedSpace sig=(self, *args) repr=<function SpaceHighValueItemComp.OnReplayPlayerCreatedSpace at 0x00000259C9638A90>
SpaceClass.OnSpacePostTick sig=(self, dtime) repr=<function Space.OnSpacePostTick at 0x00000259CFC67530>
SpaceClass.RawRaycast sig=(self, frm, dist, filter_info, with_trigger=True, to_pos=None, to_dir=None) repr=<function Space.RawRaycast at 0x00000259CFC6C510>
SpaceClass.RaycastBoneWithPenetrate sig=(self, frm, to_pos, exclude_skeleton=None) repr=<function Space.RaycastBoneWithPenetrate at 0x00000259CFC6C9E0>
SpaceClass.RaycastBoneWithPenetrateBothway sig=(self, frm, to_pos, exclude_skeleton=None) repr=<function Space.RaycastBoneWithPenetrateBothway at 0x00000259CFC6CA90>
SpaceClass.RaycastWithPenetrate sig=(self, frm, dist, filter_info, with_trigger=True, to_pos=None, to_dir=None, penetrate_info=None) repr=<function Space.RaycastWithPenetrate at 0x00000259CFC6CB40>
SpaceClass.RemovePhysicsPostTick sig=(self, func) repr=<function Space.RemovePhysicsPostTick at 0x00000259CFC67270>
SpaceClass.RemoveSpaceCameraEffect sig=(self, effect_id, immediately=True) repr=<function Space.RemoveSpaceCameraEffect at 0x00000259CFC6F5E0>
SpaceClass.RemoveSpacePostTick sig=(self, func) repr=<function Space.RemoveSpacePostTick at 0x00000259CFC67480>
SpaceClass.UnloadSpaceWorldData sig=(self, data_name) repr=<function Space.UnloadSpaceWorldData at 0x00000259CFC67740>
SpaceClass._CheckReuseForSpaceLoadedFunc sig=(self, time_stamp) repr=<function Space._CheckReuseForSpaceLoadedFunc at 0x00000259CFC66A30>
space_instances=3 [<Space(anFqwksxNr+4xf6Y)>, <Space(anFjs0sxNr+4xEqN)(D)>, <Space(anE8/EsxNr+4ux83)(D)>]
space_instance attrs=['AddPhysicsPostTick', 'AddSpaceCameraEffect', 'AddSpacePostTick', 'AllRaycast', 'AllRaycastBothway', 'CheckReuseForSpaceLoaded', 'ClosestRaycast', 'ClosestRaycastBone', 'DrawRay', 'GetPhysicsShapeWrapper', 'HotfixPhysicsByAirWall', 'LoadSpaceWorldData', 'MOBA_SPACENOS', 'OnPhysicsPostTick', 'OnPlayerBecomeZombieSpace', 'OnPlayerCombatAvatarCreateSpace', 'OnReaplayPlayerBecomeZombieSpace', 'OnReplayPlayerCreatedSpace', 'OnSpacePostTick', 'RawRaycast', 'RaycastBoneWithPenetrate', 'RaycastBoneWithPenetrateBothway', 'RaycastWithPenetrate', 'RemovePhysicsPostTick', 'RemoveSpaceCameraEffect', 'RemoveSpacePostTick', 'UnloadSpaceWorldData', '_CheckReuseForSpaceLoadedFunc', 'physics_shape_wrap', 'physics_tick_inloop', 'physics_tick_pending', 'physics_tickers', 'space_camera_effect_ids', 'space_principle_role_mgr', 'space_tick_inloop', 'space_tick_pending', 'space_tickers', 'spaceno', 'tmp_sky_god_ray']
space_instance attrs=['AddPhysicsPostTick', 'AddSpaceCameraEffect', 'AddSpacePostTick', 'AllRaycast', 'AllRaycastBothway', 'CheckReuseForSpaceLoaded', 'ClosestRaycast', 'ClosestRaycastBone', 'DrawRay', 'GetPhysicsShapeWrapper', 'HotfixPhysicsByAirWall', 'LoadSpaceWorldData', 'MOBA_SPACENOS', 'OnPhysicsPostTick', 'OnPlayerBecomeZombieSpace', 'OnPlayerCombatAvatarCreateSpace', 'OnReaplayPlayerBecomeZombieSpace', 'OnReplayPlayerCreatedSpace', 'OnSpacePostTick', 'RawRaycast', 'RaycastBoneWithPenetrate', 'RaycastBoneWithPenetrateBothway', 'RaycastWithPenetrate', 'RemovePhysicsPostTick', 'RemoveSpaceCameraEffect', 'RemoveSpacePostTick', 'UnloadSpaceWorldData', '_CheckReuseForSpaceLoadedFunc']
loaded_modules=['MPhysics', 'gshare.space_inquiry', 'gclient.framework.ui.widgets.ui_scene', 'gclient.data.bomb_physics_data', 'gclient.data.dlc_space_data', 'gclient.data.space_data', 'gclient.data.scene_node_base_data', 'gclient.data.scene_node_diff_data', 'gclient.data.scene_node_data', 'gclient.framework.entities.avatarmembers.cimp_space', 'gclient.gamesystem.uihall.ui_personal_space', 'gclient.gamesystem.uihall.ui_personal_space.profilephoto_reddot_mgr', 'gclient.data.sight_spacer_data', 'gclient.gameplay.logic_base.entities.cbiological_ray', 'gclient.gameplay.logic_base.spell.spell_core.mega_biological_ray_spell', 'gclient.gameplay.logic_base.spell.spell_core.space_gem_beam_spell', 'gclient.gameplay.logic_base.spell.spell_core.space_teleport_spell', 'gclient.gameplay.logic_base.spell.spell_core.space_black_hole_spell', 'SunshineSDK.Custom.Entity.Vehicle.PhysicsMaterialConfig', 'SunshineSDK.Custom.Entity.Vehicle.PhysicsShapeConfig', 'SunshineSDK.Custom.Editor.EditorMeta.vehicle.PhysicsMaterialConfigMeta', 'SunshineSDK.Custom.Editor.EditorMeta.vehicle.PhysicsShapeConfigMeta', 'gclient.framework.commoncomps.space_giant_entity_comp', 'gclient.framework.commoncomps.space_high_value_item_comp', 'gclient.framework.commoncomps.space_level_comp', 'client.ClientSpace', 'gclient.data.world_field_rank_data', 'gclient.framework.commoncomps.space_weather_comp', 'gclient.framework.commoncomps.space_vehicle_cache_comp', 'gclient.framework.commoncomps.space_water_trigger', 'gclient.framework.entities.space', 'gclient.gameplay.logic_base.entities.panpan_world_model', 'gclient.gameplay.logic_base.entities.combatavatarmembers.cimp_space', 'gclient.gameplay.logic_base.entities.combatavatarmembers.cimp_space_black_hole', 'gclient.gameplay.logic_base.entities.combatavatarmembers.cimp_world_field', 'gclient.ui.common.head_frame_to_personal_space_node', 'gclient.gameplay.logic_base.comps.avatar_scene_node', 'gclient.gamesystem.uihall.hall_space_setting_red_dot_only_comp', 'gclient.gamesystem.uihall.ui_personal_space.hall_space_head_change', 'gclient.gameplay.logic_base.ui.hud_game_scene_effect_window', 'gclient.framework.entities.hall_space', 'gclient.gamesystem.uihall.activity.football_activity.world_cup_win_tickets_window', 'gclient.gameplay.logic_base.entities.space_airship', 'gclient.gameplay.logic_base.entities.cspace_snare', 'gclient.data.football_physics_data', 'gclient.gamesystem.uihall.ui_dlc_center.dlc_storage_space_confirm', 'gclient.gamesystem.uihall.ui_personal_space.hall_space_credit_window', 'gclient.gameplay.logic_peekaboo.ui.peekaboo_space_scoreboard_comp', 'gclient.gamesystem.uihall.ui_personal_space.space_arms_race_calculaton_copm', 'gclient.gamesystem.uihall.ui_personal_space.space_moba_calculation_comp', 'gclient.gamesystem.uihall.ui_personal_space.space_grand_theft_calculation_comp', 'gclient.gamesystem.uihall.ui_personal_space.space_lock_down_calculation_comp', 'gclient.gamesystem.uihall.ui_personal_space.space_hotspot_calculation_comp', 'gclient.gamesystem.uihall.ui_personal_space.space_blasting_calculation_comp', 'gclient.gamesystem.uihall.ui_personal_space.space_football_calculation_comp', 'gclient.gamesystem.uihall.ui_personal_space.space_squadfight_calculation_comp', 'gclient.gamesystem.uihall.ui_personal_space.hall_player_combat_record_comp', 'gclient.gamesystem.uihall.ui_personal_space.hall_space_kill_moments_window', 'gclient.gamesystem.uihall.ui_personal_space.player_achievement_model', 'gclient.gamesystem.uihall.ui_personal_space.space_player_achievement_window', 'gclient.gamesystem.uihall.ui_personal_space.hall_personal_space_comp']
loaded MPhysics matches=['EPhysicsMaterialCombineType', 'EPhysicsMotionType', 'GetMaxPhysicsTicksPerFrame', 'GetPhysicsBPSwitch', 'GetPhysicsStepDelta', 'SetEnablePhysicsTracy', 'SetMaxPhysicsTicksPerFrame', 'SetPhysicsBPSwitch', 'SetPhysicsStepDelta']
loaded gshare.space_inquiry matches=['SpaceInquiry', 'space_data']
loaded gclient.gamesystem.uihall.ui_personal_space matches=['hall_personal_space_comp', 'hall_space_credit_window', 'hall_space_head_change', 'hall_space_kill_moments_window', 'space_arms_race_calculaton_copm', 'space_blasting_calculation_comp', 'space_football_calculation_comp', 'space_grand_theft_calculation_comp', 'space_hotspot_calculation_comp', 'space_lock_down_calculation_comp', 'space_moba_calculation_comp', 'space_player_achievement_window', 'space_squadfight_calculation_comp']
loaded gclient.gameplay.logic_base.entities.cbiological_ray matches=['BiologicalRay', 'FP_RAY_EFFECT_OFFSET', 'RAY_EFFECT_ID_ALLY', 'RAY_EFFECT_ID_ENEMY', 'RAY_SOUND']
loaded gclient.gameplay.logic_base.spell.spell_core.mega_biological_ray_spell matches=['FP_RAY_EFFECT_OFFSET', 'RAY_EFFECT_ID_ALLY', 'RAY_SOUND']
loaded gclient.gameplay.logic_base.spell.spell_core.space_teleport_spell matches=['SpaceTeleportPreviewEffect']
loaded SunshineSDK.Custom.Entity.Vehicle.PhysicsMaterialConfig matches=['PhysicsMaterialConfig']
loaded SunshineSDK.Custom.Entity.Vehicle.PhysicsShapeConfig matches=['PhysicsShapeConfig']
loaded SunshineSDK.Custom.Editor.EditorMeta.vehicle.PhysicsMaterialConfigMeta matches=['PArray', 'PFixArray', 'PObjectArray', 'PhysicsMaterialConfigMeta']
loaded SunshineSDK.Custom.Editor.EditorMeta.vehicle.PhysicsShapeConfigMeta matches=['MArray', 'MPhysics', 'PArray', 'PFixArray', 'PObjectArray', 'PhysicsShapeConfigMeta']
loaded gclient.framework.commoncomps.space_giant_entity_comp matches=['SpaceGiantEntityComp']
loaded gclient.framework.commoncomps.space_high_value_item_comp matches=['SpaceHighValueItemComp']
loaded gclient.framework.commoncomps.space_level_comp matches=['SpaceLevelComp']
loaded client.ClientSpace matches=['ClientSpace', 'SpaceClass']
loaded gclient.framework.commoncomps.space_weather_comp matches=['SpaceWeatherComp']
loaded gclient.framework.commoncomps.space_vehicle_cache_comp matches=['SpaceVehicleCacheComp']
loaded gclient.framework.commoncomps.space_water_trigger matches=['SpaceWaterTriggerComp']
loaded gclient.framework.entities.space matches=['ClientSpace', 'CombatSpacePerformanceComponent', 'SeamlessSpaceLoader', 'Space', 'SpaceClass', 'SpaceGiantEntityComp', 'SpaceHighValueItemComp', 'SpaceLevelComp', 'SpaceLoader', 'SpacePrincipleRoleMgr', 'SpacePrincipleRoleModifier', 'SpaceStateCached', 'SpaceStateEmpty', 'SpaceStateLoaded', 'SpaceStateLoading', 'SpaceVehicleCacheComp', 'SpaceWaterTriggerComp', 'SpaceWeatherComp', 'TAG_SPACE', 'space_data']
loaded gclient.gameplay.logic_base.entities.combatavatarmembers.cimp_space matches=['HumanoidMonsterSpace', 'SPACE_HEIGH_EXTRA_FOCUS_DISTANCES']
loaded gclient.gameplay.logic_base.entities.combatavatarmembers.cimp_space_black_hole matches=['SPACE_BLACK_HOLE_ACTIVE_ENTITY_GRACE', 'SPACE_BLACK_HOLE_LOCAL_EFFECT_ID', 'SPACE_BLACK_HOLE_SKILL_ID', 'SPACE_BLACK_HOLE_TARGET_HIT_RADIUS', 'SpaceBlackHoleLocalCarrier']
loaded gclient.ui.common.head_frame_to_personal_space_node matches=['DirectToSpaceHeadNode']
loaded gclient.gamesystem.uihall.ui_personal_space.hall_space_head_change matches=['SpaceHeadChangeWindow']
loaded gclient.framework.entities.hall_space matches=['ClientSpace', 'HallSpace', 'HallSpaceCameraModifier', 'HallSpaceLoader', 'HallSpacePrincipleRoleModifier', 'HallSpaceStateCached', 'HallSpaceStateEmpty', 'HallSpaceStateLoaded', 'HallSpaceStateLoading', 'SeamlessSpaceLoader', 'SpaceLoader', 'SpaceStateCached', 'SpaceStateEmpty', 'SpaceStateLoaded', 'SpaceStateLoading', 'traceback']
loaded gclient.gameplay.logic_base.entities.space_airship matches=['SpaceAirship', 'SpaceAirshipModelComp']
loaded gclient.gameplay.logic_base.entities.cspace_snare matches=['SpaceSnare', 'SpaceSnareModel']
loaded gclient.gamesystem.uihall.ui_dlc_center.dlc_storage_space_confirm matches=['DLC_STORAGE_SPACE_CONFIRM_NO_REMIND_DAYS_DEFAULT', 'DlcStorageSpaceConfirmListener', 'DlcStorageSpaceConfirmWindow', 'GetDlcStorageSpaceConfirmContent', 'GetDlcStorageSpaceNoRemindDays', 'GetDlcStorageSpaceNoRemindText', 'GetDlcStorageSpaceNoRemindTime', 'InitDlcStorageSpaceConfirmListener', 'IsDlcStorageSpaceConfirmScene', 'NeedShowDlcStorageSpaceConfirm', 'StartDlcStorageSpaceConfirm', '_SPACE_NOT_ENOUGH_ROW_ID', 'dlc_space_data']
loaded gclient.gamesystem.uihall.ui_personal_space.hall_space_credit_window matches=['SpaceCreditWindow', 'space_data']
loaded gclient.gameplay.logic_peekaboo.ui.peekaboo_space_scoreboard_comp matches=['SpacePeekabooScoreBoardComp', 'space_data']
loaded gclient.gamesystem.uihall.ui_personal_space.space_arms_race_calculaton_copm matches=['SpaceArmsRaceScoreBoardComp', 'space_data']
loaded gclient.gamesystem.uihall.ui_personal_space.space_moba_calculation_comp matches=['SpaceCommonDetailNode', 'SpaceMobaCalculationComp', 'SpaceNodeBtnLikeComp']
loaded gclient.gamesystem.uihall.ui_personal_space.space_grand_theft_calculation_comp matches=['SpaceCommonDetailNode', 'SpaceGrandTheftCalculationComp', 'SpaceMobaCalculationComp']
loaded gclient.gamesystem.uihall.ui_personal_space.space_lock_down_calculation_comp matches=['SpaceCommonDetailNode', 'SpaceLockDownCalculationComp', 'SpaceLockDownDetailNode', 'SpaceLockDownScoreBoardComp', 'SpaceMobaCalculationComp', 'space_data']
loaded gclient.gamesystem.uihall.ui_personal_space.space_hotspot_calculation_comp matches=['SpaceBigHeadCalculationComp', 'SpaceDesperadoCalculationComp', 'SpaceHotSpotCalculationComp', 'SpaceOverLoadCalculationComp', 'SpaceSnipeModeCalculationComp', 'SpaceUIRoleNode', 'SpaceUIScoreDetailNode']
loaded gclient.gamesystem.uihall.ui_personal_space.space_blasting_calculation_comp matches=['SpaceBlastingCalComp', 'SpaceUIRoleNodeBlasting', 'SpaceUIScoreDetailNodeBlasting', 'space_data']
loaded gclient.gamesystem.uihall.ui_personal_space.space_football_calculation_comp matches=['SpaceFootballCalComp', 'SpaceFootballRoleNode', 'SpaceFootballScoreDetailNode', 'space_data']
loaded gclient.gamesystem.uihall.ui_personal_space.space_squadfight_calculation_comp matches=['SpaceSquadfightCalComp', 'SpaceUIRoleNodeSquadFight', 'SpaceUIScoreDetailNodeSquadFight', 'space_data']
loaded gclient.gamesystem.uihall.ui_personal_space.hall_player_combat_record_comp matches=['SpaceArmsRaceScoreBoardComp', 'SpaceBigHeadCalculationComp', 'SpaceBlastingCalComp', 'SpaceCombatRecordWindow', 'SpaceDesperadoCalculationComp', 'SpaceFootballCalComp', 'SpaceGrandTheftCalculationComp', 'SpaceHotSpotCalculationComp', 'SpaceLockDownCalculationComp', 'SpaceMobaCalculationComp', 'SpaceOverLoadCalculationComp', 'SpacePeekabooScoreBoardComp', 'SpaceSnipeModeCalculationComp', 'SpaceSquadfightCalComp', 'space_data']
loaded gclient.gamesystem.uihall.ui_personal_space.hall_space_kill_moments_window matches=['HallSpaceKillMomentsWindow', 'space_data']
loaded gclient.gamesystem.uihall.ui_personal_space.space_player_achievement_window matches=['SpacePlayerAchievementWindow']
loaded gclient.gamesystem.uihall.ui_personal_space.hall_personal_space_comp matches=['HallSpaceKillMomentsWindow', 'PersonalSpaceComp', 'SpaceCombatRecordWindow', 'SpaceCreditWindow', 'SpaceLbsRankingPromptComp', 'SpacePlayerAchievementWindow']
Space import ERROR=ModuleNotFoundError("No module named 'Space'")
Physics import ERROR=ModuleNotFoundError("No module named 'Physics'")
MPhysics type=<class 'module'>
MPhysics.GetMaxPhysicsTicksPerFrame sig=(self, /) doc=None repr=<built-in function GetMaxPhysicsTicksPerFrame>
MPhysics.GetPhysicsBPSwitch sig=(self, /) doc=None repr=<built-in function GetPhysicsBPSwitch>
MPhysics.GetPhysicsStepDelta sig=(self, /) doc=None repr=<built-in function GetPhysicsStepDelta>
MPhysics.SetEnablePhysicsTracy sig=(self, object, /) doc=None repr=<built-in function SetEnablePhysicsTracy>
MPhysics.SetMaxPhysicsTicksPerFrame sig=(self, object, /) doc=None repr=<built-in function SetMaxPhysicsTicksPerFrame>
MPhysics.SetPhysicsBPSwitch sig=(self, object, /) doc=None repr=<built-in function SetPhysicsBPSwitch>
MPhysics.SetPhysicsStepDelta sig=(self, object, /) doc=None repr=<built-in function SetPhysicsStepDelta>
MEngine type=<class 'module'>
MEngine.GetPhysicsVersion sig=(self, /) doc=None repr=<built-in function GetPhysicsVersion>
SpaceClass=<class 'gclient.framework.entities.space.Space'>
SpaceClass.AddPhysicsPostTick sig=(self, func) repr=<function Space.AddPhysicsPostTick at 0x00000259CFC671C0>
SpaceClass.AddSpaceCameraEffect sig=(self, effect_id, keep_time=-1) repr=<function Space.AddSpaceCameraEffect at 0x00000259CFC6F690>
SpaceClass.AddSpacePostTick sig=(self, func) repr=<function Space.AddSpacePostTick at 0x00000259CFC673D0>
SpaceClass.AllRaycast sig=(self, frm, dist, filter_info, to_pos=None, to_dir=None) repr=<function Space.AllRaycast at 0x00000259CFC6C670>
SpaceClass.AllRaycastBothway sig=(self, frm, dist, filter_info, to_pos=None, to_dir=None) repr=<function Space.AllRaycastBothway at 0x00000259CFC6C720>
SpaceClass.CheckReuseForSpaceLoaded sig=(self) repr=<function Space.CheckReuseForSpaceLoaded at 0x00000259CFC66980>
SpaceClass.ClosestRaycast sig=(self, frm, to_pos, filter_info, with_trigger=True) repr=<function Space.ClosestRaycast at 0x00000259CFC6C5C0>
SpaceClass.ClosestRaycastBone sig=(self, frm, to_pos, exclude_skeleton=None) repr=<function Space.ClosestRaycastBone at 0x00000259CFC6C7D0>
SpaceClass.DrawRay sig=(self, start_pos, end_pos, reset=True, color=(1, 1, 1)) repr=<function Space.DrawRay at 0x00000259CFC6CE00>
SpaceClass.GetPhysicsShapeWrapper sig=(self) repr=<function Space.GetPhysicsShapeWrapper at 0x00000259CFC6DE80>
SpaceClass.HotfixPhysicsByAirWall sig=(self) repr=<function Space.HotfixPhysicsByAirWall at 0x00000259CFC6F480>
SpaceClass.LoadSpaceWorldData sig=(self, data_name) repr=<function Space.LoadSpaceWorldData at 0x00000259CFC67690>
SpaceClass.OnPhysicsPostTick sig=(self, dtime, timeRemained) repr=<function Space.OnPhysicsPostTick at 0x00000259CFC67320>
SpaceClass.OnPlayerBecomeZombieSpace sig=(self, *args) repr=<function SpaceHighValueItemComp.OnPlayerBecomeZombieSpace at 0x00000259C9638930>
SpaceClass.OnPlayerCombatAvatarCreateSpace sig=(self, *args) repr=<function SpaceHighValueItemComp.OnPlayerCombatAvatarCreateSpace at 0x00000259C9638B40>
SpaceClass.OnReaplayPlayerBecomeZombieSpace sig=(self, *args) repr=<function SpaceHighValueItemComp.OnReaplayPlayerBecomeZombieSpace at 0x00000259C96389E0>
SpaceClass.OnReplayPlayerCreatedSpace sig=(self, *args) repr=<function SpaceHighValueItemComp.OnReplayPlayerCreatedSpace at 0x00000259C9638A90>
SpaceClass.OnSpacePostTick sig=(self, dtime) repr=<function Space.OnSpacePostTick at 0x00000259CFC67530>
SpaceClass.RawRaycast sig=(self, frm, dist, filter_info, with_trigger=True, to_pos=None, to_dir=None) repr=<function Space.RawRaycast at 0x00000259CFC6C510>
SpaceClass.RaycastBoneWithPenetrate sig=(self, frm, to_pos, exclude_skeleton=None) repr=<function Space.RaycastBoneWithPenetrate at 0x00000259CFC6C9E0>
SpaceClass.RaycastBoneWithPenetrateBothway sig=(self, frm, to_pos, exclude_skeleton=None) repr=<function Space.RaycastBoneWithPenetrateBothway at 0x00000259CFC6CA90>
SpaceClass.RaycastWithPenetrate sig=(self, frm, dist, filter_info, with_trigger=True, to_pos=None, to_dir=None, penetrate_info=None) repr=<function Space.RaycastWithPenetrate at 0x00000259CFC6CB40>
SpaceClass.RemovePhysicsPostTick sig=(self, func) repr=<function Space.RemovePhysicsPostTick at 0x00000259CFC67270>
SpaceClass.RemoveSpaceCameraEffect sig=(self, effect_id, immediately=True) repr=<function Space.RemoveSpaceCameraEffect at 0x00000259CFC6F5E0>
SpaceClass.RemoveSpacePostTick sig=(self, func) repr=<function Space.RemoveSpacePostTick at 0x00000259CFC67480>
SpaceClass.UnloadSpaceWorldData sig=(self, data_name) repr=<function Space.UnloadSpaceWorldData at 0x00000259CFC67740>
SpaceClass._CheckReuseForSpaceLoadedFunc sig=(self, time_stamp) repr=<function Space._CheckReuseForSpaceLoadedFunc at 0x00000259CFC66A30>
space_instances=3 [<Space(anFqwksxNr+4xf6Y)>, <Space(anFjs0sxNr+4xEqN)(D)>, <Space(anE8/EsxNr+4ux83)(D)>]
space_instance attrs=['AddPhysicsPostTick', 'AddSpaceCameraEffect', 'AddSpacePostTick', 'AllRaycast', 'AllRaycastBothway', 'CheckReuseForSpaceLoaded', 'ClosestRaycast', 'ClosestRaycastBone', 'DrawRay', 'GetPhysicsShapeWrapper', 'HotfixPhysicsByAirWall', 'LoadSpaceWorldData', 'MOBA_SPACENOS', 'OnPhysicsPostTick', 'OnPlayerBecomeZombieSpace', 'OnPlayerCombatAvatarCreateSpace', 'OnReaplayPlayerBecomeZombieSpace', 'OnReplayPlayerCreatedSpace', 'OnSpacePostTick', 'RawRaycast', 'RaycastBoneWithPenetrate', 'RaycastBoneWithPenetrateBothway', 'RaycastWithPenetrate', 'RemovePhysicsPostTick', 'RemoveSpaceCameraEffect', 'RemoveSpacePostTick', 'UnloadSpaceWorldData', '_CheckReuseForSpaceLoadedFunc', 'physics_shape_wrap', 'physics_tick_inloop', 'physics_tick_pending', 'physics_tickers', 'space_camera_effect_ids', 'space_principle_role_mgr', 'space_tick_inloop', 'space_tick_pending', 'space_tickers', 'spaceno', 'tmp_sky_god_ray']
space_instance attrs=['AddPhysicsPostTick', 'AddSpaceCameraEffect', 'AddSpacePostTick', 'AllRaycast', 'AllRaycastBothway', 'CheckReuseForSpaceLoaded', 'ClosestRaycast', 'ClosestRaycastBone', 'DrawRay', 'GetPhysicsShapeWrapper', 'HotfixPhysicsByAirWall', 'LoadSpaceWorldData', 'MOBA_SPACENOS', 'OnPhysicsPostTick', 'OnPlayerBecomeZombieSpace', 'OnPlayerCombatAvatarCreateSpace', 'OnReaplayPlayerBecomeZombieSpace', 'OnReplayPlayerCreatedSpace', 'OnSpacePostTick', 'RawRaycast', 'RaycastBoneWithPenetrate', 'RaycastBoneWithPenetrateBothway', 'RaycastWithPenetrate', 'RemovePhysicsPostTick', 'RemoveSpaceCameraEffect', 'RemoveSpacePostTick', 'UnloadSpaceWorldData', '_CheckReuseForSpaceLoadedFunc']
ray target=PlayerCombatAvatarShootingRange(anFrBksxNr+4xgul) camera=<-16.5050, 1.5435, -6.7739> head=<-16.6631, 1.5232, -6.8224> entity_space_attrs=[('ClearInactiveSpaceBlackHoleItemFsm', '<bound method CombatAvatarMember.ClearInactiveSpaceBlackHoleItemFsm of <PlayerCombatAvatarShootingRange(anFrBksxNr+4xgul)>>'), ('ClearSpaceBlackHoleItemClientState', '<bound method CombatAvatarMember.ClearSpaceBlackHoleItemClientState of <PlayerCombatAvatarShootingRange(anFrBksxNr+4xgul)>>'), ('ClearSpaceBlackHoleItemFsm', '<bound method CombatAvatarMember.ClearSpaceBlackHoleItemFsm of <PlayerCombatAvatarShootingRange(anFrBksxNr+4xgul)>>'), ('ClearSpaceBlackHoleLocalCarrier', '<bound method CombatAvatarMember.ClearSpaceBlackHoleLocalCarrier of <PlayerCombatAvatarShootingRange(anFrBksxNr+4xgul)>>'), ('ClearSpaceBlackHoleSkillActive', '<bound method CombatAvatarMember.ClearSpaceBlackHoleSkillActive of <PlayerCombatAvatarShootingRange(anFrBksxNr+4xgul)>>'), ('ClearSpaceBlackHoleSkillActiveForTeardown', '<bound method CombatAvatarMember.ClearSpaceBlackHoleSkillActiveForTeardown of <PlayerCombatAvatarShootingRange(anFrBksxNr+4xgul)>>'), ('ClearSpaceBlackHoleSkillActiveState', '<bound method CombatAvatarMember.ClearSpaceBlackHoleSkillActiveState of <PlayerCombatAvatarShootingRange(anFrBksxNr+4xgul)>>'), ('ClearSpaceTeleportPreviewLine', '<bound method PlayerCombatAvatarMember.ClearSpaceTeleportPreviewLine of <PlayerCombatAvatarShootingRange(anFrBksxNr+4xgul)>>'), ('ExplodeSpaceBlackHoleLocalCarrier', '<bound method CombatAvatarMember.ExplodeSpaceBlackHoleLocalCarrier of <PlayerCombatAvatarShootingRange(anFrBksxNr+4xgul)>>'), ('GetActiveSpaceBlackHoleEntity', '<bound method CombatAvatarMember.GetActiveSpaceBlackHoleEntity of <PlayerCombatAvatarShootingRange(anFrBksxNr+4xgul)>>'), ('GetSpaceBlackHoleItemGuids', '<bound method CombatAvatarMember.GetSpaceBlackHoleItemGuids of <PlayerCombatAvatarShootingRange(anFrBksxNr+4xgul)>>'), ('GetSpaceBlackHoleLocalCarrier', '<bound method CombatAvatarMember.GetSpaceBlackHoleLocalCarrier of <PlayerCombatAvatarShootingRange(anFrBksxNr+4xgul)>>'), ('HasActiveSpaceBlackHoleSkill', '<bound method CombatAvatarMember.HasActiveSpaceBlackHoleSkill of <PlayerCombatAvatarShootingRange(anFrBksxNr+4xgul)>>'), ('HasSpaceBlackHoleLocalCarrier', '<bound method CombatAvatarMember.HasSpaceBlackHoleLocalCarrier of <PlayerCombatAvatarShootingRange(anFrBksxNr+4xgul)>>'), ('IsItemSpaceSnare', 'False'), ('OnInputSpaceTeleportSkillRelease', '<bound method PlayerCombatAvatarMember.OnInputSpaceTeleportSkillRelease of <PlayerCombatAvatarShootingRange(anFrBksxNr+4xgul)>>'), ('OnSpaceBlackHoleSkillActiveTimeout', '<bound method CombatAvatarMember.OnSpaceBlackHoleSkillActiveTimeout of <PlayerCombatAvatarShootingRange(anFrBksxNr+4xgul)>>'), ('PlaySpaceGemBeamEffectAt', '<bound method CombatAvatarMember.PlaySpaceGemBeamEffectAt of <PlayerCombatAvatarShootingRange(anFrBksxNr+4xgul)>>'), ('PlaySpaceTeleportEffectAt', '<bound method CombatAvatarMember.PlaySpaceTeleportEffectAt of <PlayerCombatAvatarShootingRange(anFrBksxNr+4xgul)>>'), ('RefreshSpaceBlackHoleSkillActive', '<bound method CombatAvatarMember.RefreshSpaceBlackHoleSkillActive of <PlayerCombatAvatarShootingRange(anFrBksxNr+4xgul)>>')]
ray space=Space(anFqwksxNr+4xf6Y) hit_type=<class 'RaycastBoneResult'> hit=<RaycastBoneResult object at 0x00000259F939CC40> hit_attrs=['Body', 'IsHit', 'MaterialTypeId', 'Normal', 'Pos', 'actor', 'hitNormal', 'hitPos', 'name']
ray space=Space(anFjs0sxNr+4xEqN)(D) hit_type=<class 'RaycastBoneResult'> hit=<RaycastBoneResult object at 0x00000259E1A0C940> hit_attrs=['Body', 'IsHit', 'MaterialTypeId', 'Normal', 'Pos', 'actor', 'hitNormal', 'hitPos', 'name']
ray space=Space(anE8/EsxNr+4ux83)(D) hit_type=<class 'RaycastBoneResult'> hit=<RaycastBoneResult object at 0x00000259D7E58600> hit_attrs=['Body', 'IsHit', 'MaterialTypeId', 'Normal', 'Pos', 'actor', 'hitNormal', 'hitPos', 'name']
ray target=RobotCombatAvatarShootingRange(anFqwksxNr+4xf6p) camera=<-16.5050, 1.5435, -6.7739> head=<16.2594, 1.5756, -1.3340> entity_space_attrs=[('ClearInactiveSpaceBlackHoleItemFsm', '<bound method CombatAvatarMember.ClearInactiveSpaceBlackHoleItemFsm of <RobotCombatAvatarShootingRange(anFqwksxNr+4xf6p)>>'), ('ClearSpaceBlackHoleItemClientState', '<bound method CombatAvatarMember.ClearSpaceBlackHoleItemClientState of <RobotCombatAvatarShootingRange(anFqwksxNr+4xf6p)>>'), ('ClearSpaceBlackHoleItemFsm', '<bound method CombatAvatarMember.ClearSpaceBlackHoleItemFsm of <RobotCombatAvatarShootingRange(anFqwksxNr+4xf6p)>>'), ('ClearSpaceBlackHoleLocalCarrier', '<bound method CombatAvatarMember.ClearSpaceBlackHoleLocalCarrier of <RobotCombatAvatarShootingRange(anFqwksxNr+4xf6p)>>'), ('ClearSpaceBlackHoleSkillActive', '<bound method CombatAvatarMember.ClearSpaceBlackHoleSkillActive of <RobotCombatAvatarShootingRange(anFqwksxNr+4xf6p)>>'), ('ClearSpaceBlackHoleSkillActiveForTeardown', '<bound method CombatAvatarMember.ClearSpaceBlackHoleSkillActiveForTeardown of <RobotCombatAvatarShootingRange(anFqwksxNr+4xf6p)>>'), ('ClearSpaceBlackHoleSkillActiveState', '<bound method CombatAvatarMember.ClearSpaceBlackHoleSkillActiveState of <RobotCombatAvatarShootingRange(anFqwksxNr+4xf6p)>>'), ('ExplodeSpaceBlackHoleLocalCarrier', '<bound method CombatAvatarMember.ExplodeSpaceBlackHoleLocalCarrier of <RobotCombatAvatarShootingRange(anFqwksxNr+4xf6p)>>'), ('GetActiveSpaceBlackHoleEntity', '<bound method CombatAvatarMember.GetActiveSpaceBlackHoleEntity of <RobotCombatAvatarShootingRange(anFqwksxNr+4xf6p)>>'), ('GetSpaceBlackHoleItemGuids', '<bound method CombatAvatarMember.GetSpaceBlackHoleItemGuids of <RobotCombatAvatarShootingRange(anFqwksxNr+4xf6p)>>'), ('GetSpaceBlackHoleLocalCarrier', '<bound method CombatAvatarMember.GetSpaceBlackHoleLocalCarrier of <RobotCombatAvatarShootingRange(anFqwksxNr+4xf6p)>>'), ('HasActiveSpaceBlackHoleSkill', '<bound method CombatAvatarMember.HasActiveSpaceBlackHoleSkill of <RobotCombatAvatarShootingRange(anFqwksxNr+4xf6p)>>'), ('HasSpaceBlackHoleLocalCarrier', '<bound method CombatAvatarMember.HasSpaceBlackHoleLocalCarrier of <RobotCombatAvatarShootingRange(anFqwksxNr+4xf6p)>>'), ('IsItemSpaceSnare', 'False'), ('OnSpaceBlackHoleSkillActiveTimeout', '<bound method CombatAvatarMember.OnSpaceBlackHoleSkillActiveTimeout of <RobotCombatAvatarShootingRange(anFqwksxNr+4xf6p)>>'), ('PlaySpaceGemBeamEffectAt', '<bound method CombatAvatarMember.PlaySpaceGemBeamEffectAt of <RobotCombatAvatarShootingRange(anFqwksxNr+4xf6p)>>'), ('PlaySpaceTeleportEffectAt', '<bound method CombatAvatarMember.PlaySpaceTeleportEffectAt of <RobotCombatAvatarShootingRange(anFqwksxNr+4xf6p)>>'), ('RefreshSpaceBlackHoleSkillActive', '<bound method CombatAvatarMember.RefreshSpaceBlackHoleSkillActive of <RobotCombatAvatarShootingRange(anFqwksxNr+4xf6p)>>'), ('RestoreSpaceBlackHoleSkillActive', '<bound method CombatAvatarMember.RestoreSpaceBlackHoleSkillActive of <RobotCombatAvatarShootingRange(anFqwksxNr+4xf6p)>>'), ('SetSpaceBlackHoleSkillActive', '<bound method CombatAvatarMember.SetSpaceBlackHoleSkillActive of <RobotCombatAvatarShootingRange(anFqwksxNr+4xf6p)>>')]
ray space=Space(anFqwksxNr+4xf6Y) hit_type=<class 'RaycastBoneResult'> hit=<RaycastBoneResult object at 0x00000259F939D980> hit_attrs=['Body', 'IsHit', 'MaterialTypeId', 'Normal', 'Pos', 'actor', 'hitNormal', 'hitPos', 'name']
ray space=Space(anFjs0sxNr+4xEqN)(D) hit_type=<class 'RaycastBoneResult'> hit=<RaycastBoneResult object at 0x0000025A032C8600> hit_attrs=['Body', 'IsHit', 'MaterialTypeId', 'Normal', 'Pos', 'actor', 'hitNormal', 'hitPos', 'name']
ray space=Space(anE8/EsxNr+4ux83)(D) hit_type=<class 'RaycastBoneResult'> hit=<RaycastBoneResult object at 0x00000259E1A0CD00> hit_attrs=['Body', 'IsHit', 'MaterialTypeId', 'Normal', 'Pos', 'actor', 'hitNormal', 'hitPos', 'name']
loaded_modules=['MPhysics', 'gshare.space_inquiry', 'gclient.framework.ui.widgets.ui_scene', 'gclient.data.bomb_physics_data', 'gclient.data.dlc_space_data', 'gclient.data.space_data', 'gclient.data.scene_node_base_data', 'gclient.data.scene_node_diff_data', 'gclient.data.scene_node_data', 'gclient.framework.entities.avatarmembers.cimp_space', 'gclient.gamesystem.uihall.ui_personal_space', 'gclient.gamesystem.uihall.ui_personal_space.profilephoto_reddot_mgr', 'gclient.data.sight_spacer_data', 'gclient.gameplay.logic_base.entities.cbiological_ray', 'gclient.gameplay.logic_base.spell.spell_core.mega_biological_ray_spell', 'gclient.gameplay.logic_base.spell.spell_core.space_gem_beam_spell', 'gclient.gameplay.logic_base.spell.spell_core.space_teleport_spell', 'gclient.gameplay.logic_base.spell.spell_core.space_black_hole_spell', 'SunshineSDK.Custom.Entity.Vehicle.PhysicsMaterialConfig', 'SunshineSDK.Custom.Entity.Vehicle.PhysicsShapeConfig', 'SunshineSDK.Custom.Editor.EditorMeta.vehicle.PhysicsMaterialConfigMeta', 'SunshineSDK.Custom.Editor.EditorMeta.vehicle.PhysicsShapeConfigMeta', 'gclient.framework.commoncomps.space_giant_entity_comp', 'gclient.framework.commoncomps.space_high_value_item_comp', 'gclient.framework.commoncomps.space_level_comp', 'client.ClientSpace', 'gclient.data.world_field_rank_data', 'gclient.framework.commoncomps.space_weather_comp', 'gclient.framework.commoncomps.space_vehicle_cache_comp', 'gclient.framework.commoncomps.space_water_trigger', 'gclient.framework.entities.space', 'gclient.gameplay.logic_base.entities.panpan_world_model', 'gclient.gameplay.logic_base.entities.combatavatarmembers.cimp_space', 'gclient.gameplay.logic_base.entities.combatavatarmembers.cimp_space_black_hole', 'gclient.gameplay.logic_base.entities.combatavatarmembers.cimp_world_field', 'gclient.ui.common.head_frame_to_personal_space_node', 'gclient.gameplay.logic_base.comps.avatar_scene_node', 'gclient.gamesystem.uihall.hall_space_setting_red_dot_only_comp', 'gclient.gamesystem.uihall.ui_personal_space.hall_space_head_change', 'gclient.gameplay.logic_base.ui.hud_game_scene_effect_window', 'gclient.framework.entities.hall_space', 'gclient.gamesystem.uihall.activity.football_activity.world_cup_win_tickets_window', 'gclient.gameplay.logic_base.entities.space_airship', 'gclient.gameplay.logic_base.entities.cspace_snare', 'gclient.data.football_physics_data', 'gclient.gamesystem.uihall.ui_dlc_center.dlc_storage_space_confirm', 'gclient.gamesystem.uihall.ui_personal_space.hall_space_credit_window', 'gclient.gameplay.logic_peekaboo.ui.peekaboo_space_scoreboard_comp', 'gclient.gamesystem.uihall.ui_personal_space.space_arms_race_calculaton_copm', 'gclient.gamesystem.uihall.ui_personal_space.space_moba_calculation_comp', 'gclient.gamesystem.uihall.ui_personal_space.space_grand_theft_calculation_comp', 'gclient.gamesystem.uihall.ui_personal_space.space_lock_down_calculation_comp', 'gclient.gamesystem.uihall.ui_personal_space.space_hotspot_calculation_comp', 'gclient.gamesystem.uihall.ui_personal_space.space_blasting_calculation_comp', 'gclient.gamesystem.uihall.ui_personal_space.space_football_calculation_comp', 'gclient.gamesystem.uihall.ui_personal_space.space_squadfight_calculation_comp', 'gclient.gamesystem.uihall.ui_personal_space.hall_player_combat_record_comp', 'gclient.gamesystem.uihall.ui_personal_space.hall_space_kill_moments_window', 'gclient.gamesystem.uihall.ui_personal_space.player_achievement_model', 'gclient.gamesystem.uihall.ui_personal_space.space_player_achievement_window', 'gclient.gamesystem.uihall.ui_personal_space.hall_personal_space_comp']
loaded MPhysics matches=['EPhysicsMaterialCombineType', 'EPhysicsMotionType', 'GetMaxPhysicsTicksPerFrame', 'GetPhysicsBPSwitch', 'GetPhysicsStepDelta', 'SetEnablePhysicsTracy', 'SetMaxPhysicsTicksPerFrame', 'SetPhysicsBPSwitch', 'SetPhysicsStepDelta']
loaded gshare.space_inquiry matches=['SpaceInquiry', 'space_data']
loaded gclient.gamesystem.uihall.ui_personal_space matches=['hall_personal_space_comp', 'hall_space_credit_window', 'hall_space_head_change', 'hall_space_kill_moments_window', 'space_arms_race_calculaton_copm', 'space_blasting_calculation_comp', 'space_football_calculation_comp', 'space_grand_theft_calculation_comp', 'space_hotspot_calculation_comp', 'space_lock_down_calculation_comp', 'space_moba_calculation_comp', 'space_player_achievement_window', 'space_squadfight_calculation_comp']
loaded gclient.gameplay.logic_base.entities.cbiological_ray matches=['BiologicalRay', 'FP_RAY_EFFECT_OFFSET', 'RAY_EFFECT_ID_ALLY', 'RAY_EFFECT_ID_ENEMY', 'RAY_SOUND']
loaded gclient.gameplay.logic_base.spell.spell_core.mega_biological_ray_spell matches=['FP_RAY_EFFECT_OFFSET', 'RAY_EFFECT_ID_ALLY', 'RAY_SOUND']
loaded gclient.gameplay.logic_base.spell.spell_core.space_teleport_spell matches=['SpaceTeleportPreviewEffect']
loaded SunshineSDK.Custom.Entity.Vehicle.PhysicsMaterialConfig matches=['PhysicsMaterialConfig']
loaded SunshineSDK.Custom.Entity.Vehicle.PhysicsShapeConfig matches=['PhysicsShapeConfig']
loaded SunshineSDK.Custom.Editor.EditorMeta.vehicle.PhysicsMaterialConfigMeta matches=['PArray', 'PFixArray', 'PObjectArray', 'PhysicsMaterialConfigMeta']
loaded SunshineSDK.Custom.Editor.EditorMeta.vehicle.PhysicsShapeConfigMeta matches=['MArray', 'MPhysics', 'PArray', 'PFixArray', 'PObjectArray', 'PhysicsShapeConfigMeta']
loaded gclient.framework.commoncomps.space_giant_entity_comp matches=['SpaceGiantEntityComp']
loaded gclient.framework.commoncomps.space_high_value_item_comp matches=['SpaceHighValueItemComp']
loaded gclient.framework.commoncomps.space_level_comp matches=['SpaceLevelComp']
loaded client.ClientSpace matches=['ClientSpace', 'SpaceClass']
loaded gclient.framework.commoncomps.space_weather_comp matches=['SpaceWeatherComp']
loaded gclient.framework.commoncomps.space_vehicle_cache_comp matches=['SpaceVehicleCacheComp']
loaded gclient.framework.commoncomps.space_water_trigger matches=['SpaceWaterTriggerComp']
loaded gclient.framework.entities.space matches=['ClientSpace', 'CombatSpacePerformanceComponent', 'SeamlessSpaceLoader', 'Space', 'SpaceClass', 'SpaceGiantEntityComp', 'SpaceHighValueItemComp', 'SpaceLevelComp', 'SpaceLoader', 'SpacePrincipleRoleMgr', 'SpacePrincipleRoleModifier', 'SpaceStateCached', 'SpaceStateEmpty', 'SpaceStateLoaded', 'SpaceStateLoading', 'SpaceVehicleCacheComp', 'SpaceWaterTriggerComp', 'SpaceWeatherComp', 'TAG_SPACE', 'space_data']
loaded gclient.gameplay.logic_base.entities.combatavatarmembers.cimp_space matches=['HumanoidMonsterSpace', 'SPACE_HEIGH_EXTRA_FOCUS_DISTANCES']
loaded gclient.gameplay.logic_base.entities.combatavatarmembers.cimp_space_black_hole matches=['SPACE_BLACK_HOLE_ACTIVE_ENTITY_GRACE', 'SPACE_BLACK_HOLE_LOCAL_EFFECT_ID', 'SPACE_BLACK_HOLE_SKILL_ID', 'SPACE_BLACK_HOLE_TARGET_HIT_RADIUS', 'SpaceBlackHoleLocalCarrier']
loaded gclient.ui.common.head_frame_to_personal_space_node matches=['DirectToSpaceHeadNode']
loaded gclient.gamesystem.uihall.ui_personal_space.hall_space_head_change matches=['SpaceHeadChangeWindow']
loaded gclient.framework.entities.hall_space matches=['ClientSpace', 'HallSpace', 'HallSpaceCameraModifier', 'HallSpaceLoader', 'HallSpacePrincipleRoleModifier', 'HallSpaceStateCached', 'HallSpaceStateEmpty', 'HallSpaceStateLoaded', 'HallSpaceStateLoading', 'SeamlessSpaceLoader', 'SpaceLoader', 'SpaceStateCached', 'SpaceStateEmpty', 'SpaceStateLoaded', 'SpaceStateLoading', 'traceback']
loaded gclient.gameplay.logic_base.entities.space_airship matches=['SpaceAirship', 'SpaceAirshipModelComp']
loaded gclient.gameplay.logic_base.entities.cspace_snare matches=['SpaceSnare', 'SpaceSnareModel']
loaded gclient.gamesystem.uihall.ui_dlc_center.dlc_storage_space_confirm matches=['DLC_STORAGE_SPACE_CONFIRM_NO_REMIND_DAYS_DEFAULT', 'DlcStorageSpaceConfirmListener', 'DlcStorageSpaceConfirmWindow', 'GetDlcStorageSpaceConfirmContent', 'GetDlcStorageSpaceNoRemindDays', 'GetDlcStorageSpaceNoRemindText', 'GetDlcStorageSpaceNoRemindTime', 'InitDlcStorageSpaceConfirmListener', 'IsDlcStorageSpaceConfirmScene', 'NeedShowDlcStorageSpaceConfirm', 'StartDlcStorageSpaceConfirm', '_SPACE_NOT_ENOUGH_ROW_ID', 'dlc_space_data']
loaded gclient.gamesystem.uihall.ui_personal_space.hall_space_credit_window matches=['SpaceCreditWindow', 'space_data']
loaded gclient.gameplay.logic_peekaboo.ui.peekaboo_space_scoreboard_comp matches=['SpacePeekabooScoreBoardComp', 'space_data']
loaded gclient.gamesystem.uihall.ui_personal_space.space_arms_race_calculaton_copm matches=['SpaceArmsRaceScoreBoardComp', 'space_data']
loaded gclient.gamesystem.uihall.ui_personal_space.space_moba_calculation_comp matches=['SpaceCommonDetailNode', 'SpaceMobaCalculationComp', 'SpaceNodeBtnLikeComp']
loaded gclient.gamesystem.uihall.ui_personal_space.space_grand_theft_calculation_comp matches=['SpaceCommonDetailNode', 'SpaceGrandTheftCalculationComp', 'SpaceMobaCalculationComp']
loaded gclient.gamesystem.uihall.ui_personal_space.space_lock_down_calculation_comp matches=['SpaceCommonDetailNode', 'SpaceLockDownCalculationComp', 'SpaceLockDownDetailNode', 'SpaceLockDownScoreBoardComp', 'SpaceMobaCalculationComp', 'space_data']
loaded gclient.gamesystem.uihall.ui_personal_space.space_hotspot_calculation_comp matches=['SpaceBigHeadCalculationComp', 'SpaceDesperadoCalculationComp', 'SpaceHotSpotCalculationComp', 'SpaceOverLoadCalculationComp', 'SpaceSnipeModeCalculationComp', 'SpaceUIRoleNode', 'SpaceUIScoreDetailNode']
loaded gclient.gamesystem.uihall.ui_personal_space.space_blasting_calculation_comp matches=['SpaceBlastingCalComp', 'SpaceUIRoleNodeBlasting', 'SpaceUIScoreDetailNodeBlasting', 'space_data']
loaded gclient.gamesystem.uihall.ui_personal_space.space_football_calculation_comp matches=['SpaceFootballCalComp', 'SpaceFootballRoleNode', 'SpaceFootballScoreDetailNode', 'space_data']
loaded gclient.gamesystem.uihall.ui_personal_space.space_squadfight_calculation_comp matches=['SpaceSquadfightCalComp', 'SpaceUIRoleNodeSquadFight', 'SpaceUIScoreDetailNodeSquadFight', 'space_data']
loaded gclient.gamesystem.uihall.ui_personal_space.hall_player_combat_record_comp matches=['SpaceArmsRaceScoreBoardComp', 'SpaceBigHeadCalculationComp', 'SpaceBlastingCalComp', 'SpaceCombatRecordWindow', 'SpaceDesperadoCalculationComp', 'SpaceFootballCalComp', 'SpaceGrandTheftCalculationComp', 'SpaceHotSpotCalculationComp', 'SpaceLockDownCalculationComp', 'SpaceMobaCalculationComp', 'SpaceOverLoadCalculationComp', 'SpacePeekabooScoreBoardComp', 'SpaceSnipeModeCalculationComp', 'SpaceSquadfightCalComp', 'space_data']
loaded gclient.gamesystem.uihall.ui_personal_space.hall_space_kill_moments_window matches=['HallSpaceKillMomentsWindow', 'space_data']
loaded gclient.gamesystem.uihall.ui_personal_space.space_player_achievement_window matches=['SpacePlayerAchievementWindow']
loaded gclient.gamesystem.uihall.ui_personal_space.hall_personal_space_comp matches=['HallSpaceKillMomentsWindow', 'PersonalSpaceComp', 'SpaceCombatRecordWindow', 'SpaceCreditWindow', 'SpaceLbsRankingPromptComp', 'SpacePlayerAchievementWindow']
Space import ERROR=ModuleNotFoundError("No module named 'Space'")
Physics import ERROR=ModuleNotFoundError("No module named 'Physics'")
MPhysics type=<class 'module'>
MPhysics.GetMaxPhysicsTicksPerFrame sig=(self, /) doc=None repr=<built-in function GetMaxPhysicsTicksPerFrame>
MPhysics.GetPhysicsBPSwitch sig=(self, /) doc=None repr=<built-in function GetPhysicsBPSwitch>
MPhysics.GetPhysicsStepDelta sig=(self, /) doc=None repr=<built-in function GetPhysicsStepDelta>
MPhysics.SetEnablePhysicsTracy sig=(self, object, /) doc=None repr=<built-in function SetEnablePhysicsTracy>
MPhysics.SetMaxPhysicsTicksPerFrame sig=(self, object, /) doc=None repr=<built-in function SetMaxPhysicsTicksPerFrame>
MPhysics.SetPhysicsBPSwitch sig=(self, object, /) doc=None repr=<built-in function SetPhysicsBPSwitch>
MPhysics.SetPhysicsStepDelta sig=(self, object, /) doc=None repr=<built-in function SetPhysicsStepDelta>
MEngine type=<class 'module'>
MEngine.GetPhysicsVersion sig=(self, /) doc=None repr=<built-in function GetPhysicsVersion>
SpaceClass=<class 'gclient.framework.entities.space.Space'>
SpaceClass.AddPhysicsPostTick sig=(self, func) repr=<function Space.AddPhysicsPostTick at 0x00000259CFC671C0>
SpaceClass.AddSpaceCameraEffect sig=(self, effect_id, keep_time=-1) repr=<function Space.AddSpaceCameraEffect at 0x00000259CFC6F690>
SpaceClass.AddSpacePostTick sig=(self, func) repr=<function Space.AddSpacePostTick at 0x00000259CFC673D0>
SpaceClass.AllRaycast sig=(self, frm, dist, filter_info, to_pos=None, to_dir=None) repr=<function Space.AllRaycast at 0x00000259CFC6C670>
SpaceClass.AllRaycastBothway sig=(self, frm, dist, filter_info, to_pos=None, to_dir=None) repr=<function Space.AllRaycastBothway at 0x00000259CFC6C720>
SpaceClass.CheckReuseForSpaceLoaded sig=(self) repr=<function Space.CheckReuseForSpaceLoaded at 0x00000259CFC66980>
SpaceClass.ClosestRaycast sig=(self, frm, to_pos, filter_info, with_trigger=True) repr=<function Space.ClosestRaycast at 0x00000259CFC6C5C0>
SpaceClass.ClosestRaycastBone sig=(self, frm, to_pos, exclude_skeleton=None) repr=<function Space.ClosestRaycastBone at 0x00000259CFC6C7D0>
SpaceClass.DrawRay sig=(self, start_pos, end_pos, reset=True, color=(1, 1, 1)) repr=<function Space.DrawRay at 0x00000259CFC6CE00>
SpaceClass.GetPhysicsShapeWrapper sig=(self) repr=<function Space.GetPhysicsShapeWrapper at 0x00000259CFC6DE80>
SpaceClass.HotfixPhysicsByAirWall sig=(self) repr=<function Space.HotfixPhysicsByAirWall at 0x00000259CFC6F480>
SpaceClass.LoadSpaceWorldData sig=(self, data_name) repr=<function Space.LoadSpaceWorldData at 0x00000259CFC67690>
SpaceClass.OnPhysicsPostTick sig=(self, dtime, timeRemained) repr=<function Space.OnPhysicsPostTick at 0x00000259CFC67320>
SpaceClass.OnPlayerBecomeZombieSpace sig=(self, *args) repr=<function SpaceHighValueItemComp.OnPlayerBecomeZombieSpace at 0x00000259C9638930>
SpaceClass.OnPlayerCombatAvatarCreateSpace sig=(self, *args) repr=<function SpaceHighValueItemComp.OnPlayerCombatAvatarCreateSpace at 0x00000259C9638B40>
SpaceClass.OnReaplayPlayerBecomeZombieSpace sig=(self, *args) repr=<function SpaceHighValueItemComp.OnReaplayPlayerBecomeZombieSpace at 0x00000259C96389E0>
SpaceClass.OnReplayPlayerCreatedSpace sig=(self, *args) repr=<function SpaceHighValueItemComp.OnReplayPlayerCreatedSpace at 0x00000259C9638A90>
SpaceClass.OnSpacePostTick sig=(self, dtime) repr=<function Space.OnSpacePostTick at 0x00000259CFC67530>
SpaceClass.RawRaycast sig=(self, frm, dist, filter_info, with_trigger=True, to_pos=None, to_dir=None) repr=<function Space.RawRaycast at 0x00000259CFC6C510>
SpaceClass.RaycastBoneWithPenetrate sig=(self, frm, to_pos, exclude_skeleton=None) repr=<function Space.RaycastBoneWithPenetrate at 0x00000259CFC6C9E0>
SpaceClass.RaycastBoneWithPenetrateBothway sig=(self, frm, to_pos, exclude_skeleton=None) repr=<function Space.RaycastBoneWithPenetrateBothway at 0x00000259CFC6CA90>
SpaceClass.RaycastWithPenetrate sig=(self, frm, dist, filter_info, with_trigger=True, to_pos=None, to_dir=None, penetrate_info=None) repr=<function Space.RaycastWithPenetrate at 0x00000259CFC6CB40>
SpaceClass.RemovePhysicsPostTick sig=(self, func) repr=<function Space.RemovePhysicsPostTick at 0x00000259CFC67270>
SpaceClass.RemoveSpaceCameraEffect sig=(self, effect_id, immediately=True) repr=<function Space.RemoveSpaceCameraEffect at 0x00000259CFC6F5E0>
SpaceClass.RemoveSpacePostTick sig=(self, func) repr=<function Space.RemoveSpacePostTick at 0x00000259CFC67480>
SpaceClass.UnloadSpaceWorldData sig=(self, data_name) repr=<function Space.UnloadSpaceWorldData at 0x00000259CFC67740>
SpaceClass._CheckReuseForSpaceLoadedFunc sig=(self, time_stamp) repr=<function Space._CheckReuseForSpaceLoadedFunc at 0x00000259CFC66A30>
space_instances=3 [<Space(anFqwksxNr+4xf6Y)>, <Space(anFjs0sxNr+4xEqN)(D)>, <Space(anE8/EsxNr+4ux83)(D)>]
space_instance attrs=['AddPhysicsPostTick', 'AddSpaceCameraEffect', 'AddSpacePostTick', 'AllRaycast', 'AllRaycastBothway', 'CheckReuseForSpaceLoaded', 'ClosestRaycast', 'ClosestRaycastBone', 'DrawRay', 'GetPhysicsShapeWrapper', 'HotfixPhysicsByAirWall', 'LoadSpaceWorldData', 'MOBA_SPACENOS', 'OnPhysicsPostTick', 'OnPlayerBecomeZombieSpace', 'OnPlayerCombatAvatarCreateSpace', 'OnReaplayPlayerBecomeZombieSpace', 'OnReplayPlayerCreatedSpace', 'OnSpacePostTick', 'RawRaycast', 'RaycastBoneWithPenetrate', 'RaycastBoneWithPenetrateBothway', 'RaycastWithPenetrate', 'RemovePhysicsPostTick', 'RemoveSpaceCameraEffect', 'RemoveSpacePostTick', 'UnloadSpaceWorldData', '_CheckReuseForSpaceLoadedFunc', 'physics_shape_wrap', 'physics_tick_inloop', 'physics_tick_pending', 'physics_tickers', 'space_camera_effect_ids', 'space_principle_role_mgr', 'space_tick_inloop', 'space_tick_pending', 'space_tickers', 'spaceno', 'tmp_sky_god_ray']
space_instance attrs=['AddPhysicsPostTick', 'AddSpaceCameraEffect', 'AddSpacePostTick', 'AllRaycast', 'AllRaycastBothway', 'CheckReuseForSpaceLoaded', 'ClosestRaycast', 'ClosestRaycastBone', 'DrawRay', 'GetPhysicsShapeWrapper', 'HotfixPhysicsByAirWall', 'LoadSpaceWorldData', 'MOBA_SPACENOS', 'OnPhysicsPostTick', 'OnPlayerBecomeZombieSpace', 'OnPlayerCombatAvatarCreateSpace', 'OnReaplayPlayerBecomeZombieSpace', 'OnReplayPlayerCreatedSpace', 'OnSpacePostTick', 'RawRaycast', 'RaycastBoneWithPenetrate', 'RaycastBoneWithPenetrateBothway', 'RaycastWithPenetrate', 'RemovePhysicsPostTick', 'RemoveSpaceCameraEffect', 'RemoveSpacePostTick', 'UnloadSpaceWorldData', '_CheckReuseForSpaceLoadedFunc']
ray target=PlayerCombatAvatarShootingRange(anFrBksxNr+4xgul) camera=<-16.5050, 1.5435, -6.7739> head=<-16.6621, 1.5197, -6.8256> entity_space_attrs=[('ClearInactiveSpaceBlackHoleItemFsm', '<bound method CombatAvatarMember.ClearInactiveSpaceBlackHoleItemFsm of <PlayerCombatAvatarShootingRange(anFrBksxNr+4xgul)>>'), ('ClearSpaceBlackHoleItemClientState', '<bound method CombatAvatarMember.ClearSpaceBlackHoleItemClientState of <PlayerCombatAvatarShootingRange(anFrBksxNr+4xgul)>>'), ('ClearSpaceBlackHoleItemFsm', '<bound method CombatAvatarMember.ClearSpaceBlackHoleItemFsm of <PlayerCombatAvatarShootingRange(anFrBksxNr+4xgul)>>'), ('ClearSpaceBlackHoleLocalCarrier', '<bound method CombatAvatarMember.ClearSpaceBlackHoleLocalCarrier of <PlayerCombatAvatarShootingRange(anFrBksxNr+4xgul)>>'), ('ClearSpaceBlackHoleSkillActive', '<bound method CombatAvatarMember.ClearSpaceBlackHoleSkillActive of <PlayerCombatAvatarShootingRange(anFrBksxNr+4xgul)>>'), ('ClearSpaceBlackHoleSkillActiveForTeardown', '<bound method CombatAvatarMember.ClearSpaceBlackHoleSkillActiveForTeardown of <PlayerCombatAvatarShootingRange(anFrBksxNr+4xgul)>>'), ('ClearSpaceBlackHoleSkillActiveState', '<bound method CombatAvatarMember.ClearSpaceBlackHoleSkillActiveState of <PlayerCombatAvatarShootingRange(anFrBksxNr+4xgul)>>'), ('ClearSpaceTeleportPreviewLine', '<bound method PlayerCombatAvatarMember.ClearSpaceTeleportPreviewLine of <PlayerCombatAvatarShootingRange(anFrBksxNr+4xgul)>>'), ('ExplodeSpaceBlackHoleLocalCarrier', '<bound method CombatAvatarMember.ExplodeSpaceBlackHoleLocalCarrier of <PlayerCombatAvatarShootingRange(anFrBksxNr+4xgul)>>'), ('GetActiveSpaceBlackHoleEntity', '<bound method CombatAvatarMember.GetActiveSpaceBlackHoleEntity of <PlayerCombatAvatarShootingRange(anFrBksxNr+4xgul)>>'), ('GetSpaceBlackHoleItemGuids', '<bound method CombatAvatarMember.GetSpaceBlackHoleItemGuids of <PlayerCombatAvatarShootingRange(anFrBksxNr+4xgul)>>'), ('GetSpaceBlackHoleLocalCarrier', '<bound method CombatAvatarMember.GetSpaceBlackHoleLocalCarrier of <PlayerCombatAvatarShootingRange(anFrBksxNr+4xgul)>>'), ('HasActiveSpaceBlackHoleSkill', '<bound method CombatAvatarMember.HasActiveSpaceBlackHoleSkill of <PlayerCombatAvatarShootingRange(anFrBksxNr+4xgul)>>'), ('HasSpaceBlackHoleLocalCarrier', '<bound method CombatAvatarMember.HasSpaceBlackHoleLocalCarrier of <PlayerCombatAvatarShootingRange(anFrBksxNr+4xgul)>>'), ('IsItemSpaceSnare', 'False'), ('OnInputSpaceTeleportSkillRelease', '<bound method PlayerCombatAvatarMember.OnInputSpaceTeleportSkillRelease of <PlayerCombatAvatarShootingRange(anFrBksxNr+4xgul)>>'), ('OnSpaceBlackHoleSkillActiveTimeout', '<bound method CombatAvatarMember.OnSpaceBlackHoleSkillActiveTimeout of <PlayerCombatAvatarShootingRange(anFrBksxNr+4xgul)>>'), ('PlaySpaceGemBeamEffectAt', '<bound method CombatAvatarMember.PlaySpaceGemBeamEffectAt of <PlayerCombatAvatarShootingRange(anFrBksxNr+4xgul)>>'), ('PlaySpaceTeleportEffectAt', '<bound method CombatAvatarMember.PlaySpaceTeleportEffectAt of <PlayerCombatAvatarShootingRange(anFrBksxNr+4xgul)>>'), ('RefreshSpaceBlackHoleSkillActive', '<bound method CombatAvatarMember.RefreshSpaceBlackHoleSkillActive of <PlayerCombatAvatarShootingRange(anFrBksxNr+4xgul)>>')]
ray space=Space(anFqwksxNr+4xf6Y) hit_type=<class 'RaycastBoneResult'> hit=<RaycastBoneResult object at 0x00000259F74C8B80> hit_attrs=['Body', 'IsHit', 'MaterialTypeId', 'Normal', 'Pos', 'actor', 'hitNormal', 'hitPos', 'name']
ray values={'IsHit': 'True', 'actor': '<ActorComponent object at 0x00000259E1A0DA00>', 'name': "'Head'", 'hitPos': '<-16.5265, 1.5402, -6.7810>', 'Pos': '<-16.5265, 1.5402, -6.7810>', 'Body': '<ActorComponent object at 0x00000259E1A0DA00>', 'MaterialTypeId': '1001'}
ray space=Space(anFjs0sxNr+4xEqN)(D) hit_type=<class 'RaycastBoneResult'> hit=<RaycastBoneResult object at 0x00000259F939D980> hit_attrs=['Body', 'IsHit', 'MaterialTypeId', 'Normal', 'Pos', 'actor', 'hitNormal', 'hitPos', 'name']
ray values={'IsHit': 'True', 'actor': '<ActorComponent object at 0x00000259E1A0DA00>', 'name': "'Head'", 'hitPos': '<-16.5265, 1.5402, -6.7810>', 'Pos': '<-16.5265, 1.5402, -6.7810>', 'Body': '<ActorComponent object at 0x00000259E1A0DA00>', 'MaterialTypeId': '1001'}
ray space=Space(anE8/EsxNr+4ux83)(D) hit_type=<class 'RaycastBoneResult'> hit=<RaycastBoneResult object at 0x00000259F9392780> hit_attrs=['Body', 'IsHit', 'MaterialTypeId', 'Normal', 'Pos', 'actor', 'hitNormal', 'hitPos', 'name']
ray values={'IsHit': 'True', 'actor': '<ActorComponent object at 0x00000259E1A0DA00>', 'name': "'Head'", 'hitPos': '<-16.5265, 1.5402, -6.7810>', 'Pos': '<-16.5265, 1.5402, -6.7810>', 'Body': '<ActorComponent object at 0x00000259E1A0DA00>', 'MaterialTypeId': '1001'}
ray target=RobotCombatAvatarShootingRange(anFqwksxNr+4xf6p) camera=<-16.5050, 1.5435, -6.7739> head=<16.2591, 1.5723, -1.3311> entity_space_attrs=[('ClearInactiveSpaceBlackHoleItemFsm', '<bound method CombatAvatarMember.ClearInactiveSpaceBlackHoleItemFsm of <RobotCombatAvatarShootingRange(anFqwksxNr+4xf6p)>>'), ('ClearSpaceBlackHoleItemClientState', '<bound method CombatAvatarMember.ClearSpaceBlackHoleItemClientState of <RobotCombatAvatarShootingRange(anFqwksxNr+4xf6p)>>'), ('ClearSpaceBlackHoleItemFsm', '<bound method CombatAvatarMember.ClearSpaceBlackHoleItemFsm of <RobotCombatAvatarShootingRange(anFqwksxNr+4xf6p)>>'), ('ClearSpaceBlackHoleLocalCarrier', '<bound method CombatAvatarMember.ClearSpaceBlackHoleLocalCarrier of <RobotCombatAvatarShootingRange(anFqwksxNr+4xf6p)>>'), ('ClearSpaceBlackHoleSkillActive', '<bound method CombatAvatarMember.ClearSpaceBlackHoleSkillActive of <RobotCombatAvatarShootingRange(anFqwksxNr+4xf6p)>>'), ('ClearSpaceBlackHoleSkillActiveForTeardown', '<bound method CombatAvatarMember.ClearSpaceBlackHoleSkillActiveForTeardown of <RobotCombatAvatarShootingRange(anFqwksxNr+4xf6p)>>'), ('ClearSpaceBlackHoleSkillActiveState', '<bound method CombatAvatarMember.ClearSpaceBlackHoleSkillActiveState of <RobotCombatAvatarShootingRange(anFqwksxNr+4xf6p)>>'), ('ExplodeSpaceBlackHoleLocalCarrier', '<bound method CombatAvatarMember.ExplodeSpaceBlackHoleLocalCarrier of <RobotCombatAvatarShootingRange(anFqwksxNr+4xf6p)>>'), ('GetActiveSpaceBlackHoleEntity', '<bound method CombatAvatarMember.GetActiveSpaceBlackHoleEntity of <RobotCombatAvatarShootingRange(anFqwksxNr+4xf6p)>>'), ('GetSpaceBlackHoleItemGuids', '<bound method CombatAvatarMember.GetSpaceBlackHoleItemGuids of <RobotCombatAvatarShootingRange(anFqwksxNr+4xf6p)>>'), ('GetSpaceBlackHoleLocalCarrier', '<bound method CombatAvatarMember.GetSpaceBlackHoleLocalCarrier of <RobotCombatAvatarShootingRange(anFqwksxNr+4xf6p)>>'), ('HasActiveSpaceBlackHoleSkill', '<bound method CombatAvatarMember.HasActiveSpaceBlackHoleSkill of <RobotCombatAvatarShootingRange(anFqwksxNr+4xf6p)>>'), ('HasSpaceBlackHoleLocalCarrier', '<bound method CombatAvatarMember.HasSpaceBlackHoleLocalCarrier of <RobotCombatAvatarShootingRange(anFqwksxNr+4xf6p)>>'), ('IsItemSpaceSnare', 'False'), ('OnSpaceBlackHoleSkillActiveTimeout', '<bound method CombatAvatarMember.OnSpaceBlackHoleSkillActiveTimeout of <RobotCombatAvatarShootingRange(anFqwksxNr+4xf6p)>>'), ('PlaySpaceGemBeamEffectAt', '<bound method CombatAvatarMember.PlaySpaceGemBeamEffectAt of <RobotCombatAvatarShootingRange(anFqwksxNr+4xf6p)>>'), ('PlaySpaceTeleportEffectAt', '<bound method CombatAvatarMember.PlaySpaceTeleportEffectAt of <RobotCombatAvatarShootingRange(anFqwksxNr+4xf6p)>>'), ('RefreshSpaceBlackHoleSkillActive', '<bound method CombatAvatarMember.RefreshSpaceBlackHoleSkillActive of <RobotCombatAvatarShootingRange(anFqwksxNr+4xf6p)>>'), ('RestoreSpaceBlackHoleSkillActive', '<bound method CombatAvatarMember.RestoreSpaceBlackHoleSkillActive of <RobotCombatAvatarShootingRange(anFqwksxNr+4xf6p)>>'), ('SetSpaceBlackHoleSkillActive', '<bound method CombatAvatarMember.SetSpaceBlackHoleSkillActive of <RobotCombatAvatarShootingRange(anFqwksxNr+4xf6p)>>')]
ray space=Space(anFqwksxNr+4xf6Y) hit_type=<class 'RaycastBoneResult'> hit=<RaycastBoneResult object at 0x00000259F939CB80> hit_attrs=['Body', 'IsHit', 'MaterialTypeId', 'Normal', 'Pos', 'actor', 'hitNormal', 'hitPos', 'name']
ray values={'IsHit': 'True', 'actor': '<ActorComponent object at 0x00000259DD45EF40>', 'name': "'Head'", 'hitPos': '<16.1218, 1.5723, -1.3539>', 'Pos': '<16.1218, 1.5723, -1.3539>', 'Body': '<ActorComponent object at 0x00000259DD45EF40>', 'MaterialTypeId': '1001'}
ray space=Space(anFjs0sxNr+4xEqN)(D) hit_type=<class 'RaycastBoneResult'> hit=<RaycastBoneResult object at 0x00000259F937F6C0> hit_attrs=['Body', 'IsHit', 'MaterialTypeId', 'Normal', 'Pos', 'actor', 'hitNormal', 'hitPos', 'name']
ray values={'IsHit': 'True', 'actor': '<ActorComponent object at 0x00000259DD45EF40>', 'name': "'Head'", 'hitPos': '<16.1218, 1.5723, -1.3539>', 'Pos': '<16.1218, 1.5723, -1.3539>', 'Body': '<ActorComponent object at 0x00000259DD45EF40>', 'MaterialTypeId': '1001'}
ray space=Space(anE8/EsxNr+4ux83)(D) hit_type=<class 'RaycastBoneResult'> hit=<RaycastBoneResult object at 0x00000259F937E1C0> hit_attrs=['Body', 'IsHit', 'MaterialTypeId', 'Normal', 'Pos', 'actor', 'hitNormal', 'hitPos', 'name']
ray values={'IsHit': 'True', 'actor': '<ActorComponent object at 0x00000259DD45EF40>', 'name': "'Head'", 'hitPos': '<16.1218, 1.5723, -1.3539>', 'Pos': '<16.1218, 1.5723, -1.3539>', 'Body': '<ActorComponent object at 0x00000259DD45EF40>', 'MaterialTypeId': '1001'}
loaded_modules=['MPhysics', 'gshare.space_inquiry', 'gclient.framework.ui.widgets.ui_scene', 'gclient.data.bomb_physics_data', 'gclient.data.dlc_space_data', 'gclient.data.space_data', 'gclient.data.scene_node_base_data', 'gclient.data.scene_node_diff_data', 'gclient.data.scene_node_data', 'gclient.framework.entities.avatarmembers.cimp_space', 'gclient.gamesystem.uihall.ui_personal_space', 'gclient.gamesystem.uihall.ui_personal_space.profilephoto_reddot_mgr', 'gclient.data.sight_spacer_data', 'gclient.gameplay.logic_base.entities.cbiological_ray', 'gclient.gameplay.logic_base.spell.spell_core.mega_biological_ray_spell', 'gclient.gameplay.logic_base.spell.spell_core.space_gem_beam_spell', 'gclient.gameplay.logic_base.spell.spell_core.space_teleport_spell', 'gclient.gameplay.logic_base.spell.spell_core.space_black_hole_spell', 'SunshineSDK.Custom.Entity.Vehicle.PhysicsMaterialConfig', 'SunshineSDK.Custom.Entity.Vehicle.PhysicsShapeConfig', 'SunshineSDK.Custom.Editor.EditorMeta.vehicle.PhysicsMaterialConfigMeta', 'SunshineSDK.Custom.Editor.EditorMeta.vehicle.PhysicsShapeConfigMeta', 'gclient.framework.commoncomps.space_giant_entity_comp', 'gclient.framework.commoncomps.space_high_value_item_comp', 'gclient.framework.commoncomps.space_level_comp', 'client.ClientSpace', 'gclient.data.world_field_rank_data', 'gclient.framework.commoncomps.space_weather_comp', 'gclient.framework.commoncomps.space_vehicle_cache_comp', 'gclient.framework.commoncomps.space_water_trigger', 'gclient.framework.entities.space', 'gclient.gameplay.logic_base.entities.panpan_world_model', 'gclient.gameplay.logic_base.entities.combatavatarmembers.cimp_space', 'gclient.gameplay.logic_base.entities.combatavatarmembers.cimp_space_black_hole', 'gclient.gameplay.logic_base.entities.combatavatarmembers.cimp_world_field', 'gclient.ui.common.head_frame_to_personal_space_node', 'gclient.gameplay.logic_base.comps.avatar_scene_node', 'gclient.gamesystem.uihall.hall_space_setting_red_dot_only_comp', 'gclient.gamesystem.uihall.ui_personal_space.hall_space_head_change', 'gclient.gameplay.logic_base.ui.hud_game_scene_effect_window', 'gclient.framework.entities.hall_space', 'gclient.gamesystem.uihall.activity.football_activity.world_cup_win_tickets_window', 'gclient.gameplay.logic_base.entities.space_airship', 'gclient.gameplay.logic_base.entities.cspace_snare', 'gclient.data.football_physics_data', 'gclient.gamesystem.uihall.ui_dlc_center.dlc_storage_space_confirm', 'gclient.gamesystem.uihall.ui_personal_space.hall_space_credit_window', 'gclient.gameplay.logic_peekaboo.ui.peekaboo_space_scoreboard_comp', 'gclient.gamesystem.uihall.ui_personal_space.space_arms_race_calculaton_copm', 'gclient.gamesystem.uihall.ui_personal_space.space_moba_calculation_comp', 'gclient.gamesystem.uihall.ui_personal_space.space_grand_theft_calculation_comp', 'gclient.gamesystem.uihall.ui_personal_space.space_lock_down_calculation_comp', 'gclient.gamesystem.uihall.ui_personal_space.space_hotspot_calculation_comp', 'gclient.gamesystem.uihall.ui_personal_space.space_blasting_calculation_comp', 'gclient.gamesystem.uihall.ui_personal_space.space_football_calculation_comp', 'gclient.gamesystem.uihall.ui_personal_space.space_squadfight_calculation_comp', 'gclient.gamesystem.uihall.ui_personal_space.hall_player_combat_record_comp', 'gclient.gamesystem.uihall.ui_personal_space.hall_space_kill_moments_window', 'gclient.gamesystem.uihall.ui_personal_space.player_achievement_model', 'gclient.gamesystem.uihall.ui_personal_space.space_player_achievement_window', 'gclient.gamesystem.uihall.ui_personal_space.hall_personal_space_comp']
loaded MPhysics matches=['EPhysicsMaterialCombineType', 'EPhysicsMotionType', 'GetMaxPhysicsTicksPerFrame', 'GetPhysicsBPSwitch', 'GetPhysicsStepDelta', 'SetEnablePhysicsTracy', 'SetMaxPhysicsTicksPerFrame', 'SetPhysicsBPSwitch', 'SetPhysicsStepDelta']
loaded gshare.space_inquiry matches=['SpaceInquiry', 'space_data']
loaded gclient.gamesystem.uihall.ui_personal_space matches=['hall_personal_space_comp', 'hall_space_credit_window', 'hall_space_head_change', 'hall_space_kill_moments_window', 'space_arms_race_calculaton_copm', 'space_blasting_calculation_comp', 'space_football_calculation_comp', 'space_grand_theft_calculation_comp', 'space_hotspot_calculation_comp', 'space_lock_down_calculation_comp', 'space_moba_calculation_comp', 'space_player_achievement_window', 'space_squadfight_calculation_comp']
loaded gclient.gameplay.logic_base.entities.cbiological_ray matches=['BiologicalRay', 'FP_RAY_EFFECT_OFFSET', 'RAY_EFFECT_ID_ALLY', 'RAY_EFFECT_ID_ENEMY', 'RAY_SOUND']
loaded gclient.gameplay.logic_base.spell.spell_core.mega_biological_ray_spell matches=['FP_RAY_EFFECT_OFFSET', 'RAY_EFFECT_ID_ALLY', 'RAY_SOUND']
loaded gclient.gameplay.logic_base.spell.spell_core.space_teleport_spell matches=['SpaceTeleportPreviewEffect']
loaded SunshineSDK.Custom.Entity.Vehicle.PhysicsMaterialConfig matches=['PhysicsMaterialConfig']
loaded SunshineSDK.Custom.Entity.Vehicle.PhysicsShapeConfig matches=['PhysicsShapeConfig']
loaded SunshineSDK.Custom.Editor.EditorMeta.vehicle.PhysicsMaterialConfigMeta matches=['PArray', 'PFixArray', 'PObjectArray', 'PhysicsMaterialConfigMeta']
loaded SunshineSDK.Custom.Editor.EditorMeta.vehicle.PhysicsShapeConfigMeta matches=['MArray', 'MPhysics', 'PArray', 'PFixArray', 'PObjectArray', 'PhysicsShapeConfigMeta']
loaded gclient.framework.commoncomps.space_giant_entity_comp matches=['SpaceGiantEntityComp']
loaded gclient.framework.commoncomps.space_high_value_item_comp matches=['SpaceHighValueItemComp']
loaded gclient.framework.commoncomps.space_level_comp matches=['SpaceLevelComp']
loaded client.ClientSpace matches=['ClientSpace', 'SpaceClass']
loaded gclient.framework.commoncomps.space_weather_comp matches=['SpaceWeatherComp']
loaded gclient.framework.commoncomps.space_vehicle_cache_comp matches=['SpaceVehicleCacheComp']
loaded gclient.framework.commoncomps.space_water_trigger matches=['SpaceWaterTriggerComp']
loaded gclient.framework.entities.space matches=['ClientSpace', 'CombatSpacePerformanceComponent', 'SeamlessSpaceLoader', 'Space', 'SpaceClass', 'SpaceGiantEntityComp', 'SpaceHighValueItemComp', 'SpaceLevelComp', 'SpaceLoader', 'SpacePrincipleRoleMgr', 'SpacePrincipleRoleModifier', 'SpaceStateCached', 'SpaceStateEmpty', 'SpaceStateLoaded', 'SpaceStateLoading', 'SpaceVehicleCacheComp', 'SpaceWaterTriggerComp', 'SpaceWeatherComp', 'TAG_SPACE', 'space_data']
loaded gclient.gameplay.logic_base.entities.combatavatarmembers.cimp_space matches=['HumanoidMonsterSpace', 'SPACE_HEIGH_EXTRA_FOCUS_DISTANCES']
loaded gclient.gameplay.logic_base.entities.combatavatarmembers.cimp_space_black_hole matches=['SPACE_BLACK_HOLE_ACTIVE_ENTITY_GRACE', 'SPACE_BLACK_HOLE_LOCAL_EFFECT_ID', 'SPACE_BLACK_HOLE_SKILL_ID', 'SPACE_BLACK_HOLE_TARGET_HIT_RADIUS', 'SpaceBlackHoleLocalCarrier']
loaded gclient.ui.common.head_frame_to_personal_space_node matches=['DirectToSpaceHeadNode']
loaded gclient.gamesystem.uihall.ui_personal_space.hall_space_head_change matches=['SpaceHeadChangeWindow']
loaded gclient.framework.entities.hall_space matches=['ClientSpace', 'HallSpace', 'HallSpaceCameraModifier', 'HallSpaceLoader', 'HallSpacePrincipleRoleModifier', 'HallSpaceStateCached', 'HallSpaceStateEmpty', 'HallSpaceStateLoaded', 'HallSpaceStateLoading', 'SeamlessSpaceLoader', 'SpaceLoader', 'SpaceStateCached', 'SpaceStateEmpty', 'SpaceStateLoaded', 'SpaceStateLoading', 'traceback']
loaded gclient.gameplay.logic_base.entities.space_airship matches=['SpaceAirship', 'SpaceAirshipModelComp']
loaded gclient.gameplay.logic_base.entities.cspace_snare matches=['SpaceSnare', 'SpaceSnareModel']
loaded gclient.gamesystem.uihall.ui_dlc_center.dlc_storage_space_confirm matches=['DLC_STORAGE_SPACE_CONFIRM_NO_REMIND_DAYS_DEFAULT', 'DlcStorageSpaceConfirmListener', 'DlcStorageSpaceConfirmWindow', 'GetDlcStorageSpaceConfirmContent', 'GetDlcStorageSpaceNoRemindDays', 'GetDlcStorageSpaceNoRemindText', 'GetDlcStorageSpaceNoRemindTime', 'InitDlcStorageSpaceConfirmListener', 'IsDlcStorageSpaceConfirmScene', 'NeedShowDlcStorageSpaceConfirm', 'StartDlcStorageSpaceConfirm', '_SPACE_NOT_ENOUGH_ROW_ID', 'dlc_space_data']
loaded gclient.gamesystem.uihall.ui_personal_space.hall_space_credit_window matches=['SpaceCreditWindow', 'space_data']
loaded gclient.gameplay.logic_peekaboo.ui.peekaboo_space_scoreboard_comp matches=['SpacePeekabooScoreBoardComp', 'space_data']
loaded gclient.gamesystem.uihall.ui_personal_space.space_arms_race_calculaton_copm matches=['SpaceArmsRaceScoreBoardComp', 'space_data']
loaded gclient.gamesystem.uihall.ui_personal_space.space_moba_calculation_comp matches=['SpaceCommonDetailNode', 'SpaceMobaCalculationComp', 'SpaceNodeBtnLikeComp']
loaded gclient.gamesystem.uihall.ui_personal_space.space_grand_theft_calculation_comp matches=['SpaceCommonDetailNode', 'SpaceGrandTheftCalculationComp', 'SpaceMobaCalculationComp']
loaded gclient.gamesystem.uihall.ui_personal_space.space_lock_down_calculation_comp matches=['SpaceCommonDetailNode', 'SpaceLockDownCalculationComp', 'SpaceLockDownDetailNode', 'SpaceLockDownScoreBoardComp', 'SpaceMobaCalculationComp', 'space_data']
loaded gclient.gamesystem.uihall.ui_personal_space.space_hotspot_calculation_comp matches=['SpaceBigHeadCalculationComp', 'SpaceDesperadoCalculationComp', 'SpaceHotSpotCalculationComp', 'SpaceOverLoadCalculationComp', 'SpaceSnipeModeCalculationComp', 'SpaceUIRoleNode', 'SpaceUIScoreDetailNode']
loaded gclient.gamesystem.uihall.ui_personal_space.space_blasting_calculation_comp matches=['SpaceBlastingCalComp', 'SpaceUIRoleNodeBlasting', 'SpaceUIScoreDetailNodeBlasting', 'space_data']
loaded gclient.gamesystem.uihall.ui_personal_space.space_football_calculation_comp matches=['SpaceFootballCalComp', 'SpaceFootballRoleNode', 'SpaceFootballScoreDetailNode', 'space_data']
loaded gclient.gamesystem.uihall.ui_personal_space.space_squadfight_calculation_comp matches=['SpaceSquadfightCalComp', 'SpaceUIRoleNodeSquadFight', 'SpaceUIScoreDetailNodeSquadFight', 'space_data']
loaded gclient.gamesystem.uihall.ui_personal_space.hall_player_combat_record_comp matches=['SpaceArmsRaceScoreBoardComp', 'SpaceBigHeadCalculationComp', 'SpaceBlastingCalComp', 'SpaceCombatRecordWindow', 'SpaceDesperadoCalculationComp', 'SpaceFootballCalComp', 'SpaceGrandTheftCalculationComp', 'SpaceHotSpotCalculationComp', 'SpaceLockDownCalculationComp', 'SpaceMobaCalculationComp', 'SpaceOverLoadCalculationComp', 'SpacePeekabooScoreBoardComp', 'SpaceSnipeModeCalculationComp', 'SpaceSquadfightCalComp', 'space_data']
loaded gclient.gamesystem.uihall.ui_personal_space.hall_space_kill_moments_window matches=['HallSpaceKillMomentsWindow', 'space_data']
loaded gclient.gamesystem.uihall.ui_personal_space.space_player_achievement_window matches=['SpacePlayerAchievementWindow']
loaded gclient.gamesystem.uihall.ui_personal_space.hall_personal_space_comp matches=['HallSpaceKillMomentsWindow', 'PersonalSpaceComp', 'SpaceCombatRecordWindow', 'SpaceCreditWindow', 'SpaceLbsRankingPromptComp', 'SpacePlayerAchievementWindow']
Space import ERROR=ModuleNotFoundError("No module named 'Space'")
Physics import ERROR=ModuleNotFoundError("No module named 'Physics'")
MPhysics type=<class 'module'>
MPhysics.GetMaxPhysicsTicksPerFrame sig=(self, /) doc=None repr=<built-in function GetMaxPhysicsTicksPerFrame>
MPhysics.GetPhysicsBPSwitch sig=(self, /) doc=None repr=<built-in function GetPhysicsBPSwitch>
MPhysics.GetPhysicsStepDelta sig=(self, /) doc=None repr=<built-in function GetPhysicsStepDelta>
MPhysics.SetEnablePhysicsTracy sig=(self, object, /) doc=None repr=<built-in function SetEnablePhysicsTracy>
MPhysics.SetMaxPhysicsTicksPerFrame sig=(self, object, /) doc=None repr=<built-in function SetMaxPhysicsTicksPerFrame>
MPhysics.SetPhysicsBPSwitch sig=(self, object, /) doc=None repr=<built-in function SetPhysicsBPSwitch>
MPhysics.SetPhysicsStepDelta sig=(self, object, /) doc=None repr=<built-in function SetPhysicsStepDelta>
MEngine type=<class 'module'>
MEngine.GetPhysicsVersion sig=(self, /) doc=None repr=<built-in function GetPhysicsVersion>
SpaceClass=<class 'gclient.framework.entities.space.Space'>
SpaceClass.AddPhysicsPostTick sig=(self, func) repr=<function Space.AddPhysicsPostTick at 0x00000259CFC671C0>
SpaceClass.AddSpaceCameraEffect sig=(self, effect_id, keep_time=-1) repr=<function Space.AddSpaceCameraEffect at 0x00000259CFC6F690>
SpaceClass.AddSpacePostTick sig=(self, func) repr=<function Space.AddSpacePostTick at 0x00000259CFC673D0>
SpaceClass.AllRaycast sig=(self, frm, dist, filter_info, to_pos=None, to_dir=None) repr=<function Space.AllRaycast at 0x00000259CFC6C670>
SpaceClass.AllRaycastBothway sig=(self, frm, dist, filter_info, to_pos=None, to_dir=None) repr=<function Space.AllRaycastBothway at 0x00000259CFC6C720>
SpaceClass.CheckReuseForSpaceLoaded sig=(self) repr=<function Space.CheckReuseForSpaceLoaded at 0x00000259CFC66980>
SpaceClass.ClosestRaycast sig=(self, frm, to_pos, filter_info, with_trigger=True) repr=<function Space.ClosestRaycast at 0x00000259CFC6C5C0>
SpaceClass.ClosestRaycastBone sig=(self, frm, to_pos, exclude_skeleton=None) repr=<function Space.ClosestRaycastBone at 0x00000259CFC6C7D0>
SpaceClass.DrawRay sig=(self, start_pos, end_pos, reset=True, color=(1, 1, 1)) repr=<function Space.DrawRay at 0x00000259CFC6CE00>
SpaceClass.GetPhysicsShapeWrapper sig=(self) repr=<function Space.GetPhysicsShapeWrapper at 0x00000259CFC6DE80>
SpaceClass.HotfixPhysicsByAirWall sig=(self) repr=<function Space.HotfixPhysicsByAirWall at 0x00000259CFC6F480>
SpaceClass.LoadSpaceWorldData sig=(self, data_name) repr=<function Space.LoadSpaceWorldData at 0x00000259CFC67690>
SpaceClass.OnPhysicsPostTick sig=(self, dtime, timeRemained) repr=<function Space.OnPhysicsPostTick at 0x00000259CFC67320>
SpaceClass.OnPlayerBecomeZombieSpace sig=(self, *args) repr=<function SpaceHighValueItemComp.OnPlayerBecomeZombieSpace at 0x00000259C9638930>
SpaceClass.OnPlayerCombatAvatarCreateSpace sig=(self, *args) repr=<function SpaceHighValueItemComp.OnPlayerCombatAvatarCreateSpace at 0x00000259C9638B40>
SpaceClass.OnReaplayPlayerBecomeZombieSpace sig=(self, *args) repr=<function SpaceHighValueItemComp.OnReaplayPlayerBecomeZombieSpace at 0x00000259C96389E0>
SpaceClass.OnReplayPlayerCreatedSpace sig=(self, *args) repr=<function SpaceHighValueItemComp.OnReplayPlayerCreatedSpace at 0x00000259C9638A90>
SpaceClass.OnSpacePostTick sig=(self, dtime) repr=<function Space.OnSpacePostTick at 0x00000259CFC67530>
SpaceClass.RawRaycast sig=(self, frm, dist, filter_info, with_trigger=True, to_pos=None, to_dir=None) repr=<function Space.RawRaycast at 0x00000259CFC6C510>
SpaceClass.RaycastBoneWithPenetrate sig=(self, frm, to_pos, exclude_skeleton=None) repr=<function Space.RaycastBoneWithPenetrate at 0x00000259CFC6C9E0>
SpaceClass.RaycastBoneWithPenetrateBothway sig=(self, frm, to_pos, exclude_skeleton=None) repr=<function Space.RaycastBoneWithPenetrateBothway at 0x00000259CFC6CA90>
SpaceClass.RaycastWithPenetrate sig=(self, frm, dist, filter_info, with_trigger=True, to_pos=None, to_dir=None, penetrate_info=None) repr=<function Space.RaycastWithPenetrate at 0x00000259CFC6CB40>
SpaceClass.RemovePhysicsPostTick sig=(self, func) repr=<function Space.RemovePhysicsPostTick at 0x00000259CFC67270>
SpaceClass.RemoveSpaceCameraEffect sig=(self, effect_id, immediately=True) repr=<function Space.RemoveSpaceCameraEffect at 0x00000259CFC6F5E0>
SpaceClass.RemoveSpacePostTick sig=(self, func) repr=<function Space.RemoveSpacePostTick at 0x00000259CFC67480>
SpaceClass.UnloadSpaceWorldData sig=(self, data_name) repr=<function Space.UnloadSpaceWorldData at 0x00000259CFC67740>
SpaceClass._CheckReuseForSpaceLoadedFunc sig=(self, time_stamp) repr=<function Space._CheckReuseForSpaceLoadedFunc at 0x00000259CFC66A30>
space_instances=3 [<Space(anFqwksxNr+4xf6Y)>, <Space(anFjs0sxNr+4xEqN)(D)>, <Space(anE8/EsxNr+4ux83)(D)>]
space_instance attrs=['AddPhysicsPostTick', 'AddSpaceCameraEffect', 'AddSpacePostTick', 'AllRaycast', 'AllRaycastBothway', 'CheckReuseForSpaceLoaded', 'ClosestRaycast', 'ClosestRaycastBone', 'DrawRay', 'GetPhysicsShapeWrapper', 'HotfixPhysicsByAirWall', 'LoadSpaceWorldData', 'MOBA_SPACENOS', 'OnPhysicsPostTick', 'OnPlayerBecomeZombieSpace', 'OnPlayerCombatAvatarCreateSpace', 'OnReaplayPlayerBecomeZombieSpace', 'OnReplayPlayerCreatedSpace', 'OnSpacePostTick', 'RawRaycast', 'RaycastBoneWithPenetrate', 'RaycastBoneWithPenetrateBothway', 'RaycastWithPenetrate', 'RemovePhysicsPostTick', 'RemoveSpaceCameraEffect', 'RemoveSpacePostTick', 'UnloadSpaceWorldData', '_CheckReuseForSpaceLoadedFunc', 'physics_shape_wrap', 'physics_tick_inloop', 'physics_tick_pending', 'physics_tickers', 'space_camera_effect_ids', 'space_principle_role_mgr', 'space_tick_inloop', 'space_tick_pending', 'space_tickers', 'spaceno', 'tmp_sky_god_ray']
space_instance attrs=['AddPhysicsPostTick', 'AddSpaceCameraEffect', 'AddSpacePostTick', 'AllRaycast', 'AllRaycastBothway', 'CheckReuseForSpaceLoaded', 'ClosestRaycast', 'ClosestRaycastBone', 'DrawRay', 'GetPhysicsShapeWrapper', 'HotfixPhysicsByAirWall', 'LoadSpaceWorldData', 'MOBA_SPACENOS', 'OnPhysicsPostTick', 'OnPlayerBecomeZombieSpace', 'OnPlayerCombatAvatarCreateSpace', 'OnReaplayPlayerBecomeZombieSpace', 'OnReplayPlayerCreatedSpace', 'OnSpacePostTick', 'RawRaycast', 'RaycastBoneWithPenetrate', 'RaycastBoneWithPenetrateBothway', 'RaycastWithPenetrate', 'RemovePhysicsPostTick', 'RemoveSpaceCameraEffect', 'RemoveSpacePostTick', 'UnloadSpaceWorldData', '_CheckReuseForSpaceLoadedFunc']
ray target=PlayerCombatAvatarShootingRange(anFrBksxNr+4xgul) camera=<-16.5049, 1.5435, -6.7755> head=<-16.6590, 1.5202, -6.8246> entity_space_attrs=[('ClearInactiveSpaceBlackHoleItemFsm', '<bound method CombatAvatarMember.ClearInactiveSpaceBlackHoleItemFsm of <PlayerCombatAvatarShootingRange(anFrBksxNr+4xgul)>>'), ('ClearSpaceBlackHoleItemClientState', '<bound method CombatAvatarMember.ClearSpaceBlackHoleItemClientState of <PlayerCombatAvatarShootingRange(anFrBksxNr+4xgul)>>'), ('ClearSpaceBlackHoleItemFsm', '<bound method CombatAvatarMember.ClearSpaceBlackHoleItemFsm of <PlayerCombatAvatarShootingRange(anFrBksxNr+4xgul)>>'), ('ClearSpaceBlackHoleLocalCarrier', '<bound method CombatAvatarMember.ClearSpaceBlackHoleLocalCarrier of <PlayerCombatAvatarShootingRange(anFrBksxNr+4xgul)>>'), ('ClearSpaceBlackHoleSkillActive', '<bound method CombatAvatarMember.ClearSpaceBlackHoleSkillActive of <PlayerCombatAvatarShootingRange(anFrBksxNr+4xgul)>>'), ('ClearSpaceBlackHoleSkillActiveForTeardown', '<bound method CombatAvatarMember.ClearSpaceBlackHoleSkillActiveForTeardown of <PlayerCombatAvatarShootingRange(anFrBksxNr+4xgul)>>'), ('ClearSpaceBlackHoleSkillActiveState', '<bound method CombatAvatarMember.ClearSpaceBlackHoleSkillActiveState of <PlayerCombatAvatarShootingRange(anFrBksxNr+4xgul)>>'), ('ClearSpaceTeleportPreviewLine', '<bound method PlayerCombatAvatarMember.ClearSpaceTeleportPreviewLine of <PlayerCombatAvatarShootingRange(anFrBksxNr+4xgul)>>'), ('ExplodeSpaceBlackHoleLocalCarrier', '<bound method CombatAvatarMember.ExplodeSpaceBlackHoleLocalCarrier of <PlayerCombatAvatarShootingRange(anFrBksxNr+4xgul)>>'), ('GetActiveSpaceBlackHoleEntity', '<bound method CombatAvatarMember.GetActiveSpaceBlackHoleEntity of <PlayerCombatAvatarShootingRange(anFrBksxNr+4xgul)>>'), ('GetSpaceBlackHoleItemGuids', '<bound method CombatAvatarMember.GetSpaceBlackHoleItemGuids of <PlayerCombatAvatarShootingRange(anFrBksxNr+4xgul)>>'), ('GetSpaceBlackHoleLocalCarrier', '<bound method CombatAvatarMember.GetSpaceBlackHoleLocalCarrier of <PlayerCombatAvatarShootingRange(anFrBksxNr+4xgul)>>'), ('HasActiveSpaceBlackHoleSkill', '<bound method CombatAvatarMember.HasActiveSpaceBlackHoleSkill of <PlayerCombatAvatarShootingRange(anFrBksxNr+4xgul)>>'), ('HasSpaceBlackHoleLocalCarrier', '<bound method CombatAvatarMember.HasSpaceBlackHoleLocalCarrier of <PlayerCombatAvatarShootingRange(anFrBksxNr+4xgul)>>'), ('IsItemSpaceSnare', 'False'), ('OnInputSpaceTeleportSkillRelease', '<bound method PlayerCombatAvatarMember.OnInputSpaceTeleportSkillRelease of <PlayerCombatAvatarShootingRange(anFrBksxNr+4xgul)>>'), ('OnSpaceBlackHoleSkillActiveTimeout', '<bound method CombatAvatarMember.OnSpaceBlackHoleSkillActiveTimeout of <PlayerCombatAvatarShootingRange(anFrBksxNr+4xgul)>>'), ('PlaySpaceGemBeamEffectAt', '<bound method CombatAvatarMember.PlaySpaceGemBeamEffectAt of <PlayerCombatAvatarShootingRange(anFrBksxNr+4xgul)>>'), ('PlaySpaceTeleportEffectAt', '<bound method CombatAvatarMember.PlaySpaceTeleportEffectAt of <PlayerCombatAvatarShootingRange(anFrBksxNr+4xgul)>>'), ('RefreshSpaceBlackHoleSkillActive', '<bound method CombatAvatarMember.RefreshSpaceBlackHoleSkillActive of <PlayerCombatAvatarShootingRange(anFrBksxNr+4xgul)>>')]
ray space=Space(anFqwksxNr+4xf6Y) hit_type=<class 'RaycastBoneResult'> hit=<RaycastBoneResult object at 0x00000259F937F640> hit_attrs=['Body', 'IsHit', 'MaterialTypeId', 'Normal', 'Pos', 'actor', 'hitNormal', 'hitPos', 'name']
ray values={'IsHit': 'True', 'actor': '<ActorComponent object at 0x00000259E1A0DA00>', 'name': "'Head'", 'hitPos': '<-16.5201, 1.5412, -6.7804>', 'Pos': '<-16.5201, 1.5412, -6.7804>', 'Body': '<ActorComponent object at 0x00000259E1A0DA00>', 'MaterialTypeId': '1001'}
ray target_skeleton=<ActorComponent object at 0x00000259E1A0DA00> actor_matches=True
ray space=Space(anFjs0sxNr+4xEqN)(D) hit_type=<class 'RaycastBoneResult'> hit=<RaycastBoneResult object at 0x00000259F937DD40> hit_attrs=['Body', 'IsHit', 'MaterialTypeId', 'Normal', 'Pos', 'actor', 'hitNormal', 'hitPos', 'name']
ray values={'IsHit': 'True', 'actor': '<ActorComponent object at 0x00000259E1A0DA00>', 'name': "'Head'", 'hitPos': '<-16.5201, 1.5412, -6.7804>', 'Pos': '<-16.5201, 1.5412, -6.7804>', 'Body': '<ActorComponent object at 0x00000259E1A0DA00>', 'MaterialTypeId': '1001'}
ray target_skeleton=<ActorComponent object at 0x00000259E1A0DA00> actor_matches=True
ray space=Space(anE8/EsxNr+4ux83)(D) hit_type=<class 'RaycastBoneResult'> hit=<RaycastBoneResult object at 0x00000259F937DC80> hit_attrs=['Body', 'IsHit', 'MaterialTypeId', 'Normal', 'Pos', 'actor', 'hitNormal', 'hitPos', 'name']
ray values={'IsHit': 'True', 'actor': '<ActorComponent object at 0x00000259E1A0DA00>', 'name': "'Head'", 'hitPos': '<-16.5201, 1.5412, -6.7804>', 'Pos': '<-16.5201, 1.5412, -6.7804>', 'Body': '<ActorComponent object at 0x00000259E1A0DA00>', 'MaterialTypeId': '1001'}
ray target_skeleton=<ActorComponent object at 0x00000259E1A0DA00> actor_matches=True
ray target=RobotCombatAvatarShootingRange(anFqwksxNr+4xf6p) camera=<-16.5049, 1.5435, -6.7755> head=<16.2590, 1.5747, -1.3303> entity_space_attrs=[('ClearInactiveSpaceBlackHoleItemFsm', '<bound method CombatAvatarMember.ClearInactiveSpaceBlackHoleItemFsm of <RobotCombatAvatarShootingRange(anFqwksxNr+4xf6p)>>'), ('ClearSpaceBlackHoleItemClientState', '<bound method CombatAvatarMember.ClearSpaceBlackHoleItemClientState of <RobotCombatAvatarShootingRange(anFqwksxNr+4xf6p)>>'), ('ClearSpaceBlackHoleItemFsm', '<bound method CombatAvatarMember.ClearSpaceBlackHoleItemFsm of <RobotCombatAvatarShootingRange(anFqwksxNr+4xf6p)>>'), ('ClearSpaceBlackHoleLocalCarrier', '<bound method CombatAvatarMember.ClearSpaceBlackHoleLocalCarrier of <RobotCombatAvatarShootingRange(anFqwksxNr+4xf6p)>>'), ('ClearSpaceBlackHoleSkillActive', '<bound method CombatAvatarMember.ClearSpaceBlackHoleSkillActive of <RobotCombatAvatarShootingRange(anFqwksxNr+4xf6p)>>'), ('ClearSpaceBlackHoleSkillActiveForTeardown', '<bound method CombatAvatarMember.ClearSpaceBlackHoleSkillActiveForTeardown of <RobotCombatAvatarShootingRange(anFqwksxNr+4xf6p)>>'), ('ClearSpaceBlackHoleSkillActiveState', '<bound method CombatAvatarMember.ClearSpaceBlackHoleSkillActiveState of <RobotCombatAvatarShootingRange(anFqwksxNr+4xf6p)>>'), ('ExplodeSpaceBlackHoleLocalCarrier', '<bound method CombatAvatarMember.ExplodeSpaceBlackHoleLocalCarrier of <RobotCombatAvatarShootingRange(anFqwksxNr+4xf6p)>>'), ('GetActiveSpaceBlackHoleEntity', '<bound method CombatAvatarMember.GetActiveSpaceBlackHoleEntity of <RobotCombatAvatarShootingRange(anFqwksxNr+4xf6p)>>'), ('GetSpaceBlackHoleItemGuids', '<bound method CombatAvatarMember.GetSpaceBlackHoleItemGuids of <RobotCombatAvatarShootingRange(anFqwksxNr+4xf6p)>>'), ('GetSpaceBlackHoleLocalCarrier', '<bound method CombatAvatarMember.GetSpaceBlackHoleLocalCarrier of <RobotCombatAvatarShootingRange(anFqwksxNr+4xf6p)>>'), ('HasActiveSpaceBlackHoleSkill', '<bound method CombatAvatarMember.HasActiveSpaceBlackHoleSkill of <RobotCombatAvatarShootingRange(anFqwksxNr+4xf6p)>>'), ('HasSpaceBlackHoleLocalCarrier', '<bound method CombatAvatarMember.HasSpaceBlackHoleLocalCarrier of <RobotCombatAvatarShootingRange(anFqwksxNr+4xf6p)>>'), ('IsItemSpaceSnare', 'False'), ('OnSpaceBlackHoleSkillActiveTimeout', '<bound method CombatAvatarMember.OnSpaceBlackHoleSkillActiveTimeout of <RobotCombatAvatarShootingRange(anFqwksxNr+4xf6p)>>'), ('PlaySpaceGemBeamEffectAt', '<bound method CombatAvatarMember.PlaySpaceGemBeamEffectAt of <RobotCombatAvatarShootingRange(anFqwksxNr+4xf6p)>>'), ('PlaySpaceTeleportEffectAt', '<bound method CombatAvatarMember.PlaySpaceTeleportEffectAt of <RobotCombatAvatarShootingRange(anFqwksxNr+4xf6p)>>'), ('RefreshSpaceBlackHoleSkillActive', '<bound method CombatAvatarMember.RefreshSpaceBlackHoleSkillActive of <RobotCombatAvatarShootingRange(anFqwksxNr+4xf6p)>>'), ('RestoreSpaceBlackHoleSkillActive', '<bound method CombatAvatarMember.RestoreSpaceBlackHoleSkillActive of <RobotCombatAvatarShootingRange(anFqwksxNr+4xf6p)>>'), ('SetSpaceBlackHoleSkillActive', '<bound method CombatAvatarMember.SetSpaceBlackHoleSkillActive of <RobotCombatAvatarShootingRange(anFqwksxNr+4xf6p)>>')]
ray space=Space(anFqwksxNr+4xf6Y) hit_type=<class 'RaycastBoneResult'> hit=<RaycastBoneResult object at 0x00000259F937E080> hit_attrs=['Body', 'IsHit', 'MaterialTypeId', 'Normal', 'Pos', 'actor', 'hitNormal', 'hitPos', 'name']
ray values={'IsHit': 'True', 'actor': '<ActorComponent object at 0x00000259DD45EF40>', 'name': "'Head'", 'hitPos': '<16.1212, 1.5745, -1.3532>', 'Pos': '<16.1212, 1.5745, -1.3532>', 'Body': '<ActorComponent object at 0x00000259DD45EF40>', 'MaterialTypeId': '1001'}
ray target_skeleton=<ActorComponent object at 0x00000259DD45EF40> actor_matches=True
ray space=Space(anFjs0sxNr+4xEqN)(D) hit_type=<class 'RaycastBoneResult'> hit=<RaycastBoneResult object at 0x00000259F937DC80> hit_attrs=['Body', 'IsHit', 'MaterialTypeId', 'Normal', 'Pos', 'actor', 'hitNormal', 'hitPos', 'name']
ray values={'IsHit': 'True', 'actor': '<ActorComponent object at 0x00000259DD45EF40>', 'name': "'Head'", 'hitPos': '<16.1212, 1.5745, -1.3532>', 'Pos': '<16.1212, 1.5745, -1.3532>', 'Body': '<ActorComponent object at 0x00000259DD45EF40>', 'MaterialTypeId': '1001'}
ray target_skeleton=<ActorComponent object at 0x00000259DD45EF40> actor_matches=True
ray space=Space(anE8/EsxNr+4ux83)(D) hit_type=<class 'RaycastBoneResult'> hit=<RaycastBoneResult object at 0x0000025A17288E80> hit_attrs=['Body', 'IsHit', 'MaterialTypeId', 'Normal', 'Pos', 'actor', 'hitNormal', 'hitPos', 'name']
ray values={'IsHit': 'True', 'actor': '<ActorComponent object at 0x00000259DD45EF40>', 'name': "'Head'", 'hitPos': '<16.1212, 1.5745, -1.3532>', 'Pos': '<16.1212, 1.5745, -1.3532>', 'Body': '<ActorComponent object at 0x00000259DD45EF40>', 'MaterialTypeId': '1001'}
ray target_skeleton=<ActorComponent object at 0x00000259DD45EF40> actor_matches=True
