1785852070.914 snapshot tick=1 targets=6 players=0 bots=6 culled=0 range=800 source_players=0 source_robots=6 weapon=120 velocity=1725.500
1785852070.917 INSTALL_OK hz=60 timer_id=-1278
1785852078.779 snapshot tick=240 targets=6 players=0 bots=6 culled=0 range=800 source_players=0 source_robots=6 weapon=120 velocity=1725.500
1785852086.701 snapshot tick=480 targets=6 players=0 bots=6 culled=0 range=800 source_players=0 source_robots=6 weapon=43 velocity=0.000
1785852094.617 snapshot tick=720 targets=6 players=0 bots=6 culled=0 range=800 source_players=0 source_robots=6 weapon=43 velocity=0.000
1785852102.606 snapshot tick=960 targets=6 players=0 bots=6 culled=0 range=800 source_players=0 source_robots=6 weapon=43 velocity=0.000
1785852110.525 snapshot tick=1200 targets=6 players=0 bots=6 culled=0 range=800 source_players=0 source_robots=6 weapon=43 velocity=0.000
1785852118.443 snapshot tick=1440 targets=6 players=0 bots=6 culled=0 range=800 source_players=0 source_robots=6 weapon=43 velocity=0.000
1785852126.364 snapshot tick=1680 targets=6 players=0 bots=6 culled=0 range=800 source_players=0 source_robots=6 weapon=43 velocity=0.000
1785852134.284 snapshot tick=1920 targets=6 players=0 bots=6 culled=0 range=800 source_players=0 source_robots=6 weapon=43 velocity=0.000
1785852142.203 snapshot tick=2160 targets=6 players=0 bots=6 culled=0 range=800 source_players=0 source_robots=6 weapon=43 velocity=0.000
1785852150.124 snapshot tick=2400 targets=6 players=0 bots=6 culled=0 range=800 source_players=0 source_robots=6 weapon=43 velocity=0.000
1785852158.047 snapshot tick=2640 targets=6 players=0 bots=6 culled=0 range=800 source_players=0 source_robots=6 weapon=43 velocity=0.000
1785852165.964 snapshot tick=2880 targets=6 players=0 bots=6 culled=0 range=800 source_players=0 source_robots=6 weapon=43 velocity=0.000
1785852173.884 snapshot tick=3120 targets=6 players=0 bots=6 culled=0 range=800 source_players=0 source_robots=6 weapon=43 velocity=0.000
1785852181.889 snapshot tick=1 targets=6 players=0 bots=6 culled=0 range=800 source_players=0 source_robots=6 weapon=43 velocity=0.000
1785852181.893 INSTALL_OK hz=60 timer_id=-1425
1785852189.759 snapshot tick=240 targets=6 players=0 bots=6 culled=0 range=800 source_players=0 source_robots=6 weapon=43 velocity=0.000
1785852197.676 snapshot tick=480 targets=6 players=0 bots=6 culled=0 range=800 source_players=0 source_robots=6 weapon=43 velocity=0.000
1785852205.597 snapshot tick=720 targets=6 players=0 bots=6 culled=0 range=800 source_players=0 source_robots=6 weapon=43 velocity=0.000
1785852208.523 snapshot tick=1 targets=6 players=0 bots=6 culled=0 range=800 source_players=0 source_robots=6 weapon=43 velocity=0.000
1785852208.526 INSTALL_OK hz=60 timer_id=-1426
1785852216.619 snapshot tick=240 targets=6 players=0 bots=6 culled=0 range=800 source_players=0 source_robots=6 weapon=120 velocity=1725.500
1785852224.540 snapshot tick=480 targets=6 players=0 bots=6 culled=0 range=800 source_players=0 source_robots=6 weapon=41 velocity=400.000
1785852232.594 snapshot tick=720 targets=6 players=0 bots=6 culled=0 range=800 source_players=0 source_robots=6 weapon=118 velocity=1100.000
1785852240.511 snapshot tick=960 targets=6 players=0 bots=6 culled=0 range=800 source_players=0 source_robots=6 weapon=118 velocity=1100.000
1785852248.466 snapshot tick=1200 targets=6 players=0 bots=6 culled=0 range=800 source_players=0 source_robots=6 weapon=118 velocity=1100.000
1785852256.386 snapshot tick=1440 targets=6 players=0 bots=6 culled=0 range=800 source_players=0 source_robots=6 weapon=43 velocity=0.000
1785852264.302 snapshot tick=1680 targets=6 players=0 bots=6 culled=0 range=800 source_players=0 source_robots=6 weapon=43 velocity=0.000
1785852272.224 snapshot tick=1920 targets=6 players=0 bots=6 culled=0 range=800 source_players=0 source_robots=6 weapon=43 velocity=0.000
1785852280.143 snapshot tick=2160 targets=6 players=0 bots=6 culled=0 range=800 source_players=0 source_robots=6 weapon=43 velocity=0.000
1785852288.064 snapshot tick=2400 targets=6 players=0 bots=6 culled=0 range=800 source_players=0 source_robots=6 weapon=43 velocity=0.000
1785852295.983 snapshot tick=2640 targets=6 players=0 bots=6 culled=0 range=800 source_players=0 source_robots=6 weapon=43 velocity=0.000
1785852303.911 snapshot tick=2880 targets=6 players=0 bots=6 culled=0 range=800 source_players=0 source_robots=6 weapon=118 velocity=1100.000
1785852311.825 snapshot tick=3120 targets=6 players=0 bots=6 culled=0 range=800 source_players=0 source_robots=6 weapon=118 velocity=1100.000
1785852319.745 snapshot tick=3360 targets=6 players=0 bots=6 culled=0 range=800 source_players=0 source_robots=6 weapon=41 velocity=500.000
1785852327.667 snapshot tick=3600 targets=6 players=0 bots=6 culled=0 range=800 source_players=0 source_robots=6 weapon=41 velocity=500.000
1785852335.584 snapshot tick=3840 targets=6 players=0 bots=6 culled=0 range=800 source_players=0 source_robots=6 weapon=118 velocity=1100.000
1785852343.503 snapshot tick=4080 targets=6 players=0 bots=6 culled=0 range=800 source_players=0 source_robots=6 weapon=118 velocity=1100.000
1785852351.425 snapshot tick=4320 targets=6 players=0 bots=6 culled=0 range=800 source_players=0 source_robots=6 weapon=118 velocity=1100.000
1785852359.343 snapshot tick=4560 targets=6 players=0 bots=6 culled=0 range=800 source_players=0 source_robots=6 weapon=118 velocity=1100.000
1785852367.263 snapshot tick=4800 targets=6 players=0 bots=6 culled=0 range=800 source_players=0 source_robots=6 weapon=118 velocity=1100.000
1785852375.183 snapshot tick=5040 targets=6 players=0 bots=6 culled=0 range=800 source_players=0 source_robots=6 weapon=118 velocity=1100.000
1785852383.105 snapshot tick=5280 targets=6 players=0 bots=6 culled=0 range=800 source_players=0 source_robots=6 weapon=118 velocity=1100.000
1785852391.023 snapshot tick=5520 targets=6 players=0 bots=6 culled=0 range=800 source_players=0 source_robots=6 weapon=118 velocity=1100.000
1785852398.943 snapshot tick=5760 targets=6 players=0 bots=6 culled=0 range=800 source_players=0 source_robots=6 weapon=118 velocity=1100.000
1785852406.862 snapshot tick=6000 targets=6 players=0 bots=6 culled=0 range=800 source_players=0 source_robots=6 weapon=118 velocity=1100.000
1785852414.816 snapshot tick=6240 targets=6 players=0 bots=6 culled=0 range=800 source_players=0 source_robots=6 weapon=118 velocity=1100.000
1785852422.737 snapshot tick=6480 targets=6 players=0 bots=6 culled=0 range=800 source_players=0 source_robots=6 weapon=118 velocity=1100.000
1785852430.660 snapshot tick=6720 targets=6 players=0 bots=6 culled=0 range=800 source_players=0 source_robots=6 weapon=118 velocity=1100.000
1785852438.578 snapshot tick=6960 targets=6 players=0 bots=6 culled=0 range=800 source_players=0 source_robots=6 weapon=118 velocity=1100.000
1785852446.497 snapshot tick=7200 targets=6 players=0 bots=6 culled=0 range=800 source_players=0 source_robots=6 weapon=118 velocity=1100.000
1785852454.415 snapshot tick=7440 targets=6 players=0 bots=6 culled=0 range=800 source_players=0 source_robots=6 weapon=118 velocity=1100.000
1785852462.339 snapshot tick=7680 targets=6 players=0 bots=6 culled=0 range=800 source_players=0 source_robots=6 weapon=118 velocity=1100.000
1785852470.258 snapshot tick=7920 targets=6 players=0 bots=6 culled=0 range=800 source_players=0 source_robots=6 weapon=118 velocity=1100.000
1785852478.180 snapshot tick=8160 targets=6 players=0 bots=6 culled=0 range=800 source_players=0 source_robots=6 weapon=118 velocity=1100.000
1785852486.099 snapshot tick=8400 targets=6 players=0 bots=6 culled=0 range=800 source_players=0 source_robots=6 weapon=118 velocity=1100.000
1785852494.017 snapshot tick=8640 targets=6 players=0 bots=6 culled=0 range=800 source_players=0 source_robots=6 weapon=118 velocity=1100.000
1785852501.938 snapshot tick=8880 targets=6 players=0 bots=6 culled=0 range=800 source_players=0 source_robots=6 weapon=118 velocity=1100.000
1785852509.860 snapshot tick=9120 targets=6 players=0 bots=6 culled=0 range=800 source_players=0 source_robots=6 weapon=41 velocity=500.000
1785852517.776 snapshot tick=9360 targets=6 players=0 bots=6 culled=0 range=800 source_players=0 source_robots=6 weapon=41 velocity=500.000
1785852525.701 snapshot tick=9600 targets=6 players=0 bots=6 culled=0 range=800 source_players=0 source_robots=6 weapon=41 velocity=500.000
1785852533.618 snapshot tick=9840 targets=6 players=0 bots=6 culled=0 range=800 source_players=0 source_robots=6 weapon=41 velocity=500.000
1785852575.746 snapshot tick=1 targets=6 players=0 bots=6 culled=0 range=800 source_players=0 source_robots=6 weapon=41 velocity=500.000
1785852575.766 INSTALL_OK hz=60 timer_id=-2307
1785852583.615 snapshot tick=240 targets=6 players=0 bots=6 culled=0 range=800 source_players=0 source_robots=6 weapon=118 velocity=1100.000
1785852591.531 snapshot tick=480 targets=6 players=0 bots=6 culled=0 range=800 source_players=0 source_robots=6 weapon=41 velocity=500.000
1785852599.454 snapshot tick=720 targets=6 players=0 bots=6 culled=0 range=800 source_players=0 source_robots=6 weapon=41 velocity=500.000
1785852607.375 snapshot tick=960 targets=6 players=0 bots=6 culled=0 range=800 source_players=0 source_robots=6 weapon=41 velocity=500.000
1785852615.292 snapshot tick=1200 targets=6 players=0 bots=6 culled=0 range=800 source_players=0 source_robots=6 weapon=41 velocity=500.000
1785852623.212 snapshot tick=1440 targets=6 players=0 bots=6 culled=0 range=800 source_players=0 source_robots=6 weapon=41 velocity=500.000
1785852631.133 snapshot tick=1680 targets=6 players=0 bots=6 culled=0 range=800 source_players=0 source_robots=6 weapon=41 velocity=500.000
1785852639.052 snapshot tick=1920 targets=6 players=0 bots=6 culled=0 range=800 source_players=0 source_robots=6 weapon=41 velocity=500.000
1785852646.974 snapshot tick=2160 targets=6 players=0 bots=6 culled=0 range=800 source_players=0 source_robots=6 weapon=41 velocity=500.000
1785852654.891 snapshot tick=2400 targets=6 players=0 bots=6 culled=0 range=800 source_players=0 source_robots=6 weapon=41 velocity=500.000
1785852662.811 snapshot tick=2640 targets=6 players=0 bots=6 culled=0 range=800 source_players=0 source_robots=6 weapon=41 velocity=500.000
1785852670.732 snapshot tick=2880 targets=6 players=0 bots=6 culled=0 range=800 source_players=0 source_robots=6 weapon=41 velocity=500.000
1785852678.652 snapshot tick=3120 targets=6 players=0 bots=6 culled=0 range=800 source_players=0 source_robots=6 weapon=41 velocity=500.000
1785852686.572 snapshot tick=3360 targets=6 players=0 bots=6 culled=0 range=800 source_players=0 source_robots=6 weapon=41 velocity=500.000
1785852694.491 snapshot tick=3600 targets=6 players=0 bots=6 culled=0 range=800 source_players=0 source_robots=6 weapon=41 velocity=500.000
1785852702.412 snapshot tick=3840 targets=6 players=0 bots=6 culled=0 range=800 source_players=0 source_robots=6 weapon=41 velocity=500.000
1785852710.333 snapshot tick=4080 targets=6 players=0 bots=6 culled=0 range=800 source_players=0 source_robots=6 weapon=41 velocity=500.000
1785852718.253 snapshot tick=4320 targets=6 players=0 bots=6 culled=0 range=800 source_players=0 source_robots=6 weapon=41 velocity=500.000
1785852726.173 snapshot tick=4560 targets=6 players=0 bots=6 culled=0 range=800 source_players=0 source_robots=6 weapon=41 velocity=500.000
1785852754.995 snapshot tick=1 targets=6 players=0 bots=6 culled=0 range=800 source_players=0 source_robots=6 weapon=41 velocity=500.000
1785852754.999 INSTALL_OK hz=60 timer_id=-2506
1785852762.870 snapshot tick=240 targets=6 players=0 bots=6 culled=0 range=800 source_players=0 source_robots=6 weapon=41 velocity=500.000
1785852770.788 snapshot tick=480 targets=6 players=0 bots=6 culled=0 range=800 source_players=0 source_robots=6 weapon=41 velocity=500.000
1785852778.773 snapshot tick=720 targets=6 players=0 bots=6 culled=0 range=800 source_players=0 source_robots=6 weapon=41 velocity=500.000
1785852786.693 snapshot tick=960 targets=6 players=0 bots=6 culled=0 range=800 source_players=0 source_robots=6 weapon=41 velocity=500.000
1785852794.616 snapshot tick=1200 targets=6 players=0 bots=6 culled=0 range=800 source_players=0 source_robots=6 weapon=41 velocity=500.000
1785852802.533 snapshot tick=1440 targets=6 players=0 bots=6 culled=0 range=800 source_players=0 source_robots=6 weapon=41 velocity=500.000
1785852810.501 snapshot tick=1680 targets=6 players=0 bots=6 culled=0 range=800 source_players=0 source_robots=6 weapon=41 velocity=500.000
1785852818.407 snapshot tick=1920 targets=6 players=0 bots=6 culled=0 range=800 source_players=0 source_robots=6 weapon=41 velocity=500.000
1785852826.326 snapshot tick=2160 targets=6 players=0 bots=6 culled=0 range=800 source_players=0 source_robots=6 weapon=41 velocity=500.000
1785852834.247 snapshot tick=2400 targets=6 players=0 bots=6 culled=0 range=800 source_players=0 source_robots=6 weapon=41 velocity=500.000
1785852842.170 snapshot tick=2640 targets=6 players=0 bots=6 culled=0 range=800 source_players=0 source_robots=6 weapon=41 velocity=500.000
1785852850.089 snapshot tick=2880 targets=6 players=0 bots=6 culled=0 range=800 source_players=0 source_robots=6 weapon=41 velocity=500.000
1785852858.007 snapshot tick=3120 targets=6 players=0 bots=6 culled=0 range=800 source_players=0 source_robots=6 weapon=41 velocity=500.000
1785852865.929 snapshot tick=3360 targets=6 players=0 bots=6 culled=0 range=800 source_players=0 source_robots=6 weapon=41 velocity=500.000
1785852873.846 snapshot tick=3600 targets=6 players=0 bots=6 culled=0 range=800 source_players=0 source_robots=6 weapon=41 velocity=500.000
1785852881.865 snapshot tick=3840 targets=6 players=0 bots=6 culled=0 range=800 source_players=0 source_robots=6 weapon=41 velocity=500.000
1785852889.786 snapshot tick=4080 targets=6 players=0 bots=6 culled=0 range=800 source_players=0 source_robots=6 weapon=41 velocity=500.000
1785852925.074 TICK_EXC
Traceback (most recent call last):
  File "<string>", line 519, in _ctf_native_tick
  File "<string>", line 493, in _ctf_native_write_snapshot
FileNotFoundError: [WinError 2] 지정된 파일을 찾을 수 없습니다: 'C:\\Users\\mista\\Documents\\Bugbounty\\bloodstrike-launcher\\poc\\upload_current\\ctf_native_esp_state.txt.tmp' -> 'C:\\Users\\mista\\Documents\\Bugbounty\\bloodstrike-launcher\\poc\\upload_current\\ctf_native_esp_state.txt'

1785852925.137 snapshot tick=1 targets=6 players=0 bots=6 culled=0 range=800 source_players=0 source_robots=6 weapon=118 velocity=1100.000
1785852925.152 INSTALL_OK hz=60 timer_id=-2921
1785852933.017 snapshot tick=240 targets=6 players=0 bots=6 culled=0 range=800 source_players=0 source_robots=6 weapon=118 velocity=1100.000
1785852940.938 snapshot tick=480 targets=6 players=0 bots=6 culled=0 range=800 source_players=0 source_robots=6 weapon=41 velocity=500.000
1785852948.859 snapshot tick=720 targets=6 players=0 bots=6 culled=0 range=800 source_players=0 source_robots=6 weapon=41 velocity=500.000
1785852956.779 snapshot tick=960 targets=6 players=0 bots=6 culled=0 range=800 source_players=0 source_robots=6 weapon=41 velocity=500.000
1785852964.697 snapshot tick=1200 targets=6 players=0 bots=6 culled=0 range=800 source_players=0 source_robots=6 weapon=41 velocity=500.000
1785852972.618 snapshot tick=1440 targets=6 players=0 bots=6 culled=0 range=800 source_players=0 source_robots=6 weapon=41 velocity=500.000
1785852980.539 snapshot tick=1680 targets=6 players=0 bots=6 culled=0 range=800 source_players=0 source_robots=6 weapon=41 velocity=500.000
1785852988.456 snapshot tick=1920 targets=6 players=0 bots=6 culled=0 range=800 source_players=0 source_robots=6 weapon=41 velocity=500.000
1785852996.375 snapshot tick=2160 targets=6 players=0 bots=6 culled=0 range=800 source_players=0 source_robots=6 weapon=41 velocity=500.000
1785853004.296 snapshot tick=2400 targets=6 players=0 bots=6 culled=0 range=800 source_players=0 source_robots=6 weapon=41 velocity=500.000
1785853012.216 snapshot tick=2640 targets=6 players=0 bots=6 culled=0 range=800 source_players=0 source_robots=6 weapon=41 velocity=500.000
1785853020.137 snapshot tick=2880 targets=6 players=0 bots=6 culled=0 range=800 source_players=0 source_robots=6 weapon=41 velocity=500.000
1785853028.058 snapshot tick=3120 targets=6 players=0 bots=6 culled=0 range=800 source_players=0 source_robots=6 weapon=41 velocity=500.000
1785853035.976 snapshot tick=3360 targets=6 players=0 bots=6 culled=0 range=800 source_players=0 source_robots=6 weapon=41 velocity=500.000
1785853043.899 snapshot tick=3600 targets=6 players=0 bots=6 culled=0 range=800 source_players=0 source_robots=6 weapon=41 velocity=500.000
1785853051.819 snapshot tick=3840 targets=6 players=0 bots=6 culled=0 range=800 source_players=0 source_robots=6 weapon=41 velocity=500.000
1785853059.735 snapshot tick=4080 targets=6 players=0 bots=6 culled=0 range=800 source_players=0 source_robots=6 weapon=41 velocity=500.000
1785853067.655 snapshot tick=4320 targets=6 players=0 bots=6 culled=0 range=800 source_players=0 source_robots=6 weapon=41 velocity=500.000
1785853075.575 snapshot tick=4560 targets=6 players=0 bots=6 culled=0 range=800 source_players=0 source_robots=6 weapon=41 velocity=500.000
1785853083.498 snapshot tick=4800 targets=6 players=0 bots=6 culled=0 range=800 source_players=0 source_robots=6 weapon=41 velocity=500.000
1785853091.417 snapshot tick=5040 targets=6 players=0 bots=6 culled=0 range=800 source_players=0 source_robots=6 weapon=41 velocity=500.000
1785853099.335 snapshot tick=5280 targets=6 players=0 bots=6 culled=0 range=800 source_players=0 source_robots=6 weapon=41 velocity=500.000
1785853107.259 snapshot tick=5520 targets=6 players=0 bots=6 culled=0 range=800 source_players=0 source_robots=6 weapon=41 velocity=500.000
1785853115.276 snapshot tick=5760 targets=6 players=0 bots=6 culled=0 range=800 source_players=0 source_robots=6 weapon=41 velocity=500.000
1785853123.196 snapshot tick=6000 targets=6 players=0 bots=6 culled=0 range=800 source_players=0 source_robots=6 weapon=41 velocity=500.000
1785853131.120 snapshot tick=6240 targets=6 players=0 bots=6 culled=0 range=800 source_players=0 source_robots=6 weapon=41 velocity=500.000
1785853139.034 snapshot tick=6480 targets=6 players=0 bots=6 culled=0 range=800 source_players=0 source_robots=6 weapon=41 velocity=500.000
1785853146.956 snapshot tick=6720 targets=6 players=0 bots=6 culled=0 range=800 source_players=0 source_robots=6 weapon=41 velocity=500.000
1785853153.242 snapshot tick=1 targets=0 players=0 bots=0 culled=0 range=800 source_players=0 source_robots=0 weapon=0 velocity=0.000
1785853153.242 INSTALL_FAILED no timer owner
1785853154.217 snapshot tick=1 targets=0 players=0 bots=0 culled=0 range=800 source_players=0 source_robots=0 weapon=0 velocity=0.000
1785853154.217 INSTALL_FAILED no timer owner
1785853155.202 snapshot tick=1 targets=0 players=0 bots=0 culled=0 range=800 source_players=0 source_robots=0 weapon=0 velocity=0.000
1785853155.202 INSTALL_FAILED no timer owner
1785853156.200 snapshot tick=1 targets=0 players=0 bots=0 culled=0 range=800 source_players=0 source_robots=0 weapon=0 velocity=0.000
1785853156.200 INSTALL_FAILED no timer owner
1785853157.220 snapshot tick=1 targets=0 players=0 bots=0 culled=0 range=800 source_players=0 source_robots=0 weapon=0 velocity=0.000
1785853157.220 INSTALL_FAILED no timer owner
1785853158.218 snapshot tick=1 targets=0 players=0 bots=0 culled=0 range=800 source_players=0 source_robots=0 weapon=0 velocity=0.000
1785853158.218 INSTALL_FAILED no timer owner
1785853159.230 snapshot tick=1 targets=0 players=0 bots=0 culled=0 range=800 source_players=0 source_robots=0 weapon=0 velocity=0.000
1785853159.230 INSTALL_FAILED no timer owner
1785853160.235 snapshot tick=1 targets=0 players=0 bots=0 culled=0 range=800 source_players=0 source_robots=0 weapon=0 velocity=0.000
1785853160.235 INSTALL_FAILED no timer owner
1785853161.247 snapshot tick=1 targets=0 players=0 bots=0 culled=0 range=800 source_players=0 source_robots=0 weapon=0 velocity=0.000
1785853161.247 INSTALL_FAILED no timer owner
1785853162.275 snapshot tick=1 targets=0 players=0 bots=0 culled=0 range=800 source_players=0 source_robots=0 weapon=0 velocity=0.000
1785853162.275 INSTALL_FAILED no timer owner
1785853163.260 snapshot tick=1 targets=0 players=0 bots=0 culled=0 range=800 source_players=0 source_robots=0 weapon=0 velocity=0.000
1785853163.260 INSTALL_FAILED no timer owner
1785853164.263 snapshot tick=1 targets=0 players=0 bots=0 culled=0 range=800 source_players=0 source_robots=0 weapon=0 velocity=0.000
1785853164.264 INSTALL_FAILED no timer owner
1785853165.248 snapshot tick=1 targets=0 players=0 bots=0 culled=0 range=800 source_players=0 source_robots=0 weapon=0 velocity=0.000
1785853165.249 INSTALL_FAILED no timer owner
1785853166.280 snapshot tick=1 targets=0 players=0 bots=0 culled=0 range=800 source_players=0 source_robots=0 weapon=0 velocity=0.000
1785853166.281 INSTALL_FAILED no timer owner
1785853167.265 snapshot tick=1 targets=0 players=0 bots=0 culled=0 range=800 source_players=0 source_robots=0 weapon=0 velocity=0.000
1785853167.266 INSTALL_FAILED no timer owner
1785853168.289 snapshot tick=1 targets=0 players=0 bots=0 culled=0 range=800 source_players=0 source_robots=0 weapon=0 velocity=0.000
1785853168.289 INSTALL_FAILED no timer owner
1785853169.279 snapshot tick=1 targets=0 players=0 bots=0 culled=0 range=800 source_players=0 source_robots=0 weapon=0 velocity=0.000
1785853169.279 INSTALL_FAILED no timer owner
1785853170.308 snapshot tick=1 targets=0 players=0 bots=0 culled=0 range=800 source_players=0 source_robots=0 weapon=0 velocity=0.000
1785853170.309 INSTALL_FAILED no timer owner
1785853171.296 snapshot tick=1 targets=0 players=0 bots=0 culled=0 range=800 source_players=0 source_robots=0 weapon=0 velocity=0.000
1785853171.296 INSTALL_FAILED no timer owner
1785853172.297 snapshot tick=1 targets=0 players=0 bots=0 culled=0 range=800 source_players=0 source_robots=0 weapon=0 velocity=0.000
1785853172.297 INSTALL_FAILED no timer owner
1785853173.298 snapshot tick=1 targets=0 players=0 bots=0 culled=0 range=800 source_players=0 source_robots=0 weapon=0 velocity=0.000
1785853173.298 INSTALL_FAILED no timer owner
1785853174.294 snapshot tick=1 targets=0 players=0 bots=0 culled=0 range=800 source_players=0 source_robots=0 weapon=0 velocity=0.000
1785853174.294 INSTALL_FAILED no timer owner
1785853175.300 snapshot tick=1 targets=0 players=0 bots=0 culled=0 range=800 source_players=0 source_robots=0 weapon=0 velocity=0.000
1785853175.301 INSTALL_FAILED no timer owner
1785853176.300 snapshot tick=1 targets=0 players=0 bots=0 culled=0 range=800 source_players=0 source_robots=0 weapon=0 velocity=0.000
1785853176.301 INSTALL_FAILED no timer owner
1785853177.301 snapshot tick=1 targets=0 players=0 bots=0 culled=0 range=800 source_players=0 source_robots=0 weapon=0 velocity=0.000
1785853177.301 INSTALL_FAILED no timer owner
1785853178.301 snapshot tick=1 targets=0 players=0 bots=0 culled=0 range=800 source_players=0 source_robots=0 weapon=0 velocity=0.000
1785853178.301 INSTALL_FAILED no timer owner
1785853179.318 snapshot tick=1 targets=0 players=0 bots=0 culled=0 range=800 source_players=0 source_robots=0 weapon=0 velocity=0.000
1785853179.318 INSTALL_FAILED no timer owner
1785853180.319 snapshot tick=1 targets=0 players=0 bots=0 culled=0 range=800 source_players=0 source_robots=0 weapon=0 velocity=0.000
1785853180.320 INSTALL_FAILED no timer owner
1785853181.321 snapshot tick=1 targets=0 players=0 bots=0 culled=0 range=800 source_players=0 source_robots=0 weapon=0 velocity=0.000
1785853181.322 INSTALL_FAILED no timer owner
1785853182.321 snapshot tick=1 targets=0 players=0 bots=0 culled=0 range=800 source_players=0 source_robots=0 weapon=0 velocity=0.000
1785853182.322 INSTALL_FAILED no timer owner
1785853183.356 snapshot tick=1 targets=0 players=0 bots=0 culled=0 range=800 source_players=0 source_robots=0 weapon=0 velocity=0.000
1785853183.356 INSTALL_FAILED no timer owner
1785853184.322 snapshot tick=1 targets=0 players=0 bots=0 culled=0 range=800 source_players=0 source_robots=0 weapon=0 velocity=0.000
1785853184.322 INSTALL_FAILED no timer owner
1785853185.339 snapshot tick=1 targets=0 players=0 bots=0 culled=0 range=800 source_players=0 source_robots=0 weapon=0 velocity=0.000
1785853185.339 INSTALL_FAILED no timer owner
1785853186.341 snapshot tick=1 targets=0 players=0 bots=0 culled=0 range=800 source_players=0 source_robots=0 weapon=0 velocity=0.000
1785853186.342 INSTALL_FAILED no timer owner
1785853187.344 snapshot tick=1 targets=0 players=0 bots=0 culled=0 range=800 source_players=0 source_robots=0 weapon=0 velocity=0.000
1785853187.344 INSTALL_FAILED no timer owner
1785853188.377 snapshot tick=1 targets=0 players=0 bots=0 culled=0 range=800 source_players=0 source_robots=0 weapon=0 velocity=0.000
1785853188.378 INSTALL_FAILED no timer owner
1785853189.362 snapshot tick=1 targets=0 players=0 bots=0 culled=0 range=800 source_players=0 source_robots=0 weapon=0 velocity=0.000
1785853189.362 INSTALL_FAILED no timer owner
1785853190.363 snapshot tick=1 targets=0 players=0 bots=0 culled=0 range=800 source_players=0 source_robots=0 weapon=0 velocity=0.000
1785853190.364 INSTALL_FAILED no timer owner
1785853191.379 snapshot tick=1 targets=0 players=0 bots=0 culled=0 range=800 source_players=0 source_robots=0 weapon=0 velocity=0.000
1785853191.380 INSTALL_FAILED no timer owner
1785853192.382 snapshot tick=1 targets=0 players=0 bots=0 culled=0 range=800 source_players=0 source_robots=0 weapon=0 velocity=0.000
1785853192.383 INSTALL_FAILED no timer owner
1785853193.382 snapshot tick=1 targets=0 players=0 bots=0 culled=0 range=800 source_players=0 source_robots=0 weapon=0 velocity=0.000
1785853193.382 INSTALL_FAILED no timer owner
1785853194.382 snapshot tick=1 targets=0 players=0 bots=0 culled=0 range=800 source_players=0 source_robots=0 weapon=0 velocity=0.000
1785853194.383 INSTALL_FAILED no timer owner
1785853195.397 snapshot tick=1 targets=0 players=0 bots=0 culled=0 range=800 source_players=0 source_robots=0 weapon=0 velocity=0.000
1785853195.398 INSTALL_FAILED no timer owner
1785853196.383 snapshot tick=1 targets=0 players=0 bots=0 culled=0 range=800 source_players=0 source_robots=0 weapon=0 velocity=0.000
1785853196.384 INSTALL_FAILED no timer owner
1785853197.399 snapshot tick=1 targets=0 players=0 bots=0 culled=0 range=800 source_players=0 source_robots=0 weapon=0 velocity=0.000
1785853197.400 INSTALL_FAILED no timer owner
1785853198.400 snapshot tick=1 targets=0 players=0 bots=0 culled=0 range=800 source_players=0 source_robots=0 weapon=0 velocity=0.000
1785853198.400 INSTALL_FAILED no timer owner
1785853199.400 snapshot tick=1 targets=0 players=0 bots=0 culled=0 range=800 source_players=0 source_robots=0 weapon=0 velocity=0.000
1785853199.400 INSTALL_FAILED no timer owner
1785853200.412 snapshot tick=1 targets=0 players=0 bots=0 culled=0 range=800 source_players=0 source_robots=0 weapon=0 velocity=0.000
1785853200.412 INSTALL_FAILED no timer owner
1785853201.416 snapshot tick=1 targets=0 players=0 bots=0 culled=0 range=800 source_players=0 source_robots=0 weapon=0 velocity=0.000
1785853201.417 INSTALL_FAILED no timer owner
1785853202.420 snapshot tick=1 targets=0 players=0 bots=0 culled=0 range=800 source_players=0 source_robots=0 weapon=0 velocity=0.000
1785853202.421 INSTALL_FAILED no timer owner
1785853203.438 snapshot tick=1 targets=0 players=0 bots=0 culled=0 range=800 source_players=0 source_robots=0 weapon=0 velocity=0.000
1785853203.438 INSTALL_FAILED no timer owner
1785853204.438 snapshot tick=1 targets=0 players=0 bots=0 culled=0 range=800 source_players=0 source_robots=0 weapon=0 velocity=0.000
1785853204.438 INSTALL_FAILED no timer owner
1785853205.457 snapshot tick=1 targets=0 players=0 bots=0 culled=0 range=800 source_players=0 source_robots=0 weapon=0 velocity=0.000
1785853205.458 INSTALL_FAILED no timer owner
1785853206.441 snapshot tick=1 targets=0 players=0 bots=0 culled=0 range=800 source_players=0 source_robots=0 weapon=0 velocity=0.000
1785853206.442 INSTALL_FAILED no timer owner
1785853207.441 snapshot tick=1 targets=0 players=0 bots=0 culled=0 range=800 source_players=0 source_robots=0 weapon=0 velocity=0.000
1785853207.442 INSTALL_FAILED no timer owner
1785853208.459 snapshot tick=1 targets=0 players=0 bots=0 culled=0 range=800 source_players=0 source_robots=0 weapon=0 velocity=0.000
1785853208.460 INSTALL_FAILED no timer owner
1785853209.443 snapshot tick=1 targets=0 players=0 bots=0 culled=0 range=800 source_players=0 source_robots=0 weapon=0 velocity=0.000
1785853209.443 INSTALL_FAILED no timer owner
1785853210.460 snapshot tick=1 targets=0 players=0 bots=0 culled=0 range=800 source_players=0 source_robots=0 weapon=0 velocity=0.000
1785853210.460 INSTALL_FAILED no timer owner
1785853211.463 snapshot tick=1 targets=0 players=0 bots=0 culled=0 range=800 source_players=0 source_robots=0 weapon=0 velocity=0.000
1785853211.463 INSTALL_FAILED no timer owner
1785853212.463 snapshot tick=1 targets=0 players=0 bots=0 culled=0 range=800 source_players=0 source_robots=0 weapon=0 velocity=0.000
1785853212.463 INSTALL_FAILED no timer owner
1785853213.464 snapshot tick=1 targets=0 players=0 bots=0 culled=0 range=800 source_players=0 source_robots=0 weapon=0 velocity=0.000
1785853213.464 INSTALL_FAILED no timer owner
1785853214.469 snapshot tick=1 targets=0 players=0 bots=0 culled=0 range=800 source_players=0 source_robots=0 weapon=0 velocity=0.000
1785853214.469 INSTALL_FAILED no timer owner
1785853215.486 snapshot tick=1 targets=0 players=0 bots=0 culled=0 range=800 source_players=0 source_robots=0 weapon=0 velocity=0.000
1785853215.486 INSTALL_FAILED no timer owner
1785853216.502 snapshot tick=1 targets=0 players=0 bots=0 culled=0 range=800 source_players=0 source_robots=0 weapon=0 velocity=0.000
1785853216.503 INSTALL_FAILED no timer owner
1785853217.487 snapshot tick=1 targets=0 players=0 bots=0 culled=0 range=800 source_players=0 source_robots=0 weapon=0 velocity=0.000
1785853217.487 INSTALL_FAILED no timer owner
1785853218.491 snapshot tick=1 targets=0 players=0 bots=0 culled=0 range=800 source_players=0 source_robots=0 weapon=0 velocity=0.000
1785853218.492 INSTALL_FAILED no timer owner
1785853219.489 snapshot tick=1 targets=0 players=0 bots=0 culled=0 range=800 source_players=0 source_robots=0 weapon=0 velocity=0.000
1785853219.489 INSTALL_FAILED no timer owner
1785853220.506 snapshot tick=1 targets=0 players=0 bots=0 culled=0 range=800 source_players=0 source_robots=0 weapon=0 velocity=0.000
1785853220.506 INSTALL_FAILED no timer owner
1785853221.508 snapshot tick=1 targets=0 players=0 bots=0 culled=0 range=800 source_players=0 source_robots=0 weapon=0 velocity=0.000
1785853221.508 INSTALL_FAILED no timer owner
1785853222.510 snapshot tick=1 targets=0 players=0 bots=0 culled=0 range=800 source_players=0 source_robots=0 weapon=0 velocity=0.000
1785853222.510 INSTALL_FAILED no timer owner
1785853223.526 snapshot tick=1 targets=0 players=0 bots=0 culled=0 range=800 source_players=0 source_robots=0 weapon=0 velocity=0.000
1785853223.526 INSTALL_FAILED no timer owner
1785853224.526 snapshot tick=1 targets=0 players=0 bots=0 culled=0 range=800 source_players=0 source_robots=0 weapon=0 velocity=0.000
1785853224.526 INSTALL_FAILED no timer owner
1785853225.528 snapshot tick=1 targets=0 players=0 bots=0 culled=0 range=800 source_players=0 source_robots=0 weapon=0 velocity=0.000
1785853225.528 INSTALL_FAILED no timer owner
1785853226.527 snapshot tick=1 targets=0 players=0 bots=0 culled=0 range=800 source_players=0 source_robots=0 weapon=0 velocity=0.000
1785853226.528 INSTALL_FAILED no timer owner
1785853227.530 snapshot tick=1 targets=0 players=0 bots=0 culled=0 range=800 source_players=0 source_robots=0 weapon=0 velocity=0.000
1785853227.530 INSTALL_FAILED no timer owner
1785853228.547 snapshot tick=1 targets=0 players=0 bots=0 culled=0 range=800 source_players=0 source_robots=0 weapon=0 velocity=0.000
1785853228.548 INSTALL_FAILED no timer owner
1785853229.548 snapshot tick=1 targets=0 players=0 bots=0 culled=0 range=800 source_players=0 source_robots=0 weapon=0 velocity=0.000
1785853229.548 INSTALL_FAILED no timer owner
1785853230.549 snapshot tick=1 targets=0 players=0 bots=0 culled=0 range=800 source_players=0 source_robots=0 weapon=0 velocity=0.000
1785853230.549 INSTALL_FAILED no timer owner
1785853231.551 snapshot tick=1 targets=0 players=0 bots=0 culled=0 range=800 source_players=0 source_robots=0 weapon=0 velocity=0.000
1785853231.551 INSTALL_FAILED no timer owner
1785853232.572 snapshot tick=1 targets=0 players=0 bots=0 culled=0 range=800 source_players=0 source_robots=0 weapon=0 velocity=0.000
1785853232.573 INSTALL_FAILED no timer owner
1785853233.556 snapshot tick=1 targets=0 players=0 bots=0 culled=0 range=800 source_players=0 source_robots=0 weapon=0 velocity=0.000
1785853233.557 INSTALL_FAILED no timer owner
1785853234.556 snapshot tick=1 targets=0 players=0 bots=0 culled=0 range=800 source_players=0 source_robots=0 weapon=0 velocity=0.000
1785853234.556 INSTALL_FAILED no timer owner
1785853235.572 snapshot tick=1 targets=0 players=0 bots=0 culled=0 range=800 source_players=0 source_robots=0 weapon=0 velocity=0.000
1785853235.572 INSTALL_FAILED no timer owner
1785853236.574 snapshot tick=1 targets=0 players=0 bots=0 culled=0 range=800 source_players=0 source_robots=0 weapon=0 velocity=0.000
1785853236.574 INSTALL_FAILED no timer owner
1785853237.593 snapshot tick=1 targets=0 players=0 bots=0 culled=0 range=800 source_players=0 source_robots=0 weapon=0 velocity=0.000
1785853237.594 INSTALL_FAILED no timer owner
1785853238.578 snapshot tick=1 targets=0 players=0 bots=0 culled=0 range=800 source_players=0 source_robots=0 weapon=0 velocity=0.000
1785853238.578 INSTALL_FAILED no timer owner
1785853239.577 snapshot tick=1 targets=0 players=0 bots=0 culled=0 range=800 source_players=0 source_robots=0 weapon=0 velocity=0.000
1785853239.577 INSTALL_FAILED no timer owner
1785853240.594 snapshot tick=1 targets=0 players=0 bots=0 culled=0 range=800 source_players=0 source_robots=0 weapon=0 velocity=0.000
1785853240.594 INSTALL_FAILED no timer owner
1785853241.595 snapshot tick=1 targets=0 players=0 bots=0 culled=0 range=800 source_players=0 source_robots=0 weapon=0 velocity=0.000
1785853241.596 INSTALL_FAILED no timer owner
1785853242.615 snapshot tick=1 targets=0 players=0 bots=0 culled=0 range=800 source_players=0 source_robots=0 weapon=0 velocity=0.000
1785853242.615 INSTALL_FAILED no timer owner
1785853243.599 snapshot tick=1 targets=0 players=0 bots=0 culled=0 range=800 source_players=0 source_robots=0 weapon=0 velocity=0.000
1785853243.599 INSTALL_FAILED no timer owner
1785853244.600 snapshot tick=1 targets=0 players=0 bots=0 culled=0 range=800 source_players=0 source_robots=0 weapon=0 velocity=0.000
1785853244.600 INSTALL_FAILED no timer owner
1785853245.595 snapshot tick=1 targets=0 players=0 bots=0 culled=0 range=800 source_players=0 source_robots=0 weapon=0 velocity=0.000
1785853245.595 INSTALL_FAILED no timer owner
1785853246.600 snapshot tick=1 targets=0 players=0 bots=0 culled=0 range=800 source_players=0 source_robots=0 weapon=0 velocity=0.000
1785853246.600 INSTALL_FAILED no timer owner
1785853247.612 snapshot tick=1 targets=0 players=0 bots=0 culled=0 range=800 source_players=0 source_robots=0 weapon=0 velocity=0.000
1785853247.613 INSTALL_FAILED no timer owner
1785853248.617 snapshot tick=1 targets=0 players=0 bots=0 culled=0 range=800 source_players=0 source_robots=0 weapon=0 velocity=0.000
1785853248.617 INSTALL_FAILED no timer owner
1785853249.635 snapshot tick=1 targets=0 players=0 bots=0 culled=0 range=800 source_players=0 source_robots=0 weapon=0 velocity=0.000
1785853249.635 INSTALL_FAILED no timer owner
1785853250.630 snapshot tick=1 targets=0 players=0 bots=0 culled=0 range=800 source_players=0 source_robots=0 weapon=0 velocity=0.000
1785853250.631 INSTALL_FAILED no timer owner
1785853251.619 snapshot tick=1 targets=0 players=0 bots=0 culled=0 range=800 source_players=0 source_robots=0 weapon=0 velocity=0.000
1785853251.619 INSTALL_FAILED no timer owner
1785853252.636 snapshot tick=1 targets=0 players=0 bots=0 culled=0 range=800 source_players=0 source_robots=0 weapon=0 velocity=0.000
1785853252.636 INSTALL_FAILED no timer owner
1785853253.636 snapshot tick=1 targets=0 players=0 bots=0 culled=0 range=800 source_players=0 source_robots=0 weapon=0 velocity=0.000
1785853253.637 INSTALL_FAILED no timer owner
1785853254.620 snapshot tick=1 targets=0 players=0 bots=0 culled=0 range=800 source_players=0 source_robots=0 weapon=0 velocity=0.000
1785853254.621 INSTALL_FAILED no timer owner
1785853255.637 snapshot tick=1 targets=0 players=0 bots=0 culled=0 range=800 source_players=0 source_robots=0 weapon=0 velocity=0.000
1785853255.638 INSTALL_FAILED no timer owner
1785853256.738 snapshot tick=1 targets=0 players=0 bots=0 culled=0 range=800 source_players=0 source_robots=0 weapon=0 velocity=0.000
1785853256.739 INSTALL_FAILED no timer owner
1785853257.639 snapshot tick=1 targets=0 players=0 bots=0 culled=0 range=800 source_players=0 source_robots=0 weapon=0 velocity=0.000
1785853257.639 INSTALL_FAILED no timer owner
1785853258.655 snapshot tick=1 targets=0 players=0 bots=0 culled=0 range=800 source_players=0 source_robots=0 weapon=0 velocity=0.000
1785853258.656 INSTALL_FAILED no timer owner
1785853259.655 snapshot tick=1 targets=0 players=0 bots=0 culled=0 range=800 source_players=0 source_robots=0 weapon=0 velocity=0.000
1785853259.656 INSTALL_FAILED no timer owner
1785853260.656 snapshot tick=1 targets=0 players=0 bots=0 culled=0 range=800 source_players=0 source_robots=0 weapon=0 velocity=0.000
1785853260.656 INSTALL_FAILED no timer owner
1785853261.694 snapshot tick=1 targets=0 players=0 bots=0 culled=0 range=800 source_players=0 source_robots=0 weapon=0 velocity=0.000
1785853261.694 INSTALL_FAILED no timer owner
1785853262.674 snapshot tick=1 targets=0 players=0 bots=0 culled=0 range=800 source_players=0 source_robots=0 weapon=0 velocity=0.000
1785853262.675 INSTALL_FAILED no timer owner
1785853263.676 snapshot tick=1 targets=0 players=0 bots=0 culled=0 range=800 source_players=0 source_robots=0 weapon=0 velocity=0.000
1785853263.676 INSTALL_FAILED no timer owner
1785853264.676 snapshot tick=1 targets=0 players=0 bots=0 culled=0 range=800 source_players=0 source_robots=0 weapon=0 velocity=0.000
1785853264.676 INSTALL_FAILED no timer owner
1785853265.677 snapshot tick=1 targets=0 players=0 bots=0 culled=0 range=800 source_players=0 source_robots=0 weapon=0 velocity=0.000
1785853265.678 INSTALL_FAILED no timer owner
1785853266.694 snapshot tick=1 targets=0 players=0 bots=0 culled=0 range=800 source_players=0 source_robots=0 weapon=0 velocity=0.000
1785853266.694 INSTALL_FAILED no timer owner
1785853267.677 snapshot tick=1 targets=0 players=0 bots=0 culled=0 range=800 source_players=0 source_robots=0 weapon=0 velocity=0.000
1785853267.678 INSTALL_FAILED no timer owner
1785853268.713 snapshot tick=1 targets=0 players=0 bots=0 culled=0 range=800 source_players=0 source_robots=0 weapon=0 velocity=0.000
1785853268.713 INSTALL_FAILED no timer owner
1785853269.697 snapshot tick=1 targets=0 players=0 bots=0 culled=0 range=800 source_players=0 source_robots=0 weapon=0 velocity=0.000
1785853269.697 INSTALL_FAILED no timer owner
1785853270.710 snapshot tick=1 targets=0 players=0 bots=0 culled=0 range=800 source_players=0 source_robots=0 weapon=0 velocity=0.000
1785853270.710 INSTALL_FAILED no timer owner
1785853271.732 snapshot tick=1 targets=0 players=0 bots=0 culled=0 range=800 source_players=0 source_robots=0 weapon=0 velocity=0.000
1785853271.732 INSTALL_FAILED no timer owner
1785853272.717 snapshot tick=1 targets=0 players=0 bots=0 culled=0 range=800 source_players=0 source_robots=0 weapon=0 velocity=0.000
1785853272.717 INSTALL_FAILED no timer owner
1785853273.733 snapshot tick=1 targets=0 players=0 bots=0 culled=0 range=800 source_players=0 source_robots=0 weapon=0 velocity=0.000
1785853273.733 INSTALL_FAILED no timer owner
1785853274.734 snapshot tick=1 targets=0 players=0 bots=0 culled=0 range=800 source_players=0 source_robots=0 weapon=0 velocity=0.000
1785853274.734 INSTALL_FAILED no timer owner
1785853275.782 snapshot tick=1 targets=0 players=0 bots=0 culled=0 range=800 source_players=0 source_robots=0 weapon=0 velocity=0.000
1785853275.782 INSTALL_FAILED no timer owner
1785853276.748 snapshot tick=1 targets=0 players=0 bots=0 culled=0 range=800 source_players=0 source_robots=0 weapon=0 velocity=0.000
1785853276.748 INSTALL_FAILED no timer owner
1785853277.753 snapshot tick=1 targets=0 players=0 bots=0 culled=0 range=800 source_players=0 source_robots=0 weapon=0 velocity=0.000
1785853277.753 INSTALL_FAILED no timer owner
1785853278.751 snapshot tick=1 targets=0 players=0 bots=0 culled=0 range=800 source_players=0 source_robots=0 weapon=0 velocity=0.000
1785853278.752 INSTALL_FAILED no timer owner
1785853279.753 snapshot tick=1 targets=0 players=0 bots=0 culled=0 range=800 source_players=0 source_robots=0 weapon=0 velocity=0.000
1785853279.753 INSTALL_FAILED no timer owner
1785853280.755 snapshot tick=1 targets=0 players=0 bots=0 culled=0 range=800 source_players=0 source_robots=0 weapon=0 velocity=0.000
1785853280.756 INSTALL_FAILED no timer owner
1785853281.776 snapshot tick=1 targets=0 players=0 bots=0 culled=0 range=800 source_players=0 source_robots=0 weapon=0 velocity=0.000
1785853281.777 INSTALL_FAILED no timer owner
1785853282.780 snapshot tick=1 targets=0 players=0 bots=0 culled=0 range=800 source_players=0 source_robots=0 weapon=0 velocity=0.000
1785853282.780 INSTALL_FAILED no timer owner
1785853283.798 snapshot tick=1 targets=0 players=0 bots=0 culled=0 range=800 source_players=0 source_robots=0 weapon=0 velocity=0.000
1785853283.799 INSTALL_FAILED no timer owner
1785853284.850 snapshot tick=1 targets=0 players=0 bots=0 culled=0 range=800 source_players=0 source_robots=0 weapon=0 velocity=0.000
1785853284.850 INSTALL_FAILED no timer owner
1785853285.768 snapshot tick=1 targets=0 players=0 bots=0 culled=0 range=800 source_players=0 source_robots=0 weapon=0 velocity=0.000
1785853285.769 INSTALL_FAILED no timer owner
1785853286.770 snapshot tick=1 targets=0 players=0 bots=0 culled=0 range=800 source_players=0 source_robots=0 weapon=0 velocity=0.000
1785853286.770 INSTALL_FAILED no timer owner
1785853287.786 snapshot tick=1 targets=0 players=0 bots=0 culled=0 range=800 source_players=0 source_robots=0 weapon=0 velocity=0.000
1785853287.786 INSTALL_FAILED no timer owner
1785853288.786 snapshot tick=1 targets=0 players=0 bots=0 culled=0 range=800 source_players=0 source_robots=0 weapon=0 velocity=0.000
1785853288.787 INSTALL_FAILED no timer owner
1785853289.785 snapshot tick=1 targets=0 players=0 bots=0 culled=0 range=800 source_players=0 source_robots=0 weapon=0 velocity=0.000
1785853289.786 INSTALL_FAILED no timer owner
1785853290.803 snapshot tick=1 targets=0 players=0 bots=0 culled=0 range=800 source_players=0 source_robots=0 weapon=0 velocity=0.000
1785853290.803 INSTALL_FAILED no timer owner
1785853291.804 snapshot tick=1 targets=0 players=0 bots=0 culled=0 range=800 source_players=0 source_robots=0 weapon=0 velocity=0.000
1785853291.805 INSTALL_FAILED no timer owner
1785853292.841 snapshot tick=1 targets=0 players=0 bots=0 culled=0 range=800 source_players=0 source_robots=0 weapon=0 velocity=0.000
1785853292.841 INSTALL_FAILED no timer owner
1785853293.989 snapshot tick=1 targets=0 players=0 bots=0 culled=0 range=800 source_players=0 source_robots=0 weapon=0 velocity=0.000
1785853293.989 INSTALL_FAILED no timer owner
1785853294.849 snapshot tick=1 targets=0 players=0 bots=0 culled=0 range=800 source_players=0 source_robots=0 weapon=0 velocity=0.000
1785853294.849 INSTALL_FAILED no timer owner
1785853295.835 snapshot tick=1 targets=0 players=0 bots=0 culled=0 range=800 source_players=0 source_robots=0 weapon=0 velocity=0.000
1785853295.835 INSTALL_FAILED no timer owner
1785853296.835 snapshot tick=1 targets=0 players=0 bots=0 culled=0 range=800 source_players=0 source_robots=0 weapon=0 velocity=0.000
1785853296.835 INSTALL_FAILED no timer owner
1785853297.836 snapshot tick=1 targets=0 players=0 bots=0 culled=0 range=800 source_players=0 source_robots=0 weapon=0 velocity=0.000
1785853297.837 INSTALL_FAILED no timer owner
1785853298.886 snapshot tick=1 targets=0 players=0 bots=0 culled=0 range=800 source_players=0 source_robots=0 weapon=0 velocity=0.000
1785853298.887 INSTALL_FAILED no timer owner
1785853299.854 snapshot tick=1 targets=0 players=0 bots=0 culled=0 range=800 source_players=0 source_robots=0 weapon=0 velocity=0.000
1785853299.854 INSTALL_FAILED no timer owner
1785853300.874 snapshot tick=1 targets=0 players=0 bots=0 culled=0 range=800 source_players=0 source_robots=0 weapon=0 velocity=0.000
1785853300.874 INSTALL_FAILED no timer owner
1785853301.859 snapshot tick=1 targets=0 players=0 bots=0 culled=0 range=800 source_players=0 source_robots=0 weapon=0 velocity=0.000
1785853301.859 INSTALL_FAILED no timer owner
1785853302.894 snapshot tick=1 targets=0 players=0 bots=0 culled=0 range=800 source_players=0 source_robots=0 weapon=0 velocity=0.000
1785853302.895 INSTALL_FAILED no timer owner
1785853303.875 snapshot tick=1 targets=0 players=0 bots=0 culled=0 range=800 source_players=0 source_robots=0 weapon=0 velocity=0.000
1785853303.876 INSTALL_FAILED no timer owner
1785853304.862 snapshot tick=1 targets=0 players=0 bots=0 culled=0 range=800 source_players=0 source_robots=0 weapon=0 velocity=0.000
1785853304.863 INSTALL_FAILED no timer owner
1785853305.879 snapshot tick=1 targets=0 players=0 bots=0 culled=0 range=800 source_players=0 source_robots=0 weapon=0 velocity=0.000
1785853305.880 INSTALL_FAILED no timer owner
1785853306.881 snapshot tick=1 targets=0 players=0 bots=0 culled=0 range=800 source_players=0 source_robots=0 weapon=0 velocity=0.000
1785853306.882 INSTALL_FAILED no timer owner
1785853307.883 snapshot tick=1 targets=0 players=0 bots=0 culled=0 range=800 source_players=0 source_robots=0 weapon=0 velocity=0.000
1785853307.884 INSTALL_FAILED no timer owner
1785853308.883 snapshot tick=1 targets=0 players=0 bots=0 culled=0 range=800 source_players=0 source_robots=0 weapon=0 velocity=0.000
1785853308.883 INSTALL_FAILED no timer owner
1785853309.882 snapshot tick=1 targets=0 players=0 bots=0 culled=0 range=800 source_players=0 source_robots=0 weapon=0 velocity=0.000
1785853309.883 INSTALL_FAILED no timer owner
1785853310.883 snapshot tick=1 targets=0 players=0 bots=0 culled=0 range=800 source_players=0 source_robots=0 weapon=0 velocity=0.000
1785853310.884 INSTALL_FAILED no timer owner
1785853311.933 snapshot tick=1 targets=0 players=0 bots=0 culled=0 range=800 source_players=0 source_robots=0 weapon=0 velocity=0.000
1785853311.933 INSTALL_FAILED no timer owner
1785853312.974 snapshot tick=1 targets=0 players=0 bots=0 culled=0 range=800 native_aim=1 applied=0 lock=None apply_frame_ok=1 source_players=0 source_robots=0 weapon=0 velocity=0.000
1785853312.974 INSTALL_FAILED no timer owner
1785853313.927 snapshot tick=1 targets=0 players=0 bots=0 culled=0 range=800 native_aim=1 applied=0 lock=None apply_frame_ok=1 source_players=0 source_robots=0 weapon=0 velocity=0.000
1785853313.928 INSTALL_FAILED no timer owner
1785853314.920 snapshot tick=1 targets=0 players=0 bots=0 culled=0 range=800 native_aim=1 applied=0 lock=None apply_frame_ok=1 source_players=0 source_robots=0 weapon=0 velocity=0.000
1785853314.920 INSTALL_FAILED no timer owner
1785853315.914 snapshot tick=1 targets=0 players=0 bots=0 culled=0 range=800 native_aim=1 applied=0 lock=None apply_frame_ok=1 source_players=0 source_robots=0 weapon=0 velocity=0.000
1785853315.914 INSTALL_FAILED no timer owner
1785853316.916 snapshot tick=1 targets=0 players=0 bots=0 culled=0 range=800 native_aim=1 applied=0 lock=None apply_frame_ok=1 source_players=0 source_robots=0 weapon=0 velocity=0.000
1785853316.916 INSTALL_FAILED no timer owner
1785853317.928 snapshot tick=1 targets=0 players=0 bots=0 culled=0 range=800 native_aim=1 applied=0 lock=None apply_frame_ok=1 source_players=0 source_robots=0 weapon=0 velocity=0.000
1785853317.928 INSTALL_FAILED no timer owner
1785853318.938 snapshot tick=1 targets=0 players=0 bots=0 culled=0 range=800 native_aim=1 applied=0 lock=None apply_frame_ok=1 source_players=0 source_robots=0 weapon=0 velocity=0.000
1785853318.938 INSTALL_FAILED no timer owner
1785853319.958 snapshot tick=1 targets=0 players=0 bots=0 culled=0 range=800 native_aim=1 applied=0 lock=None apply_frame_ok=1 source_players=0 source_robots=0 weapon=0 velocity=0.000
1785853319.958 INSTALL_FAILED no timer owner
1785853320.933 snapshot tick=1 targets=0 players=0 bots=0 culled=0 range=800 native_aim=1 applied=0 lock=None apply_frame_ok=1 source_players=0 source_robots=0 weapon=0 velocity=0.000
1785853320.933 INSTALL_FAILED no timer owner
1785853321.962 snapshot tick=1 targets=0 players=0 bots=0 culled=0 range=800 native_aim=1 applied=0 lock=None apply_frame_ok=1 source_players=0 source_robots=0 weapon=0 velocity=0.000
1785853321.962 INSTALL_FAILED no timer owner
1785853322.973 snapshot tick=1 targets=0 players=0 bots=0 culled=0 range=800 native_aim=1 applied=0 lock=None apply_frame_ok=1 source_players=0 source_robots=0 weapon=0 velocity=0.000
1785853322.974 INSTALL_FAILED no timer owner
1785853323.988 snapshot tick=1 targets=0 players=0 bots=0 culled=0 range=800 native_aim=1 applied=0 lock=None apply_frame_ok=1 source_players=0 source_robots=0 weapon=0 velocity=0.000
1785853323.988 INSTALL_FAILED no timer owner
1785853324.967 snapshot tick=1 targets=0 players=0 bots=0 culled=0 range=800 native_aim=1 applied=0 lock=None apply_frame_ok=1 source_players=0 source_robots=0 weapon=0 velocity=0.000
1785853324.967 INSTALL_FAILED no timer owner
1785853325.960 snapshot tick=1 targets=0 players=0 bots=0 culled=0 range=800 native_aim=1 applied=0 lock=None apply_frame_ok=1 source_players=0 source_robots=0 weapon=0 velocity=0.000
1785853325.961 INSTALL_FAILED no timer owner
1785853326.955 snapshot tick=1 targets=0 players=0 bots=0 culled=0 range=800 native_aim=1 applied=0 lock=None apply_frame_ok=1 source_players=0 source_robots=0 weapon=0 velocity=0.000
1785853326.955 INSTALL_FAILED no timer owner
1785853327.949 snapshot tick=1 targets=0 players=0 bots=0 culled=0 range=800 native_aim=1 applied=0 lock=None apply_frame_ok=1 source_players=0 source_robots=0 weapon=0 velocity=0.000
1785853327.949 INSTALL_FAILED no timer owner
1785853328.983 snapshot tick=1 targets=0 players=0 bots=0 culled=0 range=800 native_aim=1 applied=0 lock=None apply_frame_ok=1 source_players=0 source_robots=0 weapon=0 velocity=0.000
1785853328.984 INSTALL_FAILED no timer owner
1785853329.977 snapshot tick=1 targets=0 players=0 bots=0 culled=0 range=800 native_aim=1 applied=0 lock=None apply_frame_ok=1 source_players=0 source_robots=0 weapon=0 velocity=0.000
1785853329.977 INSTALL_FAILED no timer owner
1785853330.986 snapshot tick=1 targets=0 players=0 bots=0 culled=0 range=800 native_aim=1 applied=0 lock=None apply_frame_ok=1 source_players=0 source_robots=0 weapon=0 velocity=0.000
1785853330.986 INSTALL_FAILED no timer owner
1785853331.982 snapshot tick=1 targets=0 players=0 bots=0 culled=0 range=800 native_aim=1 applied=0 lock=None apply_frame_ok=1 source_players=0 source_robots=0 weapon=0 velocity=0.000
1785853331.982 INSTALL_FAILED no timer owner
1785853332.977 snapshot tick=1 targets=0 players=0 bots=0 culled=0 range=800 native_aim=1 applied=0 lock=None apply_frame_ok=1 source_players=0 source_robots=0 weapon=0 velocity=0.000
1785853332.977 INSTALL_FAILED no timer owner
1785853333.979 snapshot tick=1 targets=0 players=0 bots=0 culled=0 range=800 native_aim=1 applied=0 lock=None apply_frame_ok=1 source_players=0 source_robots=0 weapon=0 velocity=0.000
1785853333.980 INSTALL_FAILED no timer owner
1785853334.984 snapshot tick=1 targets=0 players=0 bots=0 culled=0 range=800 native_aim=1 applied=0 lock=None apply_frame_ok=1 source_players=0 source_robots=0 weapon=0 velocity=0.000
1785853334.984 INSTALL_FAILED no timer owner
1785853335.978 snapshot tick=1 targets=0 players=0 bots=0 culled=0 range=800 native_aim=1 applied=0 lock=None apply_frame_ok=1 source_players=0 source_robots=0 weapon=0 velocity=0.000
1785853335.978 INSTALL_FAILED no timer owner
1785853336.976 snapshot tick=1 targets=0 players=0 bots=0 culled=0 range=800 native_aim=1 applied=0 lock=None apply_frame_ok=1 source_players=0 source_robots=0 weapon=0 velocity=0.000
1785853336.976 INSTALL_FAILED no timer owner
1785853338.073 snapshot tick=1 targets=0 players=0 bots=0 culled=0 range=800 native_aim=1 applied=0 lock=None apply_frame_ok=1 source_players=0 source_robots=0 weapon=0 velocity=0.000
1785853338.074 INSTALL_FAILED no timer owner
1785853338.993 snapshot tick=1 targets=0 players=0 bots=0 culled=0 range=800 native_aim=1 applied=0 lock=None apply_frame_ok=1 source_players=0 source_robots=0 weapon=0 velocity=0.000
1785853338.997 INSTALL_FAILED no timer owner
1785853340.000 snapshot tick=1 targets=0 players=0 bots=0 culled=0 range=800 native_aim=1 applied=0 lock=None apply_frame_ok=1 source_players=0 source_robots=0 weapon=0 velocity=0.000
1785853340.000 INSTALL_FAILED no timer owner
1785853340.993 snapshot tick=1 targets=0 players=0 bots=0 culled=0 range=800 native_aim=1 applied=0 lock=None apply_frame_ok=1 source_players=0 source_robots=0 weapon=0 velocity=0.000
1785853340.994 INSTALL_FAILED no timer owner
1785853341.986 snapshot tick=1 targets=0 players=0 bots=0 culled=0 range=800 native_aim=1 applied=0 lock=None apply_frame_ok=1 source_players=0 source_robots=0 weapon=0 velocity=0.000
1785853341.986 INSTALL_FAILED no timer owner
1785853343.016 snapshot tick=1 targets=0 players=0 bots=0 culled=0 range=800 native_aim=1 applied=0 lock=None apply_frame_ok=1 source_players=0 source_robots=0 weapon=0 velocity=0.000
1785853343.016 INSTALL_FAILED no timer owner
1785853344.005 snapshot tick=1 targets=0 players=0 bots=0 culled=0 range=800 native_aim=1 applied=0 lock=None apply_frame_ok=1 source_players=0 source_robots=0 weapon=0 velocity=0.000
1785853344.005 INSTALL_FAILED no timer owner
1785853345.032 snapshot tick=1 targets=0 players=0 bots=0 culled=0 range=800 native_aim=1 applied=0 lock=None apply_frame_ok=1 source_players=0 source_robots=0 weapon=0 velocity=0.000
1785853345.033 INSTALL_FAILED no timer owner
1785853346.024 snapshot tick=1 targets=0 players=0 bots=0 culled=0 range=800 native_aim=1 applied=0 lock=None apply_frame_ok=1 source_players=0 source_robots=0 weapon=0 velocity=0.000
1785853346.024 INSTALL_FAILED no timer owner
1785853347.045 snapshot tick=1 targets=0 players=0 bots=0 culled=0 range=800 native_aim=1 applied=0 lock=None apply_frame_ok=1 source_players=0 source_robots=0 weapon=0 velocity=0.000
1785853347.045 INSTALL_FAILED no timer owner
1785853348.033 snapshot tick=1 targets=0 players=0 bots=0 culled=0 range=800 native_aim=1 applied=0 lock=None apply_frame_ok=1 source_players=0 source_robots=0 weapon=0 velocity=0.000
1785853348.033 INSTALL_FAILED no timer owner
1785853349.029 snapshot tick=1 targets=0 players=0 bots=0 culled=0 range=800 native_aim=1 applied=0 lock=None apply_frame_ok=1 source_players=0 source_robots=0 weapon=0 velocity=0.000
1785853349.029 INSTALL_FAILED no timer owner
1785853350.054 snapshot tick=1 targets=0 players=0 bots=0 culled=0 range=800 native_aim=1 applied=0 lock=None apply_frame_ok=1 source_players=0 source_robots=0 weapon=0 velocity=0.000
1785853350.055 INSTALL_FAILED no timer owner
1785853351.029 snapshot tick=1 targets=0 players=0 bots=0 culled=0 range=800 native_aim=1 applied=0 lock=None apply_frame_ok=1 source_players=0 source_robots=0 weapon=0 velocity=0.000
1785853351.029 INSTALL_FAILED no timer owner
1785853352.067 snapshot tick=1 targets=0 players=0 bots=0 culled=0 range=800 native_aim=1 applied=0 lock=None apply_frame_ok=1 source_players=0 source_robots=0 weapon=0 velocity=0.000
1785853352.068 INSTALL_FAILED no timer owner
1785853353.060 snapshot tick=1 targets=0 players=0 bots=0 culled=0 range=800 native_aim=1 applied=0 lock=None apply_frame_ok=1 source_players=0 source_robots=0 weapon=0 velocity=0.000
1785853353.060 INSTALL_FAILED no timer owner
1785853354.050 snapshot tick=1 targets=0 players=0 bots=0 culled=0 range=800 native_aim=1 applied=0 lock=None apply_frame_ok=1 source_players=0 source_robots=0 weapon=0 velocity=0.000
1785853354.050 INSTALL_FAILED no timer owner
1785853355.062 snapshot tick=1 targets=0 players=0 bots=0 culled=0 range=800 native_aim=1 applied=0 lock=None apply_frame_ok=1 source_players=0 source_robots=0 weapon=0 velocity=0.000
1785853355.062 INSTALL_FAILED no timer owner
1785853356.071 snapshot tick=1 targets=0 players=0 bots=0 culled=0 range=800 native_aim=1 applied=0 lock=None apply_frame_ok=1 source_players=0 source_robots=0 weapon=0 velocity=0.000
1785853356.071 INSTALL_FAILED no timer owner
1785853357.064 snapshot tick=1 targets=0 players=0 bots=0 culled=0 range=800 native_aim=1 applied=0 lock=None apply_frame_ok=1 source_players=0 source_robots=0 weapon=0 velocity=0.000
1785853357.064 INSTALL_FAILED no timer owner
1785853358.055 snapshot tick=1 targets=0 players=0 bots=0 culled=0 range=800 native_aim=1 applied=0 lock=None apply_frame_ok=1 source_players=0 source_robots=0 weapon=0 velocity=0.000
1785853358.055 INSTALL_FAILED no timer owner
1785853359.084 snapshot tick=1 targets=0 players=0 bots=0 culled=0 range=800 native_aim=1 applied=0 lock=None apply_frame_ok=1 source_players=0 source_robots=0 weapon=0 velocity=0.000
1785853359.085 INSTALL_FAILED no timer owner
1785853360.084 snapshot tick=1 targets=0 players=0 bots=0 culled=0 range=800 native_aim=1 applied=0 lock=None apply_frame_ok=1 source_players=0 source_robots=0 weapon=0 velocity=0.000
1785853360.084 INSTALL_FAILED no timer owner
1785853361.095 snapshot tick=1 targets=0 players=0 bots=0 culled=0 range=800 native_aim=1 applied=0 lock=None apply_frame_ok=1 source_players=0 source_robots=0 weapon=0 velocity=0.000
1785853361.096 INSTALL_FAILED no timer owner
1785853362.090 snapshot tick=1 targets=0 players=0 bots=0 culled=0 range=800 native_aim=1 applied=0 lock=None apply_frame_ok=1 source_players=0 source_robots=0 weapon=0 velocity=0.000
1785853362.090 INSTALL_FAILED no timer owner
1785853363.087 snapshot tick=1 targets=0 players=0 bots=0 culled=0 range=800 native_aim=1 applied=0 lock=None apply_frame_ok=1 source_players=0 source_robots=0 weapon=0 velocity=0.000
1785853363.088 INSTALL_FAILED no timer owner
1785853364.106 snapshot tick=1 targets=0 players=0 bots=0 culled=0 range=800 native_aim=1 applied=0 lock=None apply_frame_ok=1 source_players=0 source_robots=0 weapon=0 velocity=0.000
1785853364.107 INSTALL_FAILED no timer owner
1785853365.096 snapshot tick=1 targets=0 players=0 bots=0 culled=0 range=800 native_aim=1 applied=0 lock=None apply_frame_ok=1 source_players=0 source_robots=0 weapon=0 velocity=0.000
1785853365.097 INSTALL_FAILED no timer owner
1785853366.153 snapshot tick=1 targets=0 players=0 bots=0 culled=0 range=800 native_aim=1 applied=0 lock=None apply_frame_ok=1 source_players=0 source_robots=0 weapon=0 velocity=0.000
1785853366.153 INSTALL_FAILED no timer owner
1785853367.090 snapshot tick=1 targets=0 players=0 bots=0 culled=0 range=800 native_aim=1 applied=0 lock=None apply_frame_ok=1 source_players=0 source_robots=0 weapon=0 velocity=0.000
1785853367.095 INSTALL_FAILED no timer owner
1785853368.108 snapshot tick=1 targets=0 players=0 bots=0 culled=0 range=800 native_aim=1 applied=0 lock=None apply_frame_ok=1 source_players=0 source_robots=0 weapon=0 velocity=0.000
1785853368.108 INSTALL_FAILED no timer owner
1785853369.095 snapshot tick=1 targets=0 players=0 bots=0 culled=0 range=800 native_aim=1 applied=0 lock=None apply_frame_ok=1 source_players=0 source_robots=0 weapon=0 velocity=0.000
1785853369.096 INSTALL_FAILED no timer owner
1785853370.156 snapshot tick=1 targets=0 players=0 bots=0 culled=0 range=800 native_aim=1 applied=0 lock=None apply_frame_ok=1 source_players=0 source_robots=0 weapon=0 velocity=0.000
1785853370.156 INSTALL_FAILED no timer owner
1785853371.112 snapshot tick=1 targets=0 players=0 bots=0 culled=0 range=800 native_aim=1 applied=0 lock=None apply_frame_ok=1 source_players=0 source_robots=0 weapon=0 velocity=0.000
1785853371.113 INSTALL_FAILED no timer owner
1785853372.115 snapshot tick=1 targets=0 players=0 bots=0 culled=0 range=800 native_aim=1 applied=0 lock=None apply_frame_ok=1 source_players=0 source_robots=0 weapon=0 velocity=0.000
1785853372.116 INSTALL_FAILED no timer owner
1785853373.153 snapshot tick=1 targets=0 players=0 bots=0 culled=0 range=800 native_aim=1 applied=0 lock=None apply_frame_ok=1 source_players=0 source_robots=0 weapon=0 velocity=0.000
1785853373.153 INSTALL_FAILED no timer owner
1785853374.124 snapshot tick=1 targets=0 players=0 bots=0 culled=0 range=800 native_aim=1 applied=0 lock=None apply_frame_ok=1 source_players=0 source_robots=0 weapon=0 velocity=0.000
1785853374.124 INSTALL_FAILED no timer owner
1785853375.128 snapshot tick=1 targets=0 players=0 bots=0 culled=0 range=800 native_aim=1 applied=0 lock=None apply_frame_ok=1 source_players=0 source_robots=0 weapon=0 velocity=0.000
1785853375.128 INSTALL_FAILED no timer owner
1785853376.153 snapshot tick=1 targets=0 players=0 bots=0 culled=0 range=800 native_aim=1 applied=0 lock=None apply_frame_ok=1 source_players=0 source_robots=0 weapon=0 velocity=0.000
1785853376.153 INSTALL_FAILED no timer owner
1785853377.137 snapshot tick=1 targets=0 players=0 bots=0 culled=0 range=800 native_aim=1 applied=0 lock=None apply_frame_ok=1 source_players=0 source_robots=0 weapon=0 velocity=0.000
1785853377.138 INSTALL_FAILED no timer owner
1785853378.129 snapshot tick=1 targets=0 players=0 bots=0 culled=0 range=800 native_aim=1 applied=0 lock=None apply_frame_ok=1 source_players=0 source_robots=0 weapon=0 velocity=0.000
1785853378.130 INSTALL_FAILED no timer owner
1785853379.140 snapshot tick=1 targets=0 players=0 bots=0 culled=0 range=800 native_aim=1 applied=0 lock=None apply_frame_ok=1 source_players=0 source_robots=0 weapon=0 velocity=0.000
1785853379.140 INSTALL_FAILED no timer owner
1785853380.339 snapshot tick=1 targets=0 players=0 bots=0 culled=0 range=800 native_aim=1 applied=0 lock=None apply_frame_ok=1 source_players=0 source_robots=0 weapon=0 velocity=0.000
1785853380.339 INSTALL_FAILED no timer owner
1785853381.266 snapshot tick=1 targets=0 players=0 bots=0 culled=0 range=800 native_aim=1 applied=0 lock=None apply_frame_ok=1 source_players=0 source_robots=0 weapon=0 velocity=0.000
1785853381.266 INSTALL_FAILED no timer owner
1785853382.158 snapshot tick=1 targets=0 players=0 bots=0 culled=0 range=800 native_aim=1 applied=0 lock=None apply_frame_ok=1 source_players=0 source_robots=0 weapon=0 velocity=0.000
1785853382.159 INSTALL_FAILED no timer owner
1785853447.111 snapshot tick=1 targets=6 players=0 bots=6 culled=0 range=800 native_aim=1 applied=0 lock=None apply_frame_ok=1 source_players=0 source_robots=6 weapon=120 velocity=1725.500
1785853447.121 INSTALL_OK hz=60 timer_id=-3387 apply_frame_ok=True apply_frame_error=''
1785853455.046 snapshot tick=240 targets=6 players=0 bots=6 culled=0 range=800 native_aim=1 applied=0 lock=None apply_frame_ok=1 source_players=0 source_robots=6 weapon=120 velocity=1725.500
1785853462.970 snapshot tick=480 targets=6 players=0 bots=6 culled=0 range=800 native_aim=1 applied=0 lock=None apply_frame_ok=1 source_players=0 source_robots=6 weapon=120 velocity=1725.500
1785853470.887 snapshot tick=720 targets=6 players=0 bots=6 culled=0 range=800 native_aim=1 applied=0 lock=None apply_frame_ok=1 source_players=0 source_robots=6 weapon=120 velocity=1725.500
1785853478.806 snapshot tick=960 targets=6 players=0 bots=6 culled=0 range=800 native_aim=1 applied=0 lock=None apply_frame_ok=1 source_players=0 source_robots=6 weapon=120 velocity=1725.500
1785853486.725 snapshot tick=1200 targets=6 players=0 bots=6 culled=0 range=800 native_aim=1 applied=0 lock=None apply_frame_ok=1 source_players=0 source_robots=6 weapon=120 velocity=1725.500
1785853494.645 snapshot tick=1440 targets=6 players=0 bots=6 culled=0 range=800 native_aim=1 applied=0 lock=None apply_frame_ok=1 source_players=0 source_robots=6 weapon=120 velocity=1725.500
1785853502.603 snapshot tick=1680 targets=6 players=0 bots=6 culled=0 range=800 native_aim=1 applied=0 lock=None apply_frame_ok=1 source_players=0 source_robots=6 weapon=120 velocity=1725.500
1785853510.655 snapshot tick=1920 targets=6 players=0 bots=6 culled=0 range=800 native_aim=1 applied=0 lock=None apply_frame_ok=1 source_players=0 source_robots=6 weapon=120 velocity=1725.500
1785853518.573 snapshot tick=2160 targets=6 players=0 bots=6 culled=0 range=800 native_aim=1 applied=0 lock=None apply_frame_ok=1 source_players=0 source_robots=6 weapon=41 velocity=400.000
1785853526.525 snapshot tick=2400 targets=6 players=0 bots=6 culled=0 range=800 native_aim=1 applied=0 lock=None apply_frame_ok=1 source_players=0 source_robots=6 weapon=41 velocity=400.000
1785853534.444 snapshot tick=2640 targets=6 players=0 bots=6 culled=0 range=800 native_aim=1 applied=0 lock=None apply_frame_ok=1 source_players=0 source_robots=6 weapon=41 velocity=400.000
1785853542.364 snapshot tick=2880 targets=6 players=0 bots=6 culled=0 range=800 native_aim=1 applied=0 lock=None apply_frame_ok=1 source_players=0 source_robots=6 weapon=41 velocity=400.000
1785853550.285 snapshot tick=3120 targets=6 players=0 bots=6 culled=0 range=800 native_aim=1 applied=0 lock=None apply_frame_ok=1 source_players=0 source_robots=6 weapon=41 velocity=400.000
1785853558.205 snapshot tick=3360 targets=6 players=0 bots=6 culled=0 range=800 native_aim=1 applied=0 lock=None apply_frame_ok=1 source_players=0 source_robots=6 weapon=41 velocity=400.000
1785853566.125 snapshot tick=3600 targets=6 players=0 bots=6 culled=0 range=800 native_aim=1 applied=0 lock=None apply_frame_ok=1 source_players=0 source_robots=6 weapon=41 velocity=400.000
1785853574.045 snapshot tick=3840 targets=6 players=0 bots=6 culled=0 range=800 native_aim=1 applied=0 lock=None apply_frame_ok=1 source_players=0 source_robots=6 weapon=41 velocity=400.000
1785853581.962 snapshot tick=4080 targets=6 players=0 bots=6 culled=0 range=800 native_aim=1 applied=0 lock=None apply_frame_ok=1 source_players=0 source_robots=6 weapon=41 velocity=400.000
1785853589.884 snapshot tick=4320 targets=6 players=0 bots=6 culled=0 range=800 native_aim=1 applied=0 lock=None apply_frame_ok=1 source_players=0 source_robots=6 weapon=41 velocity=400.000
1785853597.804 snapshot tick=4560 targets=6 players=0 bots=6 culled=0 range=800 native_aim=1 applied=0 lock=None apply_frame_ok=1 source_players=0 source_robots=6 weapon=41 velocity=400.000
1785853605.722 snapshot tick=4800 targets=6 players=0 bots=6 culled=0 range=800 native_aim=1 applied=0 lock=None apply_frame_ok=1 source_players=0 source_robots=6 weapon=41 velocity=400.000
1785853613.643 snapshot tick=5040 targets=6 players=0 bots=6 culled=0 range=800 native_aim=1 applied=0 lock=None apply_frame_ok=1 source_players=0 source_robots=6 weapon=41 velocity=400.000
1785853621.565 snapshot tick=5280 targets=6 players=0 bots=6 culled=0 range=800 native_aim=1 applied=0 lock=None apply_frame_ok=1 source_players=0 source_robots=6 weapon=41 velocity=400.000
1785853629.519 snapshot tick=5520 targets=6 players=0 bots=6 culled=0 range=800 native_aim=1 applied=0 lock=None apply_frame_ok=1 source_players=0 source_robots=6 weapon=41 velocity=400.000
1785853637.436 snapshot tick=5760 targets=6 players=0 bots=6 culled=0 range=800 native_aim=1 applied=0 lock=None apply_frame_ok=1 source_players=0 source_robots=6 weapon=41 velocity=400.000
1785853645.358 snapshot tick=6000 targets=6 players=0 bots=6 culled=0 range=800 native_aim=1 applied=0 lock=None apply_frame_ok=1 source_players=0 source_robots=6 weapon=41 velocity=400.000
1785853653.277 snapshot tick=6240 targets=6 players=0 bots=6 culled=0 range=800 native_aim=1 applied=0 lock=None apply_frame_ok=1 source_players=0 source_robots=6 weapon=41 velocity=400.000
1785853661.232 snapshot tick=6480 targets=6 players=0 bots=6 culled=0 range=800 native_aim=1 applied=0 lock=None apply_frame_ok=1 source_players=0 source_robots=6 weapon=41 velocity=400.000
1785853669.182 snapshot tick=6720 targets=6 players=0 bots=6 culled=0 range=800 native_aim=1 applied=0 lock=None apply_frame_ok=1 source_players=0 source_robots=6 weapon=41 velocity=400.000
1785853677.104 snapshot tick=6960 targets=6 players=0 bots=6 culled=0 range=800 native_aim=1 applied=0 lock=None apply_frame_ok=1 source_players=0 source_robots=6 weapon=41 velocity=400.000
1785853685.023 snapshot tick=7200 targets=6 players=0 bots=6 culled=0 range=800 native_aim=1 applied=0 lock=None apply_frame_ok=1 source_players=0 source_robots=6 weapon=41 velocity=400.000
1785853692.944 snapshot tick=7440 targets=6 players=0 bots=6 culled=0 range=800 native_aim=1 applied=0 lock=None apply_frame_ok=1 source_players=0 source_robots=6 weapon=41 velocity=400.000
1785853700.862 snapshot tick=7680 targets=6 players=0 bots=6 culled=0 range=800 native_aim=1 applied=0 lock=None apply_frame_ok=1 source_players=0 source_robots=6 weapon=41 velocity=400.000
1785853708.782 snapshot tick=7920 targets=6 players=0 bots=6 culled=0 range=800 native_aim=1 applied=0 lock=None apply_frame_ok=1 source_players=0 source_robots=6 weapon=41 velocity=400.000
1785853716.703 snapshot tick=8160 targets=6 players=0 bots=6 culled=0 range=800 native_aim=1 applied=0 lock=None apply_frame_ok=1 source_players=0 source_robots=6 weapon=41 velocity=400.000
1785853724.624 snapshot tick=8400 targets=6 players=0 bots=6 culled=0 range=800 native_aim=1 applied=0 lock=None apply_frame_ok=1 source_players=0 source_robots=6 weapon=41 velocity=400.000
1785853732.545 snapshot tick=8640 targets=6 players=0 bots=6 culled=0 range=800 native_aim=1 applied=0 lock=None apply_frame_ok=1 source_players=0 source_robots=6 weapon=41 velocity=400.000
1785853740.461 snapshot tick=8880 targets=6 players=0 bots=6 culled=0 range=800 native_aim=1 applied=0 lock=None apply_frame_ok=1 source_players=0 source_robots=6 weapon=41 velocity=400.000
1785853748.382 snapshot tick=9120 targets=6 players=0 bots=6 culled=0 range=800 native_aim=1 applied=0 lock=None apply_frame_ok=1 source_players=0 source_robots=6 weapon=41 velocity=400.000
1785853755.472 snapshot tick=1 targets=6 players=0 bots=6 culled=0 range=800 native_aim=1 trigger=0 external=0 seen=0 miss=0 applied=0 lock=None apply_frame_ok=1 source_players=0 source_robots=6 weapon=41 velocity=400.000
1785853756.618 INSTALL_OK hz=60 timer_id=-3564 apply_frame_ok=True apply_frame_error=''
1785853760.848 INSTALL_OK hz=60 timer_id=-3565 apply_frame_ok=True apply_frame_error=''
1785853763.151 snapshot tick=1 targets=6 players=0 bots=6 culled=0 range=800 native_aim=1 trigger=0 external=0 seen=0 miss=0 applied=0 lock=None apply_frame_ok=1 source_players=0 source_robots=6 weapon=41 velocity=400.000
1785853765.758 INSTALL_OK hz=60 timer_id=-3574 apply_frame_ok=True apply_frame_error=''
1785853767.837 snapshot tick=1 targets=6 players=0 bots=6 culled=0 range=800 native_aim=1 trigger=0 external=0 seen=0 miss=0 applied=0 lock=None apply_frame_ok=1 source_players=0 source_robots=6 weapon=41 velocity=400.000
1785853770.238 snapshot tick=1 targets=6 players=0 bots=6 culled=0 range=800 native_aim=1 trigger=0 external=0 seen=0 miss=0 applied=0 lock=None apply_frame_ok=1 source_players=0 source_robots=6 weapon=41 velocity=400.000
1785853771.532 snapshot tick=1 targets=6 players=0 bots=6 culled=0 range=800 native_aim=1 trigger=0 external=0 seen=0 miss=0 applied=0 lock=None apply_frame_ok=1 source_players=0 source_robots=6 weapon=41 velocity=400.000
1785853773.348 INSTALL_OK hz=60 timer_id=-3575 apply_frame_ok=True apply_frame_error=''
1785853777.418 snapshot tick=1 targets=6 players=0 bots=6 culled=0 range=800 native_aim=1 trigger=0 external=0 seen=0 miss=0 applied=0 lock=None apply_frame_ok=1 source_players=0 source_robots=6 weapon=41 velocity=400.000
1785853779.183 INSTALL_OK hz=60 timer_id=-3576 apply_frame_ok=True apply_frame_error=''
1785853781.939 snapshot tick=1 targets=6 players=0 bots=6 culled=0 range=800 native_aim=1 trigger=0 external=0 seen=0 miss=0 applied=0 lock=None apply_frame_ok=1 source_players=0 source_robots=6 weapon=41 velocity=400.000
1785853783.785 INSTALL_OK hz=60 timer_id=-3577 apply_frame_ok=True apply_frame_error=''
1785854296.477 snapshot tick=1 targets=0 players=0 bots=0 culled=0 range=800 native_aim=0 trigger=0 external=0 seen=0 miss=0 applied=0 lock=None apply_frame_ok=0 source_players=0 source_robots=0 weapon=0 velocity=0.000
1785854296.478 INSTALL_FAILED no timer owner
1785854297.413 snapshot tick=1 targets=0 players=0 bots=0 culled=0 range=800 native_aim=0 trigger=0 external=0 seen=0 miss=0 applied=0 lock=None apply_frame_ok=0 source_players=0 source_robots=0 weapon=0 velocity=0.000
1785854297.413 INSTALL_FAILED no timer owner
1785854298.538 snapshot tick=1 targets=0 players=0 bots=0 culled=0 range=800 native_aim=0 trigger=0 external=0 seen=0 miss=0 applied=0 lock=None apply_frame_ok=0 source_players=0 source_robots=0 weapon=0 velocity=0.000
1785854298.539 INSTALL_FAILED no timer owner
1785854299.430 snapshot tick=1 targets=0 players=0 bots=0 culled=0 range=800 native_aim=0 trigger=0 external=0 seen=0 miss=0 applied=0 lock=None apply_frame_ok=0 source_players=0 source_robots=0 weapon=0 velocity=0.000
1785854299.430 INSTALL_FAILED no timer owner
1785854300.542 snapshot tick=1 targets=0 players=0 bots=0 culled=0 range=800 native_aim=0 trigger=0 external=0 seen=0 miss=0 applied=0 lock=None apply_frame_ok=0 source_players=0 source_robots=0 weapon=0 velocity=0.000
1785854300.542 INSTALL_FAILED no timer owner
1785854301.461 snapshot tick=1 targets=0 players=0 bots=0 culled=0 range=800 native_aim=0 trigger=0 external=0 seen=0 miss=0 applied=0 lock=None apply_frame_ok=0 source_players=0 source_robots=0 weapon=0 velocity=0.000
1785854301.462 INSTALL_FAILED no timer owner
1785854302.479 snapshot tick=1 targets=0 players=0 bots=0 culled=0 range=800 native_aim=0 trigger=0 external=0 seen=0 miss=0 applied=0 lock=None apply_frame_ok=0 source_players=0 source_robots=0 weapon=0 velocity=0.000
1785854302.479 INSTALL_FAILED no timer owner
1785854303.466 snapshot tick=1 targets=0 players=0 bots=0 culled=0 range=800 native_aim=0 trigger=0 external=0 seen=0 miss=0 applied=0 lock=None apply_frame_ok=0 source_players=0 source_robots=0 weapon=0 velocity=0.000
1785854303.466 INSTALL_FAILED no timer owner
1785854304.478 snapshot tick=1 targets=0 players=0 bots=0 culled=0 range=800 native_aim=0 trigger=0 external=0 seen=0 miss=0 applied=0 lock=None apply_frame_ok=0 source_players=0 source_robots=0 weapon=0 velocity=0.000
1785854304.480 INSTALL_FAILED no timer owner
1785854305.485 snapshot tick=1 targets=0 players=0 bots=0 culled=0 range=800 native_aim=0 trigger=0 external=0 seen=0 miss=0 applied=0 lock=None apply_frame_ok=0 source_players=0 source_robots=0 weapon=0 velocity=0.000
1785854305.486 INSTALL_FAILED no timer owner
1785854306.487 snapshot tick=1 targets=0 players=0 bots=0 culled=0 range=800 native_aim=0 trigger=0 external=0 seen=0 miss=0 applied=0 lock=None apply_frame_ok=0 source_players=0 source_robots=0 weapon=0 velocity=0.000
1785854306.487 INSTALL_FAILED no timer owner
1785854307.476 snapshot tick=1 targets=0 players=0 bots=0 culled=0 range=800 native_aim=0 trigger=0 external=0 seen=0 miss=0 applied=0 lock=None apply_frame_ok=0 source_players=0 source_robots=0 weapon=0 velocity=0.000
1785854307.477 INSTALL_FAILED no timer owner
1785854308.471 snapshot tick=1 targets=0 players=0 bots=0 culled=0 range=800 native_aim=0 trigger=0 external=0 seen=0 miss=0 applied=0 lock=None apply_frame_ok=0 source_players=0 source_robots=0 weapon=0 velocity=0.000
1785854308.474 INSTALL_FAILED no timer owner
1785854309.488 snapshot tick=1 targets=0 players=0 bots=0 culled=0 range=800 native_aim=0 trigger=0 external=0 seen=0 miss=0 applied=0 lock=None apply_frame_ok=0 source_players=0 source_robots=0 weapon=0 velocity=0.000
1785854309.489 INSTALL_FAILED no timer owner
1785854310.492 snapshot tick=1 targets=0 players=0 bots=0 culled=0 range=800 native_aim=0 trigger=0 external=0 seen=0 miss=0 applied=0 lock=None apply_frame_ok=0 source_players=0 source_robots=0 weapon=0 velocity=0.000
1785854310.492 INSTALL_FAILED no timer owner
1785854311.519 snapshot tick=1 targets=0 players=0 bots=0 culled=0 range=800 native_aim=0 trigger=0 external=0 seen=0 miss=0 applied=0 lock=None apply_frame_ok=0 source_players=0 source_robots=0 weapon=0 velocity=0.000
1785854311.520 INSTALL_FAILED no timer owner
1785854312.740 snapshot tick=1 targets=6 players=0 bots=6 culled=0 range=800 native_aim=0 trigger=0 external=0 seen=0 miss=0 applied=0 lock=None apply_frame_ok=0 source_players=0 source_robots=6 weapon=120 velocity=1725.500
1785854312.760 INSTALL_OK hz=120 timer_id=-236 apply_frame_ok=False apply_frame_error=''
1785854320.600 snapshot tick=240 targets=6 players=0 bots=6 culled=0 range=800 native_aim=0 trigger=0 external=0 seen=0 miss=0 applied=0 lock=None apply_frame_ok=0 source_players=0 source_robots=6 weapon=120 velocity=1725.500
1785854328.521 snapshot tick=480 targets=6 players=0 bots=6 culled=0 range=800 native_aim=0 trigger=0 external=0 seen=0 miss=0 applied=0 lock=None apply_frame_ok=0 source_players=0 source_robots=6 weapon=120 velocity=1725.500
1785854336.439 snapshot tick=720 targets=6 players=0 bots=6 culled=0 range=800 native_aim=0 trigger=0 external=0 seen=0 miss=0 applied=0 lock=None apply_frame_ok=0 source_players=0 source_robots=6 weapon=120 velocity=1725.500
1785854344.359 snapshot tick=960 targets=6 players=0 bots=6 culled=0 range=800 native_aim=0 trigger=0 external=0 seen=0 miss=0 applied=0 lock=None apply_frame_ok=0 source_players=0 source_robots=6 weapon=120 velocity=1725.500
1785854352.280 snapshot tick=1200 targets=6 players=0 bots=6 culled=0 range=800 native_aim=0 trigger=0 external=0 seen=0 miss=0 applied=0 lock=None apply_frame_ok=0 source_players=0 source_robots=6 weapon=120 velocity=1725.500
1785854360.201 snapshot tick=1440 targets=6 players=0 bots=6 culled=0 range=800 native_aim=0 trigger=0 external=0 seen=0 miss=0 applied=0 lock=None apply_frame_ok=0 source_players=0 source_robots=6 weapon=120 velocity=1725.500
1785854368.118 snapshot tick=1680 targets=6 players=0 bots=6 culled=0 range=800 native_aim=0 trigger=0 external=0 seen=0 miss=0 applied=0 lock=None apply_frame_ok=0 source_players=0 source_robots=6 weapon=120 velocity=1725.500
1785854376.042 snapshot tick=1920 targets=6 players=0 bots=6 culled=0 range=800 native_aim=0 trigger=0 external=0 seen=0 miss=0 applied=0 lock=None apply_frame_ok=0 source_players=0 source_robots=6 weapon=120 velocity=1725.500
1785854383.961 snapshot tick=2160 targets=6 players=0 bots=6 culled=0 range=800 native_aim=0 trigger=0 external=0 seen=0 miss=0 applied=0 lock=None apply_frame_ok=0 source_players=0 source_robots=6 weapon=120 velocity=1725.500
1785854391.878 snapshot tick=2400 targets=6 players=0 bots=6 culled=0 range=800 native_aim=0 trigger=0 external=0 seen=0 miss=0 applied=0 lock=None apply_frame_ok=0 source_players=0 source_robots=6 weapon=120 velocity=1725.500
1785854399.801 snapshot tick=2640 targets=6 players=0 bots=6 culled=0 range=800 native_aim=0 trigger=0 external=0 seen=0 miss=0 applied=0 lock=None apply_frame_ok=0 source_players=0 source_robots=6 weapon=120 velocity=1725.500
1785854407.720 snapshot tick=2880 targets=6 players=0 bots=6 culled=0 range=800 native_aim=0 trigger=0 external=0 seen=0 miss=0 applied=0 lock=None apply_frame_ok=0 source_players=0 source_robots=6 weapon=120 velocity=1725.500
1785854415.638 snapshot tick=3120 targets=6 players=0 bots=6 culled=0 range=800 native_aim=0 trigger=0 external=0 seen=0 miss=0 applied=0 lock=None apply_frame_ok=0 source_players=0 source_robots=6 weapon=120 velocity=1725.500
1785854423.558 snapshot tick=3360 targets=6 players=0 bots=6 culled=0 range=800 native_aim=0 trigger=0 external=0 seen=0 miss=0 applied=0 lock=None apply_frame_ok=0 source_players=0 source_robots=6 weapon=120 velocity=1725.500
1785854431.481 snapshot tick=3600 targets=6 players=0 bots=6 culled=0 range=800 native_aim=0 trigger=0 external=0 seen=0 miss=0 applied=0 lock=None apply_frame_ok=0 source_players=0 source_robots=6 weapon=120 velocity=1725.500
1785854439.402 snapshot tick=3840 targets=6 players=0 bots=6 culled=0 range=800 native_aim=0 trigger=0 external=0 seen=0 miss=0 applied=0 lock=None apply_frame_ok=0 source_players=0 source_robots=6 weapon=120 velocity=1725.500
1785854447.322 snapshot tick=4080 targets=6 players=0 bots=6 culled=0 range=800 native_aim=0 trigger=0 external=0 seen=0 miss=0 applied=0 lock=None apply_frame_ok=0 source_players=0 source_robots=6 weapon=120 velocity=1725.500
1785854455.241 snapshot tick=4320 targets=6 players=0 bots=6 culled=0 range=800 native_aim=0 trigger=0 external=0 seen=0 miss=0 applied=0 lock=None apply_frame_ok=0 source_players=0 source_robots=6 weapon=120 velocity=1725.500
1785854463.158 snapshot tick=4560 targets=6 players=0 bots=6 culled=0 range=800 native_aim=0 trigger=0 external=0 seen=0 miss=0 applied=0 lock=None apply_frame_ok=0 source_players=0 source_robots=6 weapon=120 velocity=1725.500
1785854471.080 snapshot tick=4800 targets=6 players=0 bots=6 culled=0 range=800 native_aim=0 trigger=0 external=0 seen=0 miss=0 applied=0 lock=None apply_frame_ok=0 source_players=0 source_robots=6 weapon=120 velocity=1725.500
1785854479.264 snapshot tick=5040 targets=6 players=0 bots=6 culled=0 range=800 native_aim=0 trigger=0 external=0 seen=0 miss=0 applied=0 lock=None apply_frame_ok=0 source_players=0 source_robots=6 weapon=120 velocity=1725.500
1785854487.483 snapshot tick=5280 targets=6 players=0 bots=6 culled=0 range=800 native_aim=0 trigger=0 external=0 seen=0 miss=0 applied=0 lock=None apply_frame_ok=0 source_players=0 source_robots=6 weapon=120 velocity=1725.500
1785854495.403 snapshot tick=5520 targets=6 players=0 bots=6 culled=0 range=800 native_aim=0 trigger=0 external=0 seen=0 miss=0 applied=0 lock=None apply_frame_ok=0 source_players=0 source_robots=6 weapon=120 velocity=1725.500
1785854503.320 snapshot tick=5760 targets=6 players=0 bots=6 culled=0 range=800 native_aim=0 trigger=0 external=0 seen=0 miss=0 applied=0 lock=None apply_frame_ok=0 source_players=0 source_robots=6 weapon=120 velocity=1725.500
1785854511.241 snapshot tick=6000 targets=6 players=0 bots=6 culled=0 range=800 native_aim=0 trigger=0 external=0 seen=0 miss=0 applied=0 lock=None apply_frame_ok=0 source_players=0 source_robots=6 weapon=120 velocity=1725.500
1785854519.162 snapshot tick=6240 targets=6 players=0 bots=6 culled=0 range=800 native_aim=0 trigger=0 external=0 seen=0 miss=0 applied=0 lock=None apply_frame_ok=0 source_players=0 source_robots=6 weapon=120 velocity=1725.500
1785854527.080 snapshot tick=6480 targets=6 players=0 bots=6 culled=0 range=800 native_aim=0 trigger=0 external=0 seen=0 miss=0 applied=0 lock=None apply_frame_ok=0 source_players=0 source_robots=6 weapon=120 velocity=1725.500
1785854535.003 snapshot tick=6720 targets=6 players=0 bots=6 culled=0 range=800 native_aim=0 trigger=0 external=0 seen=0 miss=0 applied=0 lock=None apply_frame_ok=0 source_players=0 source_robots=6 weapon=120 velocity=1725.500
1785854542.919 snapshot tick=6960 targets=6 players=0 bots=6 culled=0 range=800 native_aim=0 trigger=0 external=0 seen=0 miss=0 applied=0 lock=None apply_frame_ok=0 source_players=0 source_robots=6 weapon=120 velocity=1725.500
1785854550.840 snapshot tick=7200 targets=6 players=0 bots=6 culled=0 range=800 native_aim=0 trigger=0 external=0 seen=0 miss=0 applied=0 lock=None apply_frame_ok=0 source_players=0 source_robots=6 weapon=120 velocity=1725.500
1785854558.760 snapshot tick=7440 targets=6 players=0 bots=6 culled=0 range=800 native_aim=0 trigger=0 external=0 seen=0 miss=0 applied=0 lock=None apply_frame_ok=0 source_players=0 source_robots=6 weapon=120 velocity=1725.500
1785854566.681 snapshot tick=7680 targets=6 players=0 bots=6 culled=0 range=800 native_aim=0 trigger=0 external=0 seen=0 miss=0 applied=0 lock=None apply_frame_ok=0 source_players=0 source_robots=6 weapon=120 velocity=1725.500
1785854574.601 snapshot tick=7920 targets=6 players=0 bots=6 culled=0 range=800 native_aim=0 trigger=0 external=0 seen=0 miss=0 applied=0 lock=None apply_frame_ok=0 source_players=0 source_robots=6 weapon=120 velocity=1725.500
1785854582.524 snapshot tick=8160 targets=6 players=0 bots=6 culled=0 range=800 native_aim=0 trigger=0 external=0 seen=0 miss=0 applied=0 lock=None apply_frame_ok=0 source_players=0 source_robots=6 weapon=120 velocity=1725.500
1785854590.439 snapshot tick=8400 targets=6 players=0 bots=6 culled=0 range=800 native_aim=0 trigger=0 external=0 seen=0 miss=0 applied=0 lock=None apply_frame_ok=0 source_players=0 source_robots=6 weapon=120 velocity=1725.500
1785854598.364 snapshot tick=8640 targets=6 players=0 bots=6 culled=0 range=800 native_aim=0 trigger=0 external=0 seen=0 miss=0 applied=0 lock=None apply_frame_ok=0 source_players=0 source_robots=6 weapon=120 velocity=1725.500
1785854606.280 snapshot tick=8880 targets=6 players=0 bots=6 culled=0 range=800 native_aim=0 trigger=0 external=0 seen=0 miss=0 applied=0 lock=None apply_frame_ok=0 source_players=0 source_robots=6 weapon=120 velocity=1725.500
1785854614.200 snapshot tick=9120 targets=6 players=0 bots=6 culled=0 range=800 native_aim=0 trigger=0 external=0 seen=0 miss=0 applied=0 lock=None apply_frame_ok=0 source_players=0 source_robots=6 weapon=120 velocity=1725.500
1785854622.123 snapshot tick=9360 targets=6 players=0 bots=6 culled=0 range=800 native_aim=0 trigger=0 external=0 seen=0 miss=0 applied=0 lock=None apply_frame_ok=0 source_players=0 source_robots=6 weapon=120 velocity=1725.500
1785854630.041 snapshot tick=9600 targets=6 players=0 bots=6 culled=0 range=800 native_aim=0 trigger=0 external=0 seen=0 miss=0 applied=0 lock=None apply_frame_ok=0 source_players=0 source_robots=6 weapon=120 velocity=1725.500
1785854637.960 snapshot tick=9840 targets=6 players=0 bots=6 culled=0 range=800 native_aim=0 trigger=0 external=0 seen=0 miss=0 applied=0 lock=None apply_frame_ok=0 source_players=0 source_robots=6 weapon=120 velocity=1725.500
1785854645.884 snapshot tick=10080 targets=6 players=0 bots=6 culled=0 range=800 native_aim=0 trigger=0 external=0 seen=0 miss=0 applied=0 lock=None apply_frame_ok=0 source_players=0 source_robots=6 weapon=120 velocity=1725.500
1785854653.800 snapshot tick=10320 targets=6 players=0 bots=6 culled=0 range=800 native_aim=0 trigger=0 external=0 seen=0 miss=0 applied=0 lock=None apply_frame_ok=0 source_players=0 source_robots=6 weapon=120 velocity=1725.500
1785854661.722 snapshot tick=10560 targets=6 players=0 bots=6 culled=0 range=800 native_aim=0 trigger=0 external=0 seen=0 miss=0 applied=0 lock=None apply_frame_ok=0 source_players=0 source_robots=6 weapon=120 velocity=1725.500
1785854669.639 snapshot tick=10800 targets=6 players=0 bots=6 culled=0 range=800 native_aim=0 trigger=0 external=0 seen=0 miss=0 applied=0 lock=None apply_frame_ok=0 source_players=0 source_robots=6 weapon=120 velocity=1725.500
1785854677.563 snapshot tick=11040 targets=6 players=0 bots=6 culled=0 range=800 native_aim=0 trigger=0 external=0 seen=0 miss=0 applied=0 lock=None apply_frame_ok=0 source_players=0 source_robots=6 weapon=120 velocity=1725.500
1785854685.481 snapshot tick=11280 targets=6 players=0 bots=6 culled=0 range=800 native_aim=0 trigger=0 external=0 seen=0 miss=0 applied=0 lock=None apply_frame_ok=0 source_players=0 source_robots=6 weapon=120 velocity=1725.500
1785854688.260 snapshot tick=1 targets=6 players=0 bots=6 culled=0 range=800 native_aim=0 trigger=0 external=0 seen=0 miss=0 applied=0 lock=None apply_frame_ok=0 source_players=0 source_robots=6 weapon=120 velocity=1725.500
1785854688.271 INSTALL_OK hz=120 timer_id=-250 apply_frame_ok=False apply_frame_error=''
1785854696.137 snapshot tick=240 targets=6 players=0 bots=6 culled=0 range=800 native_aim=0 trigger=0 external=0 seen=0 miss=0 applied=0 lock=None apply_frame_ok=0 source_players=0 source_robots=6 weapon=120 velocity=1725.500
1785854704.058 snapshot tick=480 targets=6 players=0 bots=6 culled=0 range=800 native_aim=0 trigger=0 external=0 seen=0 miss=0 applied=0 lock=None apply_frame_ok=0 source_players=0 source_robots=6 weapon=120 velocity=1725.500
1785854711.979 snapshot tick=720 targets=6 players=0 bots=6 culled=0 range=800 native_aim=0 trigger=0 external=0 seen=0 miss=0 applied=0 lock=None apply_frame_ok=0 source_players=0 source_robots=6 weapon=120 velocity=1725.500
1785854719.897 snapshot tick=960 targets=6 players=0 bots=6 culled=0 range=800 native_aim=0 trigger=0 external=0 seen=0 miss=0 applied=0 lock=None apply_frame_ok=0 source_players=0 source_robots=6 weapon=120 velocity=1725.500
1785854727.816 snapshot tick=1200 targets=6 players=0 bots=6 culled=0 range=800 native_aim=0 trigger=0 external=0 seen=0 miss=0 applied=0 lock=None apply_frame_ok=0 source_players=0 source_robots=6 weapon=120 velocity=1725.500
1785854735.737 snapshot tick=1440 targets=6 players=0 bots=6 culled=0 range=800 native_aim=0 trigger=0 external=0 seen=0 miss=0 applied=0 lock=None apply_frame_ok=0 source_players=0 source_robots=6 weapon=120 velocity=1725.500
1785854743.657 snapshot tick=1680 targets=6 players=0 bots=6 culled=0 range=800 native_aim=0 trigger=0 external=0 seen=0 miss=0 applied=0 lock=None apply_frame_ok=0 source_players=0 source_robots=6 weapon=120 velocity=1725.500
1785854751.579 snapshot tick=1920 targets=6 players=0 bots=6 culled=0 range=800 native_aim=0 trigger=0 external=0 seen=0 miss=0 applied=0 lock=None apply_frame_ok=0 source_players=0 source_robots=6 weapon=120 velocity=1725.500
1785854759.496 snapshot tick=2160 targets=6 players=0 bots=6 culled=0 range=800 native_aim=0 trigger=0 external=0 seen=0 miss=0 applied=0 lock=None apply_frame_ok=0 source_players=0 source_robots=6 weapon=120 velocity=1725.500
1785854767.417 snapshot tick=2400 targets=6 players=0 bots=6 culled=0 range=800 native_aim=0 trigger=0 external=0 seen=0 miss=0 applied=0 lock=None apply_frame_ok=0 source_players=0 source_robots=6 weapon=120 velocity=1725.500
1785854775.338 snapshot tick=2640 targets=6 players=0 bots=6 culled=0 range=800 native_aim=0 trigger=0 external=0 seen=0 miss=0 applied=0 lock=None apply_frame_ok=0 source_players=0 source_robots=6 weapon=120 velocity=1725.500
1785854783.256 snapshot tick=2880 targets=6 players=0 bots=6 culled=0 range=800 native_aim=0 trigger=0 external=0 seen=0 miss=0 applied=0 lock=None apply_frame_ok=0 source_players=0 source_robots=6 weapon=120 velocity=1725.500
1785854791.176 snapshot tick=3120 targets=6 players=0 bots=6 culled=0 range=800 native_aim=0 trigger=0 external=0 seen=0 miss=0 applied=0 lock=None apply_frame_ok=0 source_players=0 source_robots=6 weapon=120 velocity=1725.500
1785854799.097 snapshot tick=3360 targets=6 players=0 bots=6 culled=0 range=800 native_aim=0 trigger=0 external=0 seen=0 miss=0 applied=0 lock=None apply_frame_ok=0 source_players=0 source_robots=6 weapon=120 velocity=1725.500
1785854807.017 snapshot tick=3600 targets=6 players=0 bots=6 culled=0 range=800 native_aim=0 trigger=0 external=0 seen=0 miss=0 applied=0 lock=None apply_frame_ok=0 source_players=0 source_robots=6 weapon=120 velocity=1725.500
1785854814.937 snapshot tick=3840 targets=6 players=0 bots=6 culled=0 range=800 native_aim=0 trigger=0 external=0 seen=0 miss=0 applied=0 lock=None apply_frame_ok=0 source_players=0 source_robots=6 weapon=120 velocity=1725.500
1785854822.858 snapshot tick=4080 targets=6 players=0 bots=6 culled=0 range=800 native_aim=0 trigger=0 external=0 seen=0 miss=0 applied=0 lock=None apply_frame_ok=0 source_players=0 source_robots=6 weapon=120 velocity=1725.500
1785854830.779 snapshot tick=4320 targets=6 players=0 bots=6 culled=0 range=800 native_aim=0 trigger=0 external=0 seen=0 miss=0 applied=0 lock=None apply_frame_ok=0 source_players=0 source_robots=6 weapon=120 velocity=1725.500
1785854838.765 snapshot tick=4560 targets=6 players=0 bots=6 culled=0 range=800 native_aim=0 trigger=0 external=0 seen=0 miss=0 applied=0 lock=None apply_frame_ok=0 source_players=0 source_robots=6 weapon=120 velocity=1725.500
1785854846.686 snapshot tick=4800 targets=6 players=0 bots=6 culled=0 range=800 native_aim=0 trigger=0 external=0 seen=0 miss=0 applied=0 lock=None apply_frame_ok=0 source_players=0 source_robots=6 weapon=120 velocity=1725.500
1785854854.604 snapshot tick=5040 targets=6 players=0 bots=6 culled=0 range=800 native_aim=0 trigger=0 external=0 seen=0 miss=0 applied=0 lock=None apply_frame_ok=0 source_players=0 source_robots=6 weapon=120 velocity=1725.500
1785854862.524 snapshot tick=5280 targets=6 players=0 bots=6 culled=0 range=800 native_aim=0 trigger=0 external=0 seen=0 miss=0 applied=0 lock=None apply_frame_ok=0 source_players=0 source_robots=6 weapon=120 velocity=1725.500
1785854870.441 snapshot tick=5520 targets=6 players=0 bots=6 culled=0 range=800 native_aim=0 trigger=0 external=0 seen=0 miss=0 applied=0 lock=None apply_frame_ok=0 source_players=0 source_robots=6 weapon=120 velocity=1725.500
1785854878.371 snapshot tick=5760 targets=6 players=0 bots=6 culled=0 range=800 native_aim=0 trigger=0 external=0 seen=0 miss=0 applied=0 lock=None apply_frame_ok=0 source_players=0 source_robots=6 weapon=120 velocity=1725.500
1785854886.285 snapshot tick=6000 targets=6 players=0 bots=6 culled=0 range=800 native_aim=0 trigger=0 external=0 seen=0 miss=0 applied=0 lock=None apply_frame_ok=0 source_players=0 source_robots=6 weapon=120 velocity=1725.500
1785854894.205 snapshot tick=6240 targets=6 players=0 bots=6 culled=0 range=800 native_aim=0 trigger=0 external=0 seen=0 miss=0 applied=0 lock=None apply_frame_ok=0 source_players=0 source_robots=6 weapon=120 velocity=1725.500
1785854902.125 snapshot tick=6480 targets=6 players=0 bots=6 culled=0 range=800 native_aim=0 trigger=0 external=0 seen=0 miss=0 applied=0 lock=None apply_frame_ok=0 source_players=0 source_robots=6 weapon=120 velocity=1725.500
1785854910.042 snapshot tick=6720 targets=6 players=0 bots=6 culled=0 range=800 native_aim=0 trigger=0 external=0 seen=0 miss=0 applied=0 lock=None apply_frame_ok=0 source_players=0 source_robots=6 weapon=120 velocity=1725.500
1785854917.965 snapshot tick=6960 targets=6 players=0 bots=6 culled=0 range=800 native_aim=0 trigger=0 external=0 seen=0 miss=0 applied=0 lock=None apply_frame_ok=0 source_players=0 source_robots=6 weapon=120 velocity=1725.500
1785854925.884 snapshot tick=7200 targets=6 players=0 bots=6 culled=0 range=800 native_aim=0 trigger=0 external=0 seen=0 miss=0 applied=0 lock=None apply_frame_ok=0 source_players=0 source_robots=6 weapon=120 velocity=1725.500
1785854933.803 snapshot tick=7440 targets=6 players=0 bots=6 culled=0 range=800 native_aim=0 trigger=0 external=0 seen=0 miss=0 applied=0 lock=None apply_frame_ok=0 source_players=0 source_robots=6 weapon=120 velocity=1725.500
1785854941.723 snapshot tick=7680 targets=6 players=0 bots=6 culled=0 range=800 native_aim=0 trigger=0 external=0 seen=0 miss=0 applied=0 lock=None apply_frame_ok=0 source_players=0 source_robots=6 weapon=120 velocity=1725.500
1785854949.643 snapshot tick=7920 targets=6 players=0 bots=6 culled=0 range=800 native_aim=0 trigger=0 external=0 seen=0 miss=0 applied=0 lock=None apply_frame_ok=0 source_players=0 source_robots=6 weapon=120 velocity=1725.500
1785854957.564 snapshot tick=8160 targets=6 players=0 bots=6 culled=0 range=800 native_aim=0 trigger=0 external=0 seen=0 miss=0 applied=0 lock=None apply_frame_ok=0 source_players=0 source_robots=6 weapon=120 velocity=1725.500
1785854965.482 snapshot tick=8400 targets=6 players=0 bots=6 culled=0 range=800 native_aim=0 trigger=0 external=0 seen=0 miss=0 applied=0 lock=None apply_frame_ok=0 source_players=0 source_robots=6 weapon=120 velocity=1725.500
1785854973.405 snapshot tick=8640 targets=6 players=0 bots=6 culled=0 range=800 native_aim=0 trigger=0 external=0 seen=0 miss=0 applied=0 lock=None apply_frame_ok=0 source_players=0 source_robots=6 weapon=120 velocity=1725.500
1785854981.323 snapshot tick=8880 targets=6 players=0 bots=6 culled=0 range=800 native_aim=0 trigger=0 external=0 seen=0 miss=0 applied=0 lock=None apply_frame_ok=0 source_players=0 source_robots=6 weapon=120 velocity=1725.500
1785854989.244 snapshot tick=9120 targets=6 players=0 bots=6 culled=0 range=800 native_aim=0 trigger=0 external=0 seen=0 miss=0 applied=0 lock=None apply_frame_ok=0 source_players=0 source_robots=6 weapon=120 velocity=1725.500
1785854997.164 snapshot tick=9360 targets=6 players=0 bots=6 culled=0 range=800 native_aim=0 trigger=0 external=0 seen=0 miss=0 applied=0 lock=None apply_frame_ok=0 source_players=0 source_robots=6 weapon=120 velocity=1725.500
1785855005.083 snapshot tick=9600 targets=6 players=0 bots=6 culled=0 range=800 native_aim=0 trigger=0 external=0 seen=0 miss=0 applied=0 lock=None apply_frame_ok=0 source_players=0 source_robots=6 weapon=120 velocity=1725.500
1785855013.003 snapshot tick=9840 targets=6 players=0 bots=6 culled=0 range=800 native_aim=0 trigger=0 external=0 seen=0 miss=0 applied=0 lock=None apply_frame_ok=0 source_players=0 source_robots=6 weapon=120 velocity=1725.500
1785855020.923 snapshot tick=10080 targets=6 players=0 bots=6 culled=0 range=800 native_aim=0 trigger=0 external=0 seen=0 miss=0 applied=0 lock=None apply_frame_ok=0 source_players=0 source_robots=6 weapon=120 velocity=1725.500
1785855028.841 snapshot tick=10320 targets=6 players=0 bots=6 culled=0 range=800 native_aim=0 trigger=0 external=0 seen=0 miss=0 applied=0 lock=None apply_frame_ok=0 source_players=0 source_robots=6 weapon=120 velocity=1725.500
1785855036.762 snapshot tick=10560 targets=6 players=0 bots=6 culled=0 range=800 native_aim=0 trigger=0 external=0 seen=0 miss=0 applied=0 lock=None apply_frame_ok=0 source_players=0 source_robots=6 weapon=120 velocity=1725.500
1785855044.682 snapshot tick=10800 targets=6 players=0 bots=6 culled=0 range=800 native_aim=0 trigger=0 external=0 seen=0 miss=0 applied=0 lock=None apply_frame_ok=0 source_players=0 source_robots=6 weapon=120 velocity=1725.500
1785855052.603 snapshot tick=11040 targets=6 players=0 bots=6 culled=0 range=800 native_aim=0 trigger=0 external=0 seen=0 miss=0 applied=0 lock=None apply_frame_ok=0 source_players=0 source_robots=6 weapon=120 velocity=1725.500
1785855060.523 snapshot tick=11280 targets=6 players=0 bots=6 culled=0 range=800 native_aim=0 trigger=0 external=0 seen=0 miss=0 applied=0 lock=None apply_frame_ok=0 source_players=0 source_robots=6 weapon=120 velocity=1725.500
1785855068.445 snapshot tick=11520 targets=6 players=0 bots=6 culled=0 range=800 native_aim=0 trigger=0 external=0 seen=0 miss=0 applied=0 lock=None apply_frame_ok=0 source_players=0 source_robots=6 weapon=120 velocity=1725.500
1785855076.363 snapshot tick=11760 targets=6 players=0 bots=6 culled=0 range=800 native_aim=0 trigger=0 external=0 seen=0 miss=0 applied=0 lock=None apply_frame_ok=0 source_players=0 source_robots=6 weapon=120 velocity=1725.500
1785855084.281 snapshot tick=12000 targets=6 players=0 bots=6 culled=0 range=800 native_aim=0 trigger=0 external=0 seen=0 miss=0 applied=0 lock=None apply_frame_ok=0 source_players=0 source_robots=6 weapon=120 velocity=1725.500
1785855092.205 snapshot tick=12240 targets=6 players=0 bots=6 culled=0 range=800 native_aim=0 trigger=0 external=0 seen=0 miss=0 applied=0 lock=None apply_frame_ok=0 source_players=0 source_robots=6 weapon=120 velocity=1725.500
1785855100.122 snapshot tick=12480 targets=6 players=0 bots=6 culled=0 range=800 native_aim=0 trigger=0 external=0 seen=0 miss=0 applied=0 lock=None apply_frame_ok=0 source_players=0 source_robots=6 weapon=120 velocity=1725.500
1785855108.044 snapshot tick=12720 targets=6 players=0 bots=6 culled=0 range=800 native_aim=0 trigger=0 external=0 seen=0 miss=0 applied=0 lock=None apply_frame_ok=0 source_players=0 source_robots=6 weapon=120 velocity=1725.500
1785855115.965 snapshot tick=12960 targets=6 players=0 bots=6 culled=0 range=800 native_aim=0 trigger=0 external=0 seen=0 miss=0 applied=0 lock=None apply_frame_ok=0 source_players=0 source_robots=6 weapon=120 velocity=1725.500
1785855123.886 snapshot tick=13200 targets=6 players=0 bots=6 culled=0 range=800 native_aim=0 trigger=0 external=0 seen=0 miss=0 applied=0 lock=None apply_frame_ok=0 source_players=0 source_robots=6 weapon=120 velocity=1725.500
1785855131.804 snapshot tick=13440 targets=6 players=0 bots=6 culled=0 range=800 native_aim=0 trigger=0 external=0 seen=0 miss=0 applied=0 lock=None apply_frame_ok=0 source_players=0 source_robots=6 weapon=120 velocity=1725.500
1785855139.724 snapshot tick=13680 targets=6 players=0 bots=6 culled=0 range=800 native_aim=0 trigger=0 external=0 seen=0 miss=0 applied=0 lock=None apply_frame_ok=0 source_players=0 source_robots=6 weapon=120 velocity=1725.500
1785855147.644 snapshot tick=13920 targets=6 players=0 bots=6 culled=0 range=800 native_aim=0 trigger=0 external=0 seen=0 miss=0 applied=0 lock=None apply_frame_ok=0 source_players=0 source_robots=6 weapon=120 velocity=1725.500
1785855155.566 snapshot tick=14160 targets=6 players=0 bots=6 culled=0 range=800 native_aim=0 trigger=0 external=0 seen=0 miss=0 applied=0 lock=None apply_frame_ok=0 source_players=0 source_robots=6 weapon=120 velocity=1725.500
1785855163.484 snapshot tick=14400 targets=6 players=0 bots=6 culled=0 range=800 native_aim=0 trigger=0 external=0 seen=0 miss=0 applied=0 lock=None apply_frame_ok=0 source_players=0 source_robots=6 weapon=120 velocity=1725.500
1785855171.401 snapshot tick=14640 targets=6 players=0 bots=6 culled=0 range=800 native_aim=0 trigger=0 external=0 seen=0 miss=0 applied=0 lock=None apply_frame_ok=0 source_players=0 source_robots=6 weapon=120 velocity=1725.500
1785855179.325 snapshot tick=14880 targets=6 players=0 bots=6 culled=0 range=800 native_aim=0 trigger=0 external=0 seen=0 miss=0 applied=0 lock=None apply_frame_ok=0 source_players=0 source_robots=6 weapon=120 velocity=1725.500
1785855187.244 snapshot tick=15120 targets=6 players=0 bots=6 culled=0 range=800 native_aim=0 trigger=0 external=0 seen=0 miss=0 applied=0 lock=None apply_frame_ok=0 source_players=0 source_robots=6 weapon=120 velocity=1725.500
1785855195.164 snapshot tick=15360 targets=6 players=0 bots=6 culled=0 range=800 native_aim=0 trigger=0 external=0 seen=0 miss=0 applied=0 lock=None apply_frame_ok=0 source_players=0 source_robots=6 weapon=120 velocity=1725.500
1785855203.081 snapshot tick=15600 targets=6 players=0 bots=6 culled=0 range=800 native_aim=0 trigger=0 external=0 seen=0 miss=0 applied=0 lock=None apply_frame_ok=0 source_players=0 source_robots=6 weapon=120 velocity=1725.500
1785855211.005 snapshot tick=15840 targets=6 players=0 bots=6 culled=0 range=800 native_aim=0 trigger=0 external=0 seen=0 miss=0 applied=0 lock=None apply_frame_ok=0 source_players=0 source_robots=6 weapon=120 velocity=1725.500
1785855218.925 snapshot tick=16080 targets=6 players=0 bots=6 culled=0 range=800 native_aim=0 trigger=0 external=0 seen=0 miss=0 applied=0 lock=None apply_frame_ok=0 source_players=0 source_robots=6 weapon=120 velocity=1725.500
1785855226.843 snapshot tick=16320 targets=6 players=0 bots=6 culled=0 range=800 native_aim=0 trigger=0 external=0 seen=0 miss=0 applied=0 lock=None apply_frame_ok=0 source_players=0 source_robots=6 weapon=120 velocity=1725.500
1785855234.765 snapshot tick=16560 targets=6 players=0 bots=6 culled=0 range=800 native_aim=0 trigger=0 external=0 seen=0 miss=0 applied=0 lock=None apply_frame_ok=0 source_players=0 source_robots=6 weapon=120 velocity=1725.500
1785855242.684 snapshot tick=16800 targets=6 players=0 bots=6 culled=0 range=800 native_aim=0 trigger=0 external=0 seen=0 miss=0 applied=0 lock=None apply_frame_ok=0 source_players=0 source_robots=6 weapon=120 velocity=1725.500
1785855250.602 snapshot tick=17040 targets=6 players=0 bots=6 culled=0 range=800 native_aim=0 trigger=0 external=0 seen=0 miss=0 applied=0 lock=None apply_frame_ok=0 source_players=0 source_robots=6 weapon=120 velocity=1725.500
1785855258.522 snapshot tick=17280 targets=6 players=0 bots=6 culled=0 range=800 native_aim=0 trigger=0 external=0 seen=0 miss=0 applied=0 lock=None apply_frame_ok=0 source_players=0 source_robots=6 weapon=120 velocity=1725.500
1785855266.444 snapshot tick=17520 targets=6 players=0 bots=6 culled=0 range=800 native_aim=0 trigger=0 external=0 seen=0 miss=0 applied=0 lock=None apply_frame_ok=0 source_players=0 source_robots=6 weapon=120 velocity=1725.500
1785855274.363 snapshot tick=17760 targets=6 players=0 bots=6 culled=0 range=800 native_aim=0 trigger=0 external=0 seen=0 miss=0 applied=0 lock=None apply_frame_ok=0 source_players=0 source_robots=6 weapon=120 velocity=1725.500
1785855282.282 snapshot tick=18000 targets=6 players=0 bots=6 culled=0 range=800 native_aim=0 trigger=0 external=0 seen=0 miss=0 applied=0 lock=None apply_frame_ok=0 source_players=0 source_robots=6 weapon=120 velocity=1725.500
1785855290.204 snapshot tick=18240 targets=6 players=0 bots=6 culled=0 range=800 native_aim=0 trigger=0 external=0 seen=0 miss=0 applied=0 lock=None apply_frame_ok=0 source_players=0 source_robots=6 weapon=120 velocity=1725.500
1785855298.124 snapshot tick=18480 targets=6 players=0 bots=6 culled=0 range=800 native_aim=0 trigger=0 external=0 seen=0 miss=0 applied=0 lock=None apply_frame_ok=0 source_players=0 source_robots=6 weapon=120 velocity=1725.500
1785855306.045 snapshot tick=18720 targets=6 players=0 bots=6 culled=0 range=800 native_aim=0 trigger=0 external=0 seen=0 miss=0 applied=0 lock=None apply_frame_ok=0 source_players=0 source_robots=6 weapon=120 velocity=1725.500
1785855313.964 snapshot tick=18960 targets=6 players=0 bots=6 culled=0 range=800 native_aim=0 trigger=0 external=0 seen=0 miss=0 applied=0 lock=None apply_frame_ok=0 source_players=0 source_robots=6 weapon=120 velocity=1725.500
1785855321.885 snapshot tick=19200 targets=6 players=0 bots=6 culled=0 range=800 native_aim=0 trigger=0 external=0 seen=0 miss=0 applied=0 lock=None apply_frame_ok=0 source_players=0 source_robots=6 weapon=120 velocity=1725.500
1785855329.801 snapshot tick=19440 targets=6 players=0 bots=6 culled=0 range=800 native_aim=0 trigger=0 external=0 seen=0 miss=0 applied=0 lock=None apply_frame_ok=0 source_players=0 source_robots=6 weapon=120 velocity=1725.500
1785855337.722 snapshot tick=19680 targets=6 players=0 bots=6 culled=0 range=800 native_aim=0 trigger=0 external=0 seen=0 miss=0 applied=0 lock=None apply_frame_ok=0 source_players=0 source_robots=6 weapon=120 velocity=1725.500
1785855345.641 snapshot tick=19920 targets=6 players=0 bots=6 culled=0 range=800 native_aim=0 trigger=0 external=0 seen=0 miss=0 applied=0 lock=None apply_frame_ok=0 source_players=0 source_robots=6 weapon=120 velocity=1725.500
1785855353.562 snapshot tick=20160 targets=6 players=0 bots=6 culled=0 range=800 native_aim=0 trigger=0 external=0 seen=0 miss=0 applied=0 lock=None apply_frame_ok=0 source_players=0 source_robots=6 weapon=120 velocity=1725.500
1785855361.484 snapshot tick=20400 targets=6 players=0 bots=6 culled=0 range=800 native_aim=0 trigger=0 external=0 seen=0 miss=0 applied=0 lock=None apply_frame_ok=0 source_players=0 source_robots=6 weapon=120 velocity=1725.500
1785855369.404 snapshot tick=20640 targets=6 players=0 bots=6 culled=0 range=800 native_aim=0 trigger=0 external=0 seen=0 miss=0 applied=0 lock=None apply_frame_ok=0 source_players=0 source_robots=6 weapon=120 velocity=1725.500
1785855377.323 snapshot tick=20880 targets=6 players=0 bots=6 culled=0 range=800 native_aim=0 trigger=0 external=0 seen=0 miss=0 applied=0 lock=None apply_frame_ok=0 source_players=0 source_robots=6 weapon=120 velocity=1725.500
1785855385.242 snapshot tick=21120 targets=6 players=0 bots=6 culled=0 range=800 native_aim=0 trigger=0 external=0 seen=0 miss=0 applied=0 lock=None apply_frame_ok=0 source_players=0 source_robots=6 weapon=120 velocity=1725.500
1785855393.161 snapshot tick=21360 targets=6 players=0 bots=6 culled=0 range=800 native_aim=0 trigger=0 external=0 seen=0 miss=0 applied=0 lock=None apply_frame_ok=0 source_players=0 source_robots=6 weapon=120 velocity=1725.500
1785855401.084 snapshot tick=21600 targets=6 players=0 bots=6 culled=0 range=800 native_aim=0 trigger=0 external=0 seen=0 miss=0 applied=0 lock=None apply_frame_ok=0 source_players=0 source_robots=6 weapon=120 velocity=1725.500
1785855409.002 snapshot tick=21840 targets=6 players=0 bots=6 culled=0 range=800 native_aim=0 trigger=0 external=0 seen=0 miss=0 applied=0 lock=None apply_frame_ok=0 source_players=0 source_robots=6 weapon=120 velocity=1725.500
1785855416.923 snapshot tick=22080 targets=6 players=0 bots=6 culled=0 range=800 native_aim=0 trigger=0 external=0 seen=0 miss=0 applied=0 lock=None apply_frame_ok=0 source_players=0 source_robots=6 weapon=120 velocity=1725.500
1785855424.879 snapshot tick=22320 targets=6 players=0 bots=6 culled=0 range=800 native_aim=0 trigger=0 external=0 seen=0 miss=0 applied=0 lock=None apply_frame_ok=0 source_players=0 source_robots=6 weapon=120 velocity=1725.500
1785855432.796 snapshot tick=22560 targets=6 players=0 bots=6 culled=0 range=800 native_aim=0 trigger=0 external=0 seen=0 miss=0 applied=0 lock=None apply_frame_ok=0 source_players=0 source_robots=6 weapon=120 velocity=1725.500
1785855440.716 snapshot tick=22800 targets=6 players=0 bots=6 culled=0 range=800 native_aim=0 trigger=0 external=0 seen=0 miss=0 applied=0 lock=None apply_frame_ok=0 source_players=0 source_robots=6 weapon=120 velocity=1725.500
1785855448.637 snapshot tick=23040 targets=6 players=0 bots=6 culled=0 range=800 native_aim=0 trigger=0 external=0 seen=0 miss=0 applied=0 lock=None apply_frame_ok=0 source_players=0 source_robots=6 weapon=120 velocity=1725.500
1785855456.556 snapshot tick=23280 targets=6 players=0 bots=6 culled=0 range=800 native_aim=0 trigger=0 external=0 seen=0 miss=0 applied=0 lock=None apply_frame_ok=0 source_players=0 source_robots=6 weapon=120 velocity=1725.500
1785855464.475 snapshot tick=23520 targets=6 players=0 bots=6 culled=0 range=800 native_aim=0 trigger=0 external=0 seen=0 miss=0 applied=0 lock=None apply_frame_ok=0 source_players=0 source_robots=6 weapon=120 velocity=1725.500
1785855472.395 snapshot tick=23760 targets=6 players=0 bots=6 culled=0 range=800 native_aim=0 trigger=0 external=0 seen=0 miss=0 applied=0 lock=None apply_frame_ok=0 source_players=0 source_robots=6 weapon=120 velocity=1725.500
1785855480.317 snapshot tick=24000 targets=6 players=0 bots=6 culled=0 range=800 native_aim=0 trigger=0 external=0 seen=0 miss=0 applied=0 lock=None apply_frame_ok=0 source_players=0 source_robots=6 weapon=120 velocity=1725.500
1785855488.237 snapshot tick=24240 targets=6 players=0 bots=6 culled=0 range=800 native_aim=0 trigger=0 external=0 seen=0 miss=0 applied=0 lock=None apply_frame_ok=0 source_players=0 source_robots=6 weapon=120 velocity=1725.500
1785855496.157 snapshot tick=24480 targets=6 players=0 bots=6 culled=0 range=800 native_aim=0 trigger=0 external=0 seen=0 miss=0 applied=0 lock=None apply_frame_ok=0 source_players=0 source_robots=6 weapon=120 velocity=1725.500
1785855504.075 snapshot tick=24720 targets=6 players=0 bots=6 culled=0 range=800 native_aim=0 trigger=0 external=0 seen=0 miss=0 applied=0 lock=None apply_frame_ok=0 source_players=0 source_robots=6 weapon=120 velocity=1725.500
1785855511.995 snapshot tick=24960 targets=6 players=0 bots=6 culled=0 range=800 native_aim=0 trigger=0 external=0 seen=0 miss=0 applied=0 lock=None apply_frame_ok=0 source_players=0 source_robots=6 weapon=120 velocity=1725.500
1785855519.917 snapshot tick=25200 targets=6 players=0 bots=6 culled=0 range=800 native_aim=0 trigger=0 external=0 seen=0 miss=0 applied=0 lock=None apply_frame_ok=0 source_players=0 source_robots=6 weapon=120 velocity=1725.500
1785855527.837 snapshot tick=25440 targets=6 players=0 bots=6 culled=0 range=800 native_aim=0 trigger=0 external=0 seen=0 miss=0 applied=0 lock=None apply_frame_ok=0 source_players=0 source_robots=6 weapon=120 velocity=1725.500
1785855535.755 snapshot tick=25680 targets=6 players=0 bots=6 culled=0 range=800 native_aim=0 trigger=0 external=0 seen=0 miss=0 applied=0 lock=None apply_frame_ok=0 source_players=0 source_robots=6 weapon=120 velocity=1725.500
1785855543.674 snapshot tick=25920 targets=6 players=0 bots=6 culled=0 range=800 native_aim=0 trigger=0 external=0 seen=0 miss=0 applied=0 lock=None apply_frame_ok=0 source_players=0 source_robots=6 weapon=120 velocity=1725.500
1785855551.595 snapshot tick=26160 targets=6 players=0 bots=6 culled=0 range=800 native_aim=0 trigger=0 external=0 seen=0 miss=0 applied=0 lock=None apply_frame_ok=0 source_players=0 source_robots=6 weapon=120 velocity=1725.500
1785855559.515 snapshot tick=26400 targets=6 players=0 bots=6 culled=0 range=800 native_aim=0 trigger=0 external=0 seen=0 miss=0 applied=0 lock=None apply_frame_ok=0 source_players=0 source_robots=6 weapon=120 velocity=1725.500
1785855567.438 snapshot tick=26640 targets=6 players=0 bots=6 culled=0 range=800 native_aim=0 trigger=0 external=0 seen=0 miss=0 applied=0 lock=None apply_frame_ok=0 source_players=0 source_robots=6 weapon=120 velocity=1725.500
1785855575.358 snapshot tick=26880 targets=6 players=0 bots=6 culled=0 range=800 native_aim=0 trigger=0 external=0 seen=0 miss=0 applied=0 lock=None apply_frame_ok=0 source_players=0 source_robots=6 weapon=120 velocity=1725.500
1785855583.275 snapshot tick=27120 targets=6 players=0 bots=6 culled=0 range=800 native_aim=0 trigger=0 external=0 seen=0 miss=0 applied=0 lock=None apply_frame_ok=0 source_players=0 source_robots=6 weapon=120 velocity=1725.500
1785855591.198 snapshot tick=27360 targets=6 players=0 bots=6 culled=0 range=800 native_aim=0 trigger=0 external=0 seen=0 miss=0 applied=0 lock=None apply_frame_ok=0 source_players=0 source_robots=6 weapon=120 velocity=1725.500
1785855599.116 snapshot tick=27600 targets=6 players=0 bots=6 culled=0 range=800 native_aim=0 trigger=0 external=0 seen=0 miss=0 applied=0 lock=None apply_frame_ok=0 source_players=0 source_robots=6 weapon=120 velocity=1725.500
1785855607.038 snapshot tick=27840 targets=6 players=0 bots=6 culled=0 range=800 native_aim=0 trigger=0 external=0 seen=0 miss=0 applied=0 lock=None apply_frame_ok=0 source_players=0 source_robots=6 weapon=120 velocity=1725.500
1785855614.955 snapshot tick=28080 targets=6 players=0 bots=6 culled=0 range=800 native_aim=0 trigger=0 external=0 seen=0 miss=0 applied=0 lock=None apply_frame_ok=0 source_players=0 source_robots=6 weapon=120 velocity=1725.500
1785855622.874 snapshot tick=28320 targets=6 players=0 bots=6 culled=0 range=800 native_aim=0 trigger=0 external=0 seen=0 miss=0 applied=0 lock=None apply_frame_ok=0 source_players=0 source_robots=6 weapon=120 velocity=1725.500
1785855630.798 snapshot tick=28560 targets=6 players=0 bots=6 culled=0 range=800 native_aim=0 trigger=0 external=0 seen=0 miss=0 applied=0 lock=None apply_frame_ok=0 source_players=0 source_robots=6 weapon=120 velocity=1725.500
1785855638.716 snapshot tick=28800 targets=6 players=0 bots=6 culled=0 range=800 native_aim=0 trigger=0 external=0 seen=0 miss=0 applied=0 lock=None apply_frame_ok=0 source_players=0 source_robots=6 weapon=120 velocity=1725.500
1785855646.635 snapshot tick=29040 targets=6 players=0 bots=6 culled=0 range=800 native_aim=0 trigger=0 external=0 seen=0 miss=0 applied=0 lock=None apply_frame_ok=0 source_players=0 source_robots=6 weapon=120 velocity=1725.500
1785855654.559 snapshot tick=29280 targets=6 players=0 bots=6 culled=0 range=800 native_aim=0 trigger=0 external=0 seen=0 miss=0 applied=0 lock=None apply_frame_ok=0 source_players=0 source_robots=6 weapon=120 velocity=1725.500
1785855662.477 snapshot tick=29520 targets=6 players=0 bots=6 culled=0 range=800 native_aim=0 trigger=0 external=0 seen=0 miss=0 applied=0 lock=None apply_frame_ok=0 source_players=0 source_robots=6 weapon=120 velocity=1725.500
1785855670.395 snapshot tick=29760 targets=6 players=0 bots=6 culled=0 range=800 native_aim=0 trigger=0 external=0 seen=0 miss=0 applied=0 lock=None apply_frame_ok=0 source_players=0 source_robots=6 weapon=120 velocity=1725.500
1785855678.318 snapshot tick=30000 targets=6 players=0 bots=6 culled=0 range=800 native_aim=0 trigger=0 external=0 seen=0 miss=0 applied=0 lock=None apply_frame_ok=0 source_players=0 source_robots=6 weapon=120 velocity=1725.500
1785855686.237 snapshot tick=30240 targets=6 players=0 bots=6 culled=0 range=800 native_aim=0 trigger=0 external=0 seen=0 miss=0 applied=0 lock=None apply_frame_ok=0 source_players=0 source_robots=6 weapon=120 velocity=1725.500
1785855694.157 snapshot tick=30480 targets=6 players=0 bots=6 culled=0 range=800 native_aim=0 trigger=0 external=0 seen=0 miss=0 applied=0 lock=None apply_frame_ok=0 source_players=0 source_robots=6 weapon=120 velocity=1725.500
1785855702.078 snapshot tick=30720 targets=6 players=0 bots=6 culled=0 range=800 native_aim=0 trigger=0 external=0 seen=0 miss=0 applied=0 lock=None apply_frame_ok=0 source_players=0 source_robots=6 weapon=120 velocity=1725.500
1785855709.995 snapshot tick=30960 targets=6 players=0 bots=6 culled=0 range=800 native_aim=0 trigger=0 external=0 seen=0 miss=0 applied=0 lock=None apply_frame_ok=0 source_players=0 source_robots=6 weapon=120 velocity=1725.500
1785855717.917 snapshot tick=31200 targets=6 players=0 bots=6 culled=0 range=800 native_aim=0 trigger=0 external=0 seen=0 miss=0 applied=0 lock=None apply_frame_ok=0 source_players=0 source_robots=6 weapon=120 velocity=1725.500
1785855725.838 snapshot tick=31440 targets=6 players=0 bots=6 culled=0 range=800 native_aim=0 trigger=0 external=0 seen=0 miss=0 applied=0 lock=None apply_frame_ok=0 source_players=0 source_robots=6 weapon=120 velocity=1725.500
1785855733.756 snapshot tick=31680 targets=6 players=0 bots=6 culled=0 range=800 native_aim=0 trigger=0 external=0 seen=0 miss=0 applied=0 lock=None apply_frame_ok=0 source_players=0 source_robots=6 weapon=120 velocity=1725.500
1785855741.675 snapshot tick=31920 targets=6 players=0 bots=6 culled=0 range=800 native_aim=0 trigger=0 external=0 seen=0 miss=0 applied=0 lock=None apply_frame_ok=0 source_players=0 source_robots=6 weapon=120 velocity=1725.500
1785855749.632 snapshot tick=32160 targets=6 players=0 bots=6 culled=0 range=800 native_aim=0 trigger=0 external=0 seen=0 miss=0 applied=0 lock=None apply_frame_ok=0 source_players=0 source_robots=6 weapon=120 velocity=1725.500
1785855757.550 snapshot tick=32400 targets=6 players=0 bots=6 culled=0 range=800 native_aim=0 trigger=0 external=0 seen=0 miss=0 applied=0 lock=None apply_frame_ok=0 source_players=0 source_robots=6 weapon=120 velocity=1725.500
1785855765.470 snapshot tick=32640 targets=6 players=0 bots=6 culled=0 range=800 native_aim=0 trigger=0 external=0 seen=0 miss=0 applied=0 lock=None apply_frame_ok=0 source_players=0 source_robots=6 weapon=120 velocity=1725.500
1785855773.387 snapshot tick=32880 targets=6 players=0 bots=6 culled=0 range=800 native_aim=0 trigger=0 external=0 seen=0 miss=0 applied=0 lock=None apply_frame_ok=0 source_players=0 source_robots=6 weapon=120 velocity=1725.500
1785855781.310 snapshot tick=33120 targets=6 players=0 bots=6 culled=0 range=800 native_aim=0 trigger=0 external=0 seen=0 miss=0 applied=0 lock=None apply_frame_ok=0 source_players=0 source_robots=6 weapon=120 velocity=1725.500
1785855789.231 snapshot tick=33360 targets=6 players=0 bots=6 culled=0 range=800 native_aim=0 trigger=0 external=0 seen=0 miss=0 applied=0 lock=None apply_frame_ok=0 source_players=0 source_robots=6 weapon=120 velocity=1725.500
1785855797.148 snapshot tick=33600 targets=6 players=0 bots=6 culled=0 range=800 native_aim=0 trigger=0 external=0 seen=0 miss=0 applied=0 lock=None apply_frame_ok=0 source_players=0 source_robots=6 weapon=120 velocity=1725.500
1785855805.069 snapshot tick=33840 targets=6 players=0 bots=6 culled=0 range=800 native_aim=0 trigger=0 external=0 seen=0 miss=0 applied=0 lock=None apply_frame_ok=0 source_players=0 source_robots=6 weapon=120 velocity=1725.500
1785855812.988 snapshot tick=34080 targets=6 players=0 bots=6 culled=0 range=800 native_aim=0 trigger=0 external=0 seen=0 miss=0 applied=0 lock=None apply_frame_ok=0 source_players=0 source_robots=6 weapon=120 velocity=1725.500
1785855820.908 snapshot tick=34320 targets=6 players=0 bots=6 culled=0 range=800 native_aim=0 trigger=0 external=0 seen=0 miss=0 applied=0 lock=None apply_frame_ok=0 source_players=0 source_robots=6 weapon=120 velocity=1725.500
1785855828.830 snapshot tick=34560 targets=6 players=0 bots=6 culled=0 range=800 native_aim=0 trigger=0 external=0 seen=0 miss=0 applied=0 lock=None apply_frame_ok=0 source_players=0 source_robots=6 weapon=120 velocity=1725.500
1785855836.749 snapshot tick=34800 targets=6 players=0 bots=6 culled=0 range=800 native_aim=0 trigger=0 external=0 seen=0 miss=0 applied=0 lock=None apply_frame_ok=0 source_players=0 source_robots=6 weapon=120 velocity=1725.500
1785855844.669 snapshot tick=35040 targets=6 players=0 bots=6 culled=0 range=800 native_aim=0 trigger=0 external=0 seen=0 miss=0 applied=0 lock=None apply_frame_ok=0 source_players=0 source_robots=6 weapon=120 velocity=1725.500
1785855852.624 snapshot tick=35280 targets=6 players=0 bots=6 culled=0 range=800 native_aim=0 trigger=0 external=0 seen=0 miss=0 applied=0 lock=None apply_frame_ok=0 source_players=0 source_robots=6 weapon=120 velocity=1725.500
1785855860.542 snapshot tick=35520 targets=6 players=0 bots=6 culled=0 range=800 native_aim=0 trigger=0 external=0 seen=0 miss=0 applied=0 lock=None apply_frame_ok=0 source_players=0 source_robots=6 weapon=120 velocity=1725.500
1785855868.465 snapshot tick=35760 targets=6 players=0 bots=6 culled=0 range=800 native_aim=0 trigger=0 external=0 seen=0 miss=0 applied=0 lock=None apply_frame_ok=0 source_players=0 source_robots=6 weapon=120 velocity=1725.500
1785855876.382 snapshot tick=36000 targets=6 players=0 bots=6 culled=0 range=800 native_aim=0 trigger=0 external=0 seen=0 miss=0 applied=0 lock=None apply_frame_ok=0 source_players=0 source_robots=6 weapon=120 velocity=1725.500
1785855884.301 snapshot tick=36240 targets=6 players=0 bots=6 culled=0 range=800 native_aim=0 trigger=0 external=0 seen=0 miss=0 applied=0 lock=None apply_frame_ok=0 source_players=0 source_robots=6 weapon=120 velocity=1725.500
1785855892.223 snapshot tick=36480 targets=6 players=0 bots=6 culled=0 range=800 native_aim=0 trigger=0 external=0 seen=0 miss=0 applied=0 lock=None apply_frame_ok=0 source_players=0 source_robots=6 weapon=120 velocity=1725.500
1785855900.142 snapshot tick=36720 targets=6 players=0 bots=6 culled=0 range=800 native_aim=0 trigger=0 external=0 seen=0 miss=0 applied=0 lock=None apply_frame_ok=0 source_players=0 source_robots=6 weapon=120 velocity=1725.500
1785855908.064 snapshot tick=36960 targets=6 players=0 bots=6 culled=0 range=800 native_aim=0 trigger=0 external=0 seen=0 miss=0 applied=0 lock=None apply_frame_ok=0 source_players=0 source_robots=6 weapon=120 velocity=1725.500
1785855915.982 snapshot tick=37200 targets=6 players=0 bots=6 culled=0 range=800 native_aim=0 trigger=0 external=0 seen=0 miss=0 applied=0 lock=None apply_frame_ok=0 source_players=0 source_robots=6 weapon=120 velocity=1725.500
1785855923.904 snapshot tick=37440 targets=6 players=0 bots=6 culled=0 range=800 native_aim=0 trigger=0 external=0 seen=0 miss=0 applied=0 lock=None apply_frame_ok=0 source_players=0 source_robots=6 weapon=120 velocity=1725.500
1785855931.825 snapshot tick=37680 targets=6 players=0 bots=6 culled=0 range=800 native_aim=0 trigger=0 external=0 seen=0 miss=0 applied=0 lock=None apply_frame_ok=0 source_players=0 source_robots=6 weapon=120 velocity=1725.500
1785855939.744 snapshot tick=37920 targets=6 players=0 bots=6 culled=0 range=800 native_aim=0 trigger=0 external=0 seen=0 miss=0 applied=0 lock=None apply_frame_ok=0 source_players=0 source_robots=6 weapon=120 velocity=1725.500
1785855947.663 snapshot tick=38160 targets=6 players=0 bots=6 culled=0 range=800 native_aim=0 trigger=0 external=0 seen=0 miss=0 applied=0 lock=None apply_frame_ok=0 source_players=0 source_robots=6 weapon=120 velocity=1725.500
1785855955.583 snapshot tick=38400 targets=6 players=0 bots=6 culled=0 range=800 native_aim=0 trigger=0 external=0 seen=0 miss=0 applied=0 lock=None apply_frame_ok=0 source_players=0 source_robots=6 weapon=120 velocity=1725.500
1785855963.501 snapshot tick=38640 targets=6 players=0 bots=6 culled=0 range=800 native_aim=0 trigger=0 external=0 seen=0 miss=0 applied=0 lock=None apply_frame_ok=0 source_players=0 source_robots=6 weapon=120 velocity=1725.500
1785855971.425 snapshot tick=38880 targets=6 players=0 bots=6 culled=0 range=800 native_aim=0 trigger=0 external=0 seen=0 miss=0 applied=0 lock=None apply_frame_ok=0 source_players=0 source_robots=6 weapon=120 velocity=1725.500
1785855979.343 snapshot tick=39120 targets=6 players=0 bots=6 culled=0 range=800 native_aim=0 trigger=0 external=0 seen=0 miss=0 applied=0 lock=None apply_frame_ok=0 source_players=0 source_robots=6 weapon=120 velocity=1725.500
1785855987.560 snapshot tick=39360 targets=6 players=0 bots=6 culled=0 range=800 native_aim=0 trigger=0 external=0 seen=0 miss=0 applied=0 lock=None apply_frame_ok=0 source_players=0 source_robots=6 weapon=120 velocity=1725.500
1785855995.482 snapshot tick=39600 targets=6 players=0 bots=6 culled=0 range=800 native_aim=0 trigger=0 external=0 seen=0 miss=0 applied=0 lock=None apply_frame_ok=0 source_players=0 source_robots=6 weapon=120 velocity=1725.500
1785856003.400 snapshot tick=39840 targets=6 players=0 bots=6 culled=0 range=800 native_aim=0 trigger=0 external=0 seen=0 miss=0 applied=0 lock=None apply_frame_ok=0 source_players=0 source_robots=6 weapon=120 velocity=1725.500
1785856011.322 snapshot tick=40080 targets=6 players=0 bots=6 culled=0 range=800 native_aim=0 trigger=0 external=0 seen=0 miss=0 applied=0 lock=None apply_frame_ok=0 source_players=0 source_robots=6 weapon=120 velocity=1725.500
1785856019.239 snapshot tick=40320 targets=6 players=0 bots=6 culled=0 range=800 native_aim=0 trigger=0 external=0 seen=0 miss=0 applied=0 lock=None apply_frame_ok=0 source_players=0 source_robots=6 weapon=120 velocity=1725.500
1785856027.157 snapshot tick=40560 targets=6 players=0 bots=6 culled=0 range=800 native_aim=0 trigger=0 external=0 seen=0 miss=0 applied=0 lock=None apply_frame_ok=0 source_players=0 source_robots=6 weapon=120 velocity=1725.500
1785856035.080 snapshot tick=40800 targets=6 players=0 bots=6 culled=0 range=800 native_aim=0 trigger=0 external=0 seen=0 miss=0 applied=0 lock=None apply_frame_ok=0 source_players=0 source_robots=6 weapon=120 velocity=1725.500
1785856043.000 snapshot tick=41040 targets=6 players=0 bots=6 culled=0 range=800 native_aim=0 trigger=0 external=0 seen=0 miss=0 applied=0 lock=None apply_frame_ok=0 source_players=0 source_robots=6 weapon=120 velocity=1725.500
1785856050.919 snapshot tick=41280 targets=6 players=0 bots=6 culled=0 range=800 native_aim=0 trigger=0 external=0 seen=0 miss=0 applied=0 lock=None apply_frame_ok=0 source_players=0 source_robots=6 weapon=120 velocity=1725.500
1785856058.838 snapshot tick=41520 targets=6 players=0 bots=6 culled=0 range=800 native_aim=0 trigger=0 external=0 seen=0 miss=0 applied=0 lock=None apply_frame_ok=0 source_players=0 source_robots=6 weapon=120 velocity=1725.500
1785856066.757 snapshot tick=41760 targets=6 players=0 bots=6 culled=0 range=800 native_aim=0 trigger=0 external=0 seen=0 miss=0 applied=0 lock=None apply_frame_ok=0 source_players=0 source_robots=6 weapon=120 velocity=1725.500
1785856074.682 snapshot tick=42000 targets=6 players=0 bots=6 culled=0 range=800 native_aim=0 trigger=0 external=0 seen=0 miss=0 applied=0 lock=None apply_frame_ok=0 source_players=0 source_robots=6 weapon=120 velocity=1725.500
1785856082.600 snapshot tick=42240 targets=6 players=0 bots=6 culled=0 range=800 native_aim=0 trigger=0 external=0 seen=0 miss=0 applied=0 lock=None apply_frame_ok=0 source_players=0 source_robots=6 weapon=120 velocity=1725.500
1785856090.519 snapshot tick=42480 targets=6 players=0 bots=6 culled=0 range=800 native_aim=0 trigger=0 external=0 seen=0 miss=0 applied=0 lock=None apply_frame_ok=0 source_players=0 source_robots=6 weapon=120 velocity=1725.500
1785856098.439 snapshot tick=42720 targets=6 players=0 bots=6 culled=0 range=800 native_aim=0 trigger=0 external=0 seen=0 miss=0 applied=0 lock=None apply_frame_ok=0 source_players=0 source_robots=6 weapon=120 velocity=1725.500
1785856106.360 snapshot tick=42960 targets=6 players=0 bots=6 culled=0 range=800 native_aim=0 trigger=0 external=0 seen=0 miss=0 applied=0 lock=None apply_frame_ok=0 source_players=0 source_robots=6 weapon=120 velocity=1725.500
1785856110.859 snapshot tick=1 targets=0 players=0 bots=0 culled=0 range=800 native_aim=0 trigger=0 external=0 seen=0 miss=0 applied=0 lock=None apply_frame_ok=0 source_players=0 source_robots=0 weapon=0 velocity=0.000
1785856110.860 INSTALL_FAILED no timer owner
1785856111.725 snapshot tick=1 targets=0 players=0 bots=0 culled=0 range=800 native_aim=0 trigger=0 external=0 seen=0 miss=0 applied=0 lock=None apply_frame_ok=0 source_players=0 source_robots=0 weapon=0 velocity=0.000
1785856111.725 INSTALL_FAILED no timer owner
1785856112.617 snapshot tick=1 targets=0 players=0 bots=0 culled=0 range=800 native_aim=0 trigger=0 external=0 seen=0 miss=0 applied=0 lock=None apply_frame_ok=0 source_players=0 source_robots=0 weapon=0 velocity=0.000
1785856112.617 INSTALL_FAILED no timer owner
1785856113.623 snapshot tick=1 targets=0 players=0 bots=0 culled=0 range=800 native_aim=0 trigger=0 external=0 seen=0 miss=0 applied=0 lock=None apply_frame_ok=0 source_players=0 source_robots=0 weapon=0 velocity=0.000
1785856113.623 INSTALL_FAILED no timer owner
1785856114.614 snapshot tick=1 targets=0 players=0 bots=0 culled=0 range=800 native_aim=0 trigger=0 external=0 seen=0 miss=0 applied=0 lock=None apply_frame_ok=0 source_players=0 source_robots=0 weapon=0 velocity=0.000
1785856114.614 INSTALL_FAILED no timer owner
1785856115.618 snapshot tick=1 targets=0 players=0 bots=0 culled=0 range=800 native_aim=0 trigger=0 external=0 seen=0 miss=0 applied=0 lock=None apply_frame_ok=0 source_players=0 source_robots=0 weapon=0 velocity=0.000
1785856115.625 INSTALL_FAILED no timer owner
1785856116.634 snapshot tick=1 targets=0 players=0 bots=0 culled=0 range=800 native_aim=0 trigger=0 external=0 seen=0 miss=0 applied=0 lock=None apply_frame_ok=0 source_players=0 source_robots=0 weapon=0 velocity=0.000
1785856116.635 INSTALL_FAILED no timer owner
1785856117.637 snapshot tick=1 targets=0 players=0 bots=0 culled=0 range=800 native_aim=0 trigger=0 external=0 seen=0 miss=0 applied=0 lock=None apply_frame_ok=0 source_players=0 source_robots=0 weapon=0 velocity=0.000
1785856117.638 INSTALL_FAILED no timer owner
1785856118.641 snapshot tick=1 targets=0 players=0 bots=0 culled=0 range=800 native_aim=0 trigger=0 external=0 seen=0 miss=0 applied=0 lock=None apply_frame_ok=0 source_players=0 source_robots=0 weapon=0 velocity=0.000
1785856118.641 INSTALL_FAILED no timer owner
1785856119.644 snapshot tick=1 targets=0 players=0 bots=0 culled=0 range=800 native_aim=0 trigger=0 external=0 seen=0 miss=0 applied=0 lock=None apply_frame_ok=0 source_players=0 source_robots=0 weapon=0 velocity=0.000
1785856119.645 INSTALL_FAILED no timer owner
1785856120.825 snapshot tick=1 targets=0 players=0 bots=0 culled=0 range=800 native_aim=0 trigger=0 external=0 seen=0 miss=0 applied=0 lock=None apply_frame_ok=0 source_players=0 source_robots=0 weapon=0 velocity=0.000
1785856120.825 INSTALL_FAILED no timer owner
1785856121.656 snapshot tick=1 targets=0 players=0 bots=0 culled=0 range=800 native_aim=0 trigger=0 external=0 seen=0 miss=0 applied=0 lock=None apply_frame_ok=0 source_players=0 source_robots=0 weapon=0 velocity=0.000
1785856121.656 INSTALL_FAILED no timer owner
1785856122.667 snapshot tick=1 targets=0 players=0 bots=0 culled=0 range=800 native_aim=0 trigger=0 external=0 seen=0 miss=0 applied=0 lock=None apply_frame_ok=0 source_players=0 source_robots=0 weapon=0 velocity=0.000
1785856122.667 INSTALL_FAILED no timer owner
1785856123.656 snapshot tick=1 targets=0 players=0 bots=0 culled=0 range=800 native_aim=0 trigger=0 external=0 seen=0 miss=0 applied=0 lock=None apply_frame_ok=0 source_players=0 source_robots=0 weapon=0 velocity=0.000
1785856123.656 INSTALL_FAILED no timer owner
1785856124.660 snapshot tick=1 targets=0 players=0 bots=0 culled=0 range=800 native_aim=0 trigger=0 external=0 seen=0 miss=0 applied=0 lock=None apply_frame_ok=0 source_players=0 source_robots=0 weapon=0 velocity=0.000
1785856124.660 INSTALL_FAILED no timer owner
1785856125.663 snapshot tick=1 targets=0 players=0 bots=0 culled=0 range=800 native_aim=0 trigger=0 external=0 seen=0 miss=0 applied=0 lock=None apply_frame_ok=0 source_players=0 source_robots=0 weapon=0 velocity=0.000
1785856125.664 INSTALL_FAILED no timer owner
1785856126.651 snapshot tick=1 targets=0 players=0 bots=0 culled=0 range=800 native_aim=0 trigger=0 external=0 seen=0 miss=0 applied=0 lock=None apply_frame_ok=0 source_players=0 source_robots=0 weapon=0 velocity=0.000
1785856126.651 INSTALL_FAILED no timer owner
1785856127.669 snapshot tick=1 targets=0 players=0 bots=0 culled=0 range=800 native_aim=0 trigger=0 external=0 seen=0 miss=0 applied=0 lock=None apply_frame_ok=0 source_players=0 source_robots=0 weapon=0 velocity=0.000
1785856127.669 INSTALL_FAILED no timer owner
1785856128.675 snapshot tick=1 targets=0 players=0 bots=0 culled=0 range=800 native_aim=0 trigger=0 external=0 seen=0 miss=0 applied=0 lock=None apply_frame_ok=0 source_players=0 source_robots=0 weapon=0 velocity=0.000
1785856128.675 INSTALL_FAILED no timer owner
1785856129.661 snapshot tick=1 targets=0 players=0 bots=0 culled=0 range=800 native_aim=0 trigger=0 external=0 seen=0 miss=0 applied=0 lock=None apply_frame_ok=0 source_players=0 source_robots=0 weapon=0 velocity=0.000
1785856129.662 INSTALL_FAILED no timer owner
1785856130.682 snapshot tick=1 targets=0 players=0 bots=0 culled=0 range=800 native_aim=0 trigger=0 external=0 seen=0 miss=0 applied=0 lock=None apply_frame_ok=0 source_players=0 source_robots=0 weapon=0 velocity=0.000
1785856130.682 INSTALL_FAILED no timer owner
1785856131.685 snapshot tick=1 targets=0 players=0 bots=0 culled=0 range=800 native_aim=0 trigger=0 external=0 seen=0 miss=0 applied=0 lock=None apply_frame_ok=0 source_players=0 source_robots=0 weapon=0 velocity=0.000
1785856131.686 INSTALL_FAILED no timer owner
1785856132.689 snapshot tick=1 targets=0 players=0 bots=0 culled=0 range=800 native_aim=0 trigger=0 external=0 seen=0 miss=0 applied=0 lock=None apply_frame_ok=0 source_players=0 source_robots=0 weapon=0 velocity=0.000
1785856132.690 INSTALL_FAILED no timer owner
1785856133.693 snapshot tick=1 targets=0 players=0 bots=0 culled=0 range=800 native_aim=0 trigger=0 external=0 seen=0 miss=0 applied=0 lock=None apply_frame_ok=0 source_players=0 source_robots=0 weapon=0 velocity=0.000
1785856133.694 INSTALL_FAILED no timer owner
1785856134.697 snapshot tick=1 targets=0 players=0 bots=0 culled=0 range=800 native_aim=0 trigger=0 external=0 seen=0 miss=0 applied=0 lock=None apply_frame_ok=0 source_players=0 source_robots=0 weapon=0 velocity=0.000
1785856134.697 INSTALL_FAILED no timer owner
1785856135.700 snapshot tick=1 targets=0 players=0 bots=0 culled=0 range=800 native_aim=0 trigger=0 external=0 seen=0 miss=0 applied=0 lock=None apply_frame_ok=0 source_players=0 source_robots=0 weapon=0 velocity=0.000
1785856135.701 INSTALL_FAILED no timer owner
1785856136.704 snapshot tick=1 targets=0 players=0 bots=0 culled=0 range=800 native_aim=0 trigger=0 external=0 seen=0 miss=0 applied=0 lock=None apply_frame_ok=0 source_players=0 source_robots=0 weapon=0 velocity=0.000
1785856136.704 INSTALL_FAILED no timer owner
1785856137.726 snapshot tick=1 targets=0 players=0 bots=0 culled=0 range=800 native_aim=0 trigger=0 external=0 seen=0 miss=0 applied=0 lock=None apply_frame_ok=0 source_players=0 source_robots=0 weapon=0 velocity=0.000
1785856137.727 INSTALL_FAILED no timer owner
1785856138.717 snapshot tick=1 targets=0 players=0 bots=0 culled=0 range=800 native_aim=0 trigger=0 external=0 seen=0 miss=0 applied=0 lock=None apply_frame_ok=0 source_players=0 source_robots=0 weapon=0 velocity=0.000
1785856138.718 INSTALL_FAILED no timer owner
1785856139.722 snapshot tick=1 targets=0 players=0 bots=0 culled=0 range=800 native_aim=0 trigger=0 external=0 seen=0 miss=0 applied=0 lock=None apply_frame_ok=0 source_players=0 source_robots=0 weapon=0 velocity=0.000
1785856139.722 INSTALL_FAILED no timer owner
1785856140.744 snapshot tick=1 targets=0 players=0 bots=0 culled=0 range=800 native_aim=0 trigger=0 external=0 seen=0 miss=0 applied=0 lock=None apply_frame_ok=0 source_players=0 source_robots=0 weapon=0 velocity=0.000
1785856140.744 INSTALL_FAILED no timer owner
1785856141.731 snapshot tick=1 targets=0 players=0 bots=0 culled=0 range=800 native_aim=0 trigger=0 external=0 seen=0 miss=0 applied=0 lock=None apply_frame_ok=0 source_players=0 source_robots=0 weapon=0 velocity=0.000
1785856141.731 INSTALL_FAILED no timer owner
1785856142.735 snapshot tick=1 targets=0 players=0 bots=0 culled=0 range=800 native_aim=0 trigger=0 external=0 seen=0 miss=0 applied=0 lock=None apply_frame_ok=0 source_players=0 source_robots=0 weapon=0 velocity=0.000
1785856142.735 INSTALL_FAILED no timer owner
1785856143.739 snapshot tick=1 targets=0 players=0 bots=0 culled=0 range=800 native_aim=0 trigger=0 external=0 seen=0 miss=0 applied=0 lock=None apply_frame_ok=0 source_players=0 source_robots=0 weapon=0 velocity=0.000
1785856143.739 INSTALL_FAILED no timer owner
1785856144.743 snapshot tick=1 targets=0 players=0 bots=0 culled=0 range=800 native_aim=0 trigger=0 external=0 seen=0 miss=0 applied=0 lock=None apply_frame_ok=0 source_players=0 source_robots=0 weapon=0 velocity=0.000
1785856144.743 INSTALL_FAILED no timer owner
1785856145.745 snapshot tick=1 targets=0 players=0 bots=0 culled=0 range=800 native_aim=0 trigger=0 external=0 seen=0 miss=0 applied=0 lock=None apply_frame_ok=0 source_players=0 source_robots=0 weapon=0 velocity=0.000
1785856145.745 INSTALL_FAILED no timer owner
1785856146.755 snapshot tick=1 targets=0 players=0 bots=0 culled=0 range=800 native_aim=0 trigger=0 external=0 seen=0 miss=0 applied=0 lock=None apply_frame_ok=0 source_players=0 source_robots=0 weapon=0 velocity=0.000
1785856146.756 INSTALL_FAILED no timer owner
1785856147.765 snapshot tick=1 targets=0 players=0 bots=0 culled=0 range=800 native_aim=0 trigger=0 external=0 seen=0 miss=0 applied=0 lock=None apply_frame_ok=0 source_players=0 source_robots=0 weapon=0 velocity=0.000
1785856147.765 INSTALL_FAILED no timer owner
1785856148.768 snapshot tick=1 targets=0 players=0 bots=0 culled=0 range=800 native_aim=0 trigger=0 external=0 seen=0 miss=0 applied=0 lock=None apply_frame_ok=0 source_players=0 source_robots=0 weapon=0 velocity=0.000
1785856148.769 INSTALL_FAILED no timer owner
1785856149.779 snapshot tick=1 targets=0 players=0 bots=0 culled=0 range=800 native_aim=0 trigger=0 external=0 seen=0 miss=0 applied=0 lock=None apply_frame_ok=0 source_players=0 source_robots=0 weapon=0 velocity=0.000
1785856149.780 INSTALL_FAILED no timer owner
1785856150.779 snapshot tick=1 targets=0 players=0 bots=0 culled=0 range=800 native_aim=0 trigger=0 external=0 seen=0 miss=0 applied=0 lock=None apply_frame_ok=0 source_players=0 source_robots=0 weapon=0 velocity=0.000
1785856150.779 INSTALL_FAILED no timer owner
1785856151.794 snapshot tick=1 targets=0 players=0 bots=0 culled=0 range=800 native_aim=0 trigger=0 external=0 seen=0 miss=0 applied=0 lock=None apply_frame_ok=0 source_players=0 source_robots=0 weapon=0 velocity=0.000
1785856151.794 INSTALL_FAILED no timer owner
1785856152.788 snapshot tick=1 targets=0 players=0 bots=0 culled=0 range=800 native_aim=0 trigger=0 external=0 seen=0 miss=0 applied=0 lock=None apply_frame_ok=0 source_players=0 source_robots=0 weapon=0 velocity=0.000
1785856152.789 INSTALL_FAILED no timer owner
1785856153.800 snapshot tick=1 targets=0 players=0 bots=0 culled=0 range=800 native_aim=0 trigger=0 external=0 seen=0 miss=0 applied=0 lock=None apply_frame_ok=0 source_players=0 source_robots=0 weapon=0 velocity=0.000
1785856153.800 INSTALL_FAILED no timer owner
1785856154.789 snapshot tick=1 targets=0 players=0 bots=0 culled=0 range=800 native_aim=0 trigger=0 external=0 seen=0 miss=0 applied=0 lock=None apply_frame_ok=0 source_players=0 source_robots=0 weapon=0 velocity=0.000
1785856154.790 INSTALL_FAILED no timer owner
1785856155.793 snapshot tick=1 targets=0 players=0 bots=0 culled=0 range=800 native_aim=0 trigger=0 external=0 seen=0 miss=0 applied=0 lock=None apply_frame_ok=0 source_players=0 source_robots=0 weapon=0 velocity=0.000
1785856155.793 INSTALL_FAILED no timer owner
1785856156.782 snapshot tick=1 targets=0 players=0 bots=0 culled=0 range=800 native_aim=0 trigger=0 external=0 seen=0 miss=0 applied=0 lock=None apply_frame_ok=0 source_players=0 source_robots=0 weapon=0 velocity=0.000
1785856156.782 INSTALL_FAILED no timer owner
1785856157.790 snapshot tick=1 targets=0 players=0 bots=0 culled=0 range=800 native_aim=0 trigger=0 external=0 seen=0 miss=0 applied=0 lock=None apply_frame_ok=0 source_players=0 source_robots=0 weapon=0 velocity=0.000
1785856157.790 INSTALL_FAILED no timer owner
1785856158.799 snapshot tick=1 targets=0 players=0 bots=0 culled=0 range=800 native_aim=0 trigger=0 external=0 seen=0 miss=0 applied=0 lock=None apply_frame_ok=0 source_players=0 source_robots=0 weapon=0 velocity=0.000
1785856158.800 INSTALL_FAILED no timer owner
1785856159.805 snapshot tick=1 targets=0 players=0 bots=0 culled=0 range=800 native_aim=0 trigger=0 external=0 seen=0 miss=0 applied=0 lock=None apply_frame_ok=0 source_players=0 source_robots=0 weapon=0 velocity=0.000
1785856159.806 INSTALL_FAILED no timer owner
1785856160.809 snapshot tick=1 targets=0 players=0 bots=0 culled=0 range=800 native_aim=0 trigger=0 external=0 seen=0 miss=0 applied=0 lock=None apply_frame_ok=0 source_players=0 source_robots=0 weapon=0 velocity=0.000
1785856160.810 INSTALL_FAILED no timer owner
1785856161.822 snapshot tick=1 targets=0 players=0 bots=0 culled=0 range=800 native_aim=0 trigger=0 external=0 seen=0 miss=0 applied=0 lock=None apply_frame_ok=0 source_players=0 source_robots=0 weapon=0 velocity=0.000
1785856161.823 INSTALL_FAILED no timer owner
1785856162.816 snapshot tick=1 targets=0 players=0 bots=0 culled=0 range=800 native_aim=0 trigger=0 external=0 seen=0 miss=0 applied=0 lock=None apply_frame_ok=0 source_players=0 source_robots=0 weapon=0 velocity=0.000
1785856162.816 INSTALL_FAILED no timer owner
1785856163.827 snapshot tick=1 targets=0 players=0 bots=0 culled=0 range=800 native_aim=0 trigger=0 external=0 seen=0 miss=0 applied=0 lock=None apply_frame_ok=0 source_players=0 source_robots=0 weapon=0 velocity=0.000
1785856163.828 INSTALL_FAILED no timer owner
1785856164.826 snapshot tick=1 targets=0 players=0 bots=0 culled=0 range=800 native_aim=0 trigger=0 external=0 seen=0 miss=0 applied=0 lock=None apply_frame_ok=0 source_players=0 source_robots=0 weapon=0 velocity=0.000
1785856164.827 INSTALL_FAILED no timer owner
1785856165.818 snapshot tick=1 targets=0 players=0 bots=0 culled=0 range=800 native_aim=0 trigger=0 external=0 seen=0 miss=0 applied=0 lock=None apply_frame_ok=0 source_players=0 source_robots=0 weapon=0 velocity=0.000
1785856165.818 INSTALL_FAILED no timer owner
1785856166.829 snapshot tick=1 targets=0 players=0 bots=0 culled=0 range=800 native_aim=0 trigger=0 external=0 seen=0 miss=0 applied=0 lock=None apply_frame_ok=0 source_players=0 source_robots=0 weapon=0 velocity=0.000
1785856166.829 INSTALL_FAILED no timer owner
1785856167.838 snapshot tick=1 targets=0 players=0 bots=0 culled=0 range=800 native_aim=0 trigger=0 external=0 seen=0 miss=0 applied=0 lock=None apply_frame_ok=0 source_players=0 source_robots=0 weapon=0 velocity=0.000
1785856167.839 INSTALL_FAILED no timer owner
1785856168.824 snapshot tick=1 targets=0 players=0 bots=0 culled=0 range=800 native_aim=0 trigger=0 external=0 seen=0 miss=0 applied=0 lock=None apply_frame_ok=0 source_players=0 source_robots=0 weapon=0 velocity=0.000
1785856168.824 INSTALL_FAILED no timer owner
1785856169.847 snapshot tick=1 targets=0 players=0 bots=0 culled=0 range=800 native_aim=0 trigger=0 external=0 seen=0 miss=0 applied=0 lock=None apply_frame_ok=0 source_players=0 source_robots=0 weapon=0 velocity=0.000
1785856169.847 INSTALL_FAILED no timer owner
1785856170.850 snapshot tick=1 targets=0 players=0 bots=0 culled=0 range=800 native_aim=0 trigger=0 external=0 seen=0 miss=0 applied=0 lock=None apply_frame_ok=0 source_players=0 source_robots=0 weapon=0 velocity=0.000
1785856170.851 INSTALL_FAILED no timer owner
1785856171.857 snapshot tick=1 targets=0 players=0 bots=0 culled=0 range=800 native_aim=0 trigger=0 external=0 seen=0 miss=0 applied=0 lock=None apply_frame_ok=0 source_players=0 source_robots=0 weapon=0 velocity=0.000
1785856171.857 INSTALL_FAILED no timer owner
1785856172.861 snapshot tick=1 targets=0 players=0 bots=0 culled=0 range=800 native_aim=0 trigger=0 external=0 seen=0 miss=0 applied=0 lock=None apply_frame_ok=0 source_players=0 source_robots=0 weapon=0 velocity=0.000
1785856172.861 INSTALL_FAILED no timer owner
1785856173.855 snapshot tick=1 targets=0 players=0 bots=0 culled=0 range=800 native_aim=0 trigger=0 external=0 seen=0 miss=0 applied=0 lock=None apply_frame_ok=0 source_players=0 source_robots=0 weapon=0 velocity=0.000
1785856173.855 INSTALL_FAILED no timer owner
1785856174.859 snapshot tick=1 targets=0 players=0 bots=0 culled=0 range=800 native_aim=0 trigger=0 external=0 seen=0 miss=0 applied=0 lock=None apply_frame_ok=0 source_players=0 source_robots=0 weapon=0 velocity=0.000
1785856174.859 INSTALL_FAILED no timer owner
1785856175.862 snapshot tick=1 targets=0 players=0 bots=0 culled=0 range=800 native_aim=0 trigger=0 external=0 seen=0 miss=0 applied=0 lock=None apply_frame_ok=0 source_players=0 source_robots=0 weapon=0 velocity=0.000
1785856175.863 INSTALL_FAILED no timer owner
1785856176.867 snapshot tick=1 targets=0 players=0 bots=0 culled=0 range=800 native_aim=0 trigger=0 external=0 seen=0 miss=0 applied=0 lock=None apply_frame_ok=0 source_players=0 source_robots=0 weapon=0 velocity=0.000
1785856176.867 INSTALL_FAILED no timer owner
1785856177.870 snapshot tick=1 targets=0 players=0 bots=0 culled=0 range=800 native_aim=0 trigger=0 external=0 seen=0 miss=0 applied=0 lock=None apply_frame_ok=0 source_players=0 source_robots=0 weapon=0 velocity=0.000
1785856177.870 INSTALL_FAILED no timer owner
1785856178.876 snapshot tick=1 targets=0 players=0 bots=0 culled=0 range=800 native_aim=0 trigger=0 external=0 seen=0 miss=0 applied=0 lock=None apply_frame_ok=0 source_players=0 source_robots=0 weapon=0 velocity=0.000
1785856178.876 INSTALL_FAILED no timer owner
1785856179.880 snapshot tick=1 targets=0 players=0 bots=0 culled=0 range=800 native_aim=0 trigger=0 external=0 seen=0 miss=0 applied=0 lock=None apply_frame_ok=0 source_players=0 source_robots=0 weapon=0 velocity=0.000
1785856179.881 INSTALL_FAILED no timer owner
1785856180.955 snapshot tick=1 targets=0 players=0 bots=0 culled=0 range=800 native_aim=0 trigger=0 external=0 seen=0 miss=0 applied=0 lock=None apply_frame_ok=0 source_players=0 source_robots=0 weapon=0 velocity=0.000
1785856180.956 INSTALL_FAILED no timer owner
1785856181.893 snapshot tick=1 targets=0 players=0 bots=0 culled=0 range=800 native_aim=0 trigger=0 external=0 seen=0 miss=0 applied=0 lock=None apply_frame_ok=0 source_players=0 source_robots=0 weapon=0 velocity=0.000
1785856181.893 INSTALL_FAILED no timer owner
1785856182.879 snapshot tick=1 targets=0 players=0 bots=0 culled=0 range=800 native_aim=0 trigger=0 external=0 seen=0 miss=0 applied=0 lock=None apply_frame_ok=0 source_players=0 source_robots=0 weapon=0 velocity=0.000
1785856182.879 INSTALL_FAILED no timer owner
1785856183.900 snapshot tick=1 targets=0 players=0 bots=0 culled=0 range=800 native_aim=0 trigger=0 external=0 seen=0 miss=0 applied=0 lock=None apply_frame_ok=0 source_players=0 source_robots=0 weapon=0 velocity=0.000
1785856183.901 INSTALL_FAILED no timer owner
1785856184.888 snapshot tick=1 targets=0 players=0 bots=0 culled=0 range=800 native_aim=0 trigger=0 external=0 seen=0 miss=0 applied=0 lock=None apply_frame_ok=0 source_players=0 source_robots=0 weapon=0 velocity=0.000
1785856184.888 INSTALL_FAILED no timer owner
1785856185.905 snapshot tick=1 targets=0 players=0 bots=0 culled=0 range=800 native_aim=0 trigger=0 external=0 seen=0 miss=0 applied=0 lock=None apply_frame_ok=0 source_players=0 source_robots=0 weapon=0 velocity=0.000
1785856185.905 INSTALL_FAILED no timer owner
1785856186.895 snapshot tick=1 targets=0 players=0 bots=0 culled=0 range=800 native_aim=0 trigger=0 external=0 seen=0 miss=0 applied=0 lock=None apply_frame_ok=0 source_players=0 source_robots=0 weapon=0 velocity=0.000
1785856186.898 INSTALL_FAILED no timer owner
1785856187.913 snapshot tick=1 targets=0 players=0 bots=0 culled=0 range=800 native_aim=0 trigger=0 external=0 seen=0 miss=0 applied=0 lock=None apply_frame_ok=0 source_players=0 source_robots=0 weapon=0 velocity=0.000
1785856187.913 INSTALL_FAILED no timer owner
1785856188.925 snapshot tick=1 targets=0 players=0 bots=0 culled=0 range=800 native_aim=0 trigger=0 external=0 seen=0 miss=0 applied=0 lock=None apply_frame_ok=0 source_players=0 source_robots=0 weapon=0 velocity=0.000
1785856188.926 INSTALL_FAILED no timer owner
1785856189.916 snapshot tick=1 targets=0 players=0 bots=0 culled=0 range=800 native_aim=0 trigger=0 external=0 seen=0 miss=0 applied=0 lock=None apply_frame_ok=0 source_players=0 source_robots=0 weapon=0 velocity=0.000
1785856189.916 INSTALL_FAILED no timer owner
1785856190.920 snapshot tick=1 targets=0 players=0 bots=0 culled=0 range=800 native_aim=0 trigger=0 external=0 seen=0 miss=0 applied=0 lock=None apply_frame_ok=0 source_players=0 source_robots=0 weapon=0 velocity=0.000
1785856190.921 INSTALL_FAILED no timer owner
1785856191.917 snapshot tick=1 targets=0 players=0 bots=0 culled=0 range=800 native_aim=0 trigger=0 external=0 seen=0 miss=0 applied=0 lock=None apply_frame_ok=0 source_players=0 source_robots=0 weapon=0 velocity=0.000
1785856191.917 INSTALL_FAILED no timer owner
1785856192.926 snapshot tick=1 targets=0 players=0 bots=0 culled=0 range=800 native_aim=0 trigger=0 external=0 seen=0 miss=0 applied=0 lock=None apply_frame_ok=0 source_players=0 source_robots=0 weapon=0 velocity=0.000
1785856192.927 INSTALL_FAILED no timer owner
1785856193.931 snapshot tick=1 targets=0 players=0 bots=0 culled=0 range=800 native_aim=0 trigger=0 external=0 seen=0 miss=0 applied=0 lock=None apply_frame_ok=0 source_players=0 source_robots=0 weapon=0 velocity=0.000
1785856193.931 INSTALL_FAILED no timer owner
1785856194.933 snapshot tick=1 targets=0 players=0 bots=0 culled=0 range=800 native_aim=0 trigger=0 external=0 seen=0 miss=0 applied=0 lock=None apply_frame_ok=0 source_players=0 source_robots=0 weapon=0 velocity=0.000
1785856194.934 INSTALL_FAILED no timer owner
1785856195.955 snapshot tick=1 targets=0 players=0 bots=0 culled=0 range=800 native_aim=0 trigger=0 external=0 seen=0 miss=0 applied=0 lock=None apply_frame_ok=0 source_players=0 source_robots=0 weapon=0 velocity=0.000
1785856195.955 INSTALL_FAILED no timer owner
1785856196.925 snapshot tick=1 targets=0 players=0 bots=0 culled=0 range=800 native_aim=0 trigger=0 external=0 seen=0 miss=0 applied=0 lock=None apply_frame_ok=0 source_players=0 source_robots=0 weapon=0 velocity=0.000
1785856196.925 INSTALL_FAILED no timer owner
1785856197.929 snapshot tick=1 targets=0 players=0 bots=0 culled=0 range=800 native_aim=0 trigger=0 external=0 seen=0 miss=0 applied=0 lock=None apply_frame_ok=0 source_players=0 source_robots=0 weapon=0 velocity=0.000
1785856197.929 INSTALL_FAILED no timer owner
1785856198.933 snapshot tick=1 targets=0 players=0 bots=0 culled=0 range=800 native_aim=0 trigger=0 external=0 seen=0 miss=0 applied=0 lock=None apply_frame_ok=0 source_players=0 source_robots=0 weapon=0 velocity=0.000
1785856198.933 INSTALL_FAILED no timer owner
1785856199.951 snapshot tick=1 targets=0 players=0 bots=0 culled=0 range=800 native_aim=0 trigger=0 external=0 seen=0 miss=0 applied=0 lock=None apply_frame_ok=0 source_players=0 source_robots=0 weapon=0 velocity=0.000
1785856199.951 INSTALL_FAILED no timer owner
1785856200.955 snapshot tick=1 targets=0 players=0 bots=0 culled=0 range=800 native_aim=0 trigger=0 external=0 seen=0 miss=0 applied=0 lock=None apply_frame_ok=0 source_players=0 source_robots=0 weapon=0 velocity=0.000
1785856200.955 INSTALL_FAILED no timer owner
1785856201.975 snapshot tick=1 targets=0 players=0 bots=0 culled=0 range=800 native_aim=0 trigger=0 external=0 seen=0 miss=0 applied=0 lock=None apply_frame_ok=0 source_players=0 source_robots=0 weapon=0 velocity=0.000
1785856201.975 INSTALL_FAILED no timer owner
1785856202.946 snapshot tick=1 targets=0 players=0 bots=0 culled=0 range=800 native_aim=0 trigger=0 external=0 seen=0 miss=0 applied=0 lock=None apply_frame_ok=0 source_players=0 source_robots=0 weapon=0 velocity=0.000
1785856202.946 INSTALL_FAILED no timer owner
1785856203.971 snapshot tick=1 targets=0 players=0 bots=0 culled=0 range=800 native_aim=0 trigger=0 external=0 seen=0 miss=0 applied=0 lock=None apply_frame_ok=0 source_players=0 source_robots=0 weapon=0 velocity=0.000
1785856203.971 INSTALL_FAILED no timer owner
1785856204.963 snapshot tick=1 targets=0 players=0 bots=0 culled=0 range=800 native_aim=0 trigger=0 external=0 seen=0 miss=0 applied=0 lock=None apply_frame_ok=0 source_players=0 source_robots=0 weapon=0 velocity=0.000
1785856204.963 INSTALL_FAILED no timer owner
1785856205.965 snapshot tick=1 targets=0 players=0 bots=0 culled=0 range=800 native_aim=0 trigger=0 external=0 seen=0 miss=0 applied=0 lock=None apply_frame_ok=0 source_players=0 source_robots=0 weapon=0 velocity=0.000
1785856205.966 INSTALL_FAILED no timer owner
1785856206.969 snapshot tick=1 targets=0 players=0 bots=0 culled=0 range=800 native_aim=0 trigger=0 external=0 seen=0 miss=0 applied=0 lock=None apply_frame_ok=0 source_players=0 source_robots=0 weapon=0 velocity=0.000
1785856206.970 INSTALL_FAILED no timer owner
1785856207.973 snapshot tick=1 targets=0 players=0 bots=0 culled=0 range=800 native_aim=0 trigger=0 external=0 seen=0 miss=0 applied=0 lock=None apply_frame_ok=0 source_players=0 source_robots=0 weapon=0 velocity=0.000
1785856207.974 INSTALL_FAILED no timer owner
1785856208.977 snapshot tick=1 targets=0 players=0 bots=0 culled=0 range=800 native_aim=0 trigger=0 external=0 seen=0 miss=0 applied=0 lock=None apply_frame_ok=0 source_players=0 source_robots=0 weapon=0 velocity=0.000
1785856208.977 INSTALL_FAILED no timer owner
1785856209.987 snapshot tick=1 targets=0 players=0 bots=0 culled=0 range=800 native_aim=0 trigger=0 external=0 seen=0 miss=0 applied=0 lock=None apply_frame_ok=0 source_players=0 source_robots=0 weapon=0 velocity=0.000
1785856209.988 INSTALL_FAILED no timer owner
1785856210.979 snapshot tick=1 targets=0 players=0 bots=0 culled=0 range=800 native_aim=0 trigger=0 external=0 seen=0 miss=0 applied=0 lock=None apply_frame_ok=0 source_players=0 source_robots=0 weapon=0 velocity=0.000
1785856210.980 INSTALL_FAILED no timer owner
1785856211.992 snapshot tick=1 targets=0 players=0 bots=0 culled=0 range=800 native_aim=0 trigger=0 external=0 seen=0 miss=0 applied=0 lock=None apply_frame_ok=0 source_players=0 source_robots=0 weapon=0 velocity=0.000
1785856211.993 INSTALL_FAILED no timer owner
1785856212.984 snapshot tick=1 targets=0 players=0 bots=0 culled=0 range=800 native_aim=0 trigger=0 external=0 seen=0 miss=0 applied=0 lock=None apply_frame_ok=0 source_players=0 source_robots=0 weapon=0 velocity=0.000
1785856212.984 INSTALL_FAILED no timer owner
1785856214.021 snapshot tick=1 targets=0 players=0 bots=0 culled=0 range=800 native_aim=0 trigger=0 external=0 seen=0 miss=0 applied=0 lock=None apply_frame_ok=0 source_players=0 source_robots=0 weapon=0 velocity=0.000
1785856214.022 INSTALL_FAILED no timer owner
1785856215.008 snapshot tick=1 targets=0 players=0 bots=0 culled=0 range=800 native_aim=0 trigger=0 external=0 seen=0 miss=0 applied=0 lock=None apply_frame_ok=0 source_players=0 source_robots=0 weapon=0 velocity=0.000
1785856215.009 INSTALL_FAILED no timer owner
1785856216.012 snapshot tick=1 targets=0 players=0 bots=0 culled=0 range=800 native_aim=0 trigger=0 external=0 seen=0 miss=0 applied=0 lock=None apply_frame_ok=0 source_players=0 source_robots=0 weapon=0 velocity=0.000
1785856216.013 INSTALL_FAILED no timer owner
1785856217.018 snapshot tick=1 targets=0 players=0 bots=0 culled=0 range=800 native_aim=0 trigger=0 external=0 seen=0 miss=0 applied=0 lock=None apply_frame_ok=0 source_players=0 source_robots=0 weapon=0 velocity=0.000
1785856217.018 INSTALL_FAILED no timer owner
1785856218.021 snapshot tick=1 targets=0 players=0 bots=0 culled=0 range=800 native_aim=0 trigger=0 external=0 seen=0 miss=0 applied=0 lock=None apply_frame_ok=0 source_players=0 source_robots=0 weapon=0 velocity=0.000
1785856218.021 INSTALL_FAILED no timer owner
1785856219.082 snapshot tick=1 targets=0 players=0 bots=0 culled=0 range=800 native_aim=0 trigger=0 external=0 seen=0 miss=0 applied=0 lock=None apply_frame_ok=0 source_players=0 source_robots=0 weapon=0 velocity=0.000
1785856219.083 INSTALL_FAILED no timer owner
1785856220.025 snapshot tick=1 targets=0 players=0 bots=0 culled=0 range=800 native_aim=0 trigger=0 external=0 seen=0 miss=0 applied=0 lock=None apply_frame_ok=0 source_players=0 source_robots=0 weapon=0 velocity=0.000
1785856220.026 INSTALL_FAILED no timer owner
1785856221.037 snapshot tick=1 targets=0 players=0 bots=0 culled=0 range=800 native_aim=0 trigger=0 external=0 seen=0 miss=0 applied=0 lock=None apply_frame_ok=0 source_players=0 source_robots=0 weapon=0 velocity=0.000
1785856221.037 INSTALL_FAILED no timer owner
1785856222.030 snapshot tick=1 targets=0 players=0 bots=0 culled=0 range=800 native_aim=0 trigger=0 external=0 seen=0 miss=0 applied=0 lock=None apply_frame_ok=0 source_players=0 source_robots=0 weapon=0 velocity=0.000
1785856222.030 INSTALL_FAILED no timer owner
1785856223.057 snapshot tick=1 targets=0 players=0 bots=0 culled=0 range=800 native_aim=0 trigger=0 external=0 seen=0 miss=0 applied=0 lock=None apply_frame_ok=0 source_players=0 source_robots=0 weapon=0 velocity=0.000
1785856223.057 INSTALL_FAILED no timer owner
1785856224.045 snapshot tick=1 targets=0 players=0 bots=0 culled=0 range=800 native_aim=0 trigger=0 external=0 seen=0 miss=0 applied=0 lock=None apply_frame_ok=0 source_players=0 source_robots=0 weapon=0 velocity=0.000
1785856224.045 INSTALL_FAILED no timer owner
1785856225.051 snapshot tick=1 targets=0 players=0 bots=0 culled=0 range=800 native_aim=0 trigger=0 external=0 seen=0 miss=0 applied=0 lock=None apply_frame_ok=0 source_players=0 source_robots=0 weapon=0 velocity=0.000
1785856225.051 INSTALL_FAILED no timer owner
1785856226.054 snapshot tick=1 targets=0 players=0 bots=0 culled=0 range=800 native_aim=0 trigger=0 external=0 seen=0 miss=0 applied=0 lock=None apply_frame_ok=0 source_players=0 source_robots=0 weapon=0 velocity=0.000
1785856226.054 INSTALL_FAILED no timer owner
1785856227.042 snapshot tick=1 targets=0 players=0 bots=0 culled=0 range=800 native_aim=0 trigger=0 external=0 seen=0 miss=0 applied=0 lock=None apply_frame_ok=0 source_players=0 source_robots=0 weapon=0 velocity=0.000
1785856227.047 INSTALL_FAILED no timer owner
1785856228.057 snapshot tick=1 targets=0 players=0 bots=0 culled=0 range=800 native_aim=0 trigger=0 external=0 seen=0 miss=0 applied=0 lock=None apply_frame_ok=0 source_players=0 source_robots=0 weapon=0 velocity=0.000
1785856228.058 INSTALL_FAILED no timer owner
1785856229.058 snapshot tick=1 targets=0 players=0 bots=0 culled=0 range=800 native_aim=0 trigger=0 external=0 seen=0 miss=0 applied=0 lock=None apply_frame_ok=0 source_players=0 source_robots=0 weapon=0 velocity=0.000
1785856229.058 INSTALL_FAILED no timer owner
1785856230.063 snapshot tick=1 targets=0 players=0 bots=0 culled=0 range=800 native_aim=0 trigger=0 external=0 seen=0 miss=0 applied=0 lock=None apply_frame_ok=0 source_players=0 source_robots=0 weapon=0 velocity=0.000
1785856230.064 INSTALL_FAILED no timer owner
1785856231.056 snapshot tick=1 targets=0 players=0 bots=0 culled=0 range=800 native_aim=0 trigger=0 external=0 seen=0 miss=0 applied=0 lock=None apply_frame_ok=0 source_players=0 source_robots=0 weapon=0 velocity=0.000
1785856231.057 INSTALL_FAILED no timer owner
1785856232.067 snapshot tick=1 targets=0 players=0 bots=0 culled=0 range=800 native_aim=0 trigger=0 external=0 seen=0 miss=0 applied=0 lock=None apply_frame_ok=0 source_players=0 source_robots=0 weapon=0 velocity=0.000
1785856232.067 INSTALL_FAILED no timer owner
1785856233.062 snapshot tick=1 targets=0 players=0 bots=0 culled=0 range=800 native_aim=0 trigger=0 external=0 seen=0 miss=0 applied=0 lock=None apply_frame_ok=0 source_players=0 source_robots=0 weapon=0 velocity=0.000
1785856233.062 INSTALL_FAILED no timer owner
1785856234.072 snapshot tick=1 targets=0 players=0 bots=0 culled=0 range=800 native_aim=0 trigger=0 external=0 seen=0 miss=0 applied=0 lock=None apply_frame_ok=0 source_players=0 source_robots=0 weapon=0 velocity=0.000
1785856234.072 INSTALL_FAILED no timer owner
1785856235.076 snapshot tick=1 targets=0 players=0 bots=0 culled=0 range=800 native_aim=0 trigger=0 external=0 seen=0 miss=0 applied=0 lock=None apply_frame_ok=0 source_players=0 source_robots=0 weapon=0 velocity=0.000
1785856235.077 INSTALL_FAILED no timer owner
1785856236.080 snapshot tick=1 targets=0 players=0 bots=0 culled=0 range=800 native_aim=0 trigger=0 external=0 seen=0 miss=0 applied=0 lock=None apply_frame_ok=0 source_players=0 source_robots=0 weapon=0 velocity=0.000
1785856236.081 INSTALL_FAILED no timer owner
1785856237.084 snapshot tick=1 targets=0 players=0 bots=0 culled=0 range=800 native_aim=0 trigger=0 external=0 seen=0 miss=0 applied=0 lock=None apply_frame_ok=0 source_players=0 source_robots=0 weapon=0 velocity=0.000
1785856237.084 INSTALL_FAILED no timer owner
1785856238.104 snapshot tick=1 targets=0 players=0 bots=0 culled=0 range=800 native_aim=0 trigger=0 external=0 seen=0 miss=0 applied=0 lock=None apply_frame_ok=0 source_players=0 source_robots=0 weapon=0 velocity=0.000
1785856238.104 INSTALL_FAILED no timer owner
1785856239.092 snapshot tick=1 targets=0 players=0 bots=0 culled=0 range=800 native_aim=0 trigger=0 external=0 seen=0 miss=0 applied=0 lock=None apply_frame_ok=0 source_players=0 source_robots=0 weapon=0 velocity=0.000
1785856239.092 INSTALL_FAILED no timer owner
1785856240.095 snapshot tick=1 targets=0 players=0 bots=0 culled=0 range=800 native_aim=0 trigger=0 external=0 seen=0 miss=0 applied=0 lock=None apply_frame_ok=0 source_players=0 source_robots=0 weapon=0 velocity=0.000
1785856240.095 INSTALL_FAILED no timer owner
1785856241.100 snapshot tick=1 targets=0 players=0 bots=0 culled=0 range=800 native_aim=0 trigger=0 external=0 seen=0 miss=0 applied=0 lock=None apply_frame_ok=0 source_players=0 source_robots=0 weapon=0 velocity=0.000
1785856241.100 INSTALL_FAILED no timer owner
1785856242.109 snapshot tick=1 targets=0 players=0 bots=0 culled=0 range=800 native_aim=0 trigger=0 external=0 seen=0 miss=0 applied=0 lock=None apply_frame_ok=0 source_players=0 source_robots=0 weapon=0 velocity=0.000
1785856242.110 INSTALL_FAILED no timer owner
1785856243.121 snapshot tick=1 targets=0 players=0 bots=0 culled=0 range=800 native_aim=0 trigger=0 external=0 seen=0 miss=0 applied=0 lock=None apply_frame_ok=0 source_players=0 source_robots=0 weapon=0 velocity=0.000
1785856243.121 INSTALL_FAILED no timer owner
1785856244.144 snapshot tick=1 targets=0 players=0 bots=0 culled=0 range=800 native_aim=0 trigger=0 external=0 seen=0 miss=0 applied=0 lock=None apply_frame_ok=0 source_players=0 source_robots=0 weapon=0 velocity=0.000
1785856244.144 INSTALL_FAILED no timer owner
1785856245.115 snapshot tick=1 targets=0 players=0 bots=0 culled=0 range=800 native_aim=0 trigger=0 external=0 seen=0 miss=0 applied=0 lock=None apply_frame_ok=0 source_players=0 source_robots=0 weapon=0 velocity=0.000
1785856245.115 INSTALL_FAILED no timer owner
1785856246.118 snapshot tick=1 targets=0 players=0 bots=0 culled=0 range=800 native_aim=0 trigger=0 external=0 seen=0 miss=0 applied=0 lock=None apply_frame_ok=0 source_players=0 source_robots=0 weapon=0 velocity=0.000
1785856246.119 INSTALL_FAILED no timer owner
1785856247.139 snapshot tick=1 targets=0 players=0 bots=0 culled=0 range=800 native_aim=0 trigger=0 external=0 seen=0 miss=0 applied=0 lock=None apply_frame_ok=0 source_players=0 source_robots=0 weapon=0 velocity=0.000
1785856247.139 INSTALL_FAILED no timer owner
1785856248.127 snapshot tick=1 targets=0 players=0 bots=0 culled=0 range=800 native_aim=0 trigger=0 external=0 seen=0 miss=0 applied=0 lock=None apply_frame_ok=0 source_players=0 source_robots=0 weapon=0 velocity=0.000
1785856248.133 INSTALL_FAILED no timer owner
1785856249.152 snapshot tick=1 targets=0 players=0 bots=0 culled=0 range=800 native_aim=0 trigger=0 external=0 seen=0 miss=0 applied=0 lock=None apply_frame_ok=0 source_players=0 source_robots=0 weapon=0 velocity=0.000
1785856249.152 INSTALL_FAILED no timer owner
1785856250.159 snapshot tick=1 targets=0 players=0 bots=0 culled=0 range=800 native_aim=0 trigger=0 external=0 seen=0 miss=0 applied=0 lock=None apply_frame_ok=0 source_players=0 source_robots=0 weapon=0 velocity=0.000
1785856250.160 INSTALL_FAILED no timer owner
1785856251.182 snapshot tick=1 targets=0 players=0 bots=0 culled=0 range=800 native_aim=0 trigger=0 external=0 seen=0 miss=0 applied=0 lock=None apply_frame_ok=0 source_players=0 source_robots=0 weapon=0 velocity=0.000
1785856251.182 INSTALL_FAILED no timer owner
1785856252.153 snapshot tick=1 targets=0 players=0 bots=0 culled=0 range=800 native_aim=0 trigger=0 external=0 seen=0 miss=0 applied=0 lock=None apply_frame_ok=0 source_players=0 source_robots=0 weapon=0 velocity=0.000
1785856252.153 INSTALL_FAILED no timer owner
1785856253.156 snapshot tick=1 targets=0 players=0 bots=0 culled=0 range=800 native_aim=0 trigger=0 external=0 seen=0 miss=0 applied=0 lock=None apply_frame_ok=0 source_players=0 source_robots=0 weapon=0 velocity=0.000
1785856253.156 INSTALL_FAILED no timer owner
1785856254.163 snapshot tick=1 targets=0 players=0 bots=0 culled=0 range=800 native_aim=0 trigger=0 external=0 seen=0 miss=0 applied=0 lock=None apply_frame_ok=0 source_players=0 source_robots=0 weapon=0 velocity=0.000
1785856254.164 INSTALL_FAILED no timer owner
1785856255.175 snapshot tick=1 targets=0 players=0 bots=0 culled=0 range=800 native_aim=0 trigger=0 external=0 seen=0 miss=0 applied=0 lock=None apply_frame_ok=0 source_players=0 source_robots=0 weapon=0 velocity=0.000
1785856255.176 INSTALL_FAILED no timer owner
1785856256.167 snapshot tick=1 targets=0 players=0 bots=0 culled=0 range=800 native_aim=0 trigger=0 external=0 seen=0 miss=0 applied=0 lock=None apply_frame_ok=0 source_players=0 source_robots=0 weapon=0 velocity=0.000
1785856256.168 INSTALL_FAILED no timer owner
1785856257.239 snapshot tick=1 targets=0 players=0 bots=0 culled=0 range=800 native_aim=0 trigger=0 external=0 seen=0 miss=0 applied=0 lock=None apply_frame_ok=0 source_players=0 source_robots=0 weapon=0 velocity=0.000
1785856257.239 INSTALL_FAILED no timer owner
1785856258.176 snapshot tick=1 targets=0 players=0 bots=0 culled=0 range=800 native_aim=0 trigger=0 external=0 seen=0 miss=0 applied=0 lock=None apply_frame_ok=0 source_players=0 source_robots=0 weapon=0 velocity=0.000
1785856258.177 INSTALL_FAILED no timer owner
1785856259.181 snapshot tick=1 targets=0 players=0 bots=0 culled=0 range=800 native_aim=0 trigger=0 external=0 seen=0 miss=0 applied=0 lock=None apply_frame_ok=0 source_players=0 source_robots=0 weapon=0 velocity=0.000
1785856259.187 INSTALL_FAILED no timer owner
1785856260.173 snapshot tick=1 targets=0 players=0 bots=0 culled=0 range=800 native_aim=0 trigger=0 external=0 seen=0 miss=0 applied=0 lock=None apply_frame_ok=0 source_players=0 source_robots=0 weapon=0 velocity=0.000
1785856260.173 INSTALL_FAILED no timer owner
1785856261.197 snapshot tick=1 targets=0 players=0 bots=0 culled=0 range=800 native_aim=0 trigger=0 external=0 seen=0 miss=0 applied=0 lock=None apply_frame_ok=0 source_players=0 source_robots=0 weapon=0 velocity=0.000
1785856261.198 INSTALL_FAILED no timer owner
1785856262.193 snapshot tick=1 targets=0 players=0 bots=0 culled=0 range=800 native_aim=0 trigger=0 external=0 seen=0 miss=0 applied=0 lock=None apply_frame_ok=0 source_players=0 source_robots=0 weapon=0 velocity=0.000
1785856262.193 INSTALL_FAILED no timer owner
1785856263.209 snapshot tick=1 targets=0 players=0 bots=0 culled=0 range=800 native_aim=0 trigger=0 external=0 seen=0 miss=0 applied=0 lock=None apply_frame_ok=0 source_players=0 source_robots=0 weapon=0 velocity=0.000
1785856263.209 INSTALL_FAILED no timer owner
1785856264.209 snapshot tick=1 targets=0 players=0 bots=0 culled=0 range=800 native_aim=0 trigger=0 external=0 seen=0 miss=0 applied=0 lock=None apply_frame_ok=0 source_players=0 source_robots=0 weapon=0 velocity=0.000
1785856264.210 INSTALL_FAILED no timer owner
1785856265.218 snapshot tick=1 targets=0 players=0 bots=0 culled=0 range=800 native_aim=0 trigger=0 external=0 seen=0 miss=0 applied=0 lock=None apply_frame_ok=0 source_players=0 source_robots=0 weapon=0 velocity=0.000
1785856265.218 INSTALL_FAILED no timer owner
1785856266.221 snapshot tick=1 targets=0 players=0 bots=0 culled=0 range=800 native_aim=0 trigger=0 external=0 seen=0 miss=0 applied=0 lock=None apply_frame_ok=0 source_players=0 source_robots=0 weapon=0 velocity=0.000
1785856266.222 INSTALL_FAILED no timer owner
1785856267.215 snapshot tick=1 targets=0 players=0 bots=0 culled=0 range=800 native_aim=0 trigger=0 external=0 seen=0 miss=0 applied=0 lock=None apply_frame_ok=0 source_players=0 source_robots=0 weapon=0 velocity=0.000
1785856267.216 INSTALL_FAILED no timer owner
1785856268.217 snapshot tick=1 targets=0 players=0 bots=0 culled=0 range=800 native_aim=0 trigger=0 external=0 seen=0 miss=0 applied=0 lock=None apply_frame_ok=0 source_players=0 source_robots=0 weapon=0 velocity=0.000
1785856268.218 INSTALL_FAILED no timer owner
1785856269.229 snapshot tick=1 targets=0 players=0 bots=0 culled=0 range=800 native_aim=0 trigger=0 external=0 seen=0 miss=0 applied=0 lock=None apply_frame_ok=0 source_players=0 source_robots=0 weapon=0 velocity=0.000
1785856269.230 INSTALL_FAILED no timer owner
1785856270.224 snapshot tick=1 targets=0 players=0 bots=0 culled=0 range=800 native_aim=0 trigger=0 external=0 seen=0 miss=0 applied=0 lock=None apply_frame_ok=0 source_players=0 source_robots=0 weapon=0 velocity=0.000
1785856270.224 INSTALL_FAILED no timer owner
1785856271.234 snapshot tick=1 targets=0 players=0 bots=0 culled=0 range=800 native_aim=0 trigger=0 external=0 seen=0 miss=0 applied=0 lock=None apply_frame_ok=0 source_players=0 source_robots=0 weapon=0 velocity=0.000
1785856271.234 INSTALL_FAILED no timer owner
1785856272.238 snapshot tick=1 targets=0 players=0 bots=0 culled=0 range=800 native_aim=0 trigger=0 external=0 seen=0 miss=0 applied=0 lock=None apply_frame_ok=0 source_players=0 source_robots=0 weapon=0 velocity=0.000
1785856272.239 INSTALL_FAILED no timer owner
1785856273.233 snapshot tick=1 targets=0 players=0 bots=0 culled=0 range=800 native_aim=0 trigger=0 external=0 seen=0 miss=0 applied=0 lock=None apply_frame_ok=0 source_players=0 source_robots=0 weapon=0 velocity=0.000
1785856273.234 INSTALL_FAILED no timer owner
1785856274.243 snapshot tick=1 targets=0 players=0 bots=0 culled=0 range=800 native_aim=0 trigger=0 external=0 seen=0 miss=0 applied=0 lock=None apply_frame_ok=0 source_players=0 source_robots=0 weapon=0 velocity=0.000
1785856274.243 INSTALL_FAILED no timer owner
1785856275.246 snapshot tick=1 targets=0 players=0 bots=0 culled=0 range=800 native_aim=0 trigger=0 external=0 seen=0 miss=0 applied=0 lock=None apply_frame_ok=0 source_players=0 source_robots=0 weapon=0 velocity=0.000
1785856275.246 INSTALL_FAILED no timer owner
1785856276.229 snapshot tick=1 targets=0 players=0 bots=0 culled=0 range=800 native_aim=0 trigger=0 external=0 seen=0 miss=0 applied=0 lock=None apply_frame_ok=0 source_players=0 source_robots=0 weapon=0 velocity=0.000
1785856276.229 INSTALL_FAILED no timer owner
1785856277.246 snapshot tick=1 targets=0 players=0 bots=0 culled=0 range=800 native_aim=0 trigger=0 external=0 seen=0 miss=0 applied=0 lock=None apply_frame_ok=0 source_players=0 source_robots=0 weapon=0 velocity=0.000
1785856277.246 INSTALL_FAILED no timer owner
1785856278.241 snapshot tick=1 targets=0 players=0 bots=0 culled=0 range=800 native_aim=0 trigger=0 external=0 seen=0 miss=0 applied=0 lock=None apply_frame_ok=0 source_players=0 source_robots=0 weapon=0 velocity=0.000
1785856278.242 INSTALL_FAILED no timer owner
1785856279.258 snapshot tick=1 targets=0 players=0 bots=0 culled=0 range=800 native_aim=0 trigger=0 external=0 seen=0 miss=0 applied=0 lock=None apply_frame_ok=0 source_players=0 source_robots=0 weapon=0 velocity=0.000
1785856279.259 INSTALL_FAILED no timer owner
1785856280.256 snapshot tick=1 targets=0 players=0 bots=0 culled=0 range=800 native_aim=0 trigger=0 external=0 seen=0 miss=0 applied=0 lock=None apply_frame_ok=0 source_players=0 source_robots=0 weapon=0 velocity=0.000
1785856280.256 INSTALL_FAILED no timer owner
1785856281.268 snapshot tick=1 targets=0 players=0 bots=0 culled=0 range=800 native_aim=0 trigger=0 external=0 seen=0 miss=0 applied=0 lock=None apply_frame_ok=0 source_players=0 source_robots=0 weapon=0 velocity=0.000
1785856281.268 INSTALL_FAILED no timer owner
1785856282.280 snapshot tick=1 targets=0 players=0 bots=0 culled=0 range=800 native_aim=0 trigger=0 external=0 seen=0 miss=0 applied=0 lock=None apply_frame_ok=0 source_players=0 source_robots=0 weapon=0 velocity=0.000
1785856282.281 INSTALL_FAILED no timer owner
1785856283.277 snapshot tick=1 targets=0 players=0 bots=0 culled=0 range=800 native_aim=0 trigger=0 external=0 seen=0 miss=0 applied=0 lock=None apply_frame_ok=0 source_players=0 source_robots=0 weapon=0 velocity=0.000
1785856283.278 INSTALL_FAILED no timer owner
1785856284.290 snapshot tick=1 targets=0 players=0 bots=0 culled=0 range=800 native_aim=0 trigger=0 external=0 seen=0 miss=0 applied=0 lock=None apply_frame_ok=0 source_players=0 source_robots=0 weapon=0 velocity=0.000
1785856284.290 INSTALL_FAILED no timer owner
1785856285.277 snapshot tick=1 targets=0 players=0 bots=0 culled=0 range=800 native_aim=0 trigger=0 external=0 seen=0 miss=0 applied=0 lock=None apply_frame_ok=0 source_players=0 source_robots=0 weapon=0 velocity=0.000
1785856285.278 INSTALL_FAILED no timer owner
1785856286.283 snapshot tick=1 targets=0 players=0 bots=0 culled=0 range=800 native_aim=0 trigger=0 external=0 seen=0 miss=0 applied=0 lock=None apply_frame_ok=0 source_players=0 source_robots=0 weapon=0 velocity=0.000
1785856286.284 INSTALL_FAILED no timer owner
1785856287.279 snapshot tick=1 targets=0 players=0 bots=0 culled=0 range=800 native_aim=0 trigger=0 external=0 seen=0 miss=0 applied=0 lock=None apply_frame_ok=0 source_players=0 source_robots=0 weapon=0 velocity=0.000
1785856287.279 INSTALL_FAILED no timer owner
1785856288.287 snapshot tick=1 targets=0 players=0 bots=0 culled=0 range=800 native_aim=0 trigger=0 external=0 seen=0 miss=0 applied=0 lock=None apply_frame_ok=0 source_players=0 source_robots=0 weapon=0 velocity=0.000
1785856288.288 INSTALL_FAILED no timer owner
1785856289.381 snapshot tick=1 targets=0 players=0 bots=0 culled=0 range=800 native_aim=0 trigger=0 external=0 seen=0 miss=0 applied=0 lock=None apply_frame_ok=0 source_players=0 source_robots=0 weapon=0 velocity=0.000
1785856289.381 INSTALL_FAILED no timer owner
1785856290.293 snapshot tick=1 targets=0 players=0 bots=0 culled=0 range=800 native_aim=0 trigger=0 external=0 seen=0 miss=0 applied=0 lock=None apply_frame_ok=0 source_players=0 source_robots=0 weapon=0 velocity=0.000
1785856290.294 INSTALL_FAILED no timer owner
1785856291.298 snapshot tick=1 targets=0 players=0 bots=0 culled=0 range=800 native_aim=0 trigger=0 external=0 seen=0 miss=0 applied=0 lock=None apply_frame_ok=0 source_players=0 source_robots=0 weapon=0 velocity=0.000
1785856291.304 INSTALL_FAILED no timer owner
1785856292.304 snapshot tick=1 targets=0 players=0 bots=0 culled=0 range=800 native_aim=0 trigger=0 external=0 seen=0 miss=0 applied=0 lock=None apply_frame_ok=0 source_players=0 source_robots=0 weapon=0 velocity=0.000
1785856292.305 INSTALL_FAILED no timer owner
1785856293.304 snapshot tick=1 targets=0 players=0 bots=0 culled=0 range=800 native_aim=0 trigger=0 external=0 seen=0 miss=0 applied=0 lock=None apply_frame_ok=0 source_players=0 source_robots=0 weapon=0 velocity=0.000
1785856293.305 INSTALL_FAILED no timer owner
1785856294.314 snapshot tick=1 targets=0 players=0 bots=0 culled=0 range=800 native_aim=0 trigger=0 external=0 seen=0 miss=0 applied=0 lock=None apply_frame_ok=0 source_players=0 source_robots=0 weapon=0 velocity=0.000
1785856294.314 INSTALL_FAILED no timer owner
1785856295.319 snapshot tick=1 targets=0 players=0 bots=0 culled=0 range=800 native_aim=0 trigger=0 external=0 seen=0 miss=0 applied=0 lock=None apply_frame_ok=0 source_players=0 source_robots=0 weapon=0 velocity=0.000
1785856295.320 INSTALL_FAILED no timer owner
1785856296.324 snapshot tick=1 targets=0 players=0 bots=0 culled=0 range=800 native_aim=0 trigger=0 external=0 seen=0 miss=0 applied=0 lock=None apply_frame_ok=0 source_players=0 source_robots=0 weapon=0 velocity=0.000
1785856296.324 INSTALL_FAILED no timer owner
1785856297.310 snapshot tick=1 targets=0 players=0 bots=0 culled=0 range=800 native_aim=0 trigger=0 external=0 seen=0 miss=0 applied=0 lock=None apply_frame_ok=0 source_players=0 source_robots=0 weapon=0 velocity=0.000
1785856297.310 INSTALL_FAILED no timer owner
1785856298.329 snapshot tick=1 targets=0 players=0 bots=0 culled=0 range=800 native_aim=0 trigger=0 external=0 seen=0 miss=0 applied=0 lock=None apply_frame_ok=0 source_players=0 source_robots=0 weapon=0 velocity=0.000
1785856298.329 INSTALL_FAILED no timer owner
1785856299.333 snapshot tick=1 targets=0 players=0 bots=0 culled=0 range=800 native_aim=0 trigger=0 external=0 seen=0 miss=0 applied=0 lock=None apply_frame_ok=0 source_players=0 source_robots=0 weapon=0 velocity=0.000
1785856299.333 INSTALL_FAILED no timer owner
1785856300.337 snapshot tick=1 targets=0 players=0 bots=0 culled=0 range=800 native_aim=0 trigger=0 external=0 seen=0 miss=0 applied=0 lock=None apply_frame_ok=0 source_players=0 source_robots=0 weapon=0 velocity=0.000
1785856300.338 INSTALL_FAILED no timer owner
1785856301.340 snapshot tick=1 targets=0 players=0 bots=0 culled=0 range=800 native_aim=0 trigger=0 external=0 seen=0 miss=0 applied=0 lock=None apply_frame_ok=0 source_players=0 source_robots=0 weapon=0 velocity=0.000
1785856301.340 INSTALL_FAILED no timer owner
1785856302.335 snapshot tick=1 targets=0 players=0 bots=0 culled=0 range=800 native_aim=0 trigger=0 external=0 seen=0 miss=0 applied=0 lock=None apply_frame_ok=0 source_players=0 source_robots=0 weapon=0 velocity=0.000
1785856302.335 INSTALL_FAILED no timer owner
1785856303.344 snapshot tick=1 targets=0 players=0 bots=0 culled=0 range=800 native_aim=0 trigger=0 external=0 seen=0 miss=0 applied=0 lock=None apply_frame_ok=0 source_players=0 source_robots=0 weapon=0 velocity=0.000
1785856303.344 INSTALL_FAILED no timer owner
1785856304.355 snapshot tick=1 targets=0 players=0 bots=0 culled=0 range=800 native_aim=0 trigger=0 external=0 seen=0 miss=0 applied=0 lock=None apply_frame_ok=0 source_players=0 source_robots=0 weapon=0 velocity=0.000
1785856304.355 INSTALL_FAILED no timer owner
1785856305.364 snapshot tick=1 targets=0 players=0 bots=0 culled=0 range=800 native_aim=0 trigger=0 external=0 seen=0 miss=0 applied=0 lock=None apply_frame_ok=0 source_players=0 source_robots=0 weapon=0 velocity=0.000
1785856305.364 INSTALL_FAILED no timer owner
1785856306.359 snapshot tick=1 targets=0 players=0 bots=0 culled=0 range=800 native_aim=0 trigger=0 external=0 seen=0 miss=0 applied=0 lock=None apply_frame_ok=0 source_players=0 source_robots=0 weapon=0 velocity=0.000
1785856306.360 INSTALL_FAILED no timer owner
1785856307.359 snapshot tick=1 targets=0 players=0 bots=0 culled=0 range=800 native_aim=0 trigger=0 external=0 seen=0 miss=0 applied=0 lock=None apply_frame_ok=0 source_players=0 source_robots=0 weapon=0 velocity=0.000
1785856307.360 INSTALL_FAILED no timer owner
1785856308.376 snapshot tick=1 targets=0 players=0 bots=0 culled=0 range=800 native_aim=0 trigger=0 external=0 seen=0 miss=0 applied=0 lock=None apply_frame_ok=0 source_players=0 source_robots=0 weapon=0 velocity=0.000
1785856308.377 INSTALL_FAILED no timer owner
1785856309.358 snapshot tick=1 targets=0 players=0 bots=0 culled=0 range=800 native_aim=0 trigger=0 external=0 seen=0 miss=0 applied=0 lock=None apply_frame_ok=0 source_players=0 source_robots=0 weapon=0 velocity=0.000
1785856309.358 INSTALL_FAILED no timer owner
1785856310.367 snapshot tick=1 targets=0 players=0 bots=0 culled=0 range=800 native_aim=0 trigger=0 external=0 seen=0 miss=0 applied=0 lock=None apply_frame_ok=0 source_players=0 source_robots=0 weapon=0 velocity=0.000
1785856310.367 INSTALL_FAILED no timer owner
1785856311.381 snapshot tick=1 targets=0 players=0 bots=0 culled=0 range=800 native_aim=0 trigger=0 external=0 seen=0 miss=0 applied=0 lock=None apply_frame_ok=0 source_players=0 source_robots=0 weapon=0 velocity=0.000
1785856311.382 INSTALL_FAILED no timer owner
1785856312.376 snapshot tick=1 targets=0 players=0 bots=0 culled=0 range=800 native_aim=0 trigger=0 external=0 seen=0 miss=0 applied=0 lock=None apply_frame_ok=0 source_players=0 source_robots=0 weapon=0 velocity=0.000
1785856312.377 INSTALL_FAILED no timer owner
1785856313.381 snapshot tick=1 targets=0 players=0 bots=0 culled=0 range=800 native_aim=0 trigger=0 external=0 seen=0 miss=0 applied=0 lock=None apply_frame_ok=0 source_players=0 source_robots=0 weapon=0 velocity=0.000
1785856313.381 INSTALL_FAILED no timer owner
1785856314.386 snapshot tick=1 targets=0 players=0 bots=0 culled=0 range=800 native_aim=0 trigger=0 external=0 seen=0 miss=0 applied=0 lock=None apply_frame_ok=0 source_players=0 source_robots=0 weapon=0 velocity=0.000
1785856314.387 INSTALL_FAILED no timer owner
1785856315.382 snapshot tick=1 targets=0 players=0 bots=0 culled=0 range=800 native_aim=0 trigger=0 external=0 seen=0 miss=0 applied=0 lock=None apply_frame_ok=0 source_players=0 source_robots=0 weapon=0 velocity=0.000
1785856315.383 INSTALL_FAILED no timer owner
1785856316.391 snapshot tick=1 targets=0 players=0 bots=0 culled=0 range=800 native_aim=0 trigger=0 external=0 seen=0 miss=0 applied=0 lock=None apply_frame_ok=0 source_players=0 source_robots=0 weapon=0 velocity=0.000
1785856316.391 INSTALL_FAILED no timer owner
1785856317.394 snapshot tick=1 targets=0 players=0 bots=0 culled=0 range=800 native_aim=0 trigger=0 external=0 seen=0 miss=0 applied=0 lock=None apply_frame_ok=0 source_players=0 source_robots=0 weapon=0 velocity=0.000
1785856317.395 INSTALL_FAILED no timer owner
1785856318.382 snapshot tick=1 targets=0 players=0 bots=0 culled=0 range=800 native_aim=0 trigger=0 external=0 seen=0 miss=0 applied=0 lock=None apply_frame_ok=0 source_players=0 source_robots=0 weapon=0 velocity=0.000
1785856318.383 INSTALL_FAILED no timer owner
1785856319.402 snapshot tick=1 targets=0 players=0 bots=0 culled=0 range=800 native_aim=0 trigger=0 external=0 seen=0 miss=0 applied=0 lock=None apply_frame_ok=0 source_players=0 source_robots=0 weapon=0 velocity=0.000
1785856319.403 INSTALL_FAILED no timer owner
1785856320.407 snapshot tick=1 targets=0 players=0 bots=0 culled=0 range=800 native_aim=0 trigger=0 external=0 seen=0 miss=0 applied=0 lock=None apply_frame_ok=0 source_players=0 source_robots=0 weapon=0 velocity=0.000
1785856320.408 INSTALL_FAILED no timer owner
1785856321.410 snapshot tick=1 targets=0 players=0 bots=0 culled=0 range=800 native_aim=0 trigger=0 external=0 seen=0 miss=0 applied=0 lock=None apply_frame_ok=0 source_players=0 source_robots=0 weapon=0 velocity=0.000
1785856321.411 INSTALL_FAILED no timer owner
1785856322.415 snapshot tick=1 targets=0 players=0 bots=0 culled=0 range=800 native_aim=0 trigger=0 external=0 seen=0 miss=0 applied=0 lock=None apply_frame_ok=0 source_players=0 source_robots=0 weapon=0 velocity=0.000
1785856322.415 INSTALL_FAILED no timer owner
1785856323.419 snapshot tick=1 targets=0 players=0 bots=0 culled=0 range=800 native_aim=0 trigger=0 external=0 seen=0 miss=0 applied=0 lock=None apply_frame_ok=0 source_players=0 source_robots=0 weapon=0 velocity=0.000
1785856323.419 INSTALL_FAILED no timer owner
1785856324.423 snapshot tick=1 targets=0 players=0 bots=0 culled=0 range=800 native_aim=0 trigger=0 external=0 seen=0 miss=0 applied=0 lock=None apply_frame_ok=0 source_players=0 source_robots=0 weapon=0 velocity=0.000
1785856324.423 INSTALL_FAILED no timer owner
1785856325.425 snapshot tick=1 targets=0 players=0 bots=0 culled=0 range=800 native_aim=0 trigger=0 external=0 seen=0 miss=0 applied=0 lock=None apply_frame_ok=0 source_players=0 source_robots=0 weapon=0 velocity=0.000
1785856325.426 INSTALL_FAILED no timer owner
1785856326.431 snapshot tick=1 targets=0 players=0 bots=0 culled=0 range=800 native_aim=0 trigger=0 external=0 seen=0 miss=0 applied=0 lock=None apply_frame_ok=0 source_players=0 source_robots=0 weapon=0 velocity=0.000
1785856326.431 INSTALL_FAILED no timer owner
1785856327.434 snapshot tick=1 targets=0 players=0 bots=0 culled=0 range=800 native_aim=0 trigger=0 external=0 seen=0 miss=0 applied=0 lock=None apply_frame_ok=0 source_players=0 source_robots=0 weapon=0 velocity=0.000
1785856327.434 INSTALL_FAILED no timer owner
1785856328.438 snapshot tick=1 targets=0 players=0 bots=0 culled=0 range=800 native_aim=0 trigger=0 external=0 seen=0 miss=0 applied=0 lock=None apply_frame_ok=0 source_players=0 source_robots=0 weapon=0 velocity=0.000
1785856328.438 INSTALL_FAILED no timer owner
1785856329.441 snapshot tick=1 targets=0 players=0 bots=0 culled=0 range=800 native_aim=0 trigger=0 external=0 seen=0 miss=0 applied=0 lock=None apply_frame_ok=0 source_players=0 source_robots=0 weapon=0 velocity=0.000
1785856329.441 INSTALL_FAILED no timer owner
1785856330.427 snapshot tick=1 targets=0 players=0 bots=0 culled=0 range=800 native_aim=0 trigger=0 external=0 seen=0 miss=0 applied=0 lock=None apply_frame_ok=0 source_players=0 source_robots=0 weapon=0 velocity=0.000
1785856330.434 INSTALL_FAILED no timer owner
1785856331.447 snapshot tick=1 targets=0 players=0 bots=0 culled=0 range=800 native_aim=0 trigger=0 external=0 seen=0 miss=0 applied=0 lock=None apply_frame_ok=0 source_players=0 source_robots=0 weapon=0 velocity=0.000
1785856331.447 INSTALL_FAILED no timer owner
1785856332.451 snapshot tick=1 targets=0 players=0 bots=0 culled=0 range=800 native_aim=0 trigger=0 external=0 seen=0 miss=0 applied=0 lock=None apply_frame_ok=0 source_players=0 source_robots=0 weapon=0 velocity=0.000
1785856332.451 INSTALL_FAILED no timer owner
1785856333.455 snapshot tick=1 targets=0 players=0 bots=0 culled=0 range=800 native_aim=0 trigger=0 external=0 seen=0 miss=0 applied=0 lock=None apply_frame_ok=0 source_players=0 source_robots=0 weapon=0 velocity=0.000
1785856333.461 INSTALL_FAILED no timer owner
1785856334.472 snapshot tick=1 targets=0 players=0 bots=0 culled=0 range=800 native_aim=0 trigger=0 external=0 seen=0 miss=0 applied=0 lock=None apply_frame_ok=0 source_players=0 source_robots=0 weapon=0 velocity=0.000
1785856334.472 INSTALL_FAILED no timer owner
1785856335.476 snapshot tick=1 targets=0 players=0 bots=0 culled=0 range=800 native_aim=0 trigger=0 external=0 seen=0 miss=0 applied=0 lock=None apply_frame_ok=0 source_players=0 source_robots=0 weapon=0 velocity=0.000
1785856335.476 INSTALL_FAILED no timer owner
1785856336.463 snapshot tick=1 targets=0 players=0 bots=0 culled=0 range=800 native_aim=0 trigger=0 external=0 seen=0 miss=0 applied=0 lock=None apply_frame_ok=0 source_players=0 source_robots=0 weapon=0 velocity=0.000
1785856336.463 INSTALL_FAILED no timer owner
1785856337.475 snapshot tick=1 targets=0 players=0 bots=0 culled=0 range=800 native_aim=0 trigger=0 external=0 seen=0 miss=0 applied=0 lock=None apply_frame_ok=0 source_players=0 source_robots=0 weapon=0 velocity=0.000
1785856337.475 INSTALL_FAILED no timer owner
1785856338.474 snapshot tick=1 targets=0 players=0 bots=0 culled=0 range=800 native_aim=0 trigger=0 external=0 seen=0 miss=0 applied=0 lock=None apply_frame_ok=0 source_players=0 source_robots=0 weapon=0 velocity=0.000
1785856338.474 INSTALL_FAILED no timer owner
1785856339.483 snapshot tick=1 targets=0 players=0 bots=0 culled=0 range=800 native_aim=0 trigger=0 external=0 seen=0 miss=0 applied=0 lock=None apply_frame_ok=0 source_players=0 source_robots=0 weapon=0 velocity=0.000
1785856339.484 INSTALL_FAILED no timer owner
1785856340.488 snapshot tick=1 targets=0 players=0 bots=0 culled=0 range=800 native_aim=0 trigger=0 external=0 seen=0 miss=0 applied=0 lock=None apply_frame_ok=0 source_players=0 source_robots=0 weapon=0 velocity=0.000
1785856340.488 INSTALL_FAILED no timer owner
1785856341.476 snapshot tick=1 targets=0 players=0 bots=0 culled=0 range=800 native_aim=0 trigger=0 external=0 seen=0 miss=0 applied=0 lock=None apply_frame_ok=0 source_players=0 source_robots=0 weapon=0 velocity=0.000
1785856341.476 INSTALL_FAILED no timer owner
1785856342.493 snapshot tick=1 targets=0 players=0 bots=0 culled=0 range=800 native_aim=0 trigger=0 external=0 seen=0 miss=0 applied=0 lock=None apply_frame_ok=0 source_players=0 source_robots=0 weapon=0 velocity=0.000
1785856342.494 INSTALL_FAILED no timer owner
1785856343.482 snapshot tick=1 targets=0 players=0 bots=0 culled=0 range=800 native_aim=0 trigger=0 external=0 seen=0 miss=0 applied=0 lock=None apply_frame_ok=0 source_players=0 source_robots=0 weapon=0 velocity=0.000
1785856343.488 INSTALL_FAILED no timer owner
1785856344.499 snapshot tick=1 targets=0 players=0 bots=0 culled=0 range=800 native_aim=0 trigger=0 external=0 seen=0 miss=0 applied=0 lock=None apply_frame_ok=0 source_players=0 source_robots=0 weapon=0 velocity=0.000
1785856344.499 INSTALL_FAILED no timer owner
1785856345.503 snapshot tick=1 targets=0 players=0 bots=0 culled=0 range=800 native_aim=0 trigger=0 external=0 seen=0 miss=0 applied=0 lock=None apply_frame_ok=0 source_players=0 source_robots=0 weapon=0 velocity=0.000
1785856345.504 INSTALL_FAILED no timer owner
1785856346.490 snapshot tick=1 targets=0 players=0 bots=0 culled=0 range=800 native_aim=0 trigger=0 external=0 seen=0 miss=0 applied=0 lock=None apply_frame_ok=0 source_players=0 source_robots=0 weapon=0 velocity=0.000
1785856346.491 INSTALL_FAILED no timer owner
1785856347.511 snapshot tick=1 targets=0 players=0 bots=0 culled=0 range=800 native_aim=0 trigger=0 external=0 seen=0 miss=0 applied=0 lock=None apply_frame_ok=0 source_players=0 source_robots=0 weapon=0 velocity=0.000
1785856347.511 INSTALL_FAILED no timer owner
1785856348.515 snapshot tick=1 targets=0 players=0 bots=0 culled=0 range=800 native_aim=0 trigger=0 external=0 seen=0 miss=0 applied=0 lock=None apply_frame_ok=0 source_players=0 source_robots=0 weapon=0 velocity=0.000
1785856348.516 INSTALL_FAILED no timer owner
1785856349.526 snapshot tick=1 targets=0 players=0 bots=0 culled=0 range=800 native_aim=0 trigger=0 external=0 seen=0 miss=0 applied=0 lock=None apply_frame_ok=0 source_players=0 source_robots=0 weapon=0 velocity=0.000
1785856349.527 INSTALL_FAILED no timer owner
1785856350.519 snapshot tick=1 targets=0 players=0 bots=0 culled=0 range=800 native_aim=0 trigger=0 external=0 seen=0 miss=0 applied=0 lock=None apply_frame_ok=0 source_players=0 source_robots=0 weapon=0 velocity=0.000
1785856350.519 INSTALL_FAILED no timer owner
1785856351.530 snapshot tick=1 targets=0 players=0 bots=0 culled=0 range=800 native_aim=0 trigger=0 external=0 seen=0 miss=0 applied=0 lock=None apply_frame_ok=0 source_players=0 source_robots=0 weapon=0 velocity=0.000
1785856351.531 INSTALL_FAILED no timer owner
1785856352.525 snapshot tick=1 targets=0 players=0 bots=0 culled=0 range=800 native_aim=0 trigger=0 external=0 seen=0 miss=0 applied=0 lock=None apply_frame_ok=0 source_players=0 source_robots=0 weapon=0 velocity=0.000
1785856352.525 INSTALL_FAILED no timer owner
1785856353.546 snapshot tick=1 targets=0 players=0 bots=0 culled=0 range=800 native_aim=0 trigger=0 external=0 seen=0 miss=0 applied=0 lock=None apply_frame_ok=0 source_players=0 source_robots=0 weapon=0 velocity=0.000
1785856353.546 INSTALL_FAILED no timer owner
1785856354.669 snapshot tick=1 targets=0 players=0 bots=0 culled=0 range=800 native_aim=0 trigger=0 external=0 seen=0 miss=0 applied=0 lock=None apply_frame_ok=0 source_players=0 source_robots=0 weapon=0 velocity=0.000
1785856354.670 INSTALL_FAILED no timer owner
1785856355.556 snapshot tick=1 targets=0 players=0 bots=0 culled=0 range=800 native_aim=0 trigger=0 external=0 seen=0 miss=0 applied=0 lock=None apply_frame_ok=0 source_players=0 source_robots=0 weapon=0 velocity=0.000
1785856355.556 INSTALL_FAILED no timer owner
1785856356.551 snapshot tick=1 targets=0 players=0 bots=0 culled=0 range=800 native_aim=0 trigger=0 external=0 seen=0 miss=0 applied=0 lock=None apply_frame_ok=0 source_players=0 source_robots=0 weapon=0 velocity=0.000
1785856356.551 INSTALL_FAILED no timer owner
1785856357.560 snapshot tick=1 targets=0 players=0 bots=0 culled=0 range=800 native_aim=0 trigger=0 external=0 seen=0 miss=0 applied=0 lock=None apply_frame_ok=0 source_players=0 source_robots=0 weapon=0 velocity=0.000
1785856357.560 INSTALL_FAILED no timer owner
1785856358.549 snapshot tick=1 targets=0 players=0 bots=0 culled=0 range=800 native_aim=0 trigger=0 external=0 seen=0 miss=0 applied=0 lock=None apply_frame_ok=0 source_players=0 source_robots=0 weapon=0 velocity=0.000
1785856358.549 INSTALL_FAILED no timer owner
1785856359.570 snapshot tick=1 targets=0 players=0 bots=0 culled=0 range=800 native_aim=0 trigger=0 external=0 seen=0 miss=0 applied=0 lock=None apply_frame_ok=0 source_players=0 source_robots=0 weapon=0 velocity=0.000
1785856359.570 INSTALL_FAILED no timer owner
1785856360.573 snapshot tick=1 targets=0 players=0 bots=0 culled=0 range=800 native_aim=0 trigger=0 external=0 seen=0 miss=0 applied=0 lock=None apply_frame_ok=0 source_players=0 source_robots=0 weapon=0 velocity=0.000
1785856360.574 INSTALL_FAILED no timer owner
1785856361.569 snapshot tick=1 targets=0 players=0 bots=0 culled=0 range=800 native_aim=0 trigger=0 external=0 seen=0 miss=0 applied=0 lock=None apply_frame_ok=0 source_players=0 source_robots=0 weapon=0 velocity=0.000
1785856361.569 INSTALL_FAILED no timer owner
1785856362.561 snapshot tick=1 targets=0 players=0 bots=0 culled=0 range=800 native_aim=0 trigger=0 external=0 seen=0 miss=0 applied=0 lock=None apply_frame_ok=0 source_players=0 source_robots=0 weapon=0 velocity=0.000
1785856362.561 INSTALL_FAILED no timer owner
1785856363.581 snapshot tick=1 targets=0 players=0 bots=0 culled=0 range=800 native_aim=0 trigger=0 external=0 seen=0 miss=0 applied=0 lock=None apply_frame_ok=0 source_players=0 source_robots=0 weapon=0 velocity=0.000
1785856363.582 INSTALL_FAILED no timer owner
1785856364.568 snapshot tick=1 targets=0 players=0 bots=0 culled=0 range=800 native_aim=0 trigger=0 external=0 seen=0 miss=0 applied=0 lock=None apply_frame_ok=0 source_players=0 source_robots=0 weapon=0 velocity=0.000
1785856364.568 INSTALL_FAILED no timer owner
1785856365.577 snapshot tick=1 targets=0 players=0 bots=0 culled=0 range=800 native_aim=0 trigger=0 external=0 seen=0 miss=0 applied=0 lock=None apply_frame_ok=0 source_players=0 source_robots=0 weapon=0 velocity=0.000
1785856365.578 INSTALL_FAILED no timer owner
1785856366.590 snapshot tick=1 targets=0 players=0 bots=0 culled=0 range=800 native_aim=0 trigger=0 external=0 seen=0 miss=0 applied=0 lock=None apply_frame_ok=0 source_players=0 source_robots=0 weapon=0 velocity=0.000
1785856366.590 INSTALL_FAILED no timer owner
1785856367.576 snapshot tick=1 targets=0 players=0 bots=0 culled=0 range=800 native_aim=0 trigger=0 external=0 seen=0 miss=0 applied=0 lock=None apply_frame_ok=0 source_players=0 source_robots=0 weapon=0 velocity=0.000
1785856367.576 INSTALL_FAILED no timer owner
1785856368.589 snapshot tick=1 targets=0 players=0 bots=0 culled=0 range=800 native_aim=0 trigger=0 external=0 seen=0 miss=0 applied=0 lock=None apply_frame_ok=0 source_players=0 source_robots=0 weapon=0 velocity=0.000
1785856368.589 INSTALL_FAILED no timer owner
1785856369.580 snapshot tick=1 targets=0 players=0 bots=0 culled=0 range=800 native_aim=0 trigger=0 external=0 seen=0 miss=0 applied=0 lock=None apply_frame_ok=0 source_players=0 source_robots=0 weapon=0 velocity=0.000
1785856369.586 INSTALL_FAILED no timer owner
1785856370.597 snapshot tick=1 targets=0 players=0 bots=0 culled=0 range=800 native_aim=0 trigger=0 external=0 seen=0 miss=0 applied=0 lock=None apply_frame_ok=0 source_players=0 source_robots=0 weapon=0 velocity=0.000
1785856370.597 INSTALL_FAILED no timer owner
1785856371.599 snapshot tick=1 targets=0 players=0 bots=0 culled=0 range=800 native_aim=0 trigger=0 external=0 seen=0 miss=0 applied=0 lock=None apply_frame_ok=0 source_players=0 source_robots=0 weapon=0 velocity=0.000
1785856371.599 INSTALL_FAILED no timer owner
1785856372.617 snapshot tick=1 targets=0 players=0 bots=0 culled=0 range=800 native_aim=0 trigger=0 external=0 seen=0 miss=0 applied=0 lock=None apply_frame_ok=0 source_players=0 source_robots=0 weapon=0 velocity=0.000
1785856372.618 INSTALL_FAILED no timer owner
1785856373.612 snapshot tick=1 targets=0 players=0 bots=0 culled=0 range=800 native_aim=0 trigger=0 external=0 seen=0 miss=0 applied=0 lock=None apply_frame_ok=0 source_players=0 source_robots=0 weapon=0 velocity=0.000
1785856373.612 INSTALL_FAILED no timer owner
1785856374.621 snapshot tick=1 targets=0 players=0 bots=0 culled=0 range=800 native_aim=0 trigger=0 external=0 seen=0 miss=0 applied=0 lock=None apply_frame_ok=0 source_players=0 source_robots=0 weapon=0 velocity=0.000
1785856374.622 INSTALL_FAILED no timer owner
1785856375.618 snapshot tick=1 targets=0 players=0 bots=0 culled=0 range=800 native_aim=0 trigger=0 external=0 seen=0 miss=0 applied=0 lock=None apply_frame_ok=0 source_players=0 source_robots=0 weapon=0 velocity=0.000
1785856375.619 INSTALL_FAILED no timer owner
1785856376.627 snapshot tick=1 targets=0 players=0 bots=0 culled=0 range=800 native_aim=0 trigger=0 external=0 seen=0 miss=0 applied=0 lock=None apply_frame_ok=0 source_players=0 source_robots=0 weapon=0 velocity=0.000
1785856376.627 INSTALL_FAILED no timer owner
1785856377.630 snapshot tick=1 targets=0 players=0 bots=0 culled=0 range=800 native_aim=0 trigger=0 external=0 seen=0 miss=0 applied=0 lock=None apply_frame_ok=0 source_players=0 source_robots=0 weapon=0 velocity=0.000
1785856377.631 INSTALL_FAILED no timer owner
1785856378.642 snapshot tick=1 targets=0 players=0 bots=0 culled=0 range=800 native_aim=0 trigger=0 external=0 seen=0 miss=0 applied=0 lock=None apply_frame_ok=0 source_players=0 source_robots=0 weapon=0 velocity=0.000
1785856378.642 INSTALL_FAILED no timer owner
1785856379.650 snapshot tick=1 targets=0 players=0 bots=0 culled=0 range=800 native_aim=0 trigger=0 external=0 seen=0 miss=0 applied=0 lock=None apply_frame_ok=0 source_players=0 source_robots=0 weapon=0 velocity=0.000
1785856379.651 INSTALL_FAILED no timer owner
1785856380.637 snapshot tick=1 targets=0 players=0 bots=0 culled=0 range=800 native_aim=0 trigger=0 external=0 seen=0 miss=0 applied=0 lock=None apply_frame_ok=0 source_players=0 source_robots=0 weapon=0 velocity=0.000
1785856380.637 INSTALL_FAILED no timer owner
1785856381.659 snapshot tick=1 targets=0 players=0 bots=0 culled=0 range=800 native_aim=0 trigger=0 external=0 seen=0 miss=0 applied=0 lock=None apply_frame_ok=0 source_players=0 source_robots=0 weapon=0 velocity=0.000
1785856381.659 INSTALL_FAILED no timer owner
1785856382.655 snapshot tick=1 targets=0 players=0 bots=0 culled=0 range=800 native_aim=0 trigger=0 external=0 seen=0 miss=0 applied=0 lock=None apply_frame_ok=0 source_players=0 source_robots=0 weapon=0 velocity=0.000
1785856382.655 INSTALL_FAILED no timer owner
1785856383.646 snapshot tick=1 targets=0 players=0 bots=0 culled=0 range=800 native_aim=0 trigger=0 external=0 seen=0 miss=0 applied=0 lock=None apply_frame_ok=0 source_players=0 source_robots=0 weapon=0 velocity=0.000
1785856383.646 INSTALL_FAILED no timer owner
1785856384.664 snapshot tick=1 targets=0 players=0 bots=0 culled=0 range=800 native_aim=0 trigger=0 external=0 seen=0 miss=0 applied=0 lock=None apply_frame_ok=0 source_players=0 source_robots=0 weapon=0 velocity=0.000
1785856384.664 INSTALL_FAILED no timer owner
1785856385.676 snapshot tick=1 targets=0 players=0 bots=0 culled=0 range=800 native_aim=0 trigger=0 external=0 seen=0 miss=0 applied=0 lock=None apply_frame_ok=0 source_players=0 source_robots=0 weapon=0 velocity=0.000
1785856385.676 INSTALL_FAILED no timer owner
1785856386.675 snapshot tick=1 targets=0 players=0 bots=0 culled=0 range=800 native_aim=0 trigger=0 external=0 seen=0 miss=0 applied=0 lock=None apply_frame_ok=0 source_players=0 source_robots=0 weapon=0 velocity=0.000
1785856386.676 INSTALL_FAILED no timer owner
1785856387.684 snapshot tick=1 targets=0 players=0 bots=0 culled=0 range=800 native_aim=0 trigger=0 external=0 seen=0 miss=0 applied=0 lock=None apply_frame_ok=0 source_players=0 source_robots=0 weapon=0 velocity=0.000
1785856387.684 INSTALL_FAILED no timer owner
1785856388.689 snapshot tick=1 targets=0 players=0 bots=0 culled=0 range=800 native_aim=0 trigger=0 external=0 seen=0 miss=0 applied=0 lock=None apply_frame_ok=0 source_players=0 source_robots=0 weapon=0 velocity=0.000
1785856388.689 INSTALL_FAILED no timer owner
1785856389.693 snapshot tick=1 targets=0 players=0 bots=0 culled=0 range=800 native_aim=0 trigger=0 external=0 seen=0 miss=0 applied=0 lock=None apply_frame_ok=0 source_players=0 source_robots=0 weapon=0 velocity=0.000
1785856389.693 INSTALL_FAILED no timer owner
1785856390.697 snapshot tick=1 targets=0 players=0 bots=0 culled=0 range=800 native_aim=0 trigger=0 external=0 seen=0 miss=0 applied=0 lock=None apply_frame_ok=0 source_players=0 source_robots=0 weapon=0 velocity=0.000
1785856390.697 INSTALL_FAILED no timer owner
1785856391.705 snapshot tick=1 targets=0 players=0 bots=0 culled=0 range=800 native_aim=0 trigger=0 external=0 seen=0 miss=0 applied=0 lock=None apply_frame_ok=0 source_players=0 source_robots=0 weapon=0 velocity=0.000
1785856391.706 INSTALL_FAILED no timer owner
1785856392.708 snapshot tick=1 targets=0 players=0 bots=0 culled=0 range=800 native_aim=0 trigger=0 external=0 seen=0 miss=0 applied=0 lock=None apply_frame_ok=0 source_players=0 source_robots=0 weapon=0 velocity=0.000
1785856392.709 INSTALL_FAILED no timer owner
1785856393.718 snapshot tick=1 targets=0 players=0 bots=0 culled=0 range=800 native_aim=0 trigger=0 external=0 seen=0 miss=0 applied=0 lock=None apply_frame_ok=0 source_players=0 source_robots=0 weapon=0 velocity=0.000
1785856393.719 INSTALL_FAILED no timer owner
1785856394.727 snapshot tick=1 targets=0 players=0 bots=0 culled=0 range=800 native_aim=0 trigger=0 external=0 seen=0 miss=0 applied=0 lock=None apply_frame_ok=0 source_players=0 source_robots=0 weapon=0 velocity=0.000
1785856394.728 INSTALL_FAILED no timer owner
1785856395.733 snapshot tick=1 targets=0 players=0 bots=0 culled=0 range=800 native_aim=0 trigger=0 external=0 seen=0 miss=0 applied=0 lock=None apply_frame_ok=0 source_players=0 source_robots=0 weapon=0 velocity=0.000
1785856395.733 INSTALL_FAILED no timer owner
1785856396.736 snapshot tick=1 targets=0 players=0 bots=0 culled=0 range=800 native_aim=0 trigger=0 external=0 seen=0 miss=0 applied=0 lock=None apply_frame_ok=0 source_players=0 source_robots=0 weapon=0 velocity=0.000
1785856396.736 INSTALL_FAILED no timer owner
1785856397.740 snapshot tick=1 targets=0 players=0 bots=0 culled=0 range=800 native_aim=0 trigger=0 external=0 seen=0 miss=0 applied=0 lock=None apply_frame_ok=0 source_players=0 source_robots=0 weapon=0 velocity=0.000
1785856397.740 INSTALL_FAILED no timer owner
1785856398.744 snapshot tick=1 targets=0 players=0 bots=0 culled=0 range=800 native_aim=0 trigger=0 external=0 seen=0 miss=0 applied=0 lock=None apply_frame_ok=0 source_players=0 source_robots=0 weapon=0 velocity=0.000
1785856398.744 INSTALL_FAILED no timer owner
1785856399.756 snapshot tick=1 targets=0 players=0 bots=0 culled=0 range=800 native_aim=0 trigger=0 external=0 seen=0 miss=0 applied=0 lock=None apply_frame_ok=0 source_players=0 source_robots=0 weapon=0 velocity=0.000
1785856399.756 INSTALL_FAILED no timer owner
1785856400.767 snapshot tick=1 targets=0 players=0 bots=0 culled=0 range=800 native_aim=0 trigger=0 external=0 seen=0 miss=0 applied=0 lock=None apply_frame_ok=0 source_players=0 source_robots=0 weapon=0 velocity=0.000
1785856400.767 INSTALL_FAILED no timer owner
1785856401.753 snapshot tick=1 targets=0 players=0 bots=0 culled=0 range=800 native_aim=0 trigger=0 external=0 seen=0 miss=0 applied=0 lock=None apply_frame_ok=0 source_players=0 source_robots=0 weapon=0 velocity=0.000
1785856401.754 INSTALL_FAILED no timer owner
1785856402.758 snapshot tick=1 targets=0 players=0 bots=0 culled=0 range=800 native_aim=0 trigger=0 external=0 seen=0 miss=0 applied=0 lock=None apply_frame_ok=0 source_players=0 source_robots=0 weapon=0 velocity=0.000
1785856402.758 INSTALL_FAILED no timer owner
1785856403.787 snapshot tick=1 targets=0 players=0 bots=0 culled=0 range=800 native_aim=0 trigger=0 external=0 seen=0 miss=0 applied=0 lock=None apply_frame_ok=0 source_players=0 source_robots=0 weapon=0 velocity=0.000
1785856403.788 INSTALL_FAILED no timer owner
1785856404.984 snapshot tick=1 targets=0 players=0 bots=0 culled=0 range=800 native_aim=0 trigger=0 external=0 seen=0 miss=0 applied=0 lock=None apply_frame_ok=0 source_players=0 source_robots=0 weapon=0 velocity=0.000
1785856404.984 INSTALL_FAILED no timer owner
1785856405.788 snapshot tick=1 targets=0 players=0 bots=0 culled=0 range=800 native_aim=0 trigger=0 external=0 seen=0 miss=0 applied=0 lock=None apply_frame_ok=0 source_players=0 source_robots=0 weapon=0 velocity=0.000
1785856405.788 INSTALL_FAILED no timer owner
1785856406.794 snapshot tick=1 targets=0 players=0 bots=0 culled=0 range=800 native_aim=0 trigger=0 external=0 seen=0 miss=0 applied=0 lock=None apply_frame_ok=0 source_players=0 source_robots=0 weapon=0 velocity=0.000
1785856406.794 INSTALL_FAILED no timer owner
1785856407.783 snapshot tick=1 targets=0 players=0 bots=0 culled=0 range=800 native_aim=0 trigger=0 external=0 seen=0 miss=0 applied=0 lock=None apply_frame_ok=0 source_players=0 source_robots=0 weapon=0 velocity=0.000
1785856407.783 INSTALL_FAILED no timer owner
1785856408.787 snapshot tick=1 targets=0 players=0 bots=0 culled=0 range=800 native_aim=0 trigger=0 external=0 seen=0 miss=0 applied=0 lock=None apply_frame_ok=0 source_players=0 source_robots=0 weapon=0 velocity=0.000
1785856408.788 INSTALL_FAILED no timer owner
1785856409.799 snapshot tick=1 targets=0 players=0 bots=0 culled=0 range=800 native_aim=0 trigger=0 external=0 seen=0 miss=0 applied=0 lock=None apply_frame_ok=0 source_players=0 source_robots=0 weapon=0 velocity=0.000
1785856409.799 INSTALL_FAILED no timer owner
1785856410.796 snapshot tick=1 targets=0 players=0 bots=0 culled=0 range=800 native_aim=0 trigger=0 external=0 seen=0 miss=0 applied=0 lock=None apply_frame_ok=0 source_players=0 source_robots=0 weapon=0 velocity=0.000
1785856410.797 INSTALL_FAILED no timer owner
1785856411.803 snapshot tick=1 targets=0 players=0 bots=0 culled=0 range=800 native_aim=0 trigger=0 external=0 seen=0 miss=0 applied=0 lock=None apply_frame_ok=0 source_players=0 source_robots=0 weapon=0 velocity=0.000
1785856411.803 INSTALL_FAILED no timer owner
1785856412.792 snapshot tick=1 targets=0 players=0 bots=0 culled=0 range=800 native_aim=0 trigger=0 external=0 seen=0 miss=0 applied=0 lock=None apply_frame_ok=0 source_players=0 source_robots=0 weapon=0 velocity=0.000
1785856412.793 INSTALL_FAILED no timer owner
1785856413.813 snapshot tick=1 targets=0 players=0 bots=0 culled=0 range=800 native_aim=0 trigger=0 external=0 seen=0 miss=0 applied=0 lock=None apply_frame_ok=0 source_players=0 source_robots=0 weapon=0 velocity=0.000
1785856413.813 INSTALL_FAILED no timer owner
1785856414.806 snapshot tick=1 targets=0 players=0 bots=0 culled=0 range=800 native_aim=0 trigger=0 external=0 seen=0 miss=0 applied=0 lock=None apply_frame_ok=0 source_players=0 source_robots=0 weapon=0 velocity=0.000
1785856414.807 INSTALL_FAILED no timer owner
1785856415.823 snapshot tick=1 targets=0 players=0 bots=0 culled=0 range=800 native_aim=0 trigger=0 external=0 seen=0 miss=0 applied=0 lock=None apply_frame_ok=0 source_players=0 source_robots=0 weapon=0 velocity=0.000
1785856415.823 INSTALL_FAILED no timer owner
1785856416.817 snapshot tick=1 targets=0 players=0 bots=0 culled=0 range=800 native_aim=0 trigger=0 external=0 seen=0 miss=0 applied=0 lock=None apply_frame_ok=0 source_players=0 source_robots=0 weapon=0 velocity=0.000
1785856416.817 INSTALL_FAILED no timer owner
1785856417.827 snapshot tick=1 targets=0 players=0 bots=0 culled=0 range=800 native_aim=0 trigger=0 external=0 seen=0 miss=0 applied=0 lock=None apply_frame_ok=0 source_players=0 source_robots=0 weapon=0 velocity=0.000
1785856417.828 INSTALL_FAILED no timer owner
1785856418.814 snapshot tick=1 targets=0 players=0 bots=0 culled=0 range=800 native_aim=0 trigger=0 external=0 seen=0 miss=0 applied=0 lock=None apply_frame_ok=0 source_players=0 source_robots=0 weapon=0 velocity=0.000
1785856418.821 INSTALL_FAILED no timer owner
1785856419.830 snapshot tick=1 targets=0 players=0 bots=0 culled=0 range=800 native_aim=0 trigger=0 external=0 seen=0 miss=0 applied=0 lock=None apply_frame_ok=0 source_players=0 source_robots=0 weapon=0 velocity=0.000
1785856419.831 INSTALL_FAILED no timer owner
1785856420.833 snapshot tick=1 targets=0 players=0 bots=0 culled=0 range=800 native_aim=0 trigger=0 external=0 seen=0 miss=0 applied=0 lock=None apply_frame_ok=0 source_players=0 source_robots=0 weapon=0 velocity=0.000
1785856420.833 INSTALL_FAILED no timer owner
1785856421.839 snapshot tick=1 targets=0 players=0 bots=0 culled=0 range=800 native_aim=0 trigger=0 external=0 seen=0 miss=0 applied=0 lock=None apply_frame_ok=0 source_players=0 source_robots=0 weapon=0 velocity=0.000
1785856421.839 INSTALL_FAILED no timer owner
1785856422.844 snapshot tick=1 targets=0 players=0 bots=0 culled=0 range=800 native_aim=0 trigger=0 external=0 seen=0 miss=0 applied=0 lock=None apply_frame_ok=0 source_players=0 source_robots=0 weapon=0 velocity=0.000
1785856422.844 INSTALL_FAILED no timer owner
1785856423.856 snapshot tick=1 targets=0 players=0 bots=0 culled=0 range=800 native_aim=0 trigger=0 external=0 seen=0 miss=0 applied=0 lock=None apply_frame_ok=0 source_players=0 source_robots=0 weapon=0 velocity=0.000
1785856423.856 INSTALL_FAILED no timer owner
1785856424.865 snapshot tick=1 targets=0 players=0 bots=0 culled=0 range=800 native_aim=0 trigger=0 external=0 seen=0 miss=0 applied=0 lock=None apply_frame_ok=0 source_players=0 source_robots=0 weapon=0 velocity=0.000
1785856424.866 INSTALL_FAILED no timer owner
1785856425.870 snapshot tick=1 targets=0 players=0 bots=0 culled=0 range=800 native_aim=0 trigger=0 external=0 seen=0 miss=0 applied=0 lock=None apply_frame_ok=0 source_players=0 source_robots=0 weapon=0 velocity=0.000
1785856425.870 INSTALL_FAILED no timer owner
1785856426.855 snapshot tick=1 targets=0 players=0 bots=0 culled=0 range=800 native_aim=0 trigger=0 external=0 seen=0 miss=0 applied=0 lock=None apply_frame_ok=0 source_players=0 source_robots=0 weapon=0 velocity=0.000
1785856426.856 INSTALL_FAILED no timer owner
1785856427.873 snapshot tick=1 targets=0 players=0 bots=0 culled=0 range=800 native_aim=0 trigger=0 external=0 seen=0 miss=0 applied=0 lock=None apply_frame_ok=0 source_players=0 source_robots=0 weapon=0 velocity=0.000
1785856427.873 INSTALL_FAILED no timer owner
1785856428.875 snapshot tick=1 targets=0 players=0 bots=0 culled=0 range=800 native_aim=0 trigger=0 external=0 seen=0 miss=0 applied=0 lock=None apply_frame_ok=0 source_players=0 source_robots=0 weapon=0 velocity=0.000
1785856428.875 INSTALL_FAILED no timer owner
1785856429.880 snapshot tick=1 targets=0 players=0 bots=0 culled=0 range=800 native_aim=0 trigger=0 external=0 seen=0 miss=0 applied=0 lock=None apply_frame_ok=0 source_players=0 source_robots=0 weapon=0 velocity=0.000
1785856429.880 INSTALL_FAILED no timer owner
1785856430.883 snapshot tick=1 targets=0 players=0 bots=0 culled=0 range=800 native_aim=0 trigger=0 external=0 seen=0 miss=0 applied=0 lock=None apply_frame_ok=0 source_players=0 source_robots=0 weapon=0 velocity=0.000
1785856430.883 INSTALL_FAILED no timer owner
1785856431.892 snapshot tick=1 targets=0 players=0 bots=0 culled=0 range=800 native_aim=0 trigger=0 external=0 seen=0 miss=0 applied=0 lock=None apply_frame_ok=0 source_players=0 source_robots=0 weapon=0 velocity=0.000
1785856431.893 INSTALL_FAILED no timer owner
1785856432.894 snapshot tick=1 targets=0 players=0 bots=0 culled=0 range=800 native_aim=0 trigger=0 external=0 seen=0 miss=0 applied=0 lock=None apply_frame_ok=0 source_players=0 source_robots=0 weapon=0 velocity=0.000
1785856432.895 INSTALL_FAILED no timer owner
1785856433.904 snapshot tick=1 targets=0 players=0 bots=0 culled=0 range=800 native_aim=0 trigger=0 external=0 seen=0 miss=0 applied=0 lock=None apply_frame_ok=0 source_players=0 source_robots=0 weapon=0 velocity=0.000
1785856433.904 INSTALL_FAILED no timer owner
1785856434.899 snapshot tick=1 targets=0 players=0 bots=0 culled=0 range=800 native_aim=0 trigger=0 external=0 seen=0 miss=0 applied=0 lock=None apply_frame_ok=0 source_players=0 source_robots=0 weapon=0 velocity=0.000
1785856434.899 INSTALL_FAILED no timer owner
1785856435.897 snapshot tick=1 targets=0 players=0 bots=0 culled=0 range=800 native_aim=0 trigger=0 external=0 seen=0 miss=0 applied=0 lock=None apply_frame_ok=0 source_players=0 source_robots=0 weapon=0 velocity=0.000
1785856435.898 INSTALL_FAILED no timer owner
1785856436.907 snapshot tick=1 targets=0 players=0 bots=0 culled=0 range=800 native_aim=0 trigger=0 external=0 seen=0 miss=0 applied=0 lock=None apply_frame_ok=0 source_players=0 source_robots=0 weapon=0 velocity=0.000
1785856436.908 INSTALL_FAILED no timer owner
1785856437.903 snapshot tick=1 targets=0 players=0 bots=0 culled=0 range=800 native_aim=0 trigger=0 external=0 seen=0 miss=0 applied=0 lock=None apply_frame_ok=0 source_players=0 source_robots=0 weapon=0 velocity=0.000
1785856437.903 INSTALL_FAILED no timer owner
1785856438.937 snapshot tick=1 targets=0 players=0 bots=0 culled=0 range=800 native_aim=0 trigger=0 external=0 seen=0 miss=0 applied=0 lock=None apply_frame_ok=0 source_players=0 source_robots=0 weapon=0 velocity=0.000
1785856438.937 INSTALL_FAILED no timer owner
1785856439.911 snapshot tick=1 targets=0 players=0 bots=0 culled=0 range=800 native_aim=0 trigger=0 external=0 seen=0 miss=0 applied=0 lock=None apply_frame_ok=0 source_players=0 source_robots=0 weapon=0 velocity=0.000
1785856439.911 INSTALL_FAILED no timer owner
1785856440.916 snapshot tick=1 targets=0 players=0 bots=0 culled=0 range=800 native_aim=0 trigger=0 external=0 seen=0 miss=0 applied=0 lock=None apply_frame_ok=0 source_players=0 source_robots=0 weapon=0 velocity=0.000
1785856440.917 INSTALL_FAILED no timer owner
1785856441.921 snapshot tick=1 targets=0 players=0 bots=0 culled=0 range=800 native_aim=0 trigger=0 external=0 seen=0 miss=0 applied=0 lock=None apply_frame_ok=0 source_players=0 source_robots=0 weapon=0 velocity=0.000
1785856441.921 INSTALL_FAILED no timer owner
1785856442.943 snapshot tick=1 targets=0 players=0 bots=0 culled=0 range=800 native_aim=0 trigger=0 external=0 seen=0 miss=0 applied=0 lock=None apply_frame_ok=0 source_players=0 source_robots=0 weapon=0 velocity=0.000
1785856442.944 INSTALL_FAILED no timer owner
1785856443.938 snapshot tick=1 targets=0 players=0 bots=0 culled=0 range=800 native_aim=0 trigger=0 external=0 seen=0 miss=0 applied=0 lock=None apply_frame_ok=0 source_players=0 source_robots=0 weapon=0 velocity=0.000
1785856443.938 INSTALL_FAILED no timer owner
1785856444.931 snapshot tick=1 targets=0 players=0 bots=0 culled=0 range=800 native_aim=0 trigger=0 external=0 seen=0 miss=0 applied=0 lock=None apply_frame_ok=0 source_players=0 source_robots=0 weapon=0 velocity=0.000
1785856444.931 INSTALL_FAILED no timer owner
1785856445.951 snapshot tick=1 targets=0 players=0 bots=0 culled=0 range=800 native_aim=0 trigger=0 external=0 seen=0 miss=0 applied=0 lock=None apply_frame_ok=0 source_players=0 source_robots=0 weapon=0 velocity=0.000
1785856445.951 INSTALL_FAILED no timer owner
1785856446.938 snapshot tick=1 targets=0 players=0 bots=0 culled=0 range=800 native_aim=0 trigger=0 external=0 seen=0 miss=0 applied=0 lock=None apply_frame_ok=0 source_players=0 source_robots=0 weapon=0 velocity=0.000
1785856446.938 INSTALL_FAILED no timer owner
1785856447.964 snapshot tick=1 targets=0 players=0 bots=0 culled=0 range=800 native_aim=0 trigger=0 external=0 seen=0 miss=0 applied=0 lock=None apply_frame_ok=0 source_players=0 source_robots=0 weapon=0 velocity=0.000
1785856447.965 INSTALL_FAILED no timer owner
1785856448.950 snapshot tick=1 targets=0 players=0 bots=0 culled=0 range=800 native_aim=0 trigger=0 external=0 seen=0 miss=0 applied=0 lock=None apply_frame_ok=0 source_players=0 source_robots=0 weapon=0 velocity=0.000
1785856448.951 INSTALL_FAILED no timer owner
1785856449.941 snapshot tick=1 targets=0 players=0 bots=0 culled=0 range=800 native_aim=0 trigger=0 external=0 seen=0 miss=0 applied=0 lock=None apply_frame_ok=0 source_players=0 source_robots=0 weapon=0 velocity=0.000
1785856449.941 INSTALL_FAILED no timer owner
1785856450.960 snapshot tick=1 targets=0 players=0 bots=0 culled=0 range=800 native_aim=0 trigger=0 external=0 seen=0 miss=0 applied=0 lock=None apply_frame_ok=0 source_players=0 source_robots=0 weapon=0 velocity=0.000
1785856450.961 INSTALL_FAILED no timer owner
1785856451.966 snapshot tick=1 targets=0 players=0 bots=0 culled=0 range=800 native_aim=0 trigger=0 external=0 seen=0 miss=0 applied=0 lock=None apply_frame_ok=0 source_players=0 source_robots=0 weapon=0 velocity=0.000
1785856451.966 INSTALL_FAILED no timer owner
1785856452.961 snapshot tick=1 targets=0 players=0 bots=0 culled=0 range=800 native_aim=0 trigger=0 external=0 seen=0 miss=0 applied=0 lock=None apply_frame_ok=0 source_players=0 source_robots=0 weapon=0 velocity=0.000
1785856452.962 INSTALL_FAILED no timer owner
1785856453.988 snapshot tick=1 targets=0 players=0 bots=0 culled=0 range=800 native_aim=0 trigger=0 external=0 seen=0 miss=0 applied=0 lock=None apply_frame_ok=0 source_players=0 source_robots=0 weapon=0 velocity=0.000
1785856453.988 INSTALL_FAILED no timer owner
1785856454.957 snapshot tick=1 targets=0 players=0 bots=0 culled=0 range=800 native_aim=0 trigger=0 external=0 seen=0 miss=0 applied=0 lock=None apply_frame_ok=0 source_players=0 source_robots=0 weapon=0 velocity=0.000
1785856454.958 INSTALL_FAILED no timer owner
1785856455.965 snapshot tick=1 targets=0 players=0 bots=0 culled=0 range=800 native_aim=0 trigger=0 external=0 seen=0 miss=0 applied=0 lock=None apply_frame_ok=0 source_players=0 source_robots=0 weapon=0 velocity=0.000
1785856455.965 INSTALL_FAILED no timer owner
1785856456.958 snapshot tick=1 targets=0 players=0 bots=0 culled=0 range=800 native_aim=0 trigger=0 external=0 seen=0 miss=0 applied=0 lock=None apply_frame_ok=0 source_players=0 source_robots=0 weapon=0 velocity=0.000
1785856456.959 INSTALL_FAILED no timer owner
1785856457.978 snapshot tick=1 targets=0 players=0 bots=0 culled=0 range=800 native_aim=0 trigger=0 external=0 seen=0 miss=0 applied=0 lock=None apply_frame_ok=0 source_players=0 source_robots=0 weapon=0 velocity=0.000
1785856457.979 INSTALL_FAILED no timer owner
1785856458.967 snapshot tick=1 targets=0 players=0 bots=0 culled=0 range=800 native_aim=0 trigger=0 external=0 seen=0 miss=0 applied=0 lock=None apply_frame_ok=0 source_players=0 source_robots=0 weapon=0 velocity=0.000
1785856458.968 INSTALL_FAILED no timer owner
1785856459.990 snapshot tick=1 targets=0 players=0 bots=0 culled=0 range=800 native_aim=0 trigger=0 external=0 seen=0 miss=0 applied=0 lock=None apply_frame_ok=0 source_players=0 source_robots=0 weapon=0 velocity=0.000
1785856459.990 INSTALL_FAILED no timer owner
1785856460.994 snapshot tick=1 targets=0 players=0 bots=0 culled=0 range=800 native_aim=0 trigger=0 external=0 seen=0 miss=0 applied=0 lock=None apply_frame_ok=0 source_players=0 source_robots=0 weapon=0 velocity=0.000
1785856460.995 INSTALL_FAILED no timer owner
1785856461.997 snapshot tick=1 targets=0 players=0 bots=0 culled=0 range=800 native_aim=0 trigger=0 external=0 seen=0 miss=0 applied=0 lock=None apply_frame_ok=0 source_players=0 source_robots=0 weapon=0 velocity=0.000
1785856461.998 INSTALL_FAILED no timer owner
1785856463.003 snapshot tick=1 targets=0 players=0 bots=0 culled=0 range=800 native_aim=0 trigger=0 external=0 seen=0 miss=0 applied=0 lock=None apply_frame_ok=0 source_players=0 source_robots=0 weapon=0 velocity=0.000
1785856463.003 INSTALL_FAILED no timer owner
1785856464.006 snapshot tick=1 targets=0 players=0 bots=0 culled=0 range=800 native_aim=0 trigger=0 external=0 seen=0 miss=0 applied=0 lock=None apply_frame_ok=0 source_players=0 source_robots=0 weapon=0 velocity=0.000
1785856464.007 INSTALL_FAILED no timer owner
1785856465.002 snapshot tick=1 targets=0 players=0 bots=0 culled=0 range=800 native_aim=0 trigger=0 external=0 seen=0 miss=0 applied=0 lock=None apply_frame_ok=0 source_players=0 source_robots=0 weapon=0 velocity=0.000
1785856465.003 INSTALL_FAILED no timer owner
1785856466.011 snapshot tick=1 targets=0 players=0 bots=0 culled=0 range=800 native_aim=0 trigger=0 external=0 seen=0 miss=0 applied=0 lock=None apply_frame_ok=0 source_players=0 source_robots=0 weapon=0 velocity=0.000
1785856466.012 INSTALL_FAILED no timer owner
1785856467.007 snapshot tick=1 targets=0 players=0 bots=0 culled=0 range=800 native_aim=0 trigger=0 external=0 seen=0 miss=0 applied=0 lock=None apply_frame_ok=0 source_players=0 source_robots=0 weapon=0 velocity=0.000
1785856467.007 INSTALL_FAILED no timer owner
1785856468.021 snapshot tick=1 targets=0 players=0 bots=0 culled=0 range=800 native_aim=0 trigger=0 external=0 seen=0 miss=0 applied=0 lock=None apply_frame_ok=0 source_players=0 source_robots=0 weapon=0 velocity=0.000
1785856468.022 INSTALL_FAILED no timer owner
1785856469.015 snapshot tick=1 targets=0 players=0 bots=0 culled=0 range=800 native_aim=0 trigger=0 external=0 seen=0 miss=0 applied=0 lock=None apply_frame_ok=0 source_players=0 source_robots=0 weapon=0 velocity=0.000
1785856469.016 INSTALL_FAILED no timer owner
1785856470.014 snapshot tick=1 targets=0 players=0 bots=0 culled=0 range=800 native_aim=0 trigger=0 external=0 seen=0 miss=0 applied=0 lock=None apply_frame_ok=0 source_players=0 source_robots=0 weapon=0 velocity=0.000
1785856470.015 INSTALL_FAILED no timer owner
1785856471.041 snapshot tick=1 targets=0 players=0 bots=0 culled=0 range=800 native_aim=0 trigger=0 external=0 seen=0 miss=0 applied=0 lock=None apply_frame_ok=0 source_players=0 source_robots=0 weapon=0 velocity=0.000
1785856471.041 INSTALL_FAILED no timer owner
1785856472.068 snapshot tick=1 targets=0 players=0 bots=0 culled=0 range=800 native_aim=0 trigger=0 external=0 seen=0 miss=0 applied=0 lock=None apply_frame_ok=0 source_players=0 source_robots=0 weapon=0 velocity=0.000
1785856472.069 INSTALL_FAILED no timer owner
1785856473.039 snapshot tick=1 targets=0 players=0 bots=0 culled=0 range=800 native_aim=0 trigger=0 external=0 seen=0 miss=0 applied=0 lock=None apply_frame_ok=0 source_players=0 source_robots=0 weapon=0 velocity=0.000
1785856473.039 INSTALL_FAILED no timer owner
1785856474.049 snapshot tick=1 targets=0 players=0 bots=0 culled=0 range=800 native_aim=0 trigger=0 external=0 seen=0 miss=0 applied=0 lock=None apply_frame_ok=0 source_players=0 source_robots=0 weapon=0 velocity=0.000
1785856474.050 INSTALL_FAILED no timer owner
1785856475.044 snapshot tick=1 targets=0 players=0 bots=0 culled=0 range=800 native_aim=0 trigger=0 external=0 seen=0 miss=0 applied=0 lock=None apply_frame_ok=0 source_players=0 source_robots=0 weapon=0 velocity=0.000
1785856475.044 INSTALL_FAILED no timer owner
1785856476.056 snapshot tick=1 targets=0 players=0 bots=0 culled=0 range=800 native_aim=0 trigger=0 external=0 seen=0 miss=0 applied=0 lock=None apply_frame_ok=0 source_players=0 source_robots=0 weapon=0 velocity=0.000
1785856476.057 INSTALL_FAILED no timer owner
1785856477.047 snapshot tick=1 targets=0 players=0 bots=0 culled=0 range=800 native_aim=0 trigger=0 external=0 seen=0 miss=0 applied=0 lock=None apply_frame_ok=0 source_players=0 source_robots=0 weapon=0 velocity=0.000
1785856477.047 INSTALL_FAILED no timer owner
1785856478.057 snapshot tick=1 targets=0 players=0 bots=0 culled=0 range=800 native_aim=0 trigger=0 external=0 seen=0 miss=0 applied=0 lock=None apply_frame_ok=0 source_players=0 source_robots=0 weapon=0 velocity=0.000
1785856478.057 INSTALL_FAILED no timer owner
1785856479.101 snapshot tick=1 targets=0 players=0 bots=0 culled=0 range=800 native_aim=0 trigger=0 external=0 seen=0 miss=0 applied=0 lock=None apply_frame_ok=0 source_players=0 source_robots=0 weapon=0 velocity=0.000
1785856479.102 INSTALL_FAILED no timer owner
1785856480.071 snapshot tick=1 targets=0 players=0 bots=0 culled=0 range=800 native_aim=0 trigger=0 external=0 seen=0 miss=0 applied=0 lock=None apply_frame_ok=0 source_players=0 source_robots=0 weapon=0 velocity=0.000
1785856480.072 INSTALL_FAILED no timer owner
1785856481.075 snapshot tick=1 targets=0 players=0 bots=0 culled=0 range=800 native_aim=0 trigger=0 external=0 seen=0 miss=0 applied=0 lock=None apply_frame_ok=0 source_players=0 source_robots=0 weapon=0 velocity=0.000
1785856481.076 INSTALL_FAILED no timer owner
1785856482.088 snapshot tick=1 targets=0 players=0 bots=0 culled=0 range=800 native_aim=0 trigger=0 external=0 seen=0 miss=0 applied=0 lock=None apply_frame_ok=0 source_players=0 source_robots=0 weapon=0 velocity=0.000
1785856482.089 INSTALL_FAILED no timer owner
1785856483.080 snapshot tick=1 targets=0 players=0 bots=0 culled=0 range=800 native_aim=0 trigger=0 external=0 seen=0 miss=0 applied=0 lock=None apply_frame_ok=0 source_players=0 source_robots=0 weapon=0 velocity=0.000
1785856483.080 INSTALL_FAILED no timer owner
1785856484.083 snapshot tick=1 targets=0 players=0 bots=0 culled=0 range=800 native_aim=0 trigger=0 external=0 seen=0 miss=0 applied=0 lock=None apply_frame_ok=0 source_players=0 source_robots=0 weapon=0 velocity=0.000
1785856484.089 INSTALL_FAILED no timer owner
1785856485.092 snapshot tick=1 targets=0 players=0 bots=0 culled=0 range=800 native_aim=0 trigger=0 external=0 seen=0 miss=0 applied=0 lock=None apply_frame_ok=0 source_players=0 source_robots=0 weapon=0 velocity=0.000
1785856485.092 INSTALL_FAILED no timer owner
1785856486.107 snapshot tick=1 targets=0 players=0 bots=0 culled=0 range=800 native_aim=0 trigger=0 external=0 seen=0 miss=0 applied=0 lock=None apply_frame_ok=0 source_players=0 source_robots=0 weapon=0 velocity=0.000
1785856486.107 INSTALL_FAILED no timer owner
1785856487.099 snapshot tick=1 targets=0 players=0 bots=0 culled=0 range=800 native_aim=0 trigger=0 external=0 seen=0 miss=0 applied=0 lock=None apply_frame_ok=0 source_players=0 source_robots=0 weapon=0 velocity=0.000
1785856487.100 INSTALL_FAILED no timer owner
1785856488.105 snapshot tick=1 targets=0 players=0 bots=0 culled=0 range=800 native_aim=0 trigger=0 external=0 seen=0 miss=0 applied=0 lock=None apply_frame_ok=0 source_players=0 source_robots=0 weapon=0 velocity=0.000
1785856488.105 INSTALL_FAILED no timer owner
1785856489.109 snapshot tick=1 targets=0 players=0 bots=0 culled=0 range=800 native_aim=0 trigger=0 external=0 seen=0 miss=0 applied=0 lock=None apply_frame_ok=0 source_players=0 source_robots=0 weapon=0 velocity=0.000
1785856489.109 INSTALL_FAILED no timer owner
1785856490.109 snapshot tick=1 targets=0 players=0 bots=0 culled=0 range=800 native_aim=0 trigger=0 external=0 seen=0 miss=0 applied=0 lock=None apply_frame_ok=0 source_players=0 source_robots=0 weapon=0 velocity=0.000
1785856490.114 INSTALL_FAILED no timer owner
1785856491.126 snapshot tick=1 targets=0 players=0 bots=0 culled=0 range=800 native_aim=0 trigger=0 external=0 seen=0 miss=0 applied=0 lock=None apply_frame_ok=0 source_players=0 source_robots=0 weapon=0 velocity=0.000
1785856491.127 INSTALL_FAILED no timer owner
1785856492.121 snapshot tick=1 targets=0 players=0 bots=0 culled=0 range=800 native_aim=0 trigger=0 external=0 seen=0 miss=0 applied=0 lock=None apply_frame_ok=0 source_players=0 source_robots=0 weapon=0 velocity=0.000
1785856492.122 INSTALL_FAILED no timer owner
1785856493.139 snapshot tick=1 targets=0 players=0 bots=0 culled=0 range=800 native_aim=0 trigger=0 external=0 seen=0 miss=0 applied=0 lock=None apply_frame_ok=0 source_players=0 source_robots=0 weapon=0 velocity=0.000
1785856493.139 INSTALL_FAILED no timer owner
1785856494.129 snapshot tick=1 targets=0 players=0 bots=0 culled=0 range=800 native_aim=0 trigger=0 external=0 seen=0 miss=0 applied=0 lock=None apply_frame_ok=0 source_players=0 source_robots=0 weapon=0 velocity=0.000
1785856494.130 INSTALL_FAILED no timer owner
1785856495.135 snapshot tick=1 targets=0 players=0 bots=0 culled=0 range=800 native_aim=0 trigger=0 external=0 seen=0 miss=0 applied=0 lock=None apply_frame_ok=0 source_players=0 source_robots=0 weapon=0 velocity=0.000
1785856495.136 INSTALL_FAILED no timer owner
1785856496.140 snapshot tick=1 targets=0 players=0 bots=0 culled=0 range=800 native_aim=0 trigger=0 external=0 seen=0 miss=0 applied=0 lock=None apply_frame_ok=0 source_players=0 source_robots=0 weapon=0 velocity=0.000
1785856496.140 INSTALL_FAILED no timer owner
1785856497.145 snapshot tick=1 targets=0 players=0 bots=0 culled=0 range=800 native_aim=0 trigger=0 external=0 seen=0 miss=0 applied=0 lock=None apply_frame_ok=0 source_players=0 source_robots=0 weapon=0 velocity=0.000
1785856497.145 INSTALL_FAILED no timer owner
1785856498.157 snapshot tick=1 targets=0 players=0 bots=0 culled=0 range=800 native_aim=0 trigger=0 external=0 seen=0 miss=0 applied=0 lock=None apply_frame_ok=0 source_players=0 source_robots=0 weapon=0 velocity=0.000
1785856498.157 INSTALL_FAILED no timer owner
1785856499.159 snapshot tick=1 targets=0 players=0 bots=0 culled=0 range=800 native_aim=0 trigger=0 external=0 seen=0 miss=0 applied=0 lock=None apply_frame_ok=0 source_players=0 source_robots=0 weapon=0 velocity=0.000
1785856499.159 INSTALL_FAILED no timer owner
1785856500.174 snapshot tick=1 targets=0 players=0 bots=0 culled=0 range=800 native_aim=0 trigger=0 external=0 seen=0 miss=0 applied=0 lock=None apply_frame_ok=0 source_players=0 source_robots=0 weapon=0 velocity=0.000
1785856500.174 INSTALL_FAILED no timer owner
1785856501.154 snapshot tick=1 targets=0 players=0 bots=0 culled=0 range=800 native_aim=0 trigger=0 external=0 seen=0 miss=0 applied=0 lock=None apply_frame_ok=0 source_players=0 source_robots=0 weapon=0 velocity=0.000
1785856501.155 INSTALL_FAILED no timer owner
1785856502.172 snapshot tick=1 targets=0 players=0 bots=0 culled=0 range=800 native_aim=0 trigger=0 external=0 seen=0 miss=0 applied=0 lock=None apply_frame_ok=0 source_players=0 source_robots=0 weapon=0 velocity=0.000
1785856502.172 INSTALL_FAILED no timer owner
1785856503.173 snapshot tick=1 targets=0 players=0 bots=0 culled=0 range=800 native_aim=0 trigger=0 external=0 seen=0 miss=0 applied=0 lock=None apply_frame_ok=0 source_players=0 source_robots=0 weapon=0 velocity=0.000
1785856503.173 INSTALL_FAILED no timer owner
1785856504.165 snapshot tick=1 targets=0 players=0 bots=0 culled=0 range=800 native_aim=0 trigger=0 external=0 seen=0 miss=0 applied=0 lock=None apply_frame_ok=0 source_players=0 source_robots=0 weapon=0 velocity=0.000
1785856504.165 INSTALL_FAILED no timer owner
1785856505.188 snapshot tick=1 targets=0 players=0 bots=0 culled=0 range=800 native_aim=0 trigger=0 external=0 seen=0 miss=0 applied=0 lock=None apply_frame_ok=0 source_players=0 source_robots=0 weapon=0 velocity=0.000
1785856505.188 INSTALL_FAILED no timer owner
1785856506.185 snapshot tick=1 targets=0 players=0 bots=0 culled=0 range=800 native_aim=0 trigger=0 external=0 seen=0 miss=0 applied=0 lock=None apply_frame_ok=0 source_players=0 source_robots=0 weapon=0 velocity=0.000
1785856506.186 INSTALL_FAILED no timer owner
1785856507.193 snapshot tick=1 targets=0 players=0 bots=0 culled=0 range=800 native_aim=0 trigger=0 external=0 seen=0 miss=0 applied=0 lock=None apply_frame_ok=0 source_players=0 source_robots=0 weapon=0 velocity=0.000
1785856507.193 INSTALL_FAILED no timer owner
1785856508.183 snapshot tick=1 targets=0 players=0 bots=0 culled=0 range=800 native_aim=0 trigger=0 external=0 seen=0 miss=0 applied=0 lock=None apply_frame_ok=0 source_players=0 source_robots=0 weapon=0 velocity=0.000
1785856508.183 INSTALL_FAILED no timer owner
1785856509.210 snapshot tick=1 targets=0 players=0 bots=0 culled=0 range=800 native_aim=0 trigger=0 external=0 seen=0 miss=0 applied=0 lock=None apply_frame_ok=0 source_players=0 source_robots=0 weapon=0 velocity=0.000
1785856509.211 INSTALL_FAILED no timer owner
1785856510.221 snapshot tick=1 targets=0 players=0 bots=0 culled=0 range=800 native_aim=0 trigger=0 external=0 seen=0 miss=0 applied=0 lock=None apply_frame_ok=0 source_players=0 source_robots=0 weapon=0 velocity=0.000
1785856510.221 INSTALL_FAILED no timer owner
1785856511.222 snapshot tick=1 targets=0 players=0 bots=0 culled=0 range=800 native_aim=0 trigger=0 external=0 seen=0 miss=0 applied=0 lock=None apply_frame_ok=0 source_players=0 source_robots=0 weapon=0 velocity=0.000
1785856511.222 INSTALL_FAILED no timer owner
1785856512.219 snapshot tick=1 targets=0 players=0 bots=0 culled=0 range=800 native_aim=0 trigger=0 external=0 seen=0 miss=0 applied=0 lock=None apply_frame_ok=0 source_players=0 source_robots=0 weapon=0 velocity=0.000
1785856512.219 INSTALL_FAILED no timer owner
1785856513.225 snapshot tick=1 targets=0 players=0 bots=0 culled=0 range=800 native_aim=0 trigger=0 external=0 seen=0 miss=0 applied=0 lock=None apply_frame_ok=0 source_players=0 source_robots=0 weapon=0 velocity=0.000
1785856513.225 INSTALL_FAILED no timer owner
1785856514.340 snapshot tick=1 targets=6 players=0 bots=6 culled=0 range=800 native_aim=0 trigger=0 external=0 seen=0 miss=0 applied=0 lock=None apply_frame_ok=0 source_players=0 source_robots=6 weapon=120 velocity=1725.500
1785856514.343 INSTALL_OK hz=120 timer_id=-617 apply_frame_ok=False apply_frame_error=''
1785856522.226 snapshot tick=240 targets=6 players=0 bots=6 culled=0 range=800 native_aim=0 trigger=0 external=0 seen=0 miss=0 applied=0 lock=None apply_frame_ok=0 source_players=0 source_robots=6 weapon=120 velocity=1725.500
1785856530.146 snapshot tick=480 targets=6 players=0 bots=6 culled=0 range=800 native_aim=0 trigger=0 external=0 seen=0 miss=0 applied=0 lock=None apply_frame_ok=0 source_players=0 source_robots=6 weapon=120 velocity=1725.500
1785856538.065 snapshot tick=720 targets=6 players=0 bots=6 culled=0 range=800 native_aim=0 trigger=0 external=0 seen=0 miss=0 applied=0 lock=None apply_frame_ok=0 source_players=0 source_robots=6 weapon=120 velocity=1725.500
1785856546.018 snapshot tick=960 targets=6 players=0 bots=6 culled=0 range=800 native_aim=0 trigger=0 external=0 seen=0 miss=0 applied=0 lock=None apply_frame_ok=0 source_players=0 source_robots=6 weapon=118 velocity=1100.000
1785856553.938 snapshot tick=1200 targets=6 players=0 bots=6 culled=0 range=800 native_aim=0 trigger=0 external=0 seen=0 miss=0 applied=0 lock=None apply_frame_ok=0 source_players=0 source_robots=6 weapon=118 velocity=1100.000
1785856561.859 snapshot tick=1440 targets=6 players=0 bots=6 culled=0 range=800 native_aim=0 trigger=0 external=0 seen=0 miss=0 applied=0 lock=None apply_frame_ok=0 source_players=0 source_robots=6 weapon=118 velocity=1100.000
1785856569.777 snapshot tick=1680 targets=6 players=0 bots=6 culled=0 range=800 native_aim=0 trigger=0 external=0 seen=0 miss=0 applied=0 lock=None apply_frame_ok=0 source_players=0 source_robots=6 weapon=118 velocity=1100.000
1785856577.698 snapshot tick=1920 targets=6 players=0 bots=6 culled=0 range=800 native_aim=0 trigger=0 external=0 seen=0 miss=0 applied=0 lock=None apply_frame_ok=0 source_players=0 source_robots=6 weapon=118 velocity=1100.000
1785856585.620 snapshot tick=2160 targets=6 players=0 bots=6 culled=0 range=800 native_aim=0 trigger=0 external=0 seen=0 miss=0 applied=0 lock=None apply_frame_ok=0 source_players=0 source_robots=6 weapon=118 velocity=1100.000
1785856593.539 snapshot tick=2400 targets=6 players=0 bots=6 culled=0 range=800 native_aim=0 trigger=0 external=0 seen=0 miss=0 applied=0 lock=None apply_frame_ok=0 source_players=0 source_robots=6 weapon=118 velocity=1100.000
1785856601.460 snapshot tick=2640 targets=6 players=0 bots=6 culled=0 range=800 native_aim=0 trigger=0 external=0 seen=0 miss=0 applied=0 lock=None apply_frame_ok=0 source_players=0 source_robots=6 weapon=118 velocity=1100.000
1785856609.379 snapshot tick=2880 targets=6 players=0 bots=6 culled=0 range=800 native_aim=0 trigger=0 external=0 seen=0 miss=0 applied=0 lock=None apply_frame_ok=0 source_players=0 source_robots=6 weapon=118 velocity=1100.000
1785856617.298 snapshot tick=3120 targets=6 players=0 bots=6 culled=0 range=800 native_aim=0 trigger=0 external=0 seen=0 miss=0 applied=0 lock=None apply_frame_ok=0 source_players=0 source_robots=6 weapon=118 velocity=1100.000
1785856625.216 snapshot tick=3360 targets=6 players=0 bots=6 culled=0 range=800 native_aim=0 trigger=0 external=0 seen=0 miss=0 applied=0 lock=None apply_frame_ok=0 source_players=0 source_robots=6 weapon=118 velocity=1100.000
1785856631.682 snapshot tick=1 targets=6 players=0 bots=6 culled=0 range=800 native_aim=0 trigger=0 external=0 seen=0 miss=0 applied=0 lock=None apply_frame_ok=0 source_players=0 source_robots=6 weapon=118 velocity=1100.000
1785856631.685 INSTALL_OK hz=120 timer_id=-956 apply_frame_ok=False apply_frame_error=''
1785856639.540 snapshot tick=240 targets=6 players=0 bots=6 culled=0 range=800 native_aim=0 trigger=0 external=0 seen=0 miss=0 applied=0 lock=None apply_frame_ok=0 source_players=0 source_robots=6 weapon=41 velocity=500.000
1785856647.461 snapshot tick=480 targets=6 players=0 bots=6 culled=0 range=800 native_aim=0 trigger=0 external=0 seen=0 miss=0 applied=0 lock=None apply_frame_ok=0 source_players=0 source_robots=6 weapon=118 velocity=1100.000
1785856655.382 snapshot tick=720 targets=6 players=0 bots=6 culled=0 range=800 native_aim=0 trigger=0 external=0 seen=0 miss=0 applied=0 lock=None apply_frame_ok=0 source_players=0 source_robots=6 weapon=118 velocity=1100.000
1785856663.298 snapshot tick=960 targets=6 players=0 bots=6 culled=0 range=800 native_aim=0 trigger=0 external=0 seen=0 miss=0 applied=0 lock=None apply_frame_ok=0 source_players=0 source_robots=6 weapon=118 velocity=1100.000
1785856671.223 snapshot tick=1200 targets=6 players=0 bots=6 culled=0 range=800 native_aim=0 trigger=0 external=0 seen=0 miss=0 applied=0 lock=None apply_frame_ok=0 source_players=0 source_robots=6 weapon=118 velocity=1100.000
1785856679.139 snapshot tick=1440 targets=6 players=0 bots=6 culled=0 range=800 native_aim=0 trigger=0 external=0 seen=0 miss=0 applied=0 lock=None apply_frame_ok=0 source_players=0 source_robots=6 weapon=118 velocity=1100.000
1785856687.061 snapshot tick=1680 targets=6 players=0 bots=6 culled=0 range=800 native_aim=0 trigger=0 external=0 seen=0 miss=0 applied=0 lock=None apply_frame_ok=0 source_players=0 source_robots=6 weapon=118 velocity=1100.000
1785856694.980 snapshot tick=1920 targets=6 players=0 bots=6 culled=0 range=800 native_aim=0 trigger=0 external=0 seen=0 miss=0 applied=0 lock=None apply_frame_ok=0 source_players=0 source_robots=6 weapon=118 velocity=1100.000
1785856702.899 snapshot tick=2160 targets=6 players=0 bots=6 culled=0 range=800 native_aim=0 trigger=0 external=0 seen=0 miss=0 applied=0 lock=None apply_frame_ok=0 source_players=0 source_robots=6 weapon=118 velocity=1100.000
1785856710.821 snapshot tick=2400 targets=6 players=0 bots=6 culled=0 range=800 native_aim=0 trigger=0 external=0 seen=0 miss=0 applied=0 lock=None apply_frame_ok=0 source_players=0 source_robots=6 weapon=118 velocity=1100.000
1785856718.738 snapshot tick=2640 targets=6 players=0 bots=6 culled=0 range=800 native_aim=0 trigger=0 external=0 seen=0 miss=0 applied=0 lock=None apply_frame_ok=0 source_players=0 source_robots=6 weapon=118 velocity=1100.000
1785856726.658 snapshot tick=2880 targets=6 players=0 bots=6 culled=0 range=800 native_aim=0 trigger=0 external=0 seen=0 miss=0 applied=0 lock=None apply_frame_ok=0 source_players=0 source_robots=6 weapon=118 velocity=1100.000
1785856734.580 snapshot tick=3120 targets=6 players=0 bots=6 culled=0 range=800 native_aim=0 trigger=0 external=0 seen=0 miss=0 applied=0 lock=None apply_frame_ok=0 source_players=0 source_robots=6 weapon=118 velocity=1100.000
1785856742.499 snapshot tick=3360 targets=6 players=0 bots=6 culled=0 range=800 native_aim=0 trigger=0 external=0 seen=0 miss=0 applied=0 lock=None apply_frame_ok=0 source_players=0 source_robots=6 weapon=118 velocity=1100.000
1785856750.422 snapshot tick=3600 targets=6 players=0 bots=6 culled=0 range=800 native_aim=0 trigger=0 external=0 seen=0 miss=0 applied=0 lock=None apply_frame_ok=0 source_players=0 source_robots=6 weapon=118 velocity=1100.000
1785856758.339 snapshot tick=3840 targets=6 players=0 bots=6 culled=0 range=800 native_aim=0 trigger=0 external=0 seen=0 miss=0 applied=0 lock=None apply_frame_ok=0 source_players=0 source_robots=6 weapon=118 velocity=1100.000
1785856766.259 snapshot tick=4080 targets=6 players=0 bots=6 culled=0 range=800 native_aim=0 trigger=0 external=0 seen=0 miss=0 applied=0 lock=None apply_frame_ok=0 source_players=0 source_robots=6 weapon=118 velocity=1100.000
1785856774.180 snapshot tick=4320 targets=6 players=0 bots=6 culled=0 range=800 native_aim=0 trigger=0 external=0 seen=0 miss=0 applied=0 lock=None apply_frame_ok=0 source_players=0 source_robots=6 weapon=118 velocity=1100.000
1785856782.102 snapshot tick=4560 targets=6 players=0 bots=6 culled=0 range=800 native_aim=0 trigger=0 external=0 seen=0 miss=0 applied=0 lock=None apply_frame_ok=0 source_players=0 source_robots=6 weapon=118 velocity=1100.000
1785856790.018 snapshot tick=4800 targets=6 players=0 bots=6 culled=0 range=800 native_aim=0 trigger=0 external=0 seen=0 miss=0 applied=0 lock=None apply_frame_ok=0 source_players=0 source_robots=6 weapon=118 velocity=1100.000
1785856797.975 snapshot tick=5040 targets=6 players=0 bots=6 culled=0 range=800 native_aim=0 trigger=0 external=0 seen=0 miss=0 applied=0 lock=None apply_frame_ok=0 source_players=0 source_robots=6 weapon=118 velocity=1100.000
1785856805.892 snapshot tick=5280 targets=6 players=0 bots=6 culled=0 range=800 native_aim=0 trigger=0 external=0 seen=0 miss=0 applied=0 lock=None apply_frame_ok=0 source_players=0 source_robots=6 weapon=118 velocity=1100.000
1785856813.814 snapshot tick=5520 targets=6 players=0 bots=6 culled=0 range=800 native_aim=0 trigger=0 external=0 seen=0 miss=0 applied=0 lock=None apply_frame_ok=0 source_players=0 source_robots=6 weapon=118 velocity=1100.000
1785856821.732 snapshot tick=5760 targets=6 players=0 bots=6 culled=0 range=800 native_aim=0 trigger=0 external=0 seen=0 miss=0 applied=0 lock=None apply_frame_ok=0 source_players=0 source_robots=6 weapon=118 velocity=1100.000
1785856829.652 snapshot tick=6000 targets=6 players=0 bots=6 culled=0 range=800 native_aim=0 trigger=0 external=0 seen=0 miss=0 applied=0 lock=None apply_frame_ok=0 source_players=0 source_robots=6 weapon=118 velocity=1100.000
1785856837.571 snapshot tick=6240 targets=6 players=0 bots=6 culled=0 range=800 native_aim=0 trigger=0 external=0 seen=0 miss=0 applied=0 lock=None apply_frame_ok=0 source_players=0 source_robots=6 weapon=118 velocity=1100.000
1785856845.493 snapshot tick=6480 targets=6 players=0 bots=6 culled=0 range=800 native_aim=0 trigger=0 external=0 seen=0 miss=0 applied=0 lock=None apply_frame_ok=0 source_players=0 source_robots=6 weapon=118 velocity=1100.000
