BEGIN
MODULE gclient.gamesystem.entities.avatarmembers.cimp_gacha FILE='C:\\Program Files (x86)\\bloodstrike\\Package\\Script\\Python/gclient/gamesystem/entities/avatarmembers/cimp_gacha.py'
FUNC gclient.gamesystem.entities.avatarmembers.cimp_gacha.BuyGachaFadeInCb names=('genv', 'is_in_hall', 'messenger', 'Broadcast', 'events', 'ON_BUY_GACHA_SUCCESS', '_ShowGachaFingerWindow') vars=('act_id', 'item_add', 'times', 'reward_mode') consts=[('reward_mode',)]
CLASS CGacha METHODS=['GetCollectionCount', '_on_set_back_reward_pool', '_on_set_card_discount_count', '_on_set_collect_milestone_record', '_on_set_count', '_on_set_free_reward_get_time', '_on_set_lucky_point', '_on_set_next_free_time']
FUNC gclient.gamesystem.entities.avatarmembers.cimp_gacha.CGacha.GetCollectionCount names=('act_id', 'gacha_setting_data', 'data') vars=('self', 'gacha_id', 'gacha_setting_proto') consts=[1, 'collection_count', -1]
FUNC gclient.gamesystem.entities.avatarmembers.cimp_gacha.CGacha._on_set_back_reward_pool names=('genv', 'messenger', 'Broadcast', 'events', 'ON_GACHA_BACK_REWARD_POOL_CHANGED', 'act_id') vars=('self', 'key', 'old', 'new') consts=[]
FUNC gclient.gamesystem.entities.avatarmembers.cimp_gacha.CGacha._on_set_card_discount_count names=('genv', 'messenger', 'Broadcast', 'events', 'ON_GACHA_CARD_DISCOUNT_COUNT_CHANGED', 'act_id') vars=('self', 'key', 'old', 'new') consts=[]
FUNC gclient.gamesystem.entities.avatarmembers.cimp_gacha.CGacha._on_set_collect_milestone_record names=('genv', 'messenger', 'Broadcast', 'events', 'ON_GACHA_ROLL_COUNT_CHANGED', 'act_id') vars=('self', 'key', 'old', 'new') consts=[]
FUNC gclient.gamesystem.entities.avatarmembers.cimp_gacha.CGacha._on_set_count names=('genv', 'messenger', 'Broadcast', 'events', 'ON_GACHA_ROLL_COUNT_CHANGED', 'act_id') vars=('self', 'key', 'old', 'new') consts=[]
FUNC gclient.gamesystem.entities.avatarmembers.cimp_gacha.CGacha._on_set_free_reward_get_time names=('genv', 'messenger', 'Broadcast', 'events', 'ON_GACHA_FREE_REWARD_CHANGED', 'act_id') vars=('self', 'key', 'old', 'new') consts=[]
FUNC gclient.gamesystem.entities.avatarmembers.cimp_gacha.CGacha._on_set_lucky_point names=('genv', 'messenger', 'Broadcast', 'events', 'ON_GACHA_LUCKY_POINT_CHANGED', 'act_id') vars=('self', 'key', 'old', 'new') consts=[]
FUNC gclient.gamesystem.entities.avatarmembers.cimp_gacha.CGacha._on_set_next_free_time names=('genv', 'messenger', 'Broadcast', 'events', 'ON_GACHA_NEXT_FREE_TIME_CHANGE', 'act_id', 'gacha_setting_data', 'data', 'time_util', 'GetTimeNow', 'next_free_time', 'get_owner', 'CheckGachaFreeState') vars=('self', 'key', 'old', 'new') consts=['free_time']
CLASS ExchangeIdCountMap METHODS=['on_setattr']
FUNC gclient.gamesystem.entities.avatarmembers.cimp_gacha.ExchangeIdCountMap.on_setattr names=('genv', 'messenger', 'Broadcast', 'events', 'ON_GACHA_EXCHANGE_COUNT_CHANGE', 'get_parent', 'act_id') vars=('self', 'key', 'old', 'new') consts=[]
CLASS Gacha METHODS=['IsIgnoreCantDrawn', 'IsInOneshot', 'IsProtoCanRoll']
FUNC gclient.gamesystem.entities.avatarmembers.cimp_gacha.Gacha.IsIgnoreCantDrawn names=('act_id', 'data_util', 'GetGachaWihteListShowIds', 'get', 'int', 'show_id', 'gacha_whitelist_data', 'data', 'time_util', 'IsInLimitTime', 'time', 'sys', 'excepthook', 'exc_info') vars=('self', 'proto_id', 'avatar', 'act_id', 'rule_id', 'rule_proto') consts=['begin_time', 'end_time', 'no_cant_drawn']
FUNC gclient.gamesystem.entities.avatarmembers.cimp_gacha.Gacha.IsInOneshot names=('flip_cur_items', 'act_id', 'gacha_setting_data', 'data', 'get', 'any', 'gacha_oneshot', 'token_gacha_data', 'items', 'token_roll_record', 'warehouse', 'HasItemByItemId', 'gacha_grand_prize_data', 'gacha_data', 'no_cycle_proto_ids', 'proto_id_count') vars=('self', 'avatar', 'act_id', 'one_shot', 'key', 'token_gacha_proto', 'proto_id', 'proto', 'item_id', 'no_cycle', 'grand_prize_ids', 'roll_limit') consts=[False, 'one_shot', True, 'grand_prize', 'item_id', 'no_cycle', ('include_upgrade_item',), 'collection_price', 'roll_limit', -1]
FUNC gclient.gamesystem.entities.avatarmembers.cimp_gacha.Gacha.IsProtoCanRoll names=('no_cycle_proto_ids', 'get', 'proto_id_count', 'gacha_setting_data', 'data', 'act_id', 'count', 'IsIgnoreCantDrawn') vars=('self', 'proto_id', 'proto', 'avatar', 'roll_limit', 'collection_count', 'cant_drawn') consts=[False, 'roll_limit', 'collection_price', 'collection_count', 'cant_drawn', True, -1]
CLASS PlayerAvatarMember METHODS=['AutoBuyGacha', 'BuyCacheGacha', 'BuyGacha', 'BuyOneShot', 'CheckCanBuyGacha', 'CheckGachaFreeState', 'GachaOneShotReward', 'GachaSendNGPush', 'GachaSpecEndTimeHotfix', 'GetGachaExchangeCount', 'GetGachaFreeState', 'GetGachaRollCount', 'IsGachaCollectionUnlock', 'OnCacheGachaRollSkipAnim', 'OnCacheTokenReward', 'OnGachaRoll', 'OnGachaRollSkipAnim', 'OnGachaRollToken', 'OnGachaV6Roll', 'PopCacheTokenReward', 'PopGachaTokenReward', 'PreCheckEnoughMoney', 'PreCheckEnoughMoneyNew', 'ReceiveCollectionReward', 'ReceiveMileReward', 'StartCheckFreeState', '__init_component__']
FUNC gclient.gamesystem.entities.avatarmembers.cimp_gacha.PlayerAvatarMember.AutoBuyGacha names=('_CloseGachaRewardIfVisible', '_GetMoneyDictByGachaSettingData', 'gacha_setting_data', 'data', 'six2', 'values', 'PreCheckEnoughMoneyNew', 'CallServer', 'server_random_ticket') vars=('self', 'gacha_setting_id', 'times', 'callback', 'is_selected_auto', 'money_dict', 'money_info') consts=['money_type', 'price', True, ('not_show_pop',), 'GachaRoll', 'server_random_ticket', 'callback']
FUNC gclient.gamesystem.entities.avatarmembers.cimp_gacha.PlayerAvatarMember.BuyCacheGacha names=('time', 'getattr', 'setattr', 'interval') vars=('ins', 'args', 'kwargs', 'now') consts=[0.0]
FUNC gclient.gamesystem.entities.avatarmembers.cimp_gacha.PlayerAvatarMember.BuyGacha names=('time', 'getattr', 'setattr', 'interval') vars=('ins', 'args', 'kwargs', 'now') consts=[0.0]
FUNC gclient.gamesystem.entities.avatarmembers.cimp_gacha.PlayerAvatarMember.BuyOneShot names=('cache_setting_data', 'data', 'CallServerAct', 'server_random_ticket', 'CallServer') vars=('self', 'gacha_id') consts=['RollOneshot', 'server_random_ticket', 'GachaRollOneShot']
FUNC gclient.gamesystem.entities.avatarmembers.cimp_gacha.PlayerAvatarMember.CheckCanBuyGacha names=('_GetMoneyDictByGachaSettingData', 'gacha_setting_data', 'data', 'six2', 'values', 'EMoneyType_ITEM', 'GetItemCountByCostItemId', 'GetMoneyByMoneyType') vars=('self', 'gacha_setting_id', 'times', 'money_dict', 'money_info', 'money_type', 'money', 'price') consts=[False, 'money_type', 'price', 'cost_item_id', True]
FUNC gclient.gamesystem.entities.avatarmembers.cimp_gacha.PlayerAvatarMember.CheckGachaFreeState names=('combat_avatar_id', 'GetGachaFreeState', 'GachaFreeState', 'Free', 'genv', 'messenger', 'Broadcast', 'events', 'ON_GACHA_NEXT_FREE_TIME_CHANGE', 'Wait', 'time_util', 'GetTimeNow', 'add_timer', 'functools', 'partial', 'CheckGachaFreeState') vars=('self', 'gacha_id', 'free_state', 'next_free_time') consts=[1.0, 5.0]
FUNC gclient.gamesystem.entities.avatarmembers.cimp_gacha.PlayerAvatarMember.GachaOneShotReward names=('_ShowGachaJackpotReward',) vars=('self', 'item_add') consts=[]
FUNC gclient.gamesystem.entities.avatarmembers.cimp_gacha.PlayerAvatarMember.GachaSendNGPush names=('gacha_setting_data', 'data', 'get', 'str', 'CallServer') vars=('self', 'act_id', 'name') consts=['name', 'OnGachaSendNGPush']
FUNC gclient.gamesystem.entities.avatarmembers.cimp_gacha.PlayerAvatarMember.GachaSpecEndTimeHotfix names=('taggeddict', 'unlock_tagged_dict', 'exec', 'zlib', 'decompress', 'lock_tagged_dict') vars=('self', 'encode_str') consts=[]
FUNC gclient.gamesystem.entities.avatarmembers.cimp_gacha.PlayerAvatarMember.GetGachaExchangeCount names=('act_data', 'act_flip', 'exchange_id_count', 'get', 'gacha_mgr') vars=('self', 'gacha_id', 'index', 'gacha_mgr') consts=[0]
FUNC gclient.gamesystem.entities.avatarmembers.cimp_gacha.PlayerAvatarMember.GetGachaFreeState names=('gacha_setting_data', 'data', 'GachaFreeState', 'No', 'gacha_mgr', 'next_free_time', 'time_util', 'GetTimeNow', 'Free', 'Wait') vars=('self', 'gacha_id', 'gacha_proto', 'gacha_mgr', 'next_free_time') consts=[0, 'free_time']
FUNC gclient.gamesystem.entities.avatarmembers.cimp_gacha.PlayerAvatarMember.GetGachaRollCount names=('gacha_mgr', 'count') vars=('self', 'gacha_id', 'gacha_mgr') consts=[0]
FUNC gclient.gamesystem.entities.avatarmembers.cimp_gacha.PlayerAvatarMember.IsGachaCollectionUnlock names=('gacha_setting_data', 'data', 'gacha_data', 'items', 'genv', 'avatar', 'warehouse', 'gacha_mgr', 'count', 'HasItemByItemId') vars=('self', 'gacha_id', 'gacha_setting_proto', 'gacha_proto', 'collection_count', 'grand_prize', 'key', 'value', 'grand_prize_id', 'warehouse', 'gacha_mgr') consts=[False, 'collection_count', 'collection_price', 'item_id', True, ('include_experience_item', 'include_upgrade_item')]
FUNC gclient.gamesystem.entities.avatarmembers.cimp_gacha.PlayerAvatarMember.OnCacheGachaRollSkipAnim names=('_ShowGachaReward', 'functools', 'partial', 'BuyCacheGacha') vars=('self', 'act_id', 'item_add', 'times', 'close_func') consts=[('times', 'close_func')]
FUNC gclient.gamesystem.entities.avatarmembers.cimp_gacha.PlayerAvatarMember.OnCacheTokenReward names=('cache_token_rewards', 'append', 'cache_one_shot', 'GachaOneShotReward', 'PopCacheTokenReward') vars=('self', 'act_id', 'item_add', 'extra') consts=[0, False]
FUNC gclient.gamesystem.entities.avatarmembers.cimp_gacha.PlayerAvatarMember.OnGachaRoll names=('gacha_setting_data', 'data', 'get', 'cache_one_shot', 'GachaOneShotReward', 'getattr', 'gclient.gamesystem.uihall.hall_common_reward_window', 'RewardMode', 'Common', '_gacha_common_mode', '_IsHalloweenGacha', 'genv', 'messenger', 'Broadcast', 'events', 'ON_SHOW_HALLOWEEN_REWARD', 'gui', 'BackdropFadeIn', 'functools', 'partial', 'BuyGachaFadeInCb', 'AdTrackEvent') vars=('self', 'act_id', 'item_add', 'extra', 'times', 'reward_mode', 'RewardMode') consts=[1, 'is_one_shot', 'is_minipool', True, 'times', '_gacha_common_mode', False, ('RewardMode',), 0.0, 'gacha_tentimes', 'gacha_once']
FUNC gclient.gamesystem.entities.avatarmembers.cimp_gacha.PlayerAvatarMember.OnGachaRollSkipAnim names=('getattr', '_gacha_common_mode', 'gclient.gamesystem.uihall.hall_common_reward_window', 'HallCommonRewardComp', 'RewardMode', 'genv', 'messenger', 'Broadcast', 'events', 'ON_BUY_GACHA_SUCCESS', 'instance', 'Show', 'BuildInfo', 'Common', 'gacha_setting_data', 'data', '_GetGachaExtraFreeTimes', 'get', 'functools', 'partial', 'avatar', 'BuyActivityGacha', 'BuyGacha', '_ShowGachaReward', 'AdTrackEvent') vars=('self', 'act_id', 'item_add', 'extra', 'times', 'close_func', 'HallCommonRewardComp', 'RewardMode', 'gacha_setting_proto', 'free_times', 'act_gacha', 'gacha_func') consts=[1, 'times', 'close_func', '_gacha_common_mode', False, ('HallCommonRewardComp', 'RewardMode'), 'act_gacha', ('times', 'free_times', 'close_func'), 'gacha_tentimes', 'gacha_once']
FUNC gclient.gamesystem.entities.avatarmembers.cimp_gacha.PlayerAvatarMember.OnGachaRollToken names=('gacha_token_rewards', 'append', 'cache_one_shot', 'GachaOneShotReward', 'PopGachaTokenReward') vars=('self', 'act_id', 'item_add', 'extra') consts=[0, False]
FUNC gclient.gamesystem.entities.avatarmembers.cimp_gacha.PlayerAvatarMember.OnGachaV6Roll names=('genv', 'AdTrackEvent', 'messenger', 'Broadcast', 'events', 'ON_GACHA_V6_ROLL_REWARD') vars=('self', 'act_id', 'item_add', 'extra', 'times') consts=[1, 'times', 'gacha_tentimes', 'gacha_once']
FUNC gclient.gamesystem.entities.avatarmembers.cimp_gacha.PlayerAvatarMember.PopCacheTokenReward names=('cache_token_rewards', 'pop') vars=('self',) consts=[]
FUNC gclient.gamesystem.entities.avatarmembers.cimp_gacha.PlayerAvatarMember.PopGachaTokenReward names=('gacha_token_rewards', 'pop') vars=('self',) consts=[]
FUNC gclient.gamesystem.entities.avatarmembers.cimp_gacha.PlayerAvatarMember.PreCheckEnoughMoney names=('EMoneyType_ITEM', 'GetItemCountByCostItemId', 'GetMoneyByMoneyType', 'consts', 'EMoneyType_YUANBAO', '_ShowChargePopupWindow', 'genv', 'messenger', 'Broadcast', 'events', 'ON_BUY_GACHA_SUCCESS', 'gui', 'Prompt') vars=('self', 'money_info', 'money_type', 'money', 'price') consts=['money_type', 'cost_item_id', 'price', 'lack_of_gold', 396, False, True]
FUNC gclient.gamesystem.entities.avatarmembers.cimp_gacha.PlayerAvatarMember.PreCheckEnoughMoneyNew names=('EMoneyType_ITEM', 'GetItemCountByCostItemId', 'GetMoneyByMoneyType', 'consts', 'EMoneyType_YUANBAO', '_ShowChargePopupWindow', 'genv', 'messenger', 'Broadcast', 'events', 'ON_BUY_GACHA_SUCCESS', 'gui', 'Prompt') vars=('self', 'money_info', 'auto_buy_callback', 'not_show_pop', 'money_type', 'money', 'price') consts=['money_type', 'cost_item_id', 'price', False, 'lack_of_gold', 'charge_success_callback', 396, True]
FUNC gclient.gamesystem.entities.avatarmembers.cimp_gacha.PlayerAvatarMember.ReceiveCollectionReward names=('gacha_setting_data', 'data', 'gacha_mgr', 'CallServer') vars=('self', 'gacha_id', 'gacha_mgr') consts=['GachaReceiveCollectMilestoneReward']
FUNC gclient.gamesystem.entities.avatarmembers.cimp_gacha.PlayerAvatarMember.ReceiveMileReward names=('gacha_setting_data', 'data', 'gacha_mgr', 'CallServer') vars=('self', 'gacha_id', 'gacha_mgr') consts=['GachaReceiveMilestoneReward']
FUNC gclient.gamesystem.entities.avatarmembers.cimp_gacha.PlayerAvatarMember.StartCheckFreeState names=('gacha_mgr', 'six2', 'iteritems', 'gacha_setting_data', 'data', 'next_free_time', 'time_util', 'GetTimeNow', 'CheckGachaFreeState') vars=('self', 'gacha_mgr', 'gacha_id', 'gacha', 'gacha_proto', 'next_free_time') consts=['free_time']
FUNC gclient.gamesystem.entities.avatarmembers.cimp_gacha.PlayerAvatarMember.__init_component__ names=('gacha_token_rewards', 'cache_token_rewards') vars=('self', '_') consts=[]
FUNC gclient.gamesystem.entities.avatarmembers.cimp_gacha.Property names=('Property', 'MANUAL', 'is_valid_property_default', 'ValueError', 'sys', '_getframe', 'f_locals', '_initClassWityProperty') vars=('name', 'default', 'flag', 'classLocals') consts=['%s is not valid default type', '__property_all__', '__property_flag__']
CLASS ProtoIdCountMap METHODS=['on_setattr']
FUNC gclient.gamesystem.entities.avatarmembers.cimp_gacha.ProtoIdCountMap.on_setattr names=('genv', 'messenger', 'Broadcast', 'events', 'ON_GACHA_BUY_COUNT_CHANGE', 'get_parent', 'act_id') vars=('self', 'key', 'old', 'new') consts=[]
FUNC gclient.gamesystem.entities.avatarmembers.cimp_gacha._CloseGachaRewardIfVisible names=('gclient.gamesystem.uihall.hall_common_reward_window', 'GachaRewardComp', 'isInited', 'instance', 'visible', 'Close') vars=('GachaRewardComp',) consts=[0, ('GachaRewardComp',)]
FUNC gclient.gamesystem.entities.avatarmembers.cimp_gacha._GetGachaExtraFreeTimes names=('gclient.gamesystem.uihall.hall_ui_util', 'GetGachaExtraFreeTimes') vars=('gacha_setting_proto', 'times', 'GetGachaExtraFreeTimes') consts=[0, ('GetGachaExtraFreeTimes',)]
FUNC gclient.gamesystem.entities.avatarmembers.cimp_gacha._GetMoneyDictByCacheSettingData names=('gclient.gamesystem.uihall.hall_ui_util', 'GetMoneyDictByCacheSettingData') vars=('cache_setting_proto', 'times', 'GetMoneyDictByCacheSettingData') consts=[0, ('GetMoneyDictByCacheSettingData',)]
FUNC gclient.gamesystem.entities.avatarmembers.cimp_gacha._GetMoneyDictByGachaSettingData names=('gclient.gamesystem.uihall.hall_ui_util', 'GetMoneyDictByGachaSettingData') vars=('gacha_setting_proto', 'times', 'GetMoneyDictByGachaSettingData') consts=[0, ('GetMoneyDictByGachaSettingData',)]
FUNC gclient.gamesystem.entities.avatarmembers.cimp_gacha._IsHalloweenGacha names=('gclient.gamesystem.uihall.activity.halloween.halloween_common', 'HALLOWEEN_GACHA_ID') vars=('act_id', 'HALLOWEEN_GACHA_ID') consts=[0, ('HALLOWEEN_GACHA_ID',)]
FUNC gclient.gamesystem.entities.avatarmembers.cimp_gacha._ShowChargePopupWindow names=('gclient.gamesystem.uihall.uimall.mall_pop_up', 'ChargePopupWindow', 'instance', 'Show') vars=('show_info', 'ChargePopupWindow') consts=[0, ('ChargePopupWindow',)]
FUNC gclient.gamesystem.entities.avatarmembers.cimp_gacha._ShowGachaFingerWindow names=('gclient.gamesystem.uihall.uimall.gacha_finger_window', 'GachaFingerWindow', 'instance', 'Show', 'BuildInfo') vars=('act_id', 'item_add', 'times', 'reward_mode', 'GachaFingerWindow') consts=[0, ('GachaFingerWindow',), ('reward_mode',)]
FUNC gclient.gamesystem.entities.avatarmembers.cimp_gacha._ShowGachaJackpotReward names=('gclient.gamesystem.uihall.gacha_jackpot_reward_window', 'GachaJackpotRewardComp', 'instance', 'Show') vars=('item_add', 'GachaJackpotRewardComp') consts=[0, ('GachaJackpotRewardComp',)]
FUNC gclient.gamesystem.entities.avatarmembers.cimp_gacha._ShowGachaReward names=('gclient.gamesystem.uihall.hall_common_reward_window', 'GachaRewardComp', 'RewardMode', 'instance', 'Show', 'BuildInfo', 'Gacha') vars=('reward_data', 'act_id', 'open_func', 'kwargs', 'GachaRewardComp', 'RewardMode') consts=[0, ('GachaRewardComp', 'RewardMode')]
FUNC gclient.gamesystem.entities.avatarmembers.cimp_gacha.rpc_method names=('ANY_SERVER', 'ORDINARY_SERVER', 'append', 'name') vars=('rpctype', 'types', 'argtype', '_rpc_method') consts=[]
MODULE gclient.gamesystem.entities.avatarmembers.cimp_gacha_oneshot FILE='C:\\Program Files (x86)\\bloodstrike\\Package\\Script\\Python/gclient/gamesystem/entities/avatarmembers/cimp_gacha_oneshot.py'
CLASS AvatarMember METHODS=['GetJackpotGachaIds']
FUNC gclient.gamesystem.entities.avatarmembers.cimp_gacha_oneshot.AvatarMember.GetJackpotGachaIds names=('gacha_mgr', 'items', 'IsGachaInOneshot', 'append', 'act_data', 'act_roll_cache', 'IsInOneshot') vars=('self', 'ids', 'act_id', 'act_data') consts=[]
CLASS GachaOneShotType METHODS=['on_append', 'on_assign', 'on_clear', 'on_setattr', 'on_update']
FUNC gclient.gamesystem.entities.avatarmembers.cimp_gacha_oneshot.GachaOneShotType.on_append names=('genv', 'messenger', 'Broadcast', 'events', 'ON_GACHA_ONESHOT_CHANGED') vars=('self', 'args') consts=[]
FUNC gclient.gamesystem.entities.avatarmembers.cimp_gacha_oneshot.GachaOneShotType.on_assign names=('genv', 'messenger', 'Broadcast', 'events', 'ON_GACHA_ONESHOT_CHANGED') vars=('self', 'args') consts=[]
FUNC gclient.gamesystem.entities.avatarmembers.cimp_gacha_oneshot.GachaOneShotType.on_clear names=('genv', 'messenger', 'Broadcast', 'events', 'ON_GACHA_ONESHOT_CHANGED') vars=('self', 'args') consts=[]
FUNC gclient.gamesystem.entities.avatarmembers.cimp_gacha_oneshot.GachaOneShotType.on_setattr names=('genv', 'messenger', 'Broadcast', 'events', 'ON_GACHA_ONESHOT_CHANGED') vars=('self', 'args') consts=[]
FUNC gclient.gamesystem.entities.avatarmembers.cimp_gacha_oneshot.GachaOneShotType.on_update names=('genv', 'messenger', 'Broadcast', 'events', 'ON_GACHA_ONESHOT_CHANGED') vars=('self', 'args') consts=[]
FUNC gclient.gamesystem.entities.avatarmembers.cimp_gacha_oneshot.IsGachaInOneshot names=('IsInOneshot',) vars=('avatar', 'act_data') consts=[]
FUNC gclient.gamesystem.entities.avatarmembers.cimp_gacha_oneshot.Property names=('Property', 'MANUAL', 'is_valid_property_default', 'ValueError', 'sys', '_getframe', 'f_locals', '_initClassWityProperty') vars=('name', 'default', 'flag', 'classLocals') consts=['%s is not valid default type', '__property_all__', '__property_flag__']
FUNC gclient.gamesystem.entities.avatarmembers.cimp_gacha_oneshot.on_gacha_oneshot_change names=('genv', 'messenger', 'Broadcast', 'events', 'ON_GACHA_ONESHOT_CHANGED') vars=('self', 'args') consts=[]
MODULE gclient.gamesystem.entities.avatarmembers.cimp_mall FILE='C:\\Program Files (x86)\\bloodstrike\\Package\\Script\\Python/gclient/gamesystem/entities/avatarmembers/cimp_mall.py'
FUNC gclient.gamesystem.entities.avatarmembers.cimp_mall.GetTimeLimitRealItemId names=() vars=('item_proto',) consts=['use_code_params', 'real_item_id']
FUNC gclient.gamesystem.entities.avatarmembers.cimp_mall.IsCompletelyInvisible names=('visible_limit_data', 'data', 'get', 'id', 'genv', 'avatar', 'GetIpRegion') vars=('avatar_info', 'visible_limit_id', 'visible_proto', 'data_getter', 'completely_invisible_countries_list', 'extra_info', 'logic_country', 'ip_region') consts=[False, 'completely_invisible_countries', 'extra', 'logic_country', '', 'ip_locale', True]
FUNC gclient.gamesystem.entities.avatarmembers.cimp_mall.IsEnableBrazil names=('IsEnableDataVisible',) vars=('avatar', 'visible_limit') consts=[61]
FUNC gclient.gamesystem.entities.avatarmembers.cimp_mall.IsEnableDataVisible names=('visible_limit_data', 'data', 'get', 'MConfig', 'Platform', 'gui', 'language', 'genv', 'app_channel', 'bool', 'GetIpRegion', 'avatar', 'id') vars=('avatar_info', 'visible_limit_id', 'd', 'data_getter', 'visible_platform', 'platform', 'language', 'app_channel', 'visible_server', 'invisible_server', 'extra_info', 'server', 'lang_list', 'logic_country', 'country_list', 'invisible_country_list', 'client_countries', 'client_invisible_country_list', 'ip_region', 'countries_extra_langs', 'extra_langs', 'enable_appchannel', 'invisible_app_channel') consts=[True, 'visible_platform', False, 'visible_server', 'invisible_server', 'extra', 'center_hostnum', 'langs', 'logic_country', '', 'countries', 'invisible_countries', 'client_countries', 'client_invisible_countries', 'id', 'ip_locale', 'countries_extra_langs', 'extra_langs', 'app_channel', 'invisible_app_channel']
FUNC gclient.gamesystem.entities.avatarmembers.cimp_mall.IsTimeLimitItemByProto names=() vars=('item_proto',) consts=['use_code', 'AddItemTime']
FUNC gclient.gamesystem.entities.avatarmembers.cimp_mall.MallItemIsGunSkinAndSubTypeMatch names=('get', 'consts', 'MallType', 'GunSkin') vars=('mall_proto', 'sub_types') consts=['type', 'gun_skin_sub_type']
CLASS PlayerAvatarMember METHODS=['BuyMallItem', 'BuyMallItems', 'GetAllJumpGachaIds', 'GetGachaKeysInGachaWindow', 'GetGachaSettingShelfList', 'GetGachaShelfGunGuiseItemList', 'GetGachaShelfList', 'GetGachaShelfListReddot', 'GetGoldGachaID', 'GetLinkageGachaList', 'GetMallAndGachaShelfList', 'GetMallBuyLimitCnt', 'GetMallData', 'GetMallReddotActProto', 'GetMallShelfGachaList', 'GetOnlyGachaList', 'GetOnlyGachaSettingShelfList', 'GetReturningGachaId', 'IsLinkageGacha', 'IsShowGachaReddot', 'IsShowMallReddot', 'OnBuyMallItems', 'RefreshGachaKeysInGachaWindow', '_GetGachaKeysInGachaWindow', '__post_component__', '_on_set_dump_mall_data']
FUNC gclient.gamesystem.entities.avatarmembers.cimp_mall.PlayerAvatarMember.BuyMallItem names=('CallServer', 'server_random_ticket') vars=('self', 'money_type', 'mall_id', 'client_price', 'show_ui') consts=['BuyMallItem', 'server_random_ticket', 'client_price', 'show_ui']
FUNC gclient.gamesystem.entities.avatarmembers.cimp_mall.PlayerAvatarMember.BuyMallItems names=('update', 'server_random_ticket', 'CallServer') vars=('self', 'money_type', 'mall_id', 'count', 'client_price', 'extra') consts=['server_random_ticket', 'client_price', 'BuyMallItems']
FUNC gclient.gamesystem.entities.avatarmembers.cimp_mall.PlayerAvatarMember.GetAllJumpGachaIds names=('GetMallShelfGachaList', 'GetActRollNoCycleIds', 'GetActGachaPreSaleIds', 'GetActCacheGachaIds') vars=('self', 'ret') consts=[]
FUNC gclient.gamesystem.entities.avatarmembers.cimp_mall.PlayerAvatarMember.GetGachaKeysInGachaWindow names=('_gacha_keys_in_gacha_window', 'set', '_GetGachaKeysInGachaWindow') vars=('self',) consts=[]
FUNC gclient.gamesystem.entities.avatarmembers.cimp_mall.PlayerAvatarMember.GetGachaSettingShelfList names=('GetMallShelfGachaList', 'act_data', 'act_flip', 'GetValidActIds', 'gacha_setting_data', 'data', 'act_flip_setting_data') vars=('self', 'ids', 'flip_ids', 'gacha_id') consts=[]
FUNC gclient.gamesystem.entities.avatarmembers.cimp_mall.PlayerAvatarMember.GetGachaShelfGunGuiseItemList names=('lobby_gun_skin_item_data', 'GUN_ID_TO_GUISE_ITEM_IDS', 'get', 'set', 'GetMallShelfGachaList', 'item_to_gacha_id_data', 'data', 'append') vars=('self', 'gun_id', 'all_guise_ids', 'gacha_guise_item_ids', 'gacha_shelf_set', 'item_id', 'gacha_id') consts=[()]
FUNC gclient.gamesystem.entities.avatarmembers.cimp_mall.PlayerAvatarMember.GetGachaShelfList names=('GetOnlyGachaList', 'gacha_data', 'data') vars=('self', 'ids', 'gacha_id') consts=[]
FUNC gclient.gamesystem.entities.avatarmembers.cimp_mall.PlayerAvatarMember.GetGachaShelfListReddot names=('GetMallData', 'gacha_setting_data', 'data', 'get', 'GetReturningGachaId') vars=('self', 'data', '_id') consts=['on_shelf_gacha_list', 'highly_recommended', False, 'sp_gacha_type', 'is_linkage']
FUNC gclient.gamesystem.entities.avatarmembers.cimp_mall.PlayerAvatarMember.GetGoldGachaID names=('GetOnlyGachaList', 'gacha_setting_data', 'data', 'get', 'consts', 'ItemID', 'GoldGachaItemID') vars=('self', 'gacha_list', 'gacha_id') consts=['first_cost_id']
FUNC gclient.gamesystem.entities.avatarmembers.cimp_mall.PlayerAvatarMember.GetLinkageGachaList names=('GetMallData', 'genv', 'avatar', 'gacha_mgr', 'gacha_setting_data', 'data', 'get', 'Counted', 'IsEnableDataVisible', 'get_act_recharge_act_id', 'IsCompletelyInvisible', 'append', 'sort') vars=('self', 'data', 'gacha_id_list', 'avatar', 'gacha_mgr', 'ret', 'gacha_id', 'proto', 'visible_limit') consts=['on_shelf_gacha_list', 'sp_gacha_type', 'is_linkage', 'visible_limit_id', True, ('key', 'reverse')]
FUNC gclient.gamesystem.entities.avatarmembers.cimp_mall.PlayerAvatarMember.GetMallAndGachaShelfList names=('GetMallData', 'extend', 'mall_data', 'data', 'get', 'gacha_setting_data') vars=('self', 'ret', 'data', '_id') consts=['on_shelf_list', 'highly_recommended', False, 'on_shelf_gacha_list']
FUNC gclient.gamesystem.entities.avatarmembers.cimp_mall.PlayerAvatarMember.GetMallBuyLimitCnt names=('mall_limit_records', 'cnt') vars=('self', 'mall_id', 'mall_limit_records') consts=[0]
FUNC gclient.gamesystem.entities.avatarmembers.cimp_mall.PlayerAvatarMember.GetMallData names=('_mall_data_loaded', 'LoadMallData', 'get', 'gacha_setting_data', 'data', 'append', 'remove') vars=('self', 'act_gacha_list', 'gacha_id', 'gacha_setting_proto') consts=['on_shelf_gacha_list', 'act_gacha']
FUNC gclient.gamesystem.entities.avatarmembers.cimp_mall.PlayerAvatarMember.GetMallReddotActProto names=('genv', 'avatar', 'GetActPiggyBankIds', 'gclient.gamesystem.uihall.uimall.mall_moneybox_window', 'MallMoneyboxWindow', 'HasRedDotForActId', 'append', 'gclient.gamesystem.uihall.uimall.mall_mystery_window', 'MallMysteryWindow', 'IsShowReddot', 'GetMysteryActId', 'gclient.data', 'lobby_pop_data', 'data', 'get') vars=('self', 'act_ids', 'act_list', 'MallMoneyboxWindow', 'act_id', 'MallMysteryWindow', 'lobby_pop_data', 'act_proto', 'proto') consts=[0, ('MallMoneyboxWindow',), ('MallMysteryWindow',), ('lobby_pop_data',), 'click_icon', 'order_id']
FUNC gclient.gamesystem.entities.avatarmembers.cimp_mall.PlayerAvatarMember.GetMallShelfGachaList names=('GetMallData', 'gacha_setting_data', 'data', 'get', 'sort') vars=('self', 'data', 'gacha_id_list', 'gacha_id', 'ret') consts=['on_shelf_gacha_list', 'sp_gacha_type', True, ('key', 'reverse')]
FUNC gclient.gamesystem.entities.avatarmembers.cimp_mall.PlayerAvatarMember.GetOnlyGachaList names=('GetMallData', 'genv', 'avatar', 'gacha_setting_data', 'data', 'GetReturningGachaId', 'get', 'gacha_mgr', 'flip_cur_items', 'append', 'sort', 'remove', 'IsEnableBrazil', 'time_util', 'UtcStampToZoneSecond', 'cconst', 'BRAZIL_GACHA_LIMIT_TIME', 'server_time_zone', 'GetTimeNow') vars=('self', 'data', 'avatar', 'gacha_id_list', 'ret', 'gacha_id') consts=['on_shelf_gacha_list', 'sp_gacha_type', 'is_linkage', True, ('key', 'reverse'), (1310, 1311, 1321, 1322, 1264, 1265, 1314, 1315)]
FUNC gclient.gamesystem.entities.avatarmembers.cimp_mall.PlayerAvatarMember.GetOnlyGachaSettingShelfList names=('GetOnlyGachaList', 'gacha_setting_data', 'data') vars=('self', 'ids', 'gacha_id') consts=[]
FUNC gclient.gamesystem.entities.avatarmembers.cimp_mall.PlayerAvatarMember.GetReturningGachaId names=('genv', 'avatar', 'gacha_mgr', 'keys') vars=('self', 'avatar', 'id') consts=[(1186, 1187)]
FUNC gclient.gamesystem.entities.avatarmembers.cimp_mall.PlayerAvatarMember.IsLinkageGacha names=('gacha_setting_data', 'data', 'get') vars=('self', 'gacha_id', 'proto') consts=[False, 'sp_gacha_type', 'is_linkage', True]
FUNC gclient.gamesystem.entities.avatarmembers.cimp_mall.PlayerAvatarMember.IsShowGachaReddot names=('GetGachaFreeState', 'GetOnlyGachaSettingShelfList', 'GachaFreeState', 'Free', 'LocalConfig', 'mall_reddot_record', 'GetPreSaleState', 'GetActGachaPreSaleIds', 'PreScaleWindowState', 'CanGet', 'set', 'GetGachaShelfListReddot', 'six2', 'itervalues', 'extend', 'union', 'gacha_rank_data', 'data', 'append', 'sorted') vars=('self', 'GetGachaFreeState', 'gacha_setting_proto', 'record', 'GetPreSaleState', 'pre_sale_id', 'state', 'set_recommend', 'record_list', 'ids', 'record_set', 'diff_ids', 'diff_protos', 'id', 'sorted_protos', 'highest_rank_proto') consts=['id', False, True, ('key', 'reverse')]
FUNC gclient.gamesystem.entities.avatarmembers.cimp_mall.PlayerAvatarMember.IsShowMallReddot names=('gclient.gamesystem.uihall.uimall.mall_moneybox_window', 'MallMoneyboxWindow', 'HasRedDot', 'gclient.gamesystem.uihall.uimall.mall_mystery_window', 'MallMysteryWindow', 'IsShowReddot', 'gclient.gamesystem.uihall.uimall.mall_daily_sales_window', 'MallDailySalesWindow', 'gclient.gamesystem.uihall.uimall.mall_limited_window', 'MallLimitedTimeWindow', 'gclient.gamesystem.uihall.uimall.mall_sign_in_buy_window', 'MallSignInBuyWindow', 'gclient.gamesystem.uihall.activity.homie_bp_new.ui_mall_homie_bp_window', 'UIMallHomieBpWindow', 'gclient.gamesystem.uihall.uimall.mall_charge_refund_window', 'MallChargeRefundWindow', 'gclient.gamesystem.uihall.uimall.mall_camouflage_window', 'MallCamouflageWindow', 'gclient.gamesystem.uihall.uimall.mall_football_road_glory_window', 'MallFootballRoadGloryWindow', 'gclient.gamesystem.uihall.activity.itemexchange_store.itemexchange_store_window', 'ItemExchangeStoreWindow', 'LocalConfig', 'mall_reddot_record', 'set', 'GetMallShelfListReddot', 'six2', 'itervalues', 'extend', 'union') vars=('self', 'MallMoneyboxWindow', 'MallMysteryWindow', 'MallDailySalesWindow', 'MallLimitedTimeWindow', 'MallSignInBuyWindow', 'UIMallHomieBpWindow', 'MallChargeRefundWindow', 'MallCamouflageWindow', 'MallFootballRoadGloryWindow', 'ItemExchangeStoreWindow', 'record', 'set_recommend', 'record_list', 'ids', 'record_set') consts=[0, ('MallMoneyboxWindow',), True, ('MallMysteryWindow',), ('MallDailySalesWindow',), ('MallLimitedTimeWindow',), ('MallSignInBuyWindow',), ('UIMallHomieBpWindow',), ('MallChargeRefundWindow',), ('MallCamouflageWindow',), ('MallFootballRoadGloryWindow',), ('ItemExchangeStoreWindow',), False]
FUNC gclient.gamesystem.entities.avatarmembers.cimp_mall.PlayerAvatarMember.OnBuyMallItems names=('set', 'lobby_item_data', 'data', 'add', 'genv', 'AdTrackEvent', 'messenger', 'Broadcast', 'events', 'ON_BUY_MALL_ITEM_SUCCESS') vars=('self', 'item_info_list', 'ads', 'item_id', 'count', 'proto', 'sub_type', 'ad') consts=['sub_type', 'buy_skin', 300, 400, 'buy_striker', 500, 600, 700, 'buy_collection']
FUNC gclient.gamesystem.entities.avatarmembers.cimp_mall.PlayerAvatarMember.RefreshGachaKeysInGachaWindow names=('set', '_GetGachaKeysInGachaWindow', '_gacha_keys_in_gacha_window') vars=('self',) consts=[]
FUNC gclient.gamesystem.entities.avatarmembers.cimp_mall.PlayerAvatarMember._GetGachaKeysInGachaWindow names=('GetMallData', 'extend', 'GetActRollNoCycleIds', 'GetActGachaPreSaleIds', 'GetActCacheGachaIds', 'GetActNewPlayerGachaIds') vars=('self', 'ret', 'data') consts=['on_shelf_gacha_list']
FUNC gclient.gamesystem.entities.avatarmembers.cimp_mall.PlayerAvatarMember.__post_component__ names=('_mall_data_loaded', '_gacha_keys_in_gacha_window', '_mall_type_2_sub_types', '_mall_item_sub_type_2_mall_proto', '_mall_gun_skin_set', '_mall_sub_type_2_gun_skin_set', '_mall_hero_and_skin_mall_proto', 'CacheMallUsedData') vars=('self', '_') consts=[]
FUNC gclient.gamesystem.entities.avatarmembers.cimp_mall.PlayerAvatarMember._on_set_dump_mall_data names=('LoadMallData', '_mall_data_loaded', 'set', '_GetGachaKeysInGachaWindow', '_gacha_keys_in_gacha_window', '_mall_type_2_sub_types', '_mall_item_sub_type_2_mall_proto', '_mall_gun_skin_set', '_mall_sub_type_2_gun_skin_set', '_mall_hero_and_skin_mall_proto', 'CacheMallUsedData') vars=('self', 'old') consts=[]
FUNC gclient.gamesystem.entities.avatarmembers.cimp_mall.Property names=('Property', 'MANUAL', 'is_valid_property_default', 'ValueError', 'sys', '_getframe', 'f_locals', '_initClassWityProperty') vars=('name', 'default', 'flag', 'classLocals') consts=['%s is not valid default type', '__property_all__', '__property_flag__']
FUNC gclient.gamesystem.entities.avatarmembers.cimp_mall.get_act_recharge_act_id names=('genv', 'avatar', 'get_only_timelimit_act_recharge_act_id', 'act_data', 'act_recharge', 'point', 'get_opened_act_recharge_act_id') vars=('act_id', 'act_data') consts=[]
FUNC gclient.gamesystem.entities.avatarmembers.cimp_mall.get_only_timelimit_act_recharge_act_id names=('genv', 'avatar', 'act_data', 'act_recharge', 'GetActIdsOnlyInTimeLimit', 'activity_data', 'data', 'get') vars=('act_ids', 'act_id') consts=['class_name', 'LinkageActivityRechargeWindow']
FUNC gclient.gamesystem.entities.avatarmembers.cimp_mall.get_opened_act_recharge_act_id names=('genv', 'avatar', 'act_data', 'act_recharge', 'GetValidActIds', 'activity_data', 'data', 'get') vars=('act_ids', 'act_id') consts=['class_name', 'LinkageActivityRechargeWindow']
FUNC gclient.gamesystem.entities.avatarmembers.cimp_mall.rpc_method names=('ANY_SERVER', 'ORDINARY_SERVER', 'append', 'name') vars=('rpctype', 'types', 'argtype', '_rpc_method') consts=[]
MODULE gclient.gamesystem.uihall.uimall.mall_box_window FILE='C:\\Program Files (x86)\\bloodstrike\\Package\\Script\\Python/gclient/gamesystem/uihall/uimall/mall_box_window.py'
CLASS BoxItemNode METHODS=['InitNode']
FUNC gclient.gamesystem.uihall.uimall.mall_box_window.BoxItemNode.InitNode names=('seek', 'MallGachaItemNode', 'node', 'base_node', 'LoadAnimFromFile', 'EnableNodeTouch', 'SetSwallowTouches', 'OnClickNode', 'click_func') vars=('self',) consts=['node_item', 'UIScript/node_common_item.csb', True, False]
FUNC gclient.gamesystem.uihall.uimall.mall_box_window.CheckReddotForWidget names=('getattr', 'AddReddot', 'widget', 'AddNewReddot', 'reddot', 'getContentSize', 'width', 'height', 'setPosition', 'cc', 'Vec2', 'visible', 'SetNumber', 'scale') vars=('node', 'reddot_number', 'offset', 'show_number', 'is_new_csb', 'scale', 'red_widget', 'size') consts=['reddot', True, 1.0, False]
FUNC gclient.gamesystem.uihall.uimall.mall_box_window.Components names=() vars=('components', 'kwargs', '_Components') consts=[]
CLASS GachaModelCompBase METHODS=['GetFsmGachaModelCls', 'OnBtnSkinHalfClick', 'OnClosePanelVideo', 'RefreshModelClothes', 'RefreshModelExecuteItem', '__init_data_component__']
FUNC gclient.gamesystem.uihall.uimall.mall_box_window.GachaModelCompBase.GetFsmGachaModelCls names=('FSMGachaModel',) vars=('self',) consts=[]
FUNC gclient.gamesystem.uihall.uimall.mall_box_window.GachaModelCompBase.OnBtnSkinHalfClick names=('fsm_mall_model', 'state', 'FSMTransfer', 'StateMallModelHeroSkin', 'item_id', 'lobby_item_data', 'data', 'gacha_setting_proto', 'StateMallModelHeroSkinFullBody') vars=('self', 'btn', 'fsm_mall_model') consts=['MallModelHeroSkinFullBody']
FUNC gclient.gamesystem.uihall.uimall.mall_box_window.GachaModelCompBase.OnClosePanelVideo names=('fsm_mall_model', 'FSMTransfer', 'StateMallModelHeroSkin', 'item_id', 'lobby_item_data', 'data', 'gacha_setting_proto') vars=('self',) consts=[]
FUNC gclient.gamesystem.uihall.uimall.mall_box_window.GachaModelCompBase.RefreshModelClothes names=('fsm_mall_model', 'FSMForceTransfer', 'StateMallModelHeroSkin', 'gacha_setting_proto') vars=('self', 'item_id', 'item_proto') consts=[]
FUNC gclient.gamesystem.uihall.uimall.mall_box_window.GachaModelCompBase.RefreshModelExecuteItem names=('fsm_mall_model', 'FSMForceTransfer', 'StateGachaModelExecutionItem', 'gacha_setting_proto') vars=('self', 'item_id', 'item_proto') consts=[]
FUNC gclient.gamesystem.uihall.uimall.mall_box_window.GachaModelCompBase.__init_data_component__ names=('BtnModelMode', 'ModelOnly', 'model_mode', 'item_id', 'show_type', 'execution_dlc_id', 'panel_feature_lock', 'panel_feature', 'Swallower', 'common_describe_node', 'GetFsmGachaModelCls', 'fsm_mall_model') vars=('self', 'fsm_cls') consts=[]
CLASS GachaProbabilityPopupWindow METHODS=['GetShowData', 'NewPlayerGachaData', 'RefreshAllPanel']
FUNC gclient.gamesystem.uihall.uimall.mall_box_window.GachaProbabilityPopupWindow.GetShowData names=('gacha_show_data', 'data') vars=('self',) consts=[]
FUNC gclient.gamesystem.uihall.uimall.mall_box_window.GachaProbabilityPopupWindow.NewPlayerGachaData names=('flip_show_data', 'data') vars=('self',) consts=[]
FUNC gclient.gamesystem.uihall.uimall.mall_box_window.GachaProbabilityPopupWindow.RefreshAllPanel names=('data', 'GetShowData', 'GetShowCacheData', 'NewPlayerGachaData', 'get', 'items', 'listview_data', 'sort', 'len', 'listview_data_len', 'listview', 'total_item_num') vars=('self', 'data', 'show_id', 'show_data', 'cache_show_data', 'new_player_gacha_data', 'proto', 'is_token', 'k', 'v') consts=['show_data_id', 'is_token', False, ('key',)]
CLASS GachaReddotComp METHODS=['__after_show_component__']
FUNC gclient.gamesystem.uihall.uimall.mall_box_window.GachaReddotComp.__after_show_component__ names=('GetReddotMallIds', 'LocalConfig', 'mall_reddot_record', 'saveLocalConfig', 'genv', 'messenger', 'Broadcast', 'events', 'ON_REMOVE_GACHA_REDDOT_SUB_MENU', 'cur_key', 'ON_REFRESH_HALL_MAIN_WINDOW_GACHA_REDDOT') vars=('self', 'cur_key') consts=[]
FUNC gclient.gamesystem.uihall.uimall.mall_box_window.GetItemProtoByMallProto names=('lobby_item_data', 'data') vars=('mall_proto', 'item_id') consts=['item_id']
CLASS MallBoxWindow METHODS=['BuildData', 'BuyConfirm', 'CancelGachaFreeTimer', 'ClearTempBuyInfo', 'GachaFreeTimeTick', 'GetFsmGachaModelCls', 'GetReddotMallIds', 'InitData', 'InitNode', 'InitPanelBuy', 'InitPanelBuyWithSpecifyCsb', 'LoadNodeEffectAndSound', 'LoadOneTimeEffectAndSound', 'LoadSpBGM', 'OnBtnScaleClick', 'OnBtnSkinHalfClick', 'OnBuy', 'OnBuyConfirm', 'OnBuyGachaSuccessRefreshPanelBuy', 'OnBuySingle', 'OnBuyTen', 'OnBuyX', 'OnChargePopWindowClose', 'OnClosePanelVideo', 'OnGachaBuyCountChange', 'OnGachaNextFreeTimeChange', 'OnMallModelWeaponModelLoadedForSoundEffectComp', 'OnMetalItemTipClose', 'OnMoneyHonorChange', 'OnMoneyLimitedYuanbaoChange', 'OnMoneyMetalUpdate', 'OnMoneyYuanbaoChange', 'OnRefreshX', 'OnShowRule', 'OnUseGachaDiscountCountChangedForPanelBuy', 'OnWarehouseItemAddedForPanelBuy', 'OnWarehouseItemCountChange', 'OnWarehouseItemCountChanged', 'OnWarehouseItemRemoved', 'PlayLevelEffect', 'PopCameraRollGraph', 'RefreshAllPanel', 'RefreshDetailListview', 'RefreshGachaBuyText', 'RefreshModelClothes', 'RefreshModelExecuteItem', 'RefreshPanelBox', 'RefreshPanelBuy', 'RefreshPanelBuyByCostItemChanged', 'RefreshPanelBuySingle', 'RefreshTextSeasonMoney', 'SetupHallLevelAndCamera', 'ShowProb', 'UnLoadSpBGM', 'UpdateMoneyTxt', '_BuyGacha']
FUNC gclient.gamesystem.uihall.uimall.mall_box_window.MallBoxWindow.BuildData names=('cur_key', 'gacha_box_id', 'gacha_setting_data', 'data', 'gacha_setting_proto', 'get', 'model_pos_key', 'six2', 'values', 'gacha_data', 'listview_data', 'gacha_extra_info', 'sort', 'StartAutoBatchDownloadByLobbyItems', 'int', 'math', 'ceil', 'len', 'float', 'NUM_PER_LINE', 'listview_len') vars=('self', 'proto') consts=['model_pos_id', 'camera_id', 'level_id', ('key',), 'item_id']
FUNC gclient.gamesystem.uihall.uimall.mall_box_window.MallBoxWindow.BuyConfirm names=('GetMoneyDictByGachaSettingData', 'gacha_setting_proto', 'OnBuyConfirm', 'six2', 'values') vars=('self', 'times', 'money_dict') consts=[]
FUNC gclient.gamesystem.uihall.uimall.mall_box_window.MallBoxWindow.CancelGachaFreeTimer names=('gacha_free_timer', 'cancel_timer') vars=('self',) consts=[]
FUNC gclient.gamesystem.uihall.uimall.mall_box_window.MallBoxWindow.ClearTempBuyInfo names=('temp_buy_info',) vars=('self',) consts=[]
FUNC gclient.gamesystem.uihall.uimall.mall_box_window.MallBoxWindow.GachaFreeTimeTick names=('next_free_time', 'time_util', 'GetTimeNow', 'max', 'lang', 'MALL_GACHA_FREE_COUNT_DOWN', 'SecondToHourMinuteSecond', 'txt_buy_single_time', 'text') vars=('self', 'now', 'time_left') consts=[]
FUNC gclient.gamesystem.uihall.uimall.mall_box_window.MallBoxWindow.GetFsmGachaModelCls names=('FSMGachaModel',) vars=('self',) consts=[]
FUNC gclient.gamesystem.uihall.uimall.mall_box_window.MallBoxWindow.GetReddotMallIds names=('gacha_box_id',) vars=('self',) consts=[]
FUNC gclient.gamesystem.uihall.uimall.mall_box_window.MallBoxWindow.InitData names=('cur_key', 'is_select_box_detail', 'box_item_nodes', 'cur_select_id', 'vx_node_path', 'gacha_free_timer', 'next_free_time', '_callComponents') vars=('self',) consts=[False, 'init_data']
FUNC gclient.gamesystem.uihall.uimall.mall_box_window.MallBoxWindow.InitNode names=('root_widget', 'seek', 'panel_content', 'panel_main', '_callComponents', 'InitPanelBuy', 'InitPanelBox', 'panel_download', 'visible', 'txt_tips_warn', 'genv', 'IsHMTVersion') vars=('self', 'panel_content', 'panel_currency') consts=['panel_content', 'panel_main', 'init_node', 'panel_describe', 'panel_currency', 'init_money_node', 'node_money', 'panel_tips', False, 'txt_tips_warm']
FUNC gclient.gamesystem.uihall.uimall.mall_box_window.MallBoxWindow.InitPanelBuy names=('panel_main', 'seek', 'panel_buy', '_callComponents', 'panel_buy_single', 'UIText', 'txt_buy_single_time', 'UICheckBox', 'checkbox_ng_push', 'visible', 'panel_upgrade', 'OgGunUpgradeButton', 'node_upgrade', 'SetFromSource', 'SetShowType') vars=('self',) consts=['panel_btn', 'init_panel_buy', 'txt_time', 'panel_push', 'checkbox', False, 'panel_upgrade', True, 'node_btn', 'mall']
FUNC gclient.gamesystem.uihall.uimall.mall_box_window.MallBoxWindow.InitPanelBuyWithSpecifyCsb names=('seek', 'panel_buy', 'panel_buy_ten', 'panel_buy_single', 'UIText', 'txt_open_buy_ten', 'txt_open_buy_single', 'csb_btn_buy_ten', 'csb_btn_buy_single', 'need_add_csb', 'btn_buy_refresh_num') vars=('self', 'panel_parent', 'node_name', 'panel_buy_ten', 'panel_buy_single') consts=['panel_1', 'panel_btn', 'panel_2', 'txt_open', True]
FUNC gclient.gamesystem.uihall.uimall.mall_box_window.MallBoxWindow.LoadNodeEffectAndSound names=('UnLoadNodeEffectAndSound', 'genv', 'sound_mgr', 'PlayEventById', 'node_sp_effect_sound', 'MType', 'Matrix4x3', 'Vector3', 'get', 'translation', 'math', 'pi', 'set_pitch_yaw_roll', 'effect_util', 'WarpperPlayEffectInWorld2', 'node_sp_effect', 'PlayLevelEffect') vars=('self', 'gacha_proto', 'effect_id_list', 'trans', 'rotation', '_rot', 'func_play_effect', 'node_sp_effect', 'effect_id') consts=['effect_sound', False, ('is_3d',), 'effect_id_list', 'effect_pos', 'effect_rot', 180.0, True, ('insure_play',), (0, 0, 0)]
FUNC gclient.gamesystem.uihall.uimall.mall_box_window.MallBoxWindow.LoadOneTimeEffectAndSound names=('UnLoadOneTimeEffectAndSound', 'gacha_setting_proto', 'genv', 'sound_mgr', 'PlayEventById', 'sp_effect_sound', 'MType', 'Matrix4x3', 'Vector3', 'get', 'translation', 'math', 'pi', 'set_pitch_yaw_roll', 'scale', 'effect_util', 'WarpperPlayEffectInWorld2', 'sp_effect', 'PlayLevelEffect') vars=('self', 'gacha_setting_proto', 'effect_id_list', 'trans', 'effect_pos', 'rotation', '_rot', 'func_play_effect', 'sp_effect', 'effect_id') consts=['effect_sound', False, ('is_3d',), 'effect_id_list', 'effect_pos', 'effect_rot', 180.0, 'effect_scale', True, ('insure_play',), (0, 0, 0)]
FUNC gclient.gamesystem.uihall.uimall.mall_box_window.MallBoxWindow.LoadSpBGM names=('UnLoadSpBGM', 'gacha_setting_proto', 'get', 'model_ctrl', 'SetGachaSettingProto', 'genv', 'sound_mgr', 'CheckABTestCondition', 'avatar', 'LoadMedia', 'SetState') vars=('self', 'gacha_setting_proto', 'sound_bgm', 'sound_sp_state_v', 'sound_sp_bnk', 'sound_bgm_ab_test_condition_id', 'sound_mgr') consts=['sound_bgm', False, 'sound_sp_state_v', 'sound_sp_bnk', 'sound_bgm_ab_test_condition_id', 'music_junxu', 'music_basic', 'Junxu', 'None', 'Shop']
FUNC gclient.gamesystem.uihall.uimall.mall_box_window.MallBoxWindow.OnBtnScaleClick names=('item_id', 'genv', 'messenger', 'Broadcast', 'events', 'ON_GACHA_COMMON_SHOW_MODEL') vars=('self', 'btn') consts=[]
FUNC gclient.gamesystem.uihall.uimall.mall_box_window.MallBoxWindow.OnBtnSkinHalfClick names=('fsm_mall_model', 'state', 'FSMTransfer', 'StateMallModelHeroSkin', 'item_id', 'lobby_item_data', 'data', 'gacha_setting_proto', 'StateMallModelHeroSkinFullBody') vars=('self', 'btn', 'fsm_mall_model') consts=['MallModelHeroSkinFullBody']
FUNC gclient.gamesystem.uihall.uimall.mall_box_window.MallBoxWindow.OnBuy names=('LocalConfig', 'mall_gacha_confirm_popup', 'get', 'cur_key', 'GachaPopUpWindow', 'BuildData', 'gacha_setting_proto', 'OnBuyConfirm', 'ClearTempBuyInfo', 'temp_buy_info', 'instance', 'Show', 'genv', 'avatar', 'CheckCanBuyGacha', 'BuyConfirm') vars=('self', 'times') consts=[True, 'id']
FUNC gclient.gamesystem.uihall.uimall.mall_box_window.MallBoxWindow.OnBuyConfirm names=('gacha_setting_proto', 'get', 'time_util', 'IsInLimitTime', 'GetTimeNow', 'gui', 'Notice', 'lang', 'ACTIVITY_EXPIRED_TIPS', 'GachaPopUpWindow', 'instance', 'Close', 'temp_buy_info', 'LocalConfig', 'roll_nocycle_skip_anim_dict', 'cur_key', '_BuyGacha') vars=('self', 'money_info', 'times', 'gacha_setting_proto', 'begin_time', 'end_time', 'skip_anim') consts=['begin_time', 'end_time', '', False, ('callback', 'show_cancel')]
FUNC gclient.gamesystem.uihall.uimall.mall_box_window.MallBoxWindow.OnBuyGachaSuccessRefreshPanelBuy names=('visible', 'RefreshPanelBuy') vars=('self',) consts=[]
FUNC gclient.gamesystem.uihall.uimall.mall_box_window.MallBoxWindow.OnBuySingle names=('genv', 'avatar', 'GetGachaFreeState', 'cur_key', 'GachaFreeState', 'Free', 'OnBuyConfirm', 'OnBuy') vars=('self', 'btn', 'gacha_free_state', '_') consts=[]
FUNC gclient.gamesystem.uihall.uimall.mall_box_window.MallBoxWindow.OnBuyTen names=('OnBuy',) vars=('self', 'btn') consts=[10]
FUNC gclient.gamesystem.uihall.uimall.mall_box_window.MallBoxWindow.OnBuyX names=('OnBuy', 'LocalConfig', 'mall_gacha_v6_btn_buy_cur_num') vars=('self', 'btn') consts=[]
FUNC gclient.gamesystem.uihall.uimall.mall_box_window.MallBoxWindow.OnChargePopWindowClose names=('getattr', 'GachaPopUpWindow', 'instance', 'Show', 'temp_buy_info') vars=('self', 'recover_buy') consts=['temp_buy_info']
FUNC gclient.gamesystem.uihall.uimall.mall_box_window.MallBoxWindow.OnClosePanelVideo names=('fsm_mall_model', 'FSMTransfer', 'StateMallModelHeroSkin', 'item_id', 'lobby_item_data', 'data', 'gacha_setting_proto') vars=('self',) consts=[]
FUNC gclient.gamesystem.uihall.uimall.mall_box_window.MallBoxWindow.OnGachaBuyCountChange names=('gacha_data', 'data', 'box_item_nodes', 'RefreshData') vars=('self', 'roll_id', 'act_id', 'gacha_proto', 'proto', 'item_id', 'key') consts=['item_id', 'id']
FUNC gclient.gamesystem.uihall.uimall.mall_box_window.MallBoxWindow.OnGachaNextFreeTimeChange names=('cur_key', 'RefreshPanelBuySingle') vars=('self', 'gacha_id') consts=[]
FUNC gclient.gamesystem.uihall.uimall.mall_box_window.MallBoxWindow.OnMallModelWeaponModelLoadedForSoundEffectComp names=('real_visible', 'need_hide_duration', 'gacha_setting_proto', 'model_ctrl', 'AddHiddenReason', 'cconst', 'HIDDEN_REASON_VEHICLE', 'model_hide_timer', 'cancel_timer', 'add_timer') vars=('self', 'gacha_setting_proto', 'hide_duration') consts=[False, 'hide_duration']
FUNC gclient.gamesystem.uihall.uimall.mall_box_window.MallBoxWindow.OnMetalItemTipClose names=('consts', 'ItemID', 'Metal', 'visible', 'node_money', 'PlayAnim') vars=('self', 'item_id') consts=['change']
FUNC gclient.gamesystem.uihall.uimall.mall_box_window.MallBoxWindow.OnMoneyHonorChange names=('txt_honor', 'text') vars=('self', 'honor') consts=[]
FUNC gclient.gamesystem.uihall.uimall.mall_box_window.MallBoxWindow.OnMoneyLimitedYuanbaoChange names=('pre_limited_yuanbao', 'panel_limited_yuanbao', 'visible', 'node_money', 'PlayAnim', 'StartTickLimitedYuanbao', 'SetLimitedYuanbao') vars=('self', 'limite_yuanbao') consts=[0, True, False, 'change_01', ('is_loop',)]
FUNC gclient.gamesystem.uihall.uimall.mall_box_window.MallBoxWindow.OnMoneyMetalUpdate names=('skin_metal_txt', 'text') vars=('self', 'metal') consts=[]
FUNC gclient.gamesystem.uihall.uimall.mall_box_window.MallBoxWindow.OnMoneyYuanbaoChange names=('pre_yuanbao', 'node_money', 'PlayAnim', 'StartTickYuanbao', 'SetYuanbao') vars=('self', 'yuanbao') consts=['change_01', False, ('is_loop',)]
FUNC gclient.gamesystem.uihall.uimall.mall_box_window.MallBoxWindow.OnRefreshX names=('btn_buy_refresh_num', 'len', 'btn_refresh_x', 'visible', 'gacha_setting_proto', 'LocalConfig', 'mall_gacha_v6_btn_buy_cur_num', 'OnBuyX', 'btn_buy_ten', 'buy_func', 'LoadDataGacha', 'get', 'hall_ui_util', 'GetGachaDiscountInfoByGachaId', 'RefreshGachaBuyText', 'txt_open_buy_ten') vars=('self', '_', 'is_change', 'is_refresh', 'gacha_setting_proto', 'num') consts=[2, True, False, 'use_special_icon', 'id', ('use_special_icon', 'discount_info')]
FUNC gclient.gamesystem.uihall.uimall.mall_box_window.MallBoxWindow.OnShowRule names=('gclient.gamesystem.uihall.activity.activity_harvest_window', 'ActPopShowWindow', 'gacha_setting_proto', 'instance', 'Show', 'ui_helper', 'GetStrMsgFromData', 'get') vars=('self', 'btn', 'ActPopShowWindow', 'gacha_settting_proto') consts=[0, ('ActPopShowWindow',), 'tips_txt', 'rule']
FUNC gclient.gamesystem.uihall.uimall.mall_box_window.MallBoxWindow.OnUseGachaDiscountCountChangedForPanelBuy names=('cur_key', 'visible', 'RefreshPanelBuy') vars=('self', 'gacha_id') consts=[]
FUNC gclient.gamesystem.uihall.uimall.mall_box_window.MallBoxWindow.OnWarehouseItemAddedForPanelBuy names=('RefreshPanelBuyByCostItemChanged',) vars=('self', 'item') consts=[]
FUNC gclient.gamesystem.uihall.uimall.mall_box_window.MallBoxWindow.OnWarehouseItemCountChange names=('item_id', 'consts', 'ItemID', 'SeasonMoney', 'RefreshTextSeasonMoney') vars=('self', 'item', 'old_count') consts=[]
FUNC gclient.gamesystem.uihall.uimall.mall_box_window.MallBoxWindow.OnWarehouseItemCountChanged names=('RefreshPanelBuyByCostItemChanged',) vars=('self', 'item', 'old_count') consts=[]
FUNC gclient.gamesystem.uihall.uimall.mall_box_window.MallBoxWindow.OnWarehouseItemRemoved names=('RefreshPanelBuyByCostItemChanged',) vars=('self', 'item') consts=[]
FUNC gclient.gamesystem.uihall.uimall.mall_box_window.MallBoxWindow.PlayLevelEffect names=('GetLevelEffectIds', 'GetLevelEffectValueList', 'effect_util', 'WarpperPlayEffectInWorld2', 'enumerate', 'MType', 'Matrix4x3', 'Vector3', 'GetLevelEffectValue', 'translation', 'math', 'pi', 'set_pitch_yaw_roll', 'scale', 'effect_data', 'data', 'get', 'MHelper', 'PlayCameraEffectById', 'SetLevelEffectHandle') vars=('self', 'proto', 'effect_dict', 'effect_ids', 'pos_list', 'rot_list', 'scale_list', 'func_play_effect', 'idx', 'effect_id', 'trans', 'rotation', '_rot', 'scale', 'is_screen_effect', 'effect') consts=['level_effect_id', 'level_effect_pos', 'level_effect_rot', 'level_effect_scale', 180.0, 'is_screen_effect', False, True, ('insure_play',), (0, 0, 0)]
FUNC gclient.gamesystem.uihall.uimall.mall_box_window.MallBoxWindow.PopCameraRollGraph names=('model_ctrl', 'PopCameraRollGraph') vars=('self',) consts=[]
FUNC gclient.gamesystem.uihall.uimall.mall_box_window.MallBoxWindow.RefreshAllPanel names=('RefreshPanelBox', 'ClickFirstNode', 'RefreshPanelBuy') vars=('self',) consts=[]
FUNC gclient.gamesystem.uihall.uimall.mall_box_window.MallBoxWindow.RefreshDetailListview names=('listview_data', 'listview_len', 'gacha_extra_info', 'visible', 'LoadData', 'NUM_PER_LINE') vars=('self', 'irange', 'listview_data', 'length', 'extra_info', 'idx', 'node') consts=[True, False]
FUNC gclient.gamesystem.uihall.uimall.mall_box_window.MallBoxWindow.RefreshGachaBuyText names=('hall_ui_util', 'GetGachaExtraFreeTimes', 'lang', 'MALL_BUY_OPEN_N_EXTRA', 'text') vars=('self', 'txt_node', 'gacha_setting_proto', 'times', 'free_times') consts=[]
FUNC gclient.gamesystem.uihall.uimall.mall_box_window.MallBoxWindow.RefreshModelClothes names=('fsm_mall_model', 'FSMForceTransfer', 'StateMallModelHeroSkin', 'gacha_setting_proto') vars=('self', 'item_id', 'item_proto') consts=[]
FUNC gclient.gamesystem.uihall.uimall.mall_box_window.MallBoxWindow.RefreshModelExecuteItem names=('fsm_mall_model', 'FSMForceTransfer', 'StateGachaModelExecutionItem', 'gacha_setting_proto') vars=('self', 'item_id', 'item_proto') consts=[]
FUNC gclient.gamesystem.uihall.uimall.mall_box_window.MallBoxWindow.RefreshPanelBox names=('ShowOrHidePanelBoxBanner', 'gacha_setting_proto', 'txt_box_name', 'text', 'get', 'img_pic', 'texture', 'visible', 'panel_vx', 'vx_node_path', 'vx_node', 'removeAllChildren', 'gui', 'CreateWidgetFromFile', 'UINode', 'addChild', 'PlayAnim', 'seek', 'UITexture', 'banner_corner_node', 'LoadData', 'MallCornerNode', 'BuildData', 'consts', 'MallRecommendType', 'SaleTimeLimit', 'listview_len', 'detail_listview', 'total_item_num', 'panel_tips') vars=('self', 'gacha_setting_proto', 'vx_node_path', 'widget', 'new_vx_node') consts=['name', 'banner_vx', 'banner', False, True, 'loop', ('is_loop',), 'panel_pic', 'panel_bg', 'img_pic', 'end_time', ('end_time',), 'rule']
FUNC gclient.gamesystem.uihall.uimall.mall_box_window.MallBoxWindow.RefreshPanelBuy names=('gacha_setting_proto', 'need_add_csb', 'get', 'csb_btn_buy_ten', 'panel_buy_ten', 'removeAllChildren', 'MallBtnBuyAll', 'gui', 'CreateWidgetFromFile', 'btn_buy_ten', 'OnBuyTen', 'buy_func', 'addChild', 'csb_btn_buy_single', 'panel_buy_single', 'btn_buy_single', 'OnBuySingle', 'getContentSize', 'width', 'height', 'btn_buy_single_reddot_offset', 'LoadDataGacha', 'hall_ui_util', 'GetGachaDiscountInfoByGachaId', 'RefreshGachaBuyText', 'txt_open_buy_ten', 'RefreshPanelBuySingle', 'OnRefreshX') vars=('self', 'gacha_setting_proto', 'csb_btn_ten', 'csb_btn_single', 'size') consts=['ten_draw_vx', 'UIScript/node_shop_btn_buy_gold.csb', 'one_draw_vx', 'UIScript/node_shop_btn_buy.csb', 'use_special_icon', True, 'id', ('use_special_icon', 'discount_info'), False]
FUNC gclient.gamesystem.uihall.uimall.mall_box_window.MallBoxWindow.RefreshPanelBuyByCostItemChanged names=('is_destroyed', 'cdata_util', 'IsMoneyCostItem', 'item_id', 'RefreshPanelBuy') vars=('self', 'item') consts=[]
FUNC gclient.gamesystem.uihall.uimall.mall_box_window.MallBoxWindow.RefreshPanelBuySingle names=('btn_buy_single', 'LoadDataGacha', 'gacha_setting_proto', 'genv', 'avatar', 'GetGachaFreeState', 'cur_key', 'next_free_time', 'LoadGachaFreeState', 'GachaFreeState', 'Wait', 'txt_buy_single_time', 'visible', 'CancelGachaFreeTimer', 'add_repeat_timer', 'GachaFreeTimeTick', 'gacha_free_timer', 'Free', 'CheckReddotForWidget', 'btn_buy', 'btn_buy_single_reddot_offset', 'messenger', 'Broadcast', 'events', 'ON_ADD_GACHA_REDDOT_SUB_MENU', 'ON_REMOVE_GACHA_REDDOT_SUB_MENU') vars=('self', 'gacha_free_state', 'next_free_time') consts=[1, True, 0.3, False, ('offset', 'show_number')]
FUNC gclient.gamesystem.uihall.uimall.mall_box_window.MallBoxWindow.RefreshTextSeasonMoney names=('genv', 'avatar', 'warehouse', 'ItemCountByItemId', 'consts', 'ItemID', 'SeasonMoney', 'text_season_money', 'text') vars=('self',) consts=[]
FUNC gclient.gamesystem.uihall.uimall.mall_box_window.MallBoxWindow.SetupHallLevelAndCamera names=('gacha_setting_proto', 'genv', 'space', 'LoadHallLevel', 'cconst', 'HallLevel', 'LEVEL_HALL_MALL', 'ChangeSpecialCameraId') vars=('self', 'proto', 'space') consts=['level_id', 'camera_id', ('half_life',)]
FUNC gclient.gamesystem.uihall.uimall.mall_box_window.MallBoxWindow.ShowProb names=('GachaProbabilityPopupWindow', 'instance', 'Show', 'gacha_box_id') vars=('self', 'btn') consts=['show_data_id']
FUNC gclient.gamesystem.uihall.uimall.mall_box_window.MallBoxWindow.UnLoadSpBGM names=('genv', 'sound_mgr', 'SetState', 'CancelModelHideTimer', 'PopCameraRollGraph', 'model_ctrl', 'SetGachaSettingProto') vars=('self',) consts=['music_basic', 'Shop']
FUNC gclient.gamesystem.uihall.uimall.mall_box_window.MallBoxWindow.UpdateMoneyTxt names=('genv', 'avatar', 'SetYuanbao', 'yuanbao', 'SetLimitedYuanbao', 'limit_yuanbao', 'honor', 'txt_honor', 'text', 'skin_metal_coin', 'skin_metal_txt') vars=('self', 'avatar') consts=[]
FUNC gclient.gamesystem.uihall.uimall.mall_box_window.MallBoxWindow._BuyGacha names=('genv', 'avatar', 'BuyGacha') vars=('self', 'gacha_setting_proto', 'times', 'skip_anim') consts=['id', 'OnGachaRollSkipAnim', 'OnGachaRoll']
CLASS MallCornerNode METHODS=['RefreshPanelSale']
FUNC gclient.gamesystem.uihall.uimall.mall_box_window.MallCornerNode.RefreshPanelSale names=('shop_recommend_type', 'MallRecommendType', 'NONE', 'panel_sale_countdown', 'visible', 'panel_new', 'panel_hot', 'panel_act', 'panel_sale_discount', 'panel_new_sale_discount', 'SaleTimeLimit', 'StartCountDownTick', 'CountDownTick', 'New', 'data', 'txt_new', 'text', 'lang', 'MALL_RECOMMEND_CORNER_TXT', 'SetBgContentSize', 'bg_new', 'Hot', 'txt_hot', 'bg_hot', 'Act', 'txt_act', 'bg_act', 'SaleDiscount', 'txt_sale_discount', 'txt_new_sale_discount', 'bg_sale_discount', 'bg_new_sale_discount', 'SaleOff', 'GachaOff') vars=('self', 'is_new', 'shop_recommend_type') consts=[False, True, 'corner_txt']
CLASS MallGachaBuyWithFreeComp METHODS=['BuyConfirm', 'ClearTempBuyInfo', 'InitPanelBuyWithSpecifyCsb', 'OnBuy', 'OnBuyConfirm', 'OnBuyGachaSuccessRefreshPanelBuy', 'OnBuySingle', 'OnBuyTen', 'OnBuyX', 'OnChargePopWindowClose', 'OnRefreshX', 'OnUseGachaDiscountCountChangedForPanelBuy', 'OnWarehouseItemAddedForPanelBuy', 'OnWarehouseItemCountChanged', 'OnWarehouseItemRemoved', 'RefreshGachaBuyText', 'RefreshPanelBuy', 'RefreshPanelBuyByCostItemChanged', '_BuyGacha', '__init_panel_buy_component__', '__on_post_set_visible_for_mutex_component__']
FUNC gclient.gamesystem.uihall.uimall.mall_box_window.MallGachaBuyWithFreeComp.BuyConfirm names=('GetMoneyDictByGachaSettingData', 'gacha_setting_proto', 'OnBuyConfirm', 'six2', 'values') vars=('self', 'times', 'money_dict') consts=[]
FUNC gclient.gamesystem.uihall.uimall.mall_box_window.MallGachaBuyWithFreeComp.ClearTempBuyInfo names=('temp_buy_info',) vars=('self',) consts=[]
FUNC gclient.gamesystem.uihall.uimall.mall_box_window.MallGachaBuyWithFreeComp.InitPanelBuyWithSpecifyCsb names=('seek', 'panel_buy', 'panel_buy_ten', 'panel_buy_single', 'UIText', 'txt_open_buy_ten', 'txt_open_buy_single', 'csb_btn_buy_ten', 'csb_btn_buy_single', 'need_add_csb', 'btn_buy_refresh_num') vars=('self', 'panel_parent', 'node_name', 'panel_buy_ten', 'panel_buy_single') consts=['panel_1', 'panel_btn', 'panel_2', 'txt_open', True]
FUNC gclient.gamesystem.uihall.uimall.mall_box_window.MallGachaBuyWithFreeComp.OnBuy names=('LocalConfig', 'mall_gacha_confirm_popup', 'get', 'cur_key', 'GachaPopUpWindow', 'BuildData', 'gacha_setting_proto', 'OnBuyConfirm', 'ClearTempBuyInfo', 'temp_buy_info', 'instance', 'Show', 'genv', 'avatar', 'CheckCanBuyGacha', 'BuyConfirm') vars=('self', 'times') consts=[True, 'id']
FUNC gclient.gamesystem.uihall.uimall.mall_box_window.MallGachaBuyWithFreeComp.OnBuyConfirm names=('gacha_setting_proto', 'get', 'time_util', 'IsInLimitTime', 'GetTimeNow', 'gui', 'Notice', 'lang', 'ACTIVITY_EXPIRED_TIPS', 'GachaPopUpWindow', 'instance', 'Close', 'temp_buy_info', 'LocalConfig', 'roll_nocycle_skip_anim_dict', 'cur_key', '_BuyGacha') vars=('self', 'money_info', 'times', 'gacha_setting_proto', 'begin_time', 'end_time', 'skip_anim') consts=['begin_time', 'end_time', '', False, ('callback', 'show_cancel')]
FUNC gclient.gamesystem.uihall.uimall.mall_box_window.MallGachaBuyWithFreeComp.OnBuyGachaSuccessRefreshPanelBuy names=('visible', 'RefreshPanelBuy') vars=('self',) consts=[]
FUNC gclient.gamesystem.uihall.uimall.mall_box_window.MallGachaBuyWithFreeComp.OnBuySingle names=('genv', 'avatar', 'GetGachaFreeState', 'cur_key', 'GachaFreeState', 'Free', 'OnBuyConfirm', 'OnBuy') vars=('self', 'btn', 'gacha_free_state', '_') consts=[]
FUNC gclient.gamesystem.uihall.uimall.mall_box_window.MallGachaBuyWithFreeComp.OnBuyTen names=('OnBuy',) vars=('self', 'btn') consts=[10]
FUNC gclient.gamesystem.uihall.uimall.mall_box_window.MallGachaBuyWithFreeComp.OnBuyX names=('OnBuy', 'LocalConfig', 'mall_gacha_v6_btn_buy_cur_num') vars=('self', 'btn') consts=[]
FUNC gclient.gamesystem.uihall.uimall.mall_box_window.MallGachaBuyWithFreeComp.OnChargePopWindowClose names=('getattr', 'GachaPopUpWindow', 'instance', 'Show', 'temp_buy_info') vars=('self', 'recover_buy') consts=['temp_buy_info']
FUNC gclient.gamesystem.uihall.uimall.mall_box_window.MallGachaBuyWithFreeComp.OnRefreshX names=('btn_buy_refresh_num', 'len', 'btn_refresh_x', 'visible', 'gacha_setting_proto', 'LocalConfig', 'mall_gacha_v6_btn_buy_cur_num', 'OnBuyX', 'btn_buy_ten', 'buy_func', 'LoadDataGacha', 'get', 'hall_ui_util', 'GetGachaDiscountInfoByGachaId', 'RefreshGachaBuyText', 'txt_open_buy_ten') vars=('self', '_', 'is_change', 'is_refresh', 'gacha_setting_proto', 'num') consts=[2, True, False, 'use_special_icon', 'id', ('use_special_icon', 'discount_info')]
FUNC gclient.gamesystem.uihall.uimall.mall_box_window.MallGachaBuyWithFreeComp.OnUseGachaDiscountCountChangedForPanelBuy names=('cur_key', 'visible', 'RefreshPanelBuy') vars=('self', 'gacha_id') consts=[]
FUNC gclient.gamesystem.uihall.uimall.mall_box_window.MallGachaBuyWithFreeComp.OnWarehouseItemAddedForPanelBuy names=('RefreshPanelBuyByCostItemChanged',) vars=('self', 'item') consts=[]
FUNC gclient.gamesystem.uihall.uimall.mall_box_window.MallGachaBuyWithFreeComp.OnWarehouseItemCountChanged names=('RefreshPanelBuyByCostItemChanged',) vars=('self', 'item', 'old_count') consts=[]
FUNC gclient.gamesystem.uihall.uimall.mall_box_window.MallGachaBuyWithFreeComp.OnWarehouseItemRemoved names=('RefreshPanelBuyByCostItemChanged',) vars=('self', 'item') consts=[]
FUNC gclient.gamesystem.uihall.uimall.mall_box_window.MallGachaBuyWithFreeComp.RefreshGachaBuyText names=('hall_ui_util', 'GetGachaExtraFreeTimes', 'lang', 'MALL_BUY_OPEN_N_EXTRA', 'text') vars=('self', 'txt_node', 'gacha_setting_proto', 'times', 'free_times') consts=[]
FUNC gclient.gamesystem.uihall.uimall.mall_box_window.MallGachaBuyWithFreeComp.RefreshPanelBuy names=('gacha_setting_proto', 'need_add_csb', 'get', 'csb_btn_buy_ten', 'panel_buy_ten', 'removeAllChildren', 'MallBtnBuyAll', 'gui', 'CreateWidgetFromFile', 'btn_buy_ten', 'OnBuyTen', 'buy_func', 'addChild', 'csb_btn_buy_single', 'panel_buy_single', 'btn_buy_single', 'OnBuySingle', 'getContentSize', 'width', 'height', 'btn_buy_single_reddot_offset', 'LoadDataGacha', 'hall_ui_util', 'GetGachaDiscountInfoByGachaId', 'RefreshGachaBuyText', 'txt_open_buy_ten', 'RefreshPanelBuySingle', 'OnRefreshX') vars=('self', 'gacha_setting_proto', 'csb_btn_ten', 'csb_btn_single', 'size') consts=['ten_draw_vx', 'UIScript/node_shop_btn_buy_gold.csb', 'one_draw_vx', 'UIScript/node_shop_btn_buy.csb', 'use_special_icon', True, 'id', ('use_special_icon', 'discount_info'), False]
FUNC gclient.gamesystem.uihall.uimall.mall_box_window.MallGachaBuyWithFreeComp.RefreshPanelBuyByCostItemChanged names=('is_destroyed', 'cdata_util', 'IsMoneyCostItem', 'item_id', 'RefreshPanelBuy') vars=('self', 'item') consts=[]
FUNC gclient.gamesystem.uihall.uimall.mall_box_window.MallGachaBuyWithFreeComp._BuyGacha names=('genv', 'avatar', 'BuyGacha') vars=('self', 'gacha_setting_proto', 'times', 'skip_anim') consts=['id', 'OnGachaRollSkipAnim', 'OnGachaRoll']
FUNC gclient.gamesystem.uihall.uimall.mall_box_window.MallGachaBuyWithFreeComp.__init_panel_buy_component__ names=('seek', 'panel_buy', 'panel_buy_ten', 'MallBtnBuyAll', 'btn_buy_ten', 'UIText', 'txt_open_buy_ten', 'OnBuyTen', 'buy_func', 'panel_buy_single', 'btn_buy_single', 'txt_open_buy_single', 'OnBuySingle', 'btn_buy', 'getContentSize', 'width', 'height', 'btn_buy_single_reddot_offset', 'need_add_csb', 'btn_buy_refresh_num', 'temp_buy_info') vars=('self', 'panel_parent', 'node_name', 'panel_buy_ten', 'panel_buy_single', 'size') consts=['panel_1', 'node_btn', 'txt_open', 'panel_2', False]
FUNC gclient.gamesystem.uihall.uimall.mall_box_window.MallGachaBuyWithFreeComp.__on_post_set_visible_for_mutex_component__ names=('getattr', 'GachaPopUpWindow', 'instance', 'Show', 'temp_buy_info') vars=('self', 'value') consts=['temp_buy_info']
CLASS MallGachaItemNode METHODS=['InitData', 'LoadData']
FUNC gclient.gamesystem.uihall.uimall.mall_box_window.MallGachaItemNode.InitData names=('super', 'MallGachaItemNode', 'InitData', 'has_got') vars=('self',) consts=[False]
FUNC gclient.gamesystem.uihall.uimall.mall_box_window.MallGachaItemNode.LoadData names=('super', 'MallGachaItemNode', 'LoadData', 'has_got', 'get', 'GunUpgradeDataMgr', 'instance', 'ItemId2BaseLevelItem', 'lobby_item_data', 'data', 'consts', 'WarehouseItemType', 'MeleeWeapon', 'Clothes', 'GunSkin', 'GunGuise', 'ItemSubType', 'Execute', 'Trailing', 'DeathBox', 'Emote', 'BaseItemId2AllLevelItems', 'genv', 'avatar', 'warehouse', 'ItemCountByItemId', 'txt_no_recycle_count', 'visible', 'split', 'int', 'gacha_mgr', 'panel_have', 'max', 'text', 'cache_setting_data', 'act_data', 'act_roll_cache', 'inside_reward_record', 'len', 'round_reward_dict', 'items', 'round_record_dict', 'SetItemNum', 'bool', 'ItemCountIncludeUpgradeItem', 'base_node', 'ShowIconCollection') vars=('self', 'data', 'extra_info', 'has_got', 'is_token', 'item_id', 'base_item_id', '_', 'base_item_proto', 'base_sub_type', 'sub_type', 'upgrade_items', 'ItemCountByItemId', 'gacha_id', 'roll_id', 'gacha_mgr', 'roll_limit', 'record_key', 'avatar', 'warehouse_has_got', 'count', 'roll_count', 'round', 'proto', 'key', 'rolled_id', 'collection_price') consts=[False, 'is_token', 'item_id', 'sub_type', True, 'roll_limit', 'id', '.', 'token_roll_record', 'proto_id_count', 'no_cycle', '/', 'item_count', 'collection_price']
CLASS MallGachaPopup METHODS=['BuildGachaData', 'GetMoneyDict', 'InitNode', 'OnBuy', 'OnBuyGachaSuccess', 'PreRefreshAllPanel', 'RefreshAllPanel']
FUNC gclient.gamesystem.uihall.uimall.mall_box_window.MallGachaPopup.BuildGachaData names=() vars=('cls', 'gacha_setting_proto', 'times', 'buy_func') consts=['gacha_setting_proto', 'times', 'buy_func']
FUNC gclient.gamesystem.uihall.uimall.mall_box_window.MallGachaPopup.GetMoneyDict names=('info', 'GetMoneyDictByGachaSettingData') vars=('self', 'info') consts=['gacha_setting_proto', 'times']
FUNC gclient.gamesystem.uihall.uimall.mall_box_window.MallGachaPopup.InitNode names=('super', 'MallGachaPopup', 'InitNode', 'panel_pop', 'seek', 'panel_box', 'UITexture', 'img_box', 'panel_box_inner', 'UIText', 'txt_box_name', 'txt_count', 'txt_one_more') vars=('self',) consts=['panel_box', 'panel_pic', 'img_pic', 'txt_name', 'txt_num', 'txt_more']
FUNC gclient.gamesystem.uihall.uimall.mall_box_window.MallGachaPopup.OnBuy names=('CheckBuy', 'data', 'info') vars=('self', 'node', 'data', 'money_type', 'price', 'info', 'buy_func') consts=['money_type', 'price', 'buy_func', 'times']
FUNC gclient.gamesystem.uihall.uimall.mall_box_window.MallGachaPopup.OnBuyGachaSuccess names=('Close',) vars=('self',) consts=[]
FUNC gclient.gamesystem.uihall.uimall.mall_box_window.MallGachaPopup.PreRefreshAllPanel names=('super', 'MallGachaPopup', 'PreRefreshAllPanel', 'info', 'txt_one_more', 'visible', 'lang', 'WAREHOUSE_ITEM_COUNT', 'txt_count', 'text') vars=('self', 'info', 'is_buy_ten') consts=['times', True, False]
FUNC gclient.gamesystem.uihall.uimall.mall_box_window.MallGachaPopup.RefreshAllPanel names=('super', 'MallGachaPopup', 'RefreshAllPanel', 'info', 'img_box', 'texture', 'txt_box_name', 'text') vars=('self', 'info', 'gacha_setting_proto') consts=['gacha_setting_proto', 'small_icon', 'name']
CLASS MallMoneyAutoRefreshComp METHODS=['OnMoneyHonorChange', 'OnMoneyYuanbaoChange']
FUNC gclient.gamesystem.uihall.uimall.mall_box_window.MallMoneyAutoRefreshComp.OnMoneyHonorChange names=('txt_honor', 'text') vars=('self', 'honor') consts=[]
FUNC gclient.gamesystem.uihall.uimall.mall_box_window.MallMoneyAutoRefreshComp.OnMoneyYuanbaoChange names=('pre_yuanbao', 'node_money', 'PlayAnim', 'StartTickYuanbao', 'SetYuanbao') vars=('self', 'yuanbao') consts=['change_01', False, ('is_loop',)]
CLASS MallSoundAndEffectComp METHODS=['LoadNodeEffectAndSound', 'LoadOneTimeEffectAndSound', 'LoadSpBGM', 'OnMallModelWeaponModelLoadedForSoundEffectComp', 'PlayLevelEffect', 'PopCameraRollGraph', 'UnLoadSpBGM']
FUNC gclient.gamesystem.uihall.uimall.mall_box_window.MallSoundAndEffectComp.LoadNodeEffectAndSound names=('UnLoadNodeEffectAndSound', 'genv', 'sound_mgr', 'PlayEventById', 'node_sp_effect_sound', 'MType', 'Matrix4x3', 'Vector3', 'get', 'translation', 'math', 'pi', 'set_pitch_yaw_roll', 'effect_util', 'WarpperPlayEffectInWorld2', 'node_sp_effect', 'PlayLevelEffect') vars=('self', 'gacha_proto', 'effect_id_list', 'trans', 'rotation', '_rot', 'func_play_effect', 'node_sp_effect', 'effect_id') consts=['effect_sound', False, ('is_3d',), 'effect_id_list', 'effect_pos', 'effect_rot', 180.0, True, ('insure_play',), (0, 0, 0)]
FUNC gclient.gamesystem.uihall.uimall.mall_box_window.MallSoundAndEffectComp.LoadOneTimeEffectAndSound names=('UnLoadOneTimeEffectAndSound', 'gacha_setting_proto', 'genv', 'sound_mgr', 'PlayEventById', 'sp_effect_sound', 'MType', 'Matrix4x3', 'Vector3', 'get', 'translation', 'math', 'pi', 'set_pitch_yaw_roll', 'scale', 'effect_util', 'WarpperPlayEffectInWorld2', 'sp_effect', 'PlayLevelEffect') vars=('self', 'gacha_setting_proto', 'effect_id_list', 'trans', 'effect_pos', 'rotation', '_rot', 'func_play_effect', 'sp_effect', 'effect_id') consts=['effect_sound', False, ('is_3d',), 'effect_id_list', 'effect_pos', 'effect_rot', 180.0, 'effect_scale', True, ('insure_play',), (0, 0, 0)]
FUNC gclient.gamesystem.uihall.uimall.mall_box_window.MallSoundAndEffectComp.LoadSpBGM names=('UnLoadSpBGM', 'gacha_setting_proto', 'get', 'model_ctrl', 'SetGachaSettingProto', 'genv', 'sound_mgr', 'CheckABTestCondition', 'avatar', 'LoadMedia', 'SetState') vars=('self', 'gacha_setting_proto', 'sound_bgm', 'sound_sp_state_v', 'sound_sp_bnk', 'sound_bgm_ab_test_condition_id', 'sound_mgr') consts=['sound_bgm', False, 'sound_sp_state_v', 'sound_sp_bnk', 'sound_bgm_ab_test_condition_id', 'music_junxu', 'music_basic', 'Junxu', 'None', 'Shop']
FUNC gclient.gamesystem.uihall.uimall.mall_box_window.MallSoundAndEffectComp.OnMallModelWeaponModelLoadedForSoundEffectComp names=('real_visible', 'need_hide_duration', 'gacha_setting_proto', 'model_ctrl', 'AddHiddenReason', 'cconst', 'HIDDEN_REASON_VEHICLE', 'model_hide_timer', 'cancel_timer', 'add_timer') vars=('self', 'gacha_setting_proto', 'hide_duration') consts=[False, 'hide_duration']
FUNC gclient.gamesystem.uihall.uimall.mall_box_window.MallSoundAndEffectComp.PlayLevelEffect names=('GetLevelEffectIds', 'GetLevelEffectValueList', 'effect_util', 'WarpperPlayEffectInWorld2', 'enumerate', 'MType', 'Matrix4x3', 'Vector3', 'GetLevelEffectValue', 'translation', 'math', 'pi', 'set_pitch_yaw_roll', 'scale', 'effect_data', 'data', 'get', 'MHelper', 'PlayCameraEffectById', 'SetLevelEffectHandle') vars=('self', 'proto', 'effect_dict', 'effect_ids', 'pos_list', 'rot_list', 'scale_list', 'func_play_effect', 'idx', 'effect_id', 'trans', 'rotation', '_rot', 'scale', 'is_screen_effect', 'effect') consts=['level_effect_id', 'level_effect_pos', 'level_effect_rot', 'level_effect_scale', 180.0, 'is_screen_effect', False, True, ('insure_play',), (0, 0, 0)]
FUNC gclient.gamesystem.uihall.uimall.mall_box_window.MallSoundAndEffectComp.PopCameraRollGraph names=('model_ctrl', 'PopCameraRollGraph') vars=('self',) consts=[]
FUNC gclient.gamesystem.uihall.uimall.mall_box_window.MallSoundAndEffectComp.UnLoadSpBGM names=('genv', 'sound_mgr', 'SetState', 'CancelModelHideTimer', 'PopCameraRollGraph', 'model_ctrl', 'SetGachaSettingProto') vars=('self',) consts=['music_basic', 'Shop']
CLASS OgGunUpgradeButton METHODS=['CheckReddot']
FUNC gclient.gamesystem.uihall.uimall.mall_box_window.OgGunUpgradeButton.CheckReddot names=('next_item_id', 'genv', 'avatar', 'lobby_item_upgrade_data', 'data', 'base_item_id', 'cur_level', 'get', 'cconst', 'COMMON_UP_POINT_ITEM_ID', 'GetItemCountByCostItemId', 'LocalConfig', 'item_upgrade', 'item_id', 'warehouse', 'HasItemByItemId', 'CheckReddotForWidget', 'panel_inlet') vars=('self', 'avatar', 'upgrade_proto', 'cost_item_id', 'cost_item_num', 'item_count', 'reddot', 'item_upgrade') consts=[1, 'upgrade_item', 'upgrade_cost', True, False, ('offset', 'show_number'), (235, 62)]
CLASS UIListViewCycle METHODS=['AbsorbToNearestIdx', 'AdjustSizeByContent', 'GetAllItemsSizeRange', 'GetCurIndex', 'GetPercentForItemIdx', 'JumpToIndexEx', 'JumpToIndexForVaryingLengthItem', 'ScrollToIndex2', 'ScrollToIndex4', 'ScrollToIndexEx', 'ScrollToIndexForVaryingLengthItem', 'SetContentSizeWithItemsMargin', 'StrollToIndex', '_CalcPercentOfIndexForVaryingLengthItem', '__init__', '_onEventTriggered', 'addScrollListenerBottom', 'addScrollListenerBoundary', 'addScrollListenerTop', 'addScrollListenerTopAnway', 'create', 'jumpToBottom', 'jumpToIndex', 'jumpToIndex2', 'jumpToIndex3', 'jumpToPercent', 'jumpToTop']
FUNC gclient.gamesystem.uihall.uimall.mall_box_window.UIListViewCycle.AbsorbToNearestIdx names=('total_item_num', 'GetCurIndex', 'GetInnerPercent', 'GetPercentForItemIdx', 'abs', 'JumpToIndexForVaryingLengthItem', 'ScrollToIndex2') vars=('self', 'is_jump', 'interval', 'total_item_num', 'max_idx', 'min_idx', 'cur_idx', 'percent_cur', 'get_percent_for_idx', 'target_idx', 'min_diff', 'candidate', 'percent_candidate', 'diff') consts=[1, True]
FUNC gclient.gamesystem.uihall.uimall.mall_box_window.UIListViewCycle.AdjustSizeByContent names=('widget', 'getDirection', 'ccui', 'SCROLLVIEW_DIRECTION_HORIZONTAL', 'SetWidth', 'GetAllItemsSize', 'width', 'SetHeight', 'height') vars=('self', 'visible_only') consts=[]
FUNC gclient.gamesystem.uihall.uimall.mall_box_window.UIListViewCycle.GetAllItemsSizeRange names=('total_item_num', '_items', 'widget', 'getDirection', 'ccui', 'SCROLLVIEW_DIRECTION_HORIZONTAL', 'sum', 'getItemsMargin', 'len', 'cc', 'Size', 'GetHeight', 'GetWidth') vars=('self', 'start', 'stop', 'items', 'width', 'height') consts=[]
FUNC gclient.gamesystem.uihall.uimall.mall_box_window.UIListViewCycle.GetCurIndex names=('widget', 'ccui', 'SCROLLVIEW_DIRECTION_HORIZONTAL', 'getDirection', 'getInnerContainer', 'getContentSize', 'width', 'height', 'getPositionX', 'getPositionY', 'getItemsMargin', '_items', 'item_num', '_GetItemWidth', '_GetItemHeight', 'total_item_num', 'getCurIdx', 'range') vars=('self', 'extra_percent', 'force_multi_type', 'bottom', 'widget', 'horizontal', 'inner', 'inner_size', 'total_length', 'viewport_size', 'viewport_length', 'total_percent_length', 'inner_pos', 'items_margin', 'items', 'item_num', 'get_item_length', 'total_item_num', 'cur_idx', 'calc_length', 'ret', 'i') consts=[0]
FUNC gclient.gamesystem.uihall.uimall.mall_box_window.UIListViewCycle.GetPercentForItemIdx names=('widget', 'ccui', 'SCROLLVIEW_DIRECTION_HORIZONTAL', 'getDirection', 'getInnerContainer', 'getContentSize', 'width', 'height', 'total_item_num', 'getItemsMargin', 'getNode', '_node_func', 'range', '_items', 'min') vars=('self', 'target_idx', 'force_multi_type', 'widget', 'horizontal', 'inner_size', 'total_length', 'total_item_num', 'max_idx', 'items_margin', 'get_node', 'cur_length', '_l', 'idx', 'item', 'item_length', 'count') consts=[1]
FUNC gclient.gamesystem.uihall.uimall.mall_box_window.UIListViewCycle.JumpToIndexEx names=('total_item_num', 'min', 'max', 'widget', 'ccui', 'SCROLLVIEW_DIRECTION_HORIZONTAL', 'getDirection', 'item_num', 'getItemsMargin', '_items', '_GetItemWidth', '_GetItemHeight', 'getContentSize', 'width', 'height', 'math', 'ceil', '_setCurIdx', 'refreshView', 'getInnerContainerSize', 'range', 'jumpToPercentHorizontal', 'jumpToPercentVertical') vars=('self', 'idx', 'viewport_percent', 'item_percent', 'total_item_num', 'widget', 'is_horizontal', 'item_num', 'max_jump_idx', 'items_margin', 'items', 'viewport_size', 'viewport_length', 'base_idx', 'min_length', 'extra_item_count', 'jump_idx', 'inner_container_size', 'inner_container_length', 'total_move_length', 'percent', 'move_item_count', 'move_length', 'i', 'diff_count', 'diff_length', 'extra_length') consts=[0, ('key',), 0.0, 1.0, 100.0]
FUNC gclient.gamesystem.uihall.uimall.mall_box_window.UIListViewCycle.JumpToIndexForVaryingLengthItem names=('_CalcPercentOfIndexForVaryingLengthItem', 'ccui', 'SCROLLVIEW_DIRECTION_HORIZONTAL', 'widget', 'getDirection', 'jumpToPercentHorizontal', 'jumpToPercentVertical') vars=('self', 'idx', 'child_percent', 'percent') consts=[]
FUNC gclient.gamesystem.uihall.uimall.mall_box_window.UIListViewCycle.ScrollToIndex2 names=('math', 'floor', 'widget_length', 'clone_node_length', 'getItemsMargin', '_setCurIdx', 'max', 'min', '_total_item_num', 'item_num', 'widget', 'refreshView', 'getCurIdx', 'total_item_num', 'ccui', 'SCROLLVIEW_DIRECTION_HORIZONTAL', 'getDirection', 'scrollToPercentHorizontal', 'scrollToPercentVertical') vars=('self', 'idx', 'interval', 'visible_num', 'percent') consts=[0, 100.0, False]
FUNC gclient.gamesystem.uihall.uimall.mall_box_window.UIListViewCycle.ScrollToIndex4 names=('_setCurIdx', 'widget_length', 'clone_node_length', 'total_item_num', 'float', 'ccui', 'SCROLLVIEW_DIRECTION_HORIZONTAL', 'widget', 'getDirection', 'scrollToPercentHorizontal', 'scrollToPercentVertical') vars=('self', 'idx', 'interval', 'visible_float_num', 'percent') consts=[0, False]
FUNC gclient.gamesystem.uihall.uimall.mall_box_window.UIListViewCycle.ScrollToIndexEx names=('item_num', 'widget', 'ccui', 'SCROLLVIEW_DIRECTION_HORIZONTAL', 'getDirection', 'getItemsMargin', 'total_item_num', 'max', 'round', 'min', '_items', '_GetItemWidth', '_GetItemHeight', 'getCurIdx', 'getInnerContainer', 'getPosition', 'x', 'y', 'getContentSize', 'width', 'height', 'getInnerContainerSize', 'int', 'math', 'ceil', 'range', '_setCurIdx', 'jumpToPercentHorizontal', 'jumpToPercentVertical', 'scrollToPercentHorizontal', 'scrollToPercentVertical') vars=('self', 'idx', 'interval', 'item_num', 'widget', 'is_horizontal', 'items_margin', 'total_item_num', 'max_jump_idx', '_items', 'max_item_length', 'cur_idx', 'inner_container_position', 'inner_pos', 'viewport_size', 'viewport_length', 'inner_container_size', 'inner_container_length', 'total_move_length', 'top_rest_length', 'max_scroll_count', 'scroll_length', 'i', 'percent', 'real_idx', '_cur_calc_length', 'next_idx', 'next_length', 'base_length', 'base_idx', 'base_percent', 'need_scroll_count', 'jump_idx', 'jump_length', 'show_length', 'show_bottom_idx') consts=[0, ('key',), 0.0, 1.0, 100.0, False]
FUNC gclient.gamesystem.uihall.uimall.mall_box_window.UIListViewCycle.ScrollToIndexForVaryingLengthItem names=('_CalcPercentOfIndexForVaryingLengthItem', 'ccui', 'SCROLLVIEW_DIRECTION_HORIZONTAL', 'widget', 'getDirection', 'scrollToPercentHorizontal', 'scrollToPercentVertical') vars=('self', 'idx', 'interval', 'child_percent', 'percent') consts=[False]
FUNC gclient.gamesystem.uihall.uimall.mall_box_window.UIListViewCycle.SetContentSizeWithItemsMargin names=('ccui', 'SCROLLVIEW_DIRECTION_HORIZONTAL', 'widget', 'getDirection', 'getContentSize', 'height', 'clone_node_length', 'getItemsMargin', 'int', 'setContentSize', 'cc', 'Size', 'width') vars=('self', 'item_num', 'height', 'width') consts=[1]
FUNC gclient.gamesystem.uihall.uimall.mall_box_window.UIListViewCycle.StrollToIndex names=('_setCurIdx', 'max', 'min', '_total_item_num', 'item_num', 'widget', 'refreshView', 'scrollToTop') vars=('self', 'idx') consts=[0, 0.2, False]
FUNC gclient.gamesystem.uihall.uimall.mall_box_window.UIListViewCycle._CalcPercentOfIndexForVaryingLengthItem names=('_total_item_num', 'item_num', 'max', 'min', '_setCurIdx', 'widget', 'refreshView', 'getItems', 'getItemsMargin', 'ccui', 'SCROLLVIEW_DIRECTION_HORIZONTAL', 'getDirection', 'enumerate', 'getContentSize', 'width', 'height', 'getInnerContainer', 'widget_length') vars=('self', 'idx', 'child_percent', 'max_idx', 'curIdx', 'widget', 'items', 'items_margin', 'horizontal', 'target_length', 'target_idx', 'i', 'item', 'length', 'inner_size', 'total_length', 'delta_length', 'percent') consts=[0, 100.0]
FUNC gclient.gamesystem.uihall.uimall.mall_box_window.UIListViewCycle.__init__ names=('super', 'UIListViewCycle', '__init__', 'EnableTouch', 'item_num', '_total_item_num', '_items', 'cur_idx_content', 'has_init', '_node_func', 'auto_expand', 'UINode', 'obj_type', 'setContent', 'scrollListener', 'scroll_percent_listener', 'origin_children', 'scroll_to_boundary', 'scroll_to_top', 'scroll_to_bottom', 'latest_jump_time', 'scroll_bounce_touch_began_listener', 'scroll_bounce_touch_ended_listener', 'scroll_to_top_anway', 'delay_create_func') vars=('self', 'listview') consts=[True, False]
FUNC gclient.gamesystem.uihall.uimall.mall_box_window.UIListViewCycle._onEventTriggered names=('ccui', 'SCROLLVIEW_EVENTTYPE_SCROLLING', 'cur_idx_content', 'widget', 'getCurIdx', 'refreshContent', 'item_num', '_total_item_num', 'scroll_to_boundary', 'scrollListener', 'scroll_percent_listener', 'SCROLLVIEW_DIRECTION_HORIZONTAL', 'getDirection', 'getInnerContainer', 'getPositionX', 'getLayoutSize', 'width', 'getPositionY', 'height', 'abs', 'SCROLLVIEW_EVENT_SCROLL_TO_BOTTOM', 'scroll_to_bottom', 'SCROLLVIEW_EVENT_SCROLL_TO_TOP', 'latest_jump_time', 'time', 'scroll_to_top', 'SCROLLVIEW_EVENTTYPE_BOUNCE_TOUCH_BEGAN', 'scroll_bounce_touch_began_listener', 'SCROLLVIEW_EVENTTYPE_BOUNCE_TOUCH_ENDED', 'scroll_bounce_touch_ended_listener') vars=('self', 'widget', 'event', 'percent', 'is_auto_scroll') consts=[0.2, True]
FUNC gclient.gamesystem.uihall.uimall.mall_box_window.UIListViewCycle.addScrollListenerBottom names=('scroll_to_bottom',) vars=('self', 'func') consts=[]
FUNC gclient.gamesystem.uihall.uimall.mall_box_window.UIListViewCycle.addScrollListenerBoundary names=('scroll_to_boundary',) vars=('self', 'func') consts=[]
FUNC gclient.gamesystem.uihall.uimall.mall_box_window.UIListViewCycle.addScrollListenerTop names=('scroll_to_top',) vars=('self', 'func') consts=[]
FUNC gclient.gamesystem.uihall.uimall.mall_box_window.UIListViewCycle.addScrollListenerTopAnway names=('scroll_to_top_anway',) vars=('self', 'func') consts=[]
FUNC gclient.gamesystem.uihall.uimall.mall_box_window.UIListViewCycle.create names=('widget', 'getChildren', 'partial', 'create', 'delay_create_func', 'setVisible', 'has_init', 'setSkipInvisible', 'addEventListener', '_onEventTriggered', 'setContent', '_node_func', 'obj_type', 'scrollListener', 'scroll_percent_listener', 'auto_expand', 'hide_redundant', 'origin_children', 'append', 'CloneWidget', 'setNodeCallback', 'OnWidgetDeleted', 'ccui', 'SCROLLVIEW_DIRECTION_HORIZONTAL', 'getDirection', 'getContentSize', 'width', 'widget_length', 'clone_node_length', 'getInnerContainerSize', 'inner_container_length', 'height', 'int', 'max', 'getItemsMargin', 'item_num', '_items', 'pushBackCustomItem', 'range', 'gui', 'RemoveChildWidget', 'len', 'clone') vars=('self', 'item_num', 'callback', 'obj_type', 'node_func', 'scroll_listener', 'scroll_percent_listener', 'hide_redundant', 'restore', 'default_Item_idx', 'auto_expand', 'delay_create', 'not_need_test', 'children', 'child', 'origin_children', 'origin_children_append', 'ele', 'clone_child', 'items_margin', '_items', '_items_append', 'widget', 'push_item', 'i', 'element', 'child_count', 'default_item_clone', '_', 'index') consts=[False, True, -1]
FUNC gclient.gamesystem.uihall.uimall.mall_box_window.UIListViewCycle.jumpToBottom names=('_setCurIdx', 'max', '_total_item_num', 'item_num', 'scroll_to_top', 'time', 'latest_jump_time', 'widget', 'refreshView', 'jumpToBottom') vars=('self',) consts=[0]
FUNC gclient.gamesystem.uihall.uimall.mall_box_window.UIListViewCycle.jumpToIndex names=('math', 'ceil', 'widget_length', 'clone_node_length', 'widget', 'getCurIdx', 'item_num', '_setCurIdx', 'max', 'min', '_total_item_num', 'ccui', 'SCROLLVIEW_DIRECTION_HORIZONTAL', 'getDirection', 'jumpToPercentHorizontal', 'jumpToPercentVertical') vars=('self', 'idx', 'visible_num', 'len_idx', 'percent') consts=[0, 100.0]
FUNC gclient.gamesystem.uihall.uimall.mall_box_window.UIListViewCycle.jumpToIndex2 names=('math', 'floor', 'widget_length', 'clone_node_length', 'getItemsMargin', 'widget', 'getCurIdx', 'max', 'min', '_total_item_num', 'item_num', '_setCurIdx', 'refreshView', 'total_item_num', 'ccui', 'SCROLLVIEW_DIRECTION_HORIZONTAL', 'getDirection', 'jumpToPercentHorizontal', 'jumpToPercentVertical') vars=('self', 'idx', 'visible_num', 'new_idx', 'percent') consts=[0, 100.0]
FUNC gclient.gamesystem.uihall.uimall.mall_box_window.UIListViewCycle.jumpToIndex3 names=('math', 'floor', 'widget_length', 'clone_node_length', 'getItemsMargin', 'widget', 'getCurIdx', 'max', 'min', 'total_item_num', 'item_num', '_setCurIdx', 'refreshView', 'ccui', 'SCROLLVIEW_DIRECTION_HORIZONTAL', 'getDirection', 'jumpToPercentHorizontal', 'jumpToPercentVertical') vars=('self', 'idx', 'visible_num', 'new_idx', 'percent') consts=[0, 100.0, 0.0]
FUNC gclient.gamesystem.uihall.uimall.mall_box_window.UIListViewCycle.jumpToPercent names=('widget', 'refreshView', 'max', 'ccui', 'SCROLLVIEW_DIRECTION_HORIZONTAL', 'getDirection', 'jumpToPercentHorizontal', 'jumpToPercentVertical') vars=('self', 'percent') consts=[0]
FUNC gclient.gamesystem.uihall.uimall.mall_box_window.UIListViewCycle.jumpToTop names=('_setCurIdx', 'scroll_to_top', 'time', 'latest_jump_time', 'widget', 'jumpToTop', 'refreshView') vars=('self',) consts=[0]
CLASS UIText METHODS=['EnableMergeDraw']
FUNC gclient.gamesystem.uihall.uimall.mall_box_window.UIText.EnableMergeDraw names=('genv', 'EngineFeature', 'cconst', 'ENGINE_VERSION', 'V202302', 'widget', 'enableMerge', 'setForceNotMerge') vars=('self', 'is_enable') consts=[]
CLASS UIWindow METHODS=['Destroy']
FUNC gclient.gamesystem.uihall.uimall.mall_box_window.UIWindow.Destroy names=('__dict__', '_instance', 'gui', 'RecordWindowDestroy', 'controller_util', 'BatchRemoveControllerSwallower', 'sys', 'excepthook', 'exc_info', 'ClearStoryTick', 'timers', 'Timer', 'cancel_timer', 'clear', 'retain_pool', 'release', 'OnDestroy', 'RemoveDestroyingPanel', 'widget', 'isvalid', 'setVisible', 'removeFromParent', '_cur_action', '_zoom_action', 'child_windows', 'RemoveComponents', 'events', 'BatchRemoveListeners', '_belong_scenes', '_life_state', 'isInited', 'Destroy', 'ScheduleScene') vars=('cls', 'instance', 'timerid', 'widget', 'child_windows', 'belong_scenes', 'child_window') consts=['_instance', False]
MODULE gclient.gamesystem.uihall.uimall.mall_box_weapon_v6_roll_window FILE='C:\\Program Files (x86)\\bloodstrike\\Package\\Script\\Python/gclient/gamesystem/uihall/uimall/mall_box_weapon_v6_roll_window.py'
FUNC gclient.gamesystem.uihall.uimall.mall_box_weapon_v6_roll_window.Components names=() vars=('components', 'kwargs', '_Components') consts=[]
CLASS GachaFeatureModelComp METHODS=['ChangeCameraForGacha', '_ShowFeature']
FUNC gclient.gamesystem.uihall.uimall.mall_box_weapon_v6_roll_window.GachaFeatureModelComp.ChangeCameraForGacha names=('genv', 'camera', 'is_fps_placer', 'space', 'gacha_setting_proto', 'get', 'cconst', 'GunUpgradeFeature', 'UPGRADE_FEATURE_SHOW_3P_WEAPON', 'UPGRADE_FEATURE_UNLOCK_ITEM_1', 'ChangeSpecialCameraId', 'UPGRADE_FEATURE_KILL_NUMBER', 'RefreshCamera') vars=('self', 'feature', 'space', 'gacha_setting_proto', 'special_feature_camera_id') consts=['special_feature_camera_id', 'feature_camera_id']
FUNC gclient.gamesystem.uihall.uimall.mall_box_weapon_v6_roll_window.GachaFeatureModelComp._ShowFeature names=('cconst', 'GunUpgradeFeature', 'UPGRADE_FEATURE_BASE', 'OnBtnModelLeaveFeature', 'fsm_feature', 'CreateModel', 'item_id', 'ShowFeatureAnim', 'ChangeCameraForGacha') vars=('self', 'feature', 'level') consts=[True]
CLASS GachaMoneyAutoRefreshComp METHODS=['GetActivityRechargeIDS', 'InitNodeCostItem', 'OnClickFreeReward', 'OnJumpActivity', 'OnJumpActivityTips', 'OnReceiveCostItem', 'RefreshPanelActivity', 'RefreshPanelByActId', 'RefreshPanelCoupon', 'RefreshPanelCouponPos', 'RefreshPanelFreeReward', 'RefreshPanelFreeRewardPos', 'SetLimitedYuanbao', '_GetGachaDiscountCardId', '__init_data_component__', '__init_money_node_component__', '__show_component__', '__visible_for_mutex_component__']
FUNC gclient.gamesystem.uihall.uimall.mall_box_weapon_v6_roll_window.GachaMoneyAutoRefreshComp.GetActivityRechargeIDS names=('gacha_setting_proto', 'genv', 'avatar', 'GetActivityRechargeIDS') vars=('self', 'gacha_setting_proto', 'avatar') consts=['ban_recharge_tips']
FUNC gclient.gamesystem.uihall.uimall.mall_box_weapon_v6_roll_window.GachaMoneyAutoRefreshComp.InitNodeCostItem names=('GetActivityRechargeIDS', 'cur_id', 'activity_data', 'data', 'Swallower', 'anim_node_inner', 'cur_csb', 'node_cost_item', 'removeAllChildren', 'UINode', 'gui', 'LoadWidgetFromFile', 'str', 'widget', 'LoadAnimFromFile', 'seek', 'panel_cost_item', 'UITexture', 'img_bg', 'UIText', 'txt_cost_item_tips', 'CommonItemNode', 'cost_item_node', 'EnableTouch', 'OnJumpActivityTips', 'onClick', 'EnablePanelTouch') vars=('self', 'act_ids', 'act_id', 'act_proto', 'act_csb', 'csbpath', 'node') consts=['act_csb', 'UIScript/%s.csb', ('parent_widget',), 'node', 'panel_tips', 'img_bg', 'txt_1', 'node_item', True, False]
FUNC gclient.gamesystem.uihall.uimall.mall_box_weapon_v6_roll_window.GachaMoneyAutoRefreshComp.OnClickFreeReward names=('genv', 'avatar', 'CallServer', 'cur_key') vars=('self', '_', 'avatar') consts=['GachaGetFreeReward']
FUNC gclient.gamesystem.uihall.uimall.mall_box_weapon_v6_roll_window.GachaMoneyAutoRefreshComp.OnJumpActivity names=('GetActivityRechargeIDS', 'cur_id', 'IsActivityInTimeLimit', 'time_util', 'GetTimeNow', 'gui', 'Notice', 'lang', 'ACTIVITY_EXPIRED_TIPS', 'RefreshPanelActivity', 'genv', 'ui_display_statistic_mgr', 'BtnClickLog', 'task_gofunc_util', 'Jump', 'panel_activity', 'visible', 'node_cost_item', 'LocalConfig', 'coupon_pop_need_show_times') vars=('self', 'btn', 'act_ids', 'act_id') consts=['', False, ('callback', 'show_cancel'), 'click_gacha_recharge_%s', 'GoToActivityWindow', 'act_common']
FUNC gclient.gamesystem.uihall.uimall.mall_box_weapon_v6_roll_window.GachaMoneyAutoRefreshComp.OnJumpActivityTips names=('genv', 'avatar', 'GetActivityRechargeIDS', 'cur_id', 'act_data', 'get', 'HasParticipateActivity', 'OnJumpActivity', 'OnReceiveCostItem') vars=('self', 'btn', 'avatar', 'act_ids', 'act_id', 'act_recharge_data') consts=['act_recharge']
FUNC gclient.gamesystem.uihall.uimall.mall_box_weapon_v6_roll_window.GachaMoneyAutoRefreshComp.OnReceiveCostItem names=('act_recharge_index', 'GetActivityRechargeIDS', 'cur_id', 'genv', 'ui_display_statistic_mgr', 'BtnClickLog', 'len', 'avatar', 'CallServerAct', 'RefreshPanelActivity') vars=('self', 'btn', 'act_ids', 'act_id') consts=['receive_gacha_recharge_%s', 'ReceiveRewardAll', 'ReceiveReward']
FUNC gclient.gamesystem.uihall.uimall.mall_box_weapon_v6_roll_window.GachaMoneyAutoRefreshComp.RefreshPanelActivity names=('panel_limited_yuanbao', 'setPosition', 'cc', 'Vec2', 'panel_limited_yuanbao_ori_pos', 'x', 'y', 'GetActivityRechargeIDS', 'CancelRechargeTimer', 'len', 'cur_id', 'six2', 'range', 'add_timer', 'RefreshPanelActivity', 'recharge_acts_timer', 'panel_activity', 'visible', 'node_cost_item', 'RefreshPanelCouponPos', 'LocalConfig', 'coupon_pop_need_show_times', 'InitNodeCostItem', 'RefreshPanelByActId') vars=('self', '_', 'act_ids', 'act_id') consts=[1, False]
FUNC gclient.gamesystem.uihall.uimall.mall_box_weapon_v6_roll_window.GachaMoneyAutoRefreshComp.RefreshPanelByActId names=('genv', 'avatar', 'activity_data', 'data', 'panel_activity', 'visible', 'act_point_data', 'six2', 'values', 'GetActivityRechargeShowReceiveItemInfo', 'img_bg', 'texture', 'act_recharge_index', 'append', 'limit_yuanbao', 'panel_limited_yuanbao', 'setPosition', 'cc', 'Vec2', 'panel_limited_yuanbao_ori_pos', 'x', 'y', 'panel_cost_item', 'node_cost_item', 'hasattr', 'anim_node_inner', 'PlayAnim', 'OnShowNodeCosetItemLoop', 'cost_item_node', 'SetItem', 'string_message_data', 'txt_cost_item_tips', 'text', 'act_data', 'get', 'LocalConfig', 'coupon_pop_need_show_times', 'HasParticipateActivity', 'add_timer', 'tips_timer_id') vars=('self', 'act_id', 'avatar', 'act_proto', 'point_data', 'point_proto', 'item_infos', 'item_info', 'act_recharge_index', '_item_count', 'showTips', 'act_recharge_data') consts=[True, 'reward_item_id', 'act_pop_img', 'anim_node_inner', 'in', False, ('is_loop', 'callback'), 'jump_act_tips', 'message', 'act_recharge', -1]
FUNC gclient.gamesystem.uihall.uimall.mall_box_weapon_v6_roll_window.GachaMoneyAutoRefreshComp.RefreshPanelCoupon names=('gacha_setting_proto', 'img_arrow', 'visible', 'node_money', 'StopAnim', 'bool', '_img_can_use_coupon', '_img_can_not_use_coupon', 'genv', 'avatar', '_GetGachaDiscountCardId', 'warehouse', 'HasItemByItemId', 'PlayAnim') vars=('self', 'gacha_setting_proto', 'can_use', 'avatar', 'target_card_id', 'has_gachacoupon') consts=[False, 'discount_coupon', True, 'in_arrow', ('is_loop',)]
FUNC gclient.gamesystem.uihall.uimall.mall_box_weapon_v6_roll_window.GachaMoneyAutoRefreshComp.RefreshPanelCouponPos names=('panel_coupon_posx', 'panel_activity', 'visible', 'panel_limited_yuanbao', 'panel_limited_yuanbao_width', 'panel_coupon', 'setPositionX', 'RefreshPanelFreeRewardPos') vars=('self', 'pos') consts=[50]
FUNC gclient.gamesystem.uihall.uimall.mall_box_weapon_v6_roll_window.GachaMoneyAutoRefreshComp.RefreshPanelFreeReward names=('cur_key', 'gacha_setting_proto', 'genv', 'avatar', 'server_time_zone', 'time_util', 'UtcStampToZoneSecond', 'gacha_mgr', 'free_reward_get_time', 'get', 'GetTimeNow', 'panel_free_reward', 'visible', 'node_free_reward_tips', 'panel_free_reward_tips', 'PlayAnim', 'node_free_reward_item', 'SetItem', 'OnClickFreeReward', 'node_money') vars=('self', 'args', 'gacha_id', 'gacha_setting_proto', 'avatar', 'begin_utc_stamp', 'server_time_zone', 'begin_utc_time') consts=['begin_utc_stamp', 'free_reward', True, 'in', False, ('click_func',), 'box_loop', ('is_loop',), 1296000]
FUNC gclient.gamesystem.uihall.uimall.mall_box_weapon_v6_roll_window.GachaMoneyAutoRefreshComp.RefreshPanelFreeRewardPos names=('panel_free_reward', 'setPositionX', 'getContentSize', 'width') vars=('self', 'pos') consts=[10]
FUNC gclient.gamesystem.uihall.uimall.mall_box_weapon_v6_roll_window.GachaMoneyAutoRefreshComp.SetLimitedYuanbao names=('six2', 'get_unbound_or_bound_function', 'MallMoneyComp', 'SetLimitedYuanbao', 'RefreshPanelCouponPos') vars=('self', 'yuanbao') consts=[]
FUNC gclient.gamesystem.uihall.uimall.mall_box_weapon_v6_roll_window.GachaMoneyAutoRefreshComp._GetGachaDiscountCardId names=('gacha_setting_proto', 'get', 'consts', 'ItemID', 'GachaDiscountCard') vars=('self',) consts=['gacha_discount_card']
FUNC gclient.gamesystem.uihall.uimall.mall_box_weapon_v6_roll_window.GachaMoneyAutoRefreshComp.__init_data_component__ names=('six2', 'get_unbound_or_bound_function', 'MallMoneyComp', '__init_data_component__', 'act_recharge_index', 'tips_timer_id', 'cur_id', 'recharge_acts_timer', 'cur_csb') vars=('self',) consts=[]
FUNC gclient.gamesystem.uihall.uimall.mall_box_weapon_v6_roll_window.GachaMoneyAutoRefreshComp.__init_money_node_component__ names=('six2', 'get_unbound_or_bound_function', 'MallMoneyComp', '__init_money_node_component__', 'panel_content_money', 'seek', 'panel_activity', 'img_activity', 'EnableTouch', 'OnJumpActivity', 'onClick', 'node_cost_item', 'panel_cost_item', 'UITexture', 'img_bg', 'UIText', 'txt_cost_item_tips', 'CommonItemNode', 'cost_item_node', 'SetClickCallback', 'OnReceiveCostItem', 'panel_limited_yuanbao', 'getPosition', 'panel_limited_yuanbao_ori_pos', 'panel_coupon', 'visible', 'OnClickCoupon', '_img_can_use_coupon', '_img_can_not_use_coupon', 'getPositionX', 'panel_facade_width', 'panel_limited_yuanbao_width', 'panel_coupon_posx', 'CycleTextNode', 'txt_coupon', 'lang', 'MALL_GACHA_COUPON', 'text', 'img_arrow', 'panel_free_reward', 'UIButton', 'btn_free', 'OnClickFreeReward', 'node_free_reward_tips', 'panel_free_reward_tips', 'node_free_reward_item') vars=('self', 'panel_currency', 'node_name', 'hide_skin_metal', 'panel_coupon', 'panel_free_reward') consts=['panel_topup_coupon', 'img_icon', True, 'node_tips', 'panel_tips', 'img_bg', 'txt_1', 'node_item', 'panel_sale', 'img_no', 'panel_txt', 'img_arrow', 'panel_free', 'btn_free']
FUNC gclient.gamesystem.uihall.uimall.mall_box_weapon_v6_roll_window.GachaMoneyAutoRefreshComp.__show_component__ names=('six2', 'get_unbound_or_bound_function', 'MallMoneyComp', '__show_component__', 'RefreshPanelCoupon', 'RefreshPanelFreeReward', 'RefreshPanelActivity') vars=('self', 'cur_key') consts=[]
FUNC gclient.gamesystem.uihall.uimall.mall_box_weapon_v6_roll_window.GachaMoneyAutoRefreshComp.__visible_for_mutex_component__ names=('panel_activity', 'visible', 'anim_node_inner', 'PlayAnim', 'six2', 'get_unbound_or_bound_function', 'MallMoneyComp', '__show_component__', 'RefreshPanelActivity') vars=('self', 'value') consts=['out']
CLASS GachaReddotComp METHODS=['__after_show_component__']
FUNC gclient.gamesystem.uihall.uimall.mall_box_weapon_v6_roll_window.GachaReddotComp.__after_show_component__ names=('GetReddotMallIds', 'LocalConfig', 'mall_reddot_record', 'saveLocalConfig', 'genv', 'messenger', 'Broadcast', 'events', 'ON_REMOVE_GACHA_REDDOT_SUB_MENU', 'cur_key', 'ON_REFRESH_HALL_MAIN_WINDOW_GACHA_REDDOT') vars=('self', 'cur_key') consts=[]
CLASS MallBoxWeaponV6RollWindow METHODS=['BuildData', 'BuyConfirm', 'CancelTickCostItem', 'ChangeCameraForGacha', 'ClearTempBuyInfo', 'ClickFirstNode', 'Close', 'CreateFeatureModelForGacha', 'FilterRewardItemNodes', 'GeneralGet', 'GetActivityRechargeIDS', 'GetCurSelectNode', 'GetFsmGachaModelCls', 'GetGachaData', 'GetReddotMallIds', 'GetTokenUltimateRewardItemId', 'HasCollectionItem', 'HideUIForRollStart', 'InitCheckBox', 'InitData', 'InitNode', 'InitNodeCostItem', 'InitPanelBuyWithSpecifyCsb', 'InitPanelReward', 'LoadNodeEffectAndSound', 'LoadOneTimeEffectAndSound', 'LoadSpBGM', 'OnBtnScaleClick', 'OnBtnSkinHalfClick', 'OnBuy', 'OnBuyConfirm', 'OnBuyGachaSuccessRefreshPanelBuy', 'OnBuySingle', 'OnBuyTen', 'OnBuyX', 'OnChargePopWindowClose', 'OnCheckBox', 'OnClickFreeReward', 'OnClickRewardNode', 'OnClickSkipRoll', 'OnClosePanelVideo', 'OnComRewardWindowChangeSkipAnim', 'OnGachaRewardWindowClose', 'OnGachaRewardWindowShowOneByOneEnd', 'OnGachaRollCountChanged', 'OnGachaV6RollReward', 'OnItemGlobalCountChanged', 'OnJumpActivity', 'OnJumpActivityTips', 'OnMallModelWeaponModelLoadedForSoundEffectComp', 'OnMetalItemTipClose', 'OnMoneyHonorChange', 'OnMoneyLimitedYuanbaoChange', 'OnMoneyMetalUpdate', 'OnMoneyYuanbaoChange', 'OnReceiveCostItem', 'OnRefreshX', 'OnRollEnd', 'OnSwitchGunSkinView', 'OnUnlockWindowCallback', 'OnUseGachaDiscountCountChangedForPanelBuy', 'OnWarehouseItemAddedForPanelBuy', 'OnWarehouseItemCountChange', 'OnWarehouseItemCountChanged', 'OnWarehouseItemRemoved', 'PlayLevelEffect', 'PopCameraRollGraph', 'PostSetVisibleForMutex', 'RefreshAllExchangeNodes', 'RefreshAllPanel', 'RefreshGachaBuyText', 'RefreshGlobalPanelGunNum', 'RefreshGunTitle', 'RefreshModelClothes', 'RefreshModelExecuteItem', 'RefreshNodeForExchange', 'RefreshOnExchangeCallback', 'RefreshPanelActivity', 'RefreshPanelBuy', 'RefreshPanelBuyByCostItemChanged', 'RefreshPanelBuySingle', 'RefreshPanelByActId', 'RefreshPanelCoupon', 'RefreshPanelCouponPos', 'RefreshPanelDate', 'RefreshPanelFreeReward', 'RefreshPanelFreeRewardPos', 'RefreshPanelReward', 'RefreshPanelRollCountTips', 'RefreshPanelSwitchView', 'RefreshPanelTitle', 'RefreshTextChangeMoney', 'RefreshTextSeasonMoney', 'RollCallback', 'SetLimitedYuanbao', 'SetModelSettingProto', 'SetTextChangeMoney', 'SetupHallLevelAndCamera', 'Show', 'ShowFeature', 'ShowRewardWindow', 'ShowUIForRollEnd', 'StartTickCostItem', 'TickCostItem', 'UnLoadSpBGM', 'UpdateMoneyTxt', '_BuyGacha', '_GetGachaDiscountCardId', '_RemoveOldPanelBuyNode', '_ShowFeature', '__init__']
FUNC gclient.gamesystem.uihall.uimall.mall_box_weapon_v6_roll_window.MallBoxWeaponV6RollWindow.BuildData names=('item_id', 'show_type', 'cur_key', 'gacha_box_id', 'gacha_setting_data', 'data', 'gacha_setting_proto', 'gacha_exchange_data', 'gacha_exchange_proto', 'get', 'model_pos_key', 'exchange_cost_item_id', 'lobby_item_data', 'exchange_cost_item_proto', 'unlock_csb', 'genv', 'messenger', 'Broadcast', 'events', 'ON_ACTIVITY_CHANGE_SIDEBAR_PANEL', 'GetGachaData', 'gacha_reward_data', 'six2', 'iteritems', 'reward_item_id_2_idx', 'GetTokenUltimateRewardItemId', 'token_ultimate_reward_item_id', 'collection_reward_item_id', 'items', 'btn_buy_refresh_num', 'gun_skin_util', 'GetGunIdByGuiseItemId', 'ultimate_reward_gun_id', 'lobby_item_upgrade_data', 'final_view_item_id', 'select_item_id', 'sorted', 'iterkeys', 'gacha_extra_info', 'itervalues', 'StartAutoBatchDownloadByLobbyItems') vars=('self', 'gacha_box_id', 'gacha_setting_proto', 'sidebar_bg_icon_id', 'sidebar_arrow_icon_id', 'gacha_reward_data', 'idx', 'proto', 'token_ultimate_reward_item_id', 'key', 'value', 'final_view_item_id', 'upgrade_proto', 'download_items') consts=['model_pos_id', 'exchange_cost_id', 'unlock_window', 'UIScript/og_shop_attribute_v6_turnable_hide.csb', 'sidebar_bg_icon', 'sidebar_arrow_icon', 'item_id', 'collection_price', 'allow_roll_times', 'camera_id', 'level_id', -1]
FUNC gclient.gamesystem.uihall.uimall.mall_box_weapon_v6_roll_window.MallBoxWeaponV6RollWindow.BuyConfirm names=('GetMoneyDictByGachaSettingData', 'gacha_setting_proto', 'OnBuyConfirm', 'six2', 'values') vars=('self', 'times', 'money_dict') consts=[]
FUNC gclient.gamesystem.uihall.uimall.mall_box_weapon_v6_roll_window.MallBoxWeaponV6RollWindow.CancelTickCostItem names=('cost_item_timer', 'cancel_timer') vars=('self',) consts=[]
FUNC gclient.gamesystem.uihall.uimall.mall_box_weapon_v6_roll_window.MallBoxWeaponV6RollWindow.ChangeCameraForGacha names=('genv', 'camera', 'is_fps_placer', 'space', 'gacha_setting_proto', 'get', 'cconst', 'GunUpgradeFeature', 'UPGRADE_FEATURE_SHOW_3P_WEAPON', 'UPGRADE_FEATURE_UNLOCK_ITEM_1', 'ChangeSpecialCameraId', 'UPGRADE_FEATURE_KILL_NUMBER', 'RefreshCamera') vars=('self', 'feature', 'space', 'gacha_setting_proto', 'special_feature_camera_id') consts=['special_feature_camera_id', 'feature_camera_id']
FUNC gclient.gamesystem.uihall.uimall.mall_box_weapon_v6_roll_window.MallBoxWeaponV6RollWindow.ClearTempBuyInfo names=('temp_buy_info',) vars=('self',) consts=[]
FUNC gclient.gamesystem.uihall.uimall.mall_box_weapon_v6_roll_window.MallBoxWeaponV6RollWindow.ClickFirstNode names=('OnClickRewardNode', 'reward_item_nodes') vars=('self',) consts=[1]
FUNC gclient.gamesystem.uihall.uimall.mall_box_weapon_v6_roll_window.MallBoxWeaponV6RollWindow.Close names=('genv', 'messenger', 'Broadcast', 'events', 'ON_GACHA_V6_SIDEBAR_CLOSE_PANEL_SHOW', '_callComponents', 'super', 'MallBoxWeaponV6RollWindow', 'Close') vars=('self', '_') consts=[False, 'close']
FUNC gclient.gamesystem.uihall.uimall.mall_box_weapon_v6_roll_window.MallBoxWeaponV6RollWindow.CreateFeatureModelForGacha names=('fsm_feature', 'CreateModel') vars=('self', 'item_id') consts=[]
FUNC gclient.gamesystem.uihall.uimall.mall_box_weapon_v6_roll_window.MallBoxWeaponV6RollWindow.FilterRewardItemNodes names=() vars=('self', 'ui_index', 'has_collection_item') consts=[2, False, True]
FUNC gclient.gamesystem.uihall.uimall.mall_box_weapon_v6_roll_window.MallBoxWeaponV6RollWindow.GeneralGet names=('genv', 'avatar', 'OnGachaRollSkipAnim', 'add_timer', 'OnRollEnd') vars=('self', 'act_id', 'item_add', 'extra') consts=[0]
FUNC gclient.gamesystem.uihall.uimall.mall_box_weapon_v6_roll_window.MallBoxWeaponV6RollWindow.GetActivityRechargeIDS names=('gacha_setting_proto', 'genv', 'avatar', 'GetActivityRechargeIDS') vars=('self', 'gacha_setting_proto', 'avatar') consts=['ban_recharge_tips']
FUNC gclient.gamesystem.uihall.uimall.mall_box_weapon_v6_roll_window.MallBoxWeaponV6RollWindow.GetCurSelectNode names=('cur_select_item_key', 'reward_item_nodes') vars=('self',) consts=[0]
FUNC gclient.gamesystem.uihall.uimall.mall_box_weapon_v6_roll_window.MallBoxWeaponV6RollWindow.GetFsmGachaModelCls names=('FSMGachaModel',) vars=('self',) consts=[]
FUNC gclient.gamesystem.uihall.uimall.mall_box_weapon_v6_roll_window.MallBoxWeaponV6RollWindow.GetGachaData names=('gacha_data', 'data', 'gacha_box_id') vars=('self',) consts=[]
FUNC gclient.gamesystem.uihall.uimall.mall_box_weapon_v6_roll_window.MallBoxWeaponV6RollWindow.GetReddotMallIds names=('gacha_box_id',) vars=('self',) consts=[]
FUNC gclient.gamesystem.uihall.uimall.mall_box_weapon_v6_roll_window.MallBoxWeaponV6RollWindow.GetTokenUltimateRewardItemId names=('token_ultimate_reward_item_id',) vars=('self', 'gacha_reward_data') consts=[1, 'item_id']
FUNC gclient.gamesystem.uihall.uimall.mall_box_weapon_v6_roll_window.MallBoxWeaponV6RollWindow.HasCollectionItem names=('gacha_setting_proto',) vars=('self',) consts=['collection_count']
FUNC gclient.gamesystem.uihall.uimall.mall_box_weapon_v6_roll_window.MallBoxWeaponV6RollWindow.HideUIForRollStart names=('tips_skip_roll_anim', 'visible', 'panel_skip_anim', 'panel_exchange', '_callComponents') vars=('self',) consts=[True, False, 'on_roll_start']
FUNC gclient.gamesystem.uihall.uimall.mall_box_weapon_v6_roll_window.MallBoxWeaponV6RollWindow.InitCheckBox names=('panel_buy', 'childex', 'UICheckBox', 'skip_roll_check_box', 'btn_buy_ten', 'seek', 'UIButton', 'btn_refresh_x', 'img_refresh_x', 'OnRefreshX', 'onClick') vars=('self',) consts=['panel_checkbox.txt_1.checkbox', 'panel_btn', 'btn_1', 'btn_toggle', 'img_toggle']
FUNC gclient.gamesystem.uihall.uimall.mall_box_weapon_v6_roll_window.MallBoxWeaponV6RollWindow.InitData names=('cur_key', 'enable_click', 'cost_item_timer', 'cur_select_item_key', 'select_item_id', 'reward_item_nodes', 'exchange_item_nodes', 'gacha_setting_proto', 'pre_roll_count', 'pre_cost_item', 'protect_timer', 'WeaponV6RollManager', 'roll_manager', '_callComponents') vars=('self',) consts=[True, 'init_data', ()]
FUNC gclient.gamesystem.uihall.uimall.mall_box_weapon_v6_roll_window.MallBoxWeaponV6RollWindow.InitNode names=('root_widget', 'seek', 'panel_content', '_callComponents', 'InitPanelCurrency', 'InitPanelReward', 'InitItemDetailPanel', 'tips_skip_roll_anim', 'visible', 'panel_skip_anim', 'EnableTouch', 'OnClickSkipRoll', 'onClick', 'txt_tips_warn', 'genv', 'IsHMTVersion') vars=('self', 'panel_content', 'panel_content_seek') consts=['panel_attribute', 'init_node', 'panel_below', 'init_panel_buy', 'panel_btn', 'txt_tips', False, 'panel_touch', True, 'txt_tips_warm']
FUNC gclient.gamesystem.uihall.uimall.mall_box_weapon_v6_roll_window.MallBoxWeaponV6RollWindow.InitNodeCostItem names=('GetActivityRechargeIDS', 'cur_id', 'activity_data', 'data', 'Swallower', 'anim_node_inner', 'cur_csb', 'node_cost_item', 'removeAllChildren', 'UINode', 'gui', 'LoadWidgetFromFile', 'str', 'widget', 'LoadAnimFromFile', 'seek', 'panel_cost_item', 'UITexture', 'img_bg', 'UIText', 'txt_cost_item_tips', 'CommonItemNode', 'cost_item_node', 'EnableTouch', 'OnJumpActivityTips', 'onClick', 'EnablePanelTouch') vars=('self', 'act_ids', 'act_id', 'act_proto', 'act_csb', 'csbpath', 'node') consts=['act_csb', 'UIScript/%s.csb', ('parent_widget',), 'node', 'panel_tips', 'img_bg', 'txt_1', 'node_item', True, False]
FUNC gclient.gamesystem.uihall.uimall.mall_box_weapon_v6_roll_window.MallBoxWeaponV6RollWindow.InitPanelBuyWithSpecifyCsb names=('seek', 'panel_buy', 'panel_buy_ten', 'panel_buy_single', 'UIText', 'txt_open_buy_ten', 'txt_open_buy_single', 'csb_btn_buy_ten', 'csb_btn_buy_single', 'need_add_csb', 'btn_buy_refresh_num') vars=('self', 'panel_parent', 'node_name', 'panel_buy_ten', 'panel_buy_single') consts=['panel_1', 'panel_btn', 'panel_2', 'txt_open', True]
FUNC gclient.gamesystem.uihall.uimall.mall_box_weapon_v6_roll_window.MallBoxWeaponV6RollWindow.InitPanelReward names=('panel_content', 'seek', 'panel_reward', 'reward_node', 'panel_reward_inner', 'panel_tips', 'UITexture', 'img_weapon_collection', 'CycleTextNode', 'txt_weapon_collection_tips', 'reward_item_nodes', 'six2', 'xrange', 'MallV6WeaponGrandPriceRollItemNode', 'EnableNodeTouch', 'OnClickRewardNode', 'click_func', 'MallV6WeaponRollItemNode', 'panel_exchange', 'EnableTouch', 'OnClickExchange', 'onClick', 'img_exchange_money', 'UIText', 'txt_exchange_money', 'exchange_item_nodes', 'MallV6WeaponRollExchangeItemNode') vars=('self', 'panel_reward_inner', 'panel_list', 'reward_item_nodes', 'idx', 'panel_item', 'node', 'panel_exchange', 'panel_money', 'exchange_item_nodes') consts=['panel_reward', 'node_reward', 'panel_tips', 'img_icon', 'panel_txt', 'panel_item', 'panel_item%.2d', 'node_item', True, 'txt_1', 'panel_money', 'img_money', 'txt_money']
FUNC gclient.gamesystem.uihall.uimall.mall_box_weapon_v6_roll_window.MallBoxWeaponV6RollWindow.LoadNodeEffectAndSound names=('UnLoadNodeEffectAndSound', 'genv', 'sound_mgr', 'PlayEventById', 'node_sp_effect_sound', 'MType', 'Matrix4x3', 'Vector3', 'get', 'translation', 'math', 'pi', 'set_pitch_yaw_roll', 'effect_util', 'WarpperPlayEffectInWorld2', 'node_sp_effect', 'PlayLevelEffect') vars=('self', 'gacha_proto', 'effect_id_list', 'trans', 'rotation', '_rot', 'func_play_effect', 'node_sp_effect', 'effect_id') consts=['effect_sound', False, ('is_3d',), 'effect_id_list', 'effect_pos', 'effect_rot', 180.0, True, ('insure_play',), (0, 0, 0)]
FUNC gclient.gamesystem.uihall.uimall.mall_box_weapon_v6_roll_window.MallBoxWeaponV6RollWindow.LoadOneTimeEffectAndSound names=('UnLoadOneTimeEffectAndSound', 'gacha_setting_proto', 'genv', 'sound_mgr', 'PlayEventById', 'sp_effect_sound', 'MType', 'Matrix4x3', 'Vector3', 'get', 'translation', 'math', 'pi', 'set_pitch_yaw_roll', 'scale', 'effect_util', 'WarpperPlayEffectInWorld2', 'sp_effect', 'PlayLevelEffect') vars=('self', 'gacha_setting_proto', 'effect_id_list', 'trans', 'effect_pos', 'rotation', '_rot', 'func_play_effect', 'sp_effect', 'effect_id') consts=['effect_sound', False, ('is_3d',), 'effect_id_list', 'effect_pos', 'effect_rot', 180.0, 'effect_scale', True, ('insure_play',), (0, 0, 0)]
FUNC gclient.gamesystem.uihall.uimall.mall_box_weapon_v6_roll_window.MallBoxWeaponV6RollWindow.LoadSpBGM names=('UnLoadSpBGM', 'gacha_setting_proto', 'get', 'model_ctrl', 'SetGachaSettingProto', 'genv', 'sound_mgr', 'CheckABTestCondition', 'avatar', 'LoadMedia', 'SetState') vars=('self', 'gacha_setting_proto', 'sound_bgm', 'sound_sp_state_v', 'sound_sp_bnk', 'sound_bgm_ab_test_condition_id', 'sound_mgr') consts=['sound_bgm', False, 'sound_sp_state_v', 'sound_sp_bnk', 'sound_bgm_ab_test_condition_id', 'music_junxu', 'music_basic', 'Junxu', 'None', 'Shop']
FUNC gclient.gamesystem.uihall.uimall.mall_box_weapon_v6_roll_window.MallBoxWeaponV6RollWindow.OnBtnScaleClick names=('item_id', 'genv', 'messenger', 'Broadcast', 'events', 'ON_GACHA_COMMON_SHOW_MODEL') vars=('self', 'btn') consts=[]
FUNC gclient.gamesystem.uihall.uimall.mall_box_weapon_v6_roll_window.MallBoxWeaponV6RollWindow.OnBtnSkinHalfClick names=('fsm_mall_model', 'state', 'FSMTransfer', 'StateMallModelHeroSkin', 'item_id', 'lobby_item_data', 'data', 'gacha_setting_proto', 'StateMallModelHeroSkinFullBody') vars=('self', 'btn', 'fsm_mall_model') consts=['MallModelHeroSkinFullBody']
FUNC gclient.gamesystem.uihall.uimall.mall_box_weapon_v6_roll_window.MallBoxWeaponV6RollWindow.OnBuy names=('enable_click', 'six2', 'get_unbound_or_bound_function', 'MallGachaBuyComp', 'OnBuy') vars=('self', 'times') consts=[]
FUNC gclient.gamesystem.uihall.uimall.mall_box_weapon_v6_roll_window.MallBoxWeaponV6RollWindow.OnBuyConfirm names=('gacha_setting_proto', 'get', 'time_util', 'IsInLimitTime', 'GetTimeNow', 'gui', 'Notice', 'lang', 'ACTIVITY_EXPIRED_TIPS', 'GachaPopUpWindow', 'instance', 'Close', 'temp_buy_info', 'LocalConfig', 'roll_nocycle_skip_anim_dict', 'cur_key', '_BuyGacha') vars=('self', 'money_info', 'times', 'gacha_setting_proto', 'begin_time', 'end_time', 'skip_anim') consts=['begin_time', 'end_time', '', False, ('callback', 'show_cancel')]
FUNC gclient.gamesystem.uihall.uimall.mall_box_weapon_v6_roll_window.MallBoxWeaponV6RollWindow.OnBuyGachaSuccessRefreshPanelBuy names=('visible', 'RefreshPanelBuy') vars=('self',) consts=[]
FUNC gclient.gamesystem.uihall.uimall.mall_box_weapon_v6_roll_window.MallBoxWeaponV6RollWindow.OnBuySingle names=('OnBuy',) vars=('self', 'btn') consts=[1]
FUNC gclient.gamesystem.uihall.uimall.mall_box_weapon_v6_roll_window.MallBoxWeaponV6RollWindow.OnBuyTen names=('OnBuy',) vars=('self', 'btn') consts=[10]
FUNC gclient.gamesystem.uihall.uimall.mall_box_weapon_v6_roll_window.MallBoxWeaponV6RollWindow.OnBuyX names=('OnBuy', 'LocalConfig', 'mall_gacha_v6_roll_btn_buy_cur_num') vars=('self', 'btn') consts=[]
FUNC gclient.gamesystem.uihall.uimall.mall_box_weapon_v6_roll_window.MallBoxWeaponV6RollWindow.OnChargePopWindowClose names=('getattr', 'GachaPopUpWindow', 'instance', 'Show', 'temp_buy_info') vars=('self', 'recover_buy') consts=['temp_buy_info']
FUNC gclient.gamesystem.uihall.uimall.mall_box_weapon_v6_roll_window.MallBoxWeaponV6RollWindow.OnCheckBox names=('LocalConfig', 'roll_nocycle_skip_anim_dict', 'cur_key', 'saveLocalConfig') vars=('self', 'name', 'is_selected') consts=[]
FUNC gclient.gamesystem.uihall.uimall.mall_box_weapon_v6_roll_window.MallBoxWeaponV6RollWindow.OnClickFreeReward names=('genv', 'avatar', 'CallServer', 'cur_key') vars=('self', '_', 'avatar') consts=['GachaGetFreeReward']
FUNC gclient.gamesystem.uihall.uimall.mall_box_weapon_v6_roll_window.MallBoxWeaponV6RollWindow.OnClickRewardNode names=('GetCurSelectNode', 'SetSelected', 'item_id', 'index', 'cur_select_item_key', 'select_item_id', 'RefreshPanelTag', 'RefreshGunTitle', 'RefreshItemDetailPanel', '_callComponents', 'data') vars=('self', 'node', 'cur_select_node', 'item_id') consts=[False, 'on_select_item', 'on_click_node', True]
FUNC gclient.gamesystem.uihall.uimall.mall_box_weapon_v6_roll_window.MallBoxWeaponV6RollWindow.OnClickSkipRoll names=('roll_manager', 'ForceSkipRollAndCallback') vars=('self', 'btn') consts=[]
FUNC gclient.gamesystem.uihall.uimall.mall_box_weapon_v6_roll_window.MallBoxWeaponV6RollWindow.OnClosePanelVideo names=('fsm_mall_model', 'FSMTransfer', 'StateMallModelHeroSkin', 'item_id', 'lobby_item_data', 'data', 'gacha_setting_proto') vars=('self',) consts=[]
FUNC gclient.gamesystem.uihall.uimall.mall_box_weapon_v6_roll_window.MallBoxWeaponV6RollWindow.OnComRewardWindowChangeSkipAnim names=('skip_roll_check_box', 'SetSelectedNoCallback') vars=('self', 'is_selected') consts=[]
FUNC gclient.gamesystem.uihall.uimall.mall_box_weapon_v6_roll_window.MallBoxWeaponV6RollWindow.OnGachaRewardWindowClose names=('cur_key', 'genv', 'avatar', 'six2', 'itervalues', 'reward_item_nodes', 'RefreshOnRollEnd', 'RefreshAllExchangeNodes', 'collection_reward_item_id', 'gacha_setting_proto', 'GetGachaRollCount', 'pre_roll_count', 'unlock_csb', 'MallCollectionUnlockWindow', 'instance', 'Show', 'OnUnlockWindowCallback', 'warehouse', 'ItemCountByItemId', 'exchange_cost_item_id', 'pre_cost_item') vars=('self', 'info', 'act_id', 'avatar', 'node', 'collection_count', 'cur_roll_count') consts=['act_id', 'collection_count', 'callback', 'gacha_data']
FUNC gclient.gamesystem.uihall.uimall.mall_box_weapon_v6_roll_window.MallBoxWeaponV6RollWindow.OnGachaRewardWindowShowOneByOneEnd names=('genv', 'avatar', 'get', 'exchange_cost_item_id', 'reward_node', 'PlayAnim', 'collection_reward_item_id', 'gacha_setting_proto', 'GetGachaRollCount', 'cur_key', 'pre_roll_count', 'unlock_csb', 'MallCollectionUnlockWindow', 'instance', 'Show', 'OnUnlockWindowCallback', 'reward_item_nodes', 'RefreshOnRollEnd') vars=('self', 'info', 'avatar', 'reward_data', 'item_info', 'collection_count', 'cur_roll_count') consts=['reward_data', 'item_id', 'tips', False, ('is_loop',), 'collection_count', 'callback', 'gacha_data']
FUNC gclient.gamesystem.uihall.uimall.mall_box_weapon_v6_roll_window.MallBoxWeaponV6RollWindow.OnGachaRollCountChanged names=('cur_key', 'RefreshPanelRollCountTips') vars=('self', 'act_id', 'old_count', 'new_count') consts=[]
FUNC gclient.gamesystem.uihall.uimall.mall_box_weapon_v6_roll_window.MallBoxWeaponV6RollWindow.OnGachaV6RollReward names=('visible', 'cur_key', 'genv', 'avatar', 'LocalConfig', 'roll_nocycle_skip_anim_dict', 'get', 'RollCallback', 'enable_click', 'HideUIForRollStart', 'messenger', 'Broadcast', 'events', 'ON_ENABLE_SWITCH_MALL_PAGE', 'ItemCountIncludeUpgradeItem', 'FilterRewardItemNodes', 'IsGachaCollectionUnlock', 'collection_reward_item_id', 'six2', 'iteritems', 'reward_item_nodes', 'item_id', 'data', 'append', 'roll_manager', 'SetRollNodes', 'functools', 'partial', 'protect_timer', 'CancelProtectTimer', 'add_timer', 'cconst', 'MALL_ROLL_NOCYCLE_STAGE_ONE_DURATION', 'MALL_ROLL_NOCYCLE_STAGE_TWO_DURATION', 'MALL_ROLL_PROTECT_TIME', 'ProtectRollOver') vars=('self', 'act_id', 'item_add', 'times', 'extra', 'item_info', 'final_item_id', 'final_index', 'avatar', 'node_indexes', 'ItemCountIncludeUpgradeItem', 'FilterRewardItemNodes', 'is_collection_unlock', 'collection_item_id', 'ui_index', 'node', 'item_id', 'gacha_proto') consts=['final_roll_proto_id', 'item_id', False, 'no_cycle']
FUNC gclient.gamesystem.uihall.uimall.mall_box_weapon_v6_roll_window.MallBoxWeaponV6RollWindow.OnItemGlobalCountChanged names=('collection_reward_item_id', 'lobby_item_upgrade_extra_data', 'ITEM_ID_TO_BASE_LEVEL_ITEM', 'node_gun_num', 'LoadData') vars=('self', 'base_item_id', 'old', 'new', 'collection_reward_item_id', 'collection_reward_base_item_id') consts=['NO.%d']
FUNC gclient.gamesystem.uihall.uimall.mall_box_weapon_v6_roll_window.MallBoxWeaponV6RollWindow.OnJumpActivity names=('GetActivityRechargeIDS', 'cur_id', 'IsActivityInTimeLimit', 'time_util', 'GetTimeNow', 'gui', 'Notice', 'lang', 'ACTIVITY_EXPIRED_TIPS', 'RefreshPanelActivity', 'genv', 'ui_display_statistic_mgr', 'BtnClickLog', 'task_gofunc_util', 'Jump', 'panel_activity', 'visible', 'node_cost_item', 'LocalConfig', 'coupon_pop_need_show_times') vars=('self', 'btn', 'act_ids', 'act_id') consts=['', False, ('callback', 'show_cancel'), 'click_gacha_recharge_%s', 'GoToActivityWindow', 'act_common']
FUNC gclient.gamesystem.uihall.uimall.mall_box_weapon_v6_roll_window.MallBoxWeaponV6RollWindow.OnJumpActivityTips names=('genv', 'avatar', 'GetActivityRechargeIDS', 'cur_id', 'act_data', 'get', 'HasParticipateActivity', 'OnJumpActivity', 'OnReceiveCostItem') vars=('self', 'btn', 'avatar', 'act_ids', 'act_id', 'act_recharge_data') consts=['act_recharge']
FUNC gclient.gamesystem.uihall.uimall.mall_box_weapon_v6_roll_window.MallBoxWeaponV6RollWindow.OnMallModelWeaponModelLoadedForSoundEffectComp names=('real_visible', 'need_hide_duration', 'gacha_setting_proto', 'model_ctrl', 'AddHiddenReason', 'cconst', 'HIDDEN_REASON_VEHICLE', 'model_hide_timer', 'cancel_timer', 'add_timer') vars=('self', 'gacha_setting_proto', 'hide_duration') consts=[False, 'hide_duration']
FUNC gclient.gamesystem.uihall.uimall.mall_box_weapon_v6_roll_window.MallBoxWeaponV6RollWindow.OnMetalItemTipClose names=('consts', 'ItemID', 'Metal', 'visible', 'node_money', 'PlayAnim') vars=('self', 'item_id') consts=['change']
FUNC gclient.gamesystem.uihall.uimall.mall_box_weapon_v6_roll_window.MallBoxWeaponV6RollWindow.OnMoneyHonorChange names=('txt_honor', 'text') vars=('self', 'honor') consts=[]
FUNC gclient.gamesystem.uihall.uimall.mall_box_weapon_v6_roll_window.MallBoxWeaponV6RollWindow.OnMoneyLimitedYuanbaoChange names=('pre_limited_yuanbao', 'panel_limited_yuanbao', 'visible', 'node_money', 'PlayAnim', 'StartTickLimitedYuanbao', 'SetLimitedYuanbao') vars=('self', 'limite_yuanbao') consts=[0, True, False, 'change_01', ('is_loop',)]
FUNC gclient.gamesystem.uihall.uimall.mall_box_weapon_v6_roll_window.MallBoxWeaponV6RollWindow.OnMoneyMetalUpdate names=('skin_metal_txt', 'text') vars=('self', 'metal') consts=[]
FUNC gclient.gamesystem.uihall.uimall.mall_box_weapon_v6_roll_window.MallBoxWeaponV6RollWindow.OnMoneyYuanbaoChange names=('pre_yuanbao', 'node_money', 'PlayAnim', 'StartTickYuanbao', 'SetYuanbao') vars=('self', 'yuanbao') consts=['change_01', False, ('is_loop',)]
FUNC gclient.gamesystem.uihall.uimall.mall_box_weapon_v6_roll_window.MallBoxWeaponV6RollWindow.OnReceiveCostItem names=('act_recharge_index', 'GetActivityRechargeIDS', 'cur_id', 'genv', 'ui_display_statistic_mgr', 'BtnClickLog', 'len', 'avatar', 'CallServerAct', 'RefreshPanelActivity') vars=('self', 'btn', 'act_ids', 'act_id') consts=['receive_gacha_recharge_%s', 'ReceiveRewardAll', 'ReceiveReward']
FUNC gclient.gamesystem.uihall.uimall.mall_box_weapon_v6_roll_window.MallBoxWeaponV6RollWindow.OnRefreshX names=('btn_buy_refresh_num', 'len', 'btn_refresh_x', 'visible', 'gacha_setting_proto', 'LocalConfig', 'mall_gacha_v6_roll_btn_buy_cur_num', 'OnBuyX', 'btn_buy_ten', 'buy_func', 'LoadDataGacha', 'get', 'hall_ui_util', 'GetGachaDiscountInfoByGachaId', 'RefreshGachaBuyText', 'txt_open_buy_ten') vars=('self', '_', 'is_change', 'is_refresh', 'gacha_setting_proto', 'num') consts=[1, True, False, 'use_special_icon', 'id', ('use_special_icon', 'discount_info')]
FUNC gclient.gamesystem.uihall.uimall.mall_box_weapon_v6_roll_window.MallBoxWeaponV6RollWindow.OnRollEnd names=('enable_click', 'reward_item_nodes', 'PlayLoopAnim', 'collection_reward_item_id', 'genv', 'messenger', 'Broadcast', 'events', 'ON_ENABLE_SWITCH_MALL_PAGE') vars=('self',) consts=[True]
FUNC gclient.gamesystem.uihall.uimall.mall_box_weapon_v6_roll_window.MallBoxWeaponV6RollWindow.OnSwitchGunSkinView names=('genv', 'sound_mgr', 'PlayEventById', 'bool', 'collection_reward_item_id', 'select_item_id', 'final_view_item_id', 'token_ultimate_reward_item_id', 'RefreshModel', 'lobby_item_data', 'data', 'SelectGunSkinViewTypeBtn') vars=('self', 'is_final', 'widget', 'item_id') consts=[335, False, ('is_3d',)]
FUNC gclient.gamesystem.uihall.uimall.mall_box_weapon_v6_roll_window.MallBoxWeaponV6RollWindow.OnUnlockWindowCallback names=('collection_reward_item_id', 'OnClickRewardNode', 'reward_item_nodes') vars=('self',) consts=[2]
FUNC gclient.gamesystem.uihall.uimall.mall_box_weapon_v6_roll_window.MallBoxWeaponV6RollWindow.OnUseGachaDiscountCountChangedForPanelBuy names=('cur_key', 'visible', 'RefreshPanelBuy') vars=('self', 'gacha_id') consts=[]
FUNC gclient.gamesystem.uihall.uimall.mall_box_weapon_v6_roll_window.MallBoxWeaponV6RollWindow.OnWarehouseItemAddedForPanelBuy names=('RefreshPanelBuyByCostItemChanged',) vars=('self', 'item') consts=[]
FUNC gclient.gamesystem.uihall.uimall.mall_box_weapon_v6_roll_window.MallBoxWeaponV6RollWindow.OnWarehouseItemCountChange names=('item_id', 'consts', 'ItemID', 'SeasonMoney', 'RefreshTextSeasonMoney') vars=('self', 'item', 'old_count') consts=[]
FUNC gclient.gamesystem.uihall.uimall.mall_box_weapon_v6_roll_window.MallBoxWeaponV6RollWindow.OnWarehouseItemCountChanged names=('RefreshPanelBuyByCostItemChanged',) vars=('self', 'item', 'old_count') consts=[]
FUNC gclient.gamesystem.uihall.uimall.mall_box_weapon_v6_roll_window.MallBoxWeaponV6RollWindow.OnWarehouseItemRemoved names=('RefreshPanelBuyByCostItemChanged',) vars=('self', 'item') consts=[]
FUNC gclient.gamesystem.uihall.uimall.mall_box_weapon_v6_roll_window.MallBoxWeaponV6RollWindow.PlayLevelEffect names=('GetLevelEffectIds', 'GetLevelEffectValueList', 'effect_util', 'WarpperPlayEffectInWorld2', 'enumerate', 'MType', 'Matrix4x3', 'Vector3', 'GetLevelEffectValue', 'translation', 'math', 'pi', 'set_pitch_yaw_roll', 'scale', 'effect_data', 'data', 'get', 'MHelper', 'PlayCameraEffectById', 'SetLevelEffectHandle') vars=('self', 'proto', 'effect_dict', 'effect_ids', 'pos_list', 'rot_list', 'scale_list', 'func_play_effect', 'idx', 'effect_id', 'trans', 'rotation', '_rot', 'scale', 'is_screen_effect', 'effect') consts=['level_effect_id', 'level_effect_pos', 'level_effect_rot', 'level_effect_scale', 180.0, 'is_screen_effect', False, True, ('insure_play',), (0, 0, 0)]
FUNC gclient.gamesystem.uihall.uimall.mall_box_weapon_v6_roll_window.MallBoxWeaponV6RollWindow.PopCameraRollGraph names=('model_ctrl', 'PopCameraRollGraph') vars=('self',) consts=[]
FUNC gclient.gamesystem.uihall.uimall.mall_box_weapon_v6_roll_window.MallBoxWeaponV6RollWindow.PostSetVisibleForMutex names=('super', 'MallBoxWeaponV6RollWindow', 'SetVisibleForMutex', 'item_id', 'show_type', 'SetModelSettingProto', 'model_pos_key', 'ClickFirstNode', '_callComponents') vars=('self', 'value') consts=['on_post_set_visible_for_mutex']
FUNC gclient.gamesystem.uihall.uimall.mall_box_weapon_v6_roll_window.MallBoxWeaponV6RollWindow.RefreshAllExchangeNodes names=('gacha_exchange_proto', 'six2', 'xrange', 'exchange_item_nodes', 'LoadData') vars=('self', 'gacha_exchange_proto', 'idx') consts=[1]
FUNC gclient.gamesystem.uihall.uimall.mall_box_weapon_v6_roll_window.MallBoxWeaponV6RollWindow.RefreshAllPanel names=('RefreshPanelBuy', 'RefreshPanelReward', 'RefreshItemDetailPanel', '_callComponents', 'ClickFirstNode') vars=('self',) consts=['on_refresh_all']
FUNC gclient.gamesystem.uihall.uimall.mall_box_weapon_v6_roll_window.MallBoxWeaponV6RollWindow.RefreshGachaBuyText names=('hall_ui_util', 'GetGachaExtraFreeTimes', 'lang', 'MALL_BUY_OPEN_N_EXTRA', 'text') vars=('self', 'txt_node', 'gacha_setting_proto', 'times', 'free_times') consts=[]
FUNC gclient.gamesystem.uihall.uimall.mall_box_weapon_v6_roll_window.MallBoxWeaponV6RollWindow.RefreshGlobalPanelGunNum names=('hall_ui_util', 'RefreshGlobalPanelGunNumInGacha', 'panel_gun_num', 'node_gun_num') vars=('self', 'item_id') consts=[]
FUNC gclient.gamesystem.uihall.uimall.mall_box_weapon_v6_roll_window.MallBoxWeaponV6RollWindow.RefreshGunTitle names=('token_ultimate_reward_item_id', 'GunUpgradeDataMgr', 'instance', 'GetImportantFeatures', 'select_item_id', 'GetItemFeatureList', 'panel_title_gun', 'visible', 'lobby_item_data', 'data', 'gun_skin_template_data', 'cconst', 'WAREHOUSE_QUALITY_LEVEL_COLOR', 'get', 'title_quality_tag', 'RefreshTagQuality', 'gun_mod_data', 'consts', 'ItemSubType', 'Suit', 'mall_util', 'GetHeroNamePrefixBeforeHyphen', 'RefreshPanelSwitchView') vars=('self', 'token_ultimate_reward_item_id', 'important_features', 'show_gun_title', 'item_proto', 'skin_template_id', 'gun_id', 'color_map', 'quality', 'item_name') consts=[True, False, 'guise', 'template_id', 'gun_id', 'quality', 'name', 'sub_type']
FUNC gclient.gamesystem.uihall.uimall.mall_box_weapon_v6_roll_window.MallBoxWeaponV6RollWindow.RefreshModelClothes names=('fsm_mall_model', 'FSMForceTransfer', 'StateMallModelHeroSkin', 'gacha_setting_proto') vars=('self', 'item_id', 'item_proto') consts=[]
FUNC gclient.gamesystem.uihall.uimall.mall_box_weapon_v6_roll_window.MallBoxWeaponV6RollWindow.RefreshModelExecuteItem names=('fsm_mall_model', 'FSMForceTransfer', 'StateGachaModelExecutionItem', 'gacha_setting_proto') vars=('self', 'item_id', 'item_proto') consts=[]
FUNC gclient.gamesystem.uihall.uimall.mall_box_weapon_v6_roll_window.MallBoxWeaponV6RollWindow.RefreshNodeForExchange names=('six2', 'itervalues', 'exchange_item_nodes', 'item_id', 'RefreshOnRollEnd', 'reward_item_nodes') vars=('self', 'item_id', 'node') consts=[]
FUNC gclient.gamesystem.uihall.uimall.mall_box_weapon_v6_roll_window.MallBoxWeaponV6RollWindow.RefreshOnExchangeCallback names=('RefreshTextChangeMoney', 'six2', 'itervalues', 'reward_item_nodes', 'RefreshOnRollEnd', 'RefreshAllExchangeNodes') vars=('self', 'node') consts=[]
FUNC gclient.gamesystem.uihall.uimall.mall_box_weapon_v6_roll_window.MallBoxWeaponV6RollWindow.RefreshPanelActivity names=('panel_limited_yuanbao', 'setPosition', 'cc', 'Vec2', 'panel_limited_yuanbao_ori_pos', 'x', 'y', 'GetActivityRechargeIDS', 'CancelRechargeTimer', 'len', 'cur_id', 'six2', 'range', 'add_timer', 'RefreshPanelActivity', 'recharge_acts_timer', 'panel_activity', 'visible', 'node_cost_item', 'RefreshPanelCouponPos', 'LocalConfig', 'coupon_pop_need_show_times', 'InitNodeCostItem', 'RefreshPanelByActId') vars=('self', '_', 'act_ids', 'act_id') consts=[1, False]
FUNC gclient.gamesystem.uihall.uimall.mall_box_weapon_v6_roll_window.MallBoxWeaponV6RollWindow.RefreshPanelBuy names=('gacha_setting_proto', 'get', 'csb_btn_buy_ten', '_RemoveOldPanelBuyNode', 'panel_buy_ten', 'gui', 'LoadWidgetFromFile', 'str', 'widget', 'seek', 'MallBtnBuyAll', 'btn_buy_ten', 'OnBuyTen', 'buy_func', 'InitCheckBox', 'len', 'btn_buy', 'LoadNormalTexture', 'LoadPressTexture', 'LoadDisableTexture', 'csb_btn_buy_single', 'panel_buy_single', 'btn_buy_single', 'OnBuySingle', 'ignoreContentAdaptWithSize', 'getContentSize', 'width', 'height', 'btn_buy_single_reddot_offset', 'LoadDataGacha', 'hall_ui_util', 'GetGachaDiscountInfoByGachaId', 'RefreshPanelBuySingle', 'OnRefreshX', 'skip_roll_check_box', 'Create', 'LocalConfig', 'roll_nocycle_skip_anim_dict', 'cur_key', 'OnCheckBox') vars=('self', 'gacha_setting_proto', 'csb_btn_ten', 'csb_btn_texture', 'csb_btn_single', 'size') consts=['ten_draw_vx', 'draw_icon_png', ('parent_widget',), 'node', 'one_draw_vx', True, 'use_special_icon', 'id', ('use_special_icon', 'discount_info'), False, 'roll_nocycle_skip_anim']
FUNC gclient.gamesystem.uihall.uimall.mall_box_weapon_v6_roll_window.MallBoxWeaponV6RollWindow.RefreshPanelBuyByCostItemChanged names=('is_destroyed', 'cdata_util', 'IsMoneyCostItem', 'item_id', 'RefreshPanelBuy') vars=('self', 'item') consts=[]
FUNC gclient.gamesystem.uihall.uimall.mall_box_weapon_v6_roll_window.MallBoxWeaponV6RollWindow.RefreshPanelBuySingle names=('btn_buy_single', 'LoadDataGacha', 'gacha_setting_proto', 'hall_ui_util', 'GetGachaDiscountInfoByGachaId', 'cur_key', 'RefreshGachaBuyText', 'txt_open_buy_single') vars=('self',) consts=[1, ('discount_info',)]
FUNC gclient.gamesystem.uihall.uimall.mall_box_weapon_v6_roll_window.MallBoxWeaponV6RollWindow.RefreshPanelByActId names=('genv', 'avatar', 'activity_data', 'data', 'panel_activity', 'visible', 'act_point_data', 'six2', 'values', 'GetActivityRechargeShowReceiveItemInfo', 'img_bg', 'texture', 'act_recharge_index', 'append', 'limit_yuanbao', 'panel_limited_yuanbao', 'setPosition', 'cc', 'Vec2', 'panel_limited_yuanbao_ori_pos', 'x', 'y', 'panel_cost_item', 'node_cost_item', 'hasattr', 'anim_node_inner', 'PlayAnim', 'OnShowNodeCosetItemLoop', 'cost_item_node', 'SetItem', 'string_message_data', 'txt_cost_item_tips', 'text', 'act_data', 'get', 'LocalConfig', 'coupon_pop_need_show_times', 'HasParticipateActivity', 'add_timer', 'tips_timer_id') vars=('self', 'act_id', 'avatar', 'act_proto', 'point_data', 'point_proto', 'item_infos', 'item_info', 'act_recharge_index', '_item_count', 'showTips', 'act_recharge_data') consts=[True, 'reward_item_id', 'act_pop_img', 'anim_node_inner', 'in', False, ('is_loop', 'callback'), 'jump_act_tips', 'message', 'act_recharge', -1]
FUNC gclient.gamesystem.uihall.uimall.mall_box_weapon_v6_roll_window.MallBoxWeaponV6RollWindow.RefreshPanelCoupon names=('gacha_setting_proto', 'img_arrow', 'visible', 'node_money', 'StopAnim', 'bool', '_img_can_use_coupon', '_img_can_not_use_coupon', 'genv', 'avatar', '_GetGachaDiscountCardId', 'warehouse', 'HasItemByItemId', 'PlayAnim') vars=('self', 'gacha_setting_proto', 'can_use', 'avatar', 'target_card_id', 'has_gachacoupon') consts=[False, 'discount_coupon', True, 'in_arrow', ('is_loop',)]
FUNC gclient.gamesystem.uihall.uimall.mall_box_weapon_v6_roll_window.MallBoxWeaponV6RollWindow.RefreshPanelCouponPos names=('panel_coupon_posx', 'panel_activity', 'visible', 'panel_limited_yuanbao', 'panel_limited_yuanbao_width', 'panel_coupon', 'setPositionX', 'RefreshPanelFreeRewardPos') vars=('self', 'pos') consts=[50]
FUNC gclient.gamesystem.uihall.uimall.mall_box_weapon_v6_roll_window.MallBoxWeaponV6RollWindow.RefreshPanelDate names=('gacha_setting_proto', 'genv', 'avatar', 'common_util', 'IsEnableBrazil', 'time_util', 'UtcStampToZoneSecond', 'cconst', 'BRAZIL_GACHA_LIMIT_TIME', 'server_time_zone', 'GetTimeNow', '_RefreshDate') vars=('self', 'end_time') consts=['end_utc_stamp', 'id', (1310, 1311, 1321, 1322, 1264, 1265, 1314, 1315)]
FUNC gclient.gamesystem.uihall.uimall.mall_box_weapon_v6_roll_window.MallBoxWeaponV6RollWindow.RefreshPanelFreeReward names=('cur_key', 'gacha_setting_proto', 'genv', 'avatar', 'server_time_zone', 'time_util', 'UtcStampToZoneSecond', 'gacha_mgr', 'free_reward_get_time', 'get', 'GetTimeNow', 'panel_free_reward', 'visible', 'node_free_reward_tips', 'panel_free_reward_tips', 'PlayAnim', 'node_free_reward_item', 'SetItem', 'OnClickFreeReward', 'node_money') vars=('self', 'args', 'gacha_id', 'gacha_setting_proto', 'avatar', 'begin_utc_stamp', 'server_time_zone', 'begin_utc_time') consts=['begin_utc_stamp', 'free_reward', True, 'in', False, ('click_func',), 'box_loop', ('is_loop',), 1296000]
FUNC gclient.gamesystem.uihall.uimall.mall_box_weapon_v6_roll_window.MallBoxWeaponV6RollWindow.RefreshPanelFreeRewardPos names=('panel_free_reward', 'setPositionX', 'getContentSize', 'width') vars=('self', 'pos') consts=[10]
FUNC gclient.gamesystem.uihall.uimall.mall_box_weapon_v6_roll_window.MallBoxWeaponV6RollWindow.RefreshPanelReward names=('RefreshPanelRollCountTips', 'gacha_reward_data', 'six2', 'iteritems', 'reward_item_nodes', 'LoadData', 'RefreshAllExchangeNodes', 'exchange_cost_item_proto', 'get', 'img_exchange_money', 'texture', 'RefreshTextChangeMoney', 'genv', 'avatar', 'GetGachaRollCount', 'cur_key', 'pre_roll_count', 'warehouse', 'ItemCountByItemId', 'exchange_cost_item_id', 'pre_cost_item') vars=('self', 'gacha_reward_data', 'idx', 'gacha_proto', 'avatar') consts=['icon']
FUNC gclient.gamesystem.uihall.uimall.mall_box_weapon_v6_roll_window.MallBoxWeaponV6RollWindow.RefreshPanelRollCountTips names=('genv', 'avatar', 'GetGachaRollCount', 'cur_key', 'gacha_setting_proto', 'panel_tips', 'visible', 'lang', 'MALL_GACHA_V6_ROLL_COLLECTION_TIPS', 'get', 'txt_weapon_collection_tips', 'text') vars=('self', 'count', 'collection_count') consts=['collection_count', False, True, 'collection_count_color', 'fffcb5']
FUNC gclient.gamesystem.uihall.uimall.mall_box_weapon_v6_roll_window.MallBoxWeaponV6RollWindow.RefreshPanelSwitchView names=('final_view_item_id', 'panel_switch_view', 'visible', 'select_item_id', 'token_ultimate_reward_item_id') vars=('self',) consts=[False]
FUNC gclient.gamesystem.uihall.uimall.mall_box_weapon_v6_roll_window.MallBoxWeaponV6RollWindow.RefreshPanelTitle names=('gacha_setting_proto', 'get', 'img_gacha_title', 'texture', 'visible', 'txt_title', 'text', 'SetTextColorByList', 'org_text_color', 'text_color', 'SetVertexColor', 'RefreshGunTitle') vars=('self', 'gacha_setting_proto', 'gacha_proto_get', 'txt_title', 'vertex_color') consts=['title_icon', True, False, 'title_str', '', 'title_str_color']
FUNC gclient.gamesystem.uihall.uimall.mall_box_weapon_v6_roll_window.MallBoxWeaponV6RollWindow.RefreshTextChangeMoney names=('SetTextChangeMoney', 'genv', 'avatar', 'warehouse', 'ItemCountByItemId', 'exchange_cost_item_id') vars=('self',) consts=[]
FUNC gclient.gamesystem.uihall.uimall.mall_box_weapon_v6_roll_window.MallBoxWeaponV6RollWindow.RefreshTextSeasonMoney names=('genv', 'avatar', 'warehouse', 'ItemCountByItemId', 'consts', 'ItemID', 'SeasonMoney', 'text_season_money', 'text') vars=('self',) consts=[]
FUNC gclient.gamesystem.uihall.uimall.mall_box_weapon_v6_roll_window.MallBoxWeaponV6RollWindow.RollCallback names=('reward_item_nodes', 'get', 'ShowUIForRollEnd', 'GeneralGet', 'PlayAnim', 'functools', 'partial', 'genv', 'sound_mgr', 'PlayEventById', 'OnClickRewardNode', 'protect_timer', 'CancelProtectTimer') vars=('self', 'act_id', 'item_add', 'extra', 'final_index', 'cur_node') consts=['huode', False, ('is_loop', 'callback'), 566, ('is_3d',)]
FUNC gclient.gamesystem.uihall.uimall.mall_box_weapon_v6_roll_window.MallBoxWeaponV6RollWindow.SetLimitedYuanbao names=('six2', 'get_unbound_or_bound_function', 'MallMoneyComp', 'SetLimitedYuanbao', 'RefreshPanelCouponPos') vars=('self', 'yuanbao') consts=[]
FUNC gclient.gamesystem.uihall.uimall.mall_box_weapon_v6_roll_window.MallBoxWeaponV6RollWindow.SetModelSettingProto names=('GachaModelCompBase', 'SetModelSettingProto', 'fsm_feature') vars=('self', 'model_pos_key') consts=[]
FUNC gclient.gamesystem.uihall.uimall.mall_box_weapon_v6_roll_window.MallBoxWeaponV6RollWindow.SetTextChangeMoney names=('txt_exchange_money', 'text', 'genv', 'avatar', 'warehouse', 'ItemCountByItemId', 'exchange_cost_item_id', 'pre_cost_item') vars=('self', 'cost_item') consts=[]
FUNC gclient.gamesystem.uihall.uimall.mall_box_weapon_v6_roll_window.MallBoxWeaponV6RollWindow.SetupHallLevelAndCamera names=('gacha_setting_proto', 'genv', 'space', 'LoadHallLevel', 'cconst', 'HallLevel', 'LEVEL_HALL_MALL', 'ChangeSpecialCameraId') vars=('self', 'proto', 'space') consts=['level_id', 'camera_id', ('half_life',)]
FUNC gclient.gamesystem.uihall.uimall.mall_box_weapon_v6_roll_window.MallBoxWeaponV6RollWindow.Show names=('super', 'MallBoxWeaponV6RollWindow', 'Show', 'ClearAllDlcIconNodes', 'cur_key', 'cur_select_item_key', 'select_item_id', 'reward_item_nodes', 'BuildData', '_callComponents', 'SetModelSettingProto', 'model_pos_key', 'SetupModelModeBtnBg', 'gacha_setting_proto', 'LocalConfig', 'mall_gacha_v6_roll_btn_buy_cur_num', 'RefreshAllPanel', 'genv', 'messenger', 'Broadcast', 'events', 'ON_GACHA_V6_SIDEBAR_CLOSE_PANEL_SHOW', 'PlayAnim', 'ui_display_statistic_mgr', 'BuildWindowIdExtra', 'ON_WINDOW_SHOW') vars=('self', 'info', 'key', 'window_id') consts=['key', 'show', True, 'in', ('callback',), 'after_show']
FUNC gclient.gamesystem.uihall.uimall.mall_box_weapon_v6_roll_window.MallBoxWeaponV6RollWindow.ShowFeature names=('GunUpgradeFeature', 'UPGRADE_FEATURE_BASE', 'item_id', 'OnSwitchGunSkinView', 'six2', 'get_unbound_or_bound_function', 'GachaFeatureModelComp', 'ShowFeature', '_callComponents') vars=('self', 'feature', 'level') consts=[0, True, 'on_show_feature']
FUNC gclient.gamesystem.uihall.uimall.mall_box_weapon_v6_roll_window.MallBoxWeaponV6RollWindow.ShowRewardWindow names=('genv', 'sound_mgr', 'PlayEventById', 'gclient.gamesystem.uihall.uimall.mall_box_v6_reward_window', 'MallBoxWeaponV6RollRewardWindow', 'instance', 'Show', 'cur_key') vars=('self', 'btn', 'MallBoxWeaponV6RollRewardWindow') consts=[335, False, ('is_3d',), ('MallBoxWeaponV6RollRewardWindow',), 'key']
FUNC gclient.gamesystem.uihall.uimall.mall_box_weapon_v6_roll_window.MallBoxWeaponV6RollWindow.ShowUIForRollEnd names=('tips_skip_roll_anim', 'visible', 'panel_skip_anim', 'panel_exchange', '_callComponents') vars=('self',) consts=[False, True, 'on_roll_end']
FUNC gclient.gamesystem.uihall.uimall.mall_box_weapon_v6_roll_window.MallBoxWeaponV6RollWindow.StartTickCostItem names=('time', 'CancelTickCostItem', 'add_repeat_timer', 'cost_item_timer') vars=('self', 'start_cost_item') consts=[0.1]
FUNC gclient.gamesystem.uihall.uimall.mall_box_weapon_v6_roll_window.MallBoxWeaponV6RollWindow.TickCostItem names=('genv', 'avatar', 'CancelTickYuanbao', 'time', 'warehouse', 'ItemCountByItemId', 'exchange_cost_item_id', 'int', 'formula', 'LerpNumber', 'SetTextChangeMoney', 'CancelTickCostItem') vars=('self', 'start_time', 'duration', 'start_cost_item', 'avatar', 'cur_time', 'target_cost_item', 'cur_value') consts=[]
FUNC gclient.gamesystem.uihall.uimall.mall_box_weapon_v6_roll_window.MallBoxWeaponV6RollWindow.UnLoadSpBGM names=('genv', 'sound_mgr', 'SetState', 'CancelModelHideTimer', 'PopCameraRollGraph', 'model_ctrl', 'SetGachaSettingProto') vars=('self',) consts=['music_basic', 'Shop']
FUNC gclient.gamesystem.uihall.uimall.mall_box_weapon_v6_roll_window.MallBoxWeaponV6RollWindow.UpdateMoneyTxt names=('genv', 'avatar', 'SetYuanbao', 'yuanbao', 'SetLimitedYuanbao', 'limit_yuanbao', 'honor', 'txt_honor', 'text', 'skin_metal_coin', 'skin_metal_txt') vars=('self', 'avatar') consts=[]
FUNC gclient.gamesystem.uihall.uimall.mall_box_weapon_v6_roll_window.MallBoxWeaponV6RollWindow._BuyGacha names=('genv', 'avatar', 'BuyGacha') vars=('self', 'gacha_setting_proto', 'times', 'skip_anim', 'gacha_id') consts=['id', 'OnGachaRollSkipAnim', 'OnGachaV6Roll']
FUNC gclient.gamesystem.uihall.uimall.mall_box_weapon_v6_roll_window.MallBoxWeaponV6RollWindow._GetGachaDiscountCardId names=('gacha_setting_proto', 'get', 'consts', 'ItemID', 'GachaDiscountCard') vars=('self',) consts=['gacha_discount_card']
FUNC gclient.gamesystem.uihall.uimall.mall_box_weapon_v6_roll_window.MallBoxWeaponV6RollWindow._RemoveOldPanelBuyNode names=('rseek', 'removeChild') vars=('self', 'panel_buy', 'node_name', 'old_node') consts=['node_btn', ('node_btn', 'node')]
FUNC gclient.gamesystem.uihall.uimall.mall_box_weapon_v6_roll_window.MallBoxWeaponV6RollWindow._ShowFeature names=('cconst', 'GunUpgradeFeature', 'UPGRADE_FEATURE_BASE', 'OnBtnModelLeaveFeature', 'fsm_feature', 'CreateModel', 'item_id', 'ShowFeatureAnim', 'ChangeCameraForGacha') vars=('self', 'feature', 'level') consts=[True]
FUNC gclient.gamesystem.uihall.uimall.mall_box_weapon_v6_roll_window.MallBoxWeaponV6RollWindow.__init__ names=('super', 'MallBoxWeaponV6RollWindow', '__init__', 'Create', 'GetCsbPath', 'GetZorder', 'ui_define', 'UI_SCENEID_WINDOW', '_callComponents', 'InitData', 'InitNode') vars=('self', 'parent') consts=[('zorder', 'sceneids', 'parent'), 'init']
CLASS MallBtnBuyAll METHODS=['InitData', 'InitNode', 'LoadData', 'LoadDataByMoneyDict', 'LoadDataCacheGacha', 'LoadDataGacha', 'LoadDataRollNocycle', 'LoadGachaFreeState', 'OnBuy', 'SetBright', 'SetBtnStateByBuyState', 'SetEnabled', 'SetText', '__init__']
FUNC gclient.gamesystem.uihall.uimall.mall_box_weapon_v6_roll_window.MallBtnBuyAll.InitData names=('data', 'buy_func', 'jump_func', 'times', 'need_metal_price') vars=('self',) consts=[True]
FUNC gclient.gamesystem.uihall.uimall.mall_box_weapon_v6_roll_window.MallBtnBuyAll.InitNode names=('seek', 'UIButton', 'btn_buy', 'OnBuy', 'onClick', 'MoneyNode', 'money_node_single', 'MoneyCheapNode', 'money_node_sale_single', 'panel_two', 'money_node_left', 'money_node_right', 'panel_two_sale', 'MoneyCheapNodeV2', 'money_node_sale_left', 'money_node_sale_left_center', 'money_node_sale_right', 'money_node_sale_right_center', 'panel_gain', 'UIText', 'txt_gain', 'text_color', 'txt_gain_color_ori', 'panel_mark', 'MallCornerNode', 'mark_node') vars=('self', 'panel_btn') consts=['panel_btn', 'btn_1', 'panel_one', 'panel_cheap', 'panel_two', 'panel_1', 'panel_2', 'panel_two_cheap', 'panel_3', 'panel_4', 'panel_txt', 'txt_money', 'panel_mark', 'node_mark']
FUNC gclient.gamesystem.uihall.uimall.mall_box_weapon_v6_roll_window.MallBtnBuyAll.LoadData names=('data', 'get', 'SetBtnStateByBuyState', 'MallProductShowTextStates', 'panel_gain', 'visible', 'lang', 'MALL_BUY_STATE', 'txt_gain', 'text', 'money_node_single', 'money_node_sale_single', 'panel_two', 'panel_two_sale', 'panel_mark', 'hall_ui_util', 'GetDirectPayPriceText', 'GetMoneyDictByMallProto', 'genv', 'avatar', 'need_metal_price', 'pop', 'consts', 'EMoneyType_METAL', 'len', 'six2', 'values', 'LoadData', 'MallCornerNode', 'BuildData', 'MallRecommendType', 'SaleDiscount', 'mark_node', 'GetSortedMoneyDictList', 'money_node_sale_left', 'money_node_sale_left_center', 'money_node_sale_right', 'money_node_sale_right_center', 'money_node_left', 'money_node_right', 'COMMON_DISCOUNT', 'MALL_RECOMMEND_ACQUIRE_SOURCE', 'SetBright', 'SetEnabled') vars=('self', 'data', 'buy_state', 'new_type', 'direct_pkg_id', 'GetDirectPayPriceText', 'money_dict', 'length', 'money_info', 'off', 'proto', 'money_values', 'money_info_left', 'money_info_right', 'is_left_off', 'is_right_off') consts=['is_buy', True, False, 'pay_price', ('new_type',), 'off', 1.0, '-%.f%%', 'gain_type']
FUNC gclient.gamesystem.uihall.uimall.mall_box_weapon_v6_roll_window.MallBtnBuyAll.LoadDataByMoneyDict names=('data', 'SetBtnStateByBuyState', 'MallProductShowTextStates', 'panel_gain', 'visible', 'lang', 'MALL_BUY_STATE', 'txt_gain', 'text', 'text_color', 'txt_gain_color_ori', 'money_node_single', 'money_node_sale_single', 'panel_two', 'panel_two_sale', 'panel_mark', 'len', 'six2', 'values', 'update', 'LoadData', 'MallCornerNode', 'BuildData', 'consts', 'MallRecommendType', 'SaleDiscount', 'mark_node', 'GetSortedMoneyDictList', 'money_node_sale_left', 'money_node_sale_left_center', 'money_node_sale_right', 'money_node_sale_right_center', 'money_node_left', 'money_node_right', 'COMMON_DISCOUNT') vars=('self', 'money_dict', 'buy_state', 'txt_color', 'change_color', 'length', 'money_info', 'off', 'proto', 'money_values', 'money_info_left', 'money_info_right', 'is_left_off', 'is_right_off') consts=['is_buy', True, 'money_dict', False, ('change_color',), 'off', 1.0, '-%.f%%']
FUNC gclient.gamesystem.uihall.uimall.mall_box_weapon_v6_roll_window.MallBtnBuyAll.LoadDataCacheGacha names=('data', 'times', 'GetMoneyDictByCacheSettingData', 'money_node_single', 'visible', 'six2', 'values', 'LoadData', 'money_node_sale_single', 'panel_two', 'panel_two_sale', 'GetBuyVXByGachaSettingData', 'LoadAnimFromFile', 'PlayAnim', 'StopAnim', 'panel_mark', 'mark_node', 'MallCornerNode', 'BuildData', 'consts', 'MallRecommendType', 'SaleDiscount', 'EMoneyType_ITEM', 'GachaOff') vars=('self', 'data', 'times', 'change_color', 'use_special_icon', 'show_panel_mark', 'discount_info', 'money_dict', '_money_dict', 'btn_vx_path') consts=[True, 'change_color', False, 'loop', ('is_loop',), 'money_type', 'cost_item_id', '-%d%%', 'discount_rate']
FUNC gclient.gamesystem.uihall.uimall.mall_box_weapon_v6_roll_window.MallBtnBuyAll.LoadDataGacha names=('data', 'times', 'GetMoneyDictByGachaSettingData', 'money_node_single', 'visible', 'six2', 'values', 'LoadData', 'money_node_sale_single', 'panel_two', 'panel_two_sale', 'GetBuyVXByGachaSettingData', 'LoadAnimFromFile', 'PlayAnim', 'StopAnim', 'panel_mark', 'mark_node', 'MallCornerNode', 'BuildData', 'consts', 'MallRecommendType', 'SaleDiscount', 'EMoneyType_ITEM', 'GachaOff') vars=('self', 'data', 'times', 'change_color', 'use_special_icon', 'show_panel_mark', 'discount_info', 'money_dict', '_money_dict', 'btn_vx_path') consts=[True, 'change_color', False, 'loop', ('is_loop',), 'money_type', 'cost_item_id', '-%d%%', 'discount_rate']
FUNC gclient.gamesystem.uihall.uimall.mall_box_weapon_v6_roll_window.MallBtnBuyAll.LoadDataRollNocycle names=('data', 'btn_buy', 'SetCD', 'times', 'GetMoneyDictByRollNocycleSettingData', 'money_node_single', 'visible', 'six2', 'values', 'LoadData', 'money_node_sale_single', 'panel_two', 'panel_two_sale', 'panel_mark', 'mark_node', 'MallCornerNode', 'BuildData', 'consts', 'MallRecommendType', 'SaleDiscount', 'SetEnabled', 'SetBright', 'txt_gain', 'text_color', 'panel_gain', 'lang', 'COMMON_TEXT_ALL_RECEIVED', 'text') vars=('self', 'data', 'times', 'change_color', 'show_panel_mark', 'all_get', 'use_special_icon', 'is_brazil', 'money_dict', '_money_dict') consts=[1.0, True, 'change_color', False, (93, 72, 33, 255), (12, 22, 31, 255)]
FUNC gclient.gamesystem.uihall.uimall.mall_box_weapon_v6_roll_window.MallBtnBuyAll.LoadGachaFreeState names=('GachaFreeState', 'Free', 'panel_gain', 'visible', 'money_node_single', 'lang', 'MALL_GACHA_FREE', 'txt_gain', 'text') vars=('self', 'gacha_free_state', 'next_free_time') consts=[True, False]
FUNC gclient.gamesystem.uihall.uimall.mall_box_weapon_v6_roll_window.MallBtnBuyAll.OnBuy names=('data', 'get', 'buy_func', 'jump_func') vars=('self', 'btn') consts=['is_buy', True]
FUNC gclient.gamesystem.uihall.uimall.mall_box_weapon_v6_roll_window.MallBtnBuyAll.SetBright names=('btn_buy', 'SetBright') vars=('self', 'enable') consts=[]
FUNC gclient.gamesystem.uihall.uimall.mall_box_weapon_v6_roll_window.MallBtnBuyAll.SetBtnStateByBuyState names=('MallProductBuyBtnBrightStates', 'SetBright', 'MallProductBuyBtnEnableStates', 'SetEnabled') vars=('self', 'buy_state') consts=[True, False]
FUNC gclient.gamesystem.uihall.uimall.mall_box_weapon_v6_roll_window.MallBtnBuyAll.SetEnabled names=('btn_buy', 'widget', 'setEnabled') vars=('self', 'enable') consts=[]
FUNC gclient.gamesystem.uihall.uimall.mall_box_weapon_v6_roll_window.MallBtnBuyAll.SetText names=('panel_gain', 'visible', 'money_node_single', 'money_node_sale_single', 'panel_two', 'panel_two_sale', 'txt_gain', 'text', 'panel_mark') vars=('self', 'txt') consts=[True, False]
FUNC gclient.gamesystem.uihall.uimall.mall_box_weapon_v6_roll_window.MallBtnBuyAll.__init__ names=('super', 'MallBtnBuyAll', '__init__', 'InitData', 'InitNode') vars=('self', 'widget') consts=[]
CLASS MallGachaBuyComp METHODS=['OnBuySingle', 'RefreshPanelBuySingle']
FUNC gclient.gamesystem.uihall.uimall.mall_box_weapon_v6_roll_window.MallGachaBuyComp.OnBuySingle names=('OnBuy',) vars=('self', 'btn') consts=[1]
FUNC gclient.gamesystem.uihall.uimall.mall_box_weapon_v6_roll_window.MallGachaBuyComp.RefreshPanelBuySingle names=('btn_buy_single', 'LoadDataGacha', 'gacha_setting_proto', 'hall_ui_util', 'GetGachaDiscountInfoByGachaId', 'cur_key', 'RefreshGachaBuyText', 'txt_open_buy_single') vars=('self',) consts=[1, ('discount_info',)]
CLASS MallGachaBuyCompV6 METHODS=['InitCheckBox', 'OnBuy', 'OnBuyX', 'OnCheckBox', 'OnComRewardWindowChangeSkipAnim', 'OnRefreshX', 'RefreshPanelBuy', '_BuyGacha', '_RemoveOldPanelBuyNode', '__init_panel_buy_component__', '__on_roll_end_component__', '__on_roll_start_component__']
FUNC gclient.gamesystem.uihall.uimall.mall_box_weapon_v6_roll_window.MallGachaBuyCompV6.InitCheckBox names=('panel_buy', 'childex', 'UICheckBox', 'skip_roll_check_box', 'btn_buy_ten', 'seek', 'UIButton', 'btn_refresh_x', 'img_refresh_x', 'OnRefreshX', 'onClick') vars=('self',) consts=['panel_checkbox.txt_1.checkbox', 'panel_btn', 'btn_1', 'btn_toggle', 'img_toggle']
FUNC gclient.gamesystem.uihall.uimall.mall_box_weapon_v6_roll_window.MallGachaBuyCompV6.OnBuy names=('enable_click', 'six2', 'get_unbound_or_bound_function', 'MallGachaBuyComp', 'OnBuy') vars=('self', 'times') consts=[]
FUNC gclient.gamesystem.uihall.uimall.mall_box_weapon_v6_roll_window.MallGachaBuyCompV6.OnBuyX names=('OnBuy', 'LocalConfig', 'mall_gacha_v6_roll_btn_buy_cur_num') vars=('self', 'btn') consts=[]
FUNC gclient.gamesystem.uihall.uimall.mall_box_weapon_v6_roll_window.MallGachaBuyCompV6.OnCheckBox names=('LocalConfig', 'roll_nocycle_skip_anim_dict', 'cur_key', 'saveLocalConfig') vars=('self', 'name', 'is_selected') consts=[]
FUNC gclient.gamesystem.uihall.uimall.mall_box_weapon_v6_roll_window.MallGachaBuyCompV6.OnComRewardWindowChangeSkipAnim names=('skip_roll_check_box', 'SetSelectedNoCallback') vars=('self', 'is_selected') consts=[]
FUNC gclient.gamesystem.uihall.uimall.mall_box_weapon_v6_roll_window.MallGachaBuyCompV6.OnRefreshX names=('btn_buy_refresh_num', 'len', 'btn_refresh_x', 'visible', 'gacha_setting_proto', 'LocalConfig', 'mall_gacha_v6_roll_btn_buy_cur_num', 'OnBuyX', 'btn_buy_ten', 'buy_func', 'LoadDataGacha', 'get', 'hall_ui_util', 'GetGachaDiscountInfoByGachaId', 'RefreshGachaBuyText', 'txt_open_buy_ten') vars=('self', '_', 'is_change', 'is_refresh', 'gacha_setting_proto', 'num') consts=[1, True, False, 'use_special_icon', 'id', ('use_special_icon', 'discount_info')]
FUNC gclient.gamesystem.uihall.uimall.mall_box_weapon_v6_roll_window.MallGachaBuyCompV6.RefreshPanelBuy names=('gacha_setting_proto', 'get', 'csb_btn_buy_ten', '_RemoveOldPanelBuyNode', 'panel_buy_ten', 'gui', 'LoadWidgetFromFile', 'str', 'widget', 'seek', 'MallBtnBuyAll', 'btn_buy_ten', 'OnBuyTen', 'buy_func', 'InitCheckBox', 'len', 'btn_buy', 'LoadNormalTexture', 'LoadPressTexture', 'LoadDisableTexture', 'csb_btn_buy_single', 'panel_buy_single', 'btn_buy_single', 'OnBuySingle', 'ignoreContentAdaptWithSize', 'getContentSize', 'width', 'height', 'btn_buy_single_reddot_offset', 'LoadDataGacha', 'hall_ui_util', 'GetGachaDiscountInfoByGachaId', 'RefreshPanelBuySingle', 'OnRefreshX', 'skip_roll_check_box', 'Create', 'LocalConfig', 'roll_nocycle_skip_anim_dict', 'cur_key', 'OnCheckBox') vars=('self', 'gacha_setting_proto', 'csb_btn_ten', 'csb_btn_texture', 'csb_btn_single', 'size') consts=['ten_draw_vx', 'draw_icon_png', ('parent_widget',), 'node', 'one_draw_vx', True, 'use_special_icon', 'id', ('use_special_icon', 'discount_info'), False, 'roll_nocycle_skip_anim']
FUNC gclient.gamesystem.uihall.uimall.mall_box_weapon_v6_roll_window.MallGachaBuyCompV6._BuyGacha names=('genv', 'avatar', 'BuyGacha') vars=('self', 'gacha_setting_proto', 'times', 'skip_anim', 'gacha_id') consts=['id', 'OnGachaRollSkipAnim', 'OnGachaV6Roll']
FUNC gclient.gamesystem.uihall.uimall.mall_box_weapon_v6_roll_window.MallGachaBuyCompV6._RemoveOldPanelBuyNode names=('rseek', 'removeChild') vars=('self', 'panel_buy', 'node_name', 'old_node') consts=['node_btn', ('node_btn', 'node')]
FUNC gclient.gamesystem.uihall.uimall.mall_box_weapon_v6_roll_window.MallGachaBuyCompV6.__init_panel_buy_component__ names=('six2', 'get_unbound_or_bound_function', 'MallGachaBuyComp', '__init_panel_buy_component__', 'csb_btn_buy_ten', 'csb_btn_buy_single', 'InitCheckBox') vars=('self', 'panel_parent', 'node_name') consts=[]
FUNC gclient.gamesystem.uihall.uimall.mall_box_weapon_v6_roll_window.MallGachaBuyCompV6.__on_roll_end_component__ names=('panel_buy', 'visible') vars=('self',) consts=[True]
FUNC gclient.gamesystem.uihall.uimall.mall_box_weapon_v6_roll_window.MallGachaBuyCompV6.__on_roll_start_component__ names=('panel_buy', 'visible') vars=('self',) consts=[False]
CLASS MallGachaV6FeatureInfoCompAttribute METHODS=['RefreshGunTitle', 'RefreshPanelTitle', '__init_node_component__', '__on_roll_end_component__', '__on_roll_start_component__']
FUNC gclient.gamesystem.uihall.uimall.mall_box_weapon_v6_roll_window.MallGachaV6FeatureInfoCompAttribute.RefreshGunTitle names=('token_ultimate_reward_item_id', 'GunUpgradeDataMgr', 'instance', 'GetImportantFeatures', 'select_item_id', 'GetItemFeatureList', 'panel_title_gun', 'visible', 'lobby_item_data', 'data', 'gun_skin_template_data', 'cconst', 'WAREHOUSE_QUALITY_LEVEL_COLOR', 'get', 'title_quality_tag', 'RefreshTagQuality', 'gun_mod_data', 'consts', 'ItemSubType', 'Suit', 'mall_util', 'GetHeroNamePrefixBeforeHyphen', 'RefreshPanelSwitchView') vars=('self', 'token_ultimate_reward_item_id', 'important_features', 'show_gun_title', 'item_proto', 'skin_template_id', 'gun_id', 'color_map', 'quality', 'item_name') consts=[True, False, 'guise', 'template_id', 'gun_id', 'quality', 'name', 'sub_type']
FUNC gclient.gamesystem.uihall.uimall.mall_box_weapon_v6_roll_window.MallGachaV6FeatureInfoCompAttribute.RefreshPanelTitle names=('gacha_setting_proto', 'get', 'img_gacha_title', 'texture', 'visible', 'txt_title', 'text', 'SetTextColorByList', 'org_text_color', 'text_color', 'SetVertexColor', 'RefreshGunTitle') vars=('self', 'gacha_setting_proto', 'gacha_proto_get', 'txt_title', 'vertex_color') consts=['title_icon', True, False, 'title_str', '', 'title_str_color']
FUNC gclient.gamesystem.uihall.uimall.mall_box_weapon_v6_roll_window.MallGachaV6FeatureInfoCompAttribute.__init_node_component__ names=('six2', 'get_unbound_or_bound_function', 'MallGachaV6FeatureInfoComp', '__init_node_component__', 'txt_date', 'childex', 'UIButton', 'OnShowProbability', 'onClick', 'panel_title', 'btn_reward_show', 'ShowRewardWindow', 'seek', 'UITexture', 'btn_reward_show_bg') vars=('self', 'panel_content', '_', 'btn_tips', 'btn_reward_show') consts=['panel_tips.btn_reward', 'panel_btn.btn_reward', 'img_icon']
FUNC gclient.gamesystem.uihall.uimall.mall_box_weapon_v6_roll_window.MallGachaV6FeatureInfoCompAttribute.__on_roll_end_component__ names=('btn_reward_show', 'visible', 'txt_date', 'img_date', 'img_date_bg', 'panel_title_gun') vars=('self',) consts=[True]
FUNC gclient.gamesystem.uihall.uimall.mall_box_weapon_v6_roll_window.MallGachaV6FeatureInfoCompAttribute.__on_roll_start_component__ names=('btn_reward_show', 'visible', 'txt_date', 'img_date', 'img_date_bg', 'panel_title_gun') vars=('self',) consts=[False]
CLASS MallGachaV6FeatureTitleComp METHODS=['OnItemGlobalCountChanged', 'OnSwitchGunSkinView', 'RefreshGlobalPanelGunNum', '__init_node_component__', '__on_roll_end_component__', '__on_roll_start_component__', '__on_select_item_component__', '__on_show_feature_component__']
FUNC gclient.gamesystem.uihall.uimall.mall_box_weapon_v6_roll_window.MallGachaV6FeatureTitleComp.OnItemGlobalCountChanged names=('collection_reward_item_id', 'lobby_item_upgrade_extra_data', 'ITEM_ID_TO_BASE_LEVEL_ITEM', 'node_gun_num', 'LoadData') vars=('self', 'base_item_id', 'old', 'new', 'collection_reward_item_id', 'collection_reward_base_item_id') consts=['NO.%d']
FUNC gclient.gamesystem.uihall.uimall.mall_box_weapon_v6_roll_window.MallGachaV6FeatureTitleComp.OnSwitchGunSkinView names=('genv', 'sound_mgr', 'PlayEventById', 'bool', 'collection_reward_item_id', 'select_item_id', 'final_view_item_id', 'token_ultimate_reward_item_id', 'RefreshModel', 'lobby_item_data', 'data', 'SelectGunSkinViewTypeBtn') vars=('self', 'is_final', 'widget', 'item_id') consts=[335, False, ('is_3d',)]
FUNC gclient.gamesystem.uihall.uimall.mall_box_weapon_v6_roll_window.MallGachaV6FeatureTitleComp.RefreshGlobalPanelGunNum names=('hall_ui_util', 'RefreshGlobalPanelGunNumInGacha', 'panel_gun_num', 'node_gun_num') vars=('self', 'item_id') consts=[]
FUNC gclient.gamesystem.uihall.uimall.mall_box_weapon_v6_roll_window.MallGachaV6FeatureTitleComp.__init_node_component__ names=('six2', 'get_unbound_or_bound_function', 'MallGachaV6FeatureInfoCompAttribute', '__init_node_component__', 'panel_title', 'seek', 'panel_gun_num', 'NodeV6GunNum', 'node_gun_num', 'getPosition', 'node_origin_pos') vars=('self', 'panel_content', '_') consts=['panel_details', 'node_tips']
FUNC gclient.gamesystem.uihall.uimall.mall_box_weapon_v6_roll_window.MallGachaV6FeatureTitleComp.__on_roll_end_component__ names=('six2', 'get_unbound_or_bound_function', 'MallGachaV6FeatureInfoCompAttribute', '__on_roll_end_component__', 'panel_gun_num', 'visible') vars=('self',) consts=[True]
FUNC gclient.gamesystem.uihall.uimall.mall_box_weapon_v6_roll_window.MallGachaV6FeatureTitleComp.__on_roll_start_component__ names=('six2', 'get_unbound_or_bound_function', 'MallGachaV6FeatureInfoCompAttribute', '__on_roll_start_component__', 'panel_gun_num', 'visible') vars=('self',) consts=[False]
FUNC gclient.gamesystem.uihall.uimall.mall_box_weapon_v6_roll_window.MallGachaV6FeatureTitleComp.__on_select_item_component__ names=('six2', 'get_unbound_or_bound_function', 'MallGachaV6FeatureInfoCompAttribute', '__on_select_item_component__', 'RefreshGunCsb', 'RefreshGlobalPanelGunNum') vars=('self', 'item_id') consts=[]
FUNC gclient.gamesystem.uihall.uimall.mall_box_weapon_v6_roll_window.MallGachaV6FeatureTitleComp.__on_show_feature_component__ names=('RefreshGunCsb', 'six2', 'get_unbound_or_bound_function', 'MallGachaV6FeatureInfoCompAttribute', '__on_show_feature_component__', 'GunUpgradeFeature', 'UPGRADE_FEATURE_BASE', 'select_item_id', 'token_ultimate_reward_item_id', 'final_view_item_id', 'panel_switch_view', 'visible', 'panel_gun_num', 'node_gun_num', 'RefreshGlobalPanelGunNum') vars=('self', 'feature') consts=[False]
CLASS MallGachaV6SimpleFeatureListComp METHODS=['ShowFeature', '__init_node_component__', '__on_roll_end_component__', '__on_roll_start_component__', '__on_select_item_component__']
FUNC gclient.gamesystem.uihall.uimall.mall_box_weapon_v6_roll_window.MallGachaV6SimpleFeatureListComp.ShowFeature names=('GunUpgradeFeature', 'UPGRADE_FEATURE_BASE', 'item_id', 'OnSwitchGunSkinView', 'six2', 'get_unbound_or_bound_function', 'GachaFeatureModelComp', 'ShowFeature', '_callComponents') vars=('self', 'feature', 'level') consts=[0, True, 'on_show_feature']
FUNC gclient.gamesystem.uihall.uimall.mall_box_weapon_v6_roll_window.MallGachaV6SimpleFeatureListComp.__init_node_component__ names=('six2', 'get_unbound_or_bound_function', 'GachaFeatureModelComp', '__init_node_component__', 'seek', 'partial', 'feature_node', 'panel_feature_lock', 'Swallower', 'panel_feature') vars=('self', 'panel_content', '_') consts=['panel_gun_detail']
FUNC gclient.gamesystem.uihall.uimall.mall_box_weapon_v6_roll_window.MallGachaV6SimpleFeatureListComp.__on_roll_end_component__ names=('panel_feature_lock', 'visible') vars=('self',) consts=[True]
FUNC gclient.gamesystem.uihall.uimall.mall_box_weapon_v6_roll_window.MallGachaV6SimpleFeatureListComp.__on_roll_start_component__ names=('panel_feature_lock', 'visible') vars=('self',) consts=[False]
FUNC gclient.gamesystem.uihall.uimall.mall_box_weapon_v6_roll_window.MallGachaV6SimpleFeatureListComp.__on_select_item_component__ names=('six2', 'get_unbound_or_bound_function', 'GachaFeatureModelComp', '__on_select_item_component__', 'token_ultimate_reward_item_id', 'panel_feature_lock', 'visible', 'ClickFirstNode') vars=('self', 'item_id', 'visible') consts=[]
CLASS MallGachaV6SimpleFeatureListCompCollection METHODS=['__on_select_item_component__']
FUNC gclient.gamesystem.uihall.uimall.mall_box_weapon_v6_roll_window.MallGachaV6SimpleFeatureListCompCollection.__on_select_item_component__ names=('six2', 'get_unbound_or_bound_function', 'GachaFeatureModelComp', '__on_select_item_component__', 'GunUpgradeDataMgr', 'instance', 'GetImportantFeatures', 'panel_feature_lock', 'visible', 'RefreshData', 'ClickFirstNode', 'collection_reward_item_id', 'SetTxtGet', 'lang', 'MALL_GACHA_GET_DIRECTLY', 'MALL_GACHA_GET_UPGRADE') vars=('self', 'item_id', 'important_features', 'visible') consts=[True, False]
CLASS MallSoundAndEffectComp METHODS=['LoadNodeEffectAndSound', 'LoadOneTimeEffectAndSound', 'LoadSpBGM', 'OnMallModelWeaponModelLoadedForSoundEffectComp', 'PlayLevelEffect', 'PopCameraRollGraph', 'UnLoadSpBGM']
FUNC gclient.gamesystem.uihall.uimall.mall_box_weapon_v6_roll_window.MallSoundAndEffectComp.LoadNodeEffectAndSound names=('UnLoadNodeEffectAndSound', 'genv', 'sound_mgr', 'PlayEventById', 'node_sp_effect_sound', 'MType', 'Matrix4x3', 'Vector3', 'get', 'translation', 'math', 'pi', 'set_pitch_yaw_roll', 'effect_util', 'WarpperPlayEffectInWorld2', 'node_sp_effect', 'PlayLevelEffect') vars=('self', 'gacha_proto', 'effect_id_list', 'trans', 'rotation', '_rot', 'func_play_effect', 'node_sp_effect', 'effect_id') consts=['effect_sound', False, ('is_3d',), 'effect_id_list', 'effect_pos', 'effect_rot', 180.0, True, ('insure_play',), (0, 0, 0)]
FUNC gclient.gamesystem.uihall.uimall.mall_box_weapon_v6_roll_window.MallSoundAndEffectComp.LoadOneTimeEffectAndSound names=('UnLoadOneTimeEffectAndSound', 'gacha_setting_proto', 'genv', 'sound_mgr', 'PlayEventById', 'sp_effect_sound', 'MType', 'Matrix4x3', 'Vector3', 'get', 'translation', 'math', 'pi', 'set_pitch_yaw_roll', 'scale', 'effect_util', 'WarpperPlayEffectInWorld2', 'sp_effect', 'PlayLevelEffect') vars=('self', 'gacha_setting_proto', 'effect_id_list', 'trans', 'effect_pos', 'rotation', '_rot', 'func_play_effect', 'sp_effect', 'effect_id') consts=['effect_sound', False, ('is_3d',), 'effect_id_list', 'effect_pos', 'effect_rot', 180.0, 'effect_scale', True, ('insure_play',), (0, 0, 0)]
FUNC gclient.gamesystem.uihall.uimall.mall_box_weapon_v6_roll_window.MallSoundAndEffectComp.LoadSpBGM names=('UnLoadSpBGM', 'gacha_setting_proto', 'get', 'model_ctrl', 'SetGachaSettingProto', 'genv', 'sound_mgr', 'CheckABTestCondition', 'avatar', 'LoadMedia', 'SetState') vars=('self', 'gacha_setting_proto', 'sound_bgm', 'sound_sp_state_v', 'sound_sp_bnk', 'sound_bgm_ab_test_condition_id', 'sound_mgr') consts=['sound_bgm', False, 'sound_sp_state_v', 'sound_sp_bnk', 'sound_bgm_ab_test_condition_id', 'music_junxu', 'music_basic', 'Junxu', 'None', 'Shop']
FUNC gclient.gamesystem.uihall.uimall.mall_box_weapon_v6_roll_window.MallSoundAndEffectComp.OnMallModelWeaponModelLoadedForSoundEffectComp names=('real_visible', 'need_hide_duration', 'gacha_setting_proto', 'model_ctrl', 'AddHiddenReason', 'cconst', 'HIDDEN_REASON_VEHICLE', 'model_hide_timer', 'cancel_timer', 'add_timer') vars=('self', 'gacha_setting_proto', 'hide_duration') consts=[False, 'hide_duration']
FUNC gclient.gamesystem.uihall.uimall.mall_box_weapon_v6_roll_window.MallSoundAndEffectComp.PlayLevelEffect names=('GetLevelEffectIds', 'GetLevelEffectValueList', 'effect_util', 'WarpperPlayEffectInWorld2', 'enumerate', 'MType', 'Matrix4x3', 'Vector3', 'GetLevelEffectValue', 'translation', 'math', 'pi', 'set_pitch_yaw_roll', 'scale', 'effect_data', 'data', 'get', 'MHelper', 'PlayCameraEffectById', 'SetLevelEffectHandle') vars=('self', 'proto', 'effect_dict', 'effect_ids', 'pos_list', 'rot_list', 'scale_list', 'func_play_effect', 'idx', 'effect_id', 'trans', 'rotation', '_rot', 'scale', 'is_screen_effect', 'effect') consts=['level_effect_id', 'level_effect_pos', 'level_effect_rot', 'level_effect_scale', 180.0, 'is_screen_effect', False, True, ('insure_play',), (0, 0, 0)]
FUNC gclient.gamesystem.uihall.uimall.mall_box_weapon_v6_roll_window.MallSoundAndEffectComp.PopCameraRollGraph names=('model_ctrl', 'PopCameraRollGraph') vars=('self',) consts=[]
FUNC gclient.gamesystem.uihall.uimall.mall_box_weapon_v6_roll_window.MallSoundAndEffectComp.UnLoadSpBGM names=('genv', 'sound_mgr', 'SetState', 'CancelModelHideTimer', 'PopCameraRollGraph', 'model_ctrl', 'SetGachaSettingProto') vars=('self',) consts=['music_basic', 'Shop']
CLASS MallV6WeaponGrandPriceRollItemNode METHODS=['LoadData', 'RefreshHideEffect', 'RefreshOnRollEnd', '__init__']
FUNC gclient.gamesystem.uihall.uimall.mall_box_weapon_v6_roll_window.MallV6WeaponGrandPriceRollItemNode.LoadData names=('PlayLoopAnim', 'data', 'item_id', 'split', 'int', 'index', 'lobby_item_data', 'get', 'cconst', 'ITEM_QUALITY_2_COLOR_ICON_GACHA_ROLL', 'img_level', 'texture', 'genv', 'avatar', 'RefreshPanelOwn', 'IsGachaCollectionUnlock', 'panel_collection', 'visible', 'LoadData', 'CommonItemTag', 'Collection', 'panel_vx_collection_unlock', 'img_item', 'img_collection', 'is_big') vars=('self', 'data', 'item_id', 'gacha_id_str', 'index_str', 'item_proto', 'quality', 'avatar', 'is_collection_unlock', 'is_need_collection') consts=['item_id', 'id', '.', 'quality', 10566, 'is_need_collection', 'collection_price', False, True, 'tag', 'icon', 'icon_collection', 'small_icon_id']
FUNC gclient.gamesystem.uihall.uimall.mall_box_weapon_v6_roll_window.MallV6WeaponGrandPriceRollItemNode.RefreshHideEffect names=('parent', 'model_ctrl', 'RemoveHiddenReason', 'cconst', 'HIDDEN_REASON_COMMON', 'UnLoadOneTimeEffectAndSound', 'genv', 'sound_mgr', 'PlayEventById', 'sp_effect_sound', 'MType', 'Matrix4x3', 'Vector3', 'translation', 'set_pitch_yaw_roll', 'effect_util', 'ClearWorldEffect', 'effect', 'model_hide_timer', 'WarpperPlayEffectInWorld2', 'AddHiddenReason', 'add_timer', 'LaterShow') vars=('self', 'proto', 'effect_id', 'effect_pos', 'effect_rot', 'effect_sound', 'hide_duration_time', 'trans', 'rotation') consts=['effect_id', 'effect_pos', 'effect_rot', 'effect_sound', 'hide_duration_time', False, ('is_3d',), True, ('insure_play',)]
FUNC gclient.gamesystem.uihall.uimall.mall_box_weapon_v6_roll_window.MallV6WeaponGrandPriceRollItemNode.RefreshOnRollEnd names=('LoadData', 'data') vars=('self',) consts=[]
FUNC gclient.gamesystem.uihall.uimall.mall_box_weapon_v6_roll_window.MallV6WeaponGrandPriceRollItemNode.__init__ names=('super', 'MallV6WeaponGrandPriceRollItemNode', '__init__', 'data', 'item_id', 'index', 'click_func', 'is_big', 'effect', 'sp_effect_sound', 'model_hide_timer', 'seek', 'panel_item', 'UITexture', 'img_level', 'img_item', 'img_select', 'img_collection', 'panel_own', 'CommonItemPanelTag', 'panel_collection', 'panel_vx_collection_unlock') vars=('self', 'widget', 'panel_item') consts=[False, 'panel_1', 'img_lv', 'img_icon', 'img_select', 'img_lock', 'panel_own', 'panel_bookreservation', 'vx_panel_1']
CLASS MallV6WeaponRollExchangeItemNode METHODS=['InitNode', 'InitNorNode', 'LoadData', 'RefreshJackpot', 'RefreshPanelMoney', 'RefreshPanelOwn', 'RefreshPanelState', '__init__']
FUNC gclient.gamesystem.uihall.uimall.mall_box_weapon_v6_roll_window.MallV6WeaponRollExchangeItemNode.InitNode names=('setScale', 'seek', 'anim_node', 'panel_item', 'panel_collection', 'UITexture', 'img_level', 'img_item', 'UIText', 'txt_count', 'img_select', 'visible', 'panel_money', 'img_money', 'txt_money', 'panel_role', 'img_role', 'panel_own', 'img_collection', 'panel_convertible', 'CycleTextNode', 'txt_have', 'lang', 'MALL_GACHA_CAN_CHANGE_OTHER_GUN', 'text', 'panel_convertible_money', 'txt_convertible_money', 'img_convertible_money') vars=('self', 'panel_item', 'panel_money') consts=[0.94, 'node', 'panel_1', 'panel_bookreservation', 'img_lv', 'img_icon', 'label_numb', 'img_select', False, 'panel_money', 'img_money', 'txt_get', 'panel_role', 'img_role', 'panel_own', 'img_lock', 'panel_convertible', 'panel_have']
FUNC gclient.gamesystem.uihall.uimall.mall_box_weapon_v6_roll_window.MallV6WeaponRollExchangeItemNode.InitNorNode names=('setScale', 'seek', 'panel_item', 'UITexture', 'img_level', 'img_item', 'UIText', 'txt_count', 'img_select', 'panel_own', 'img_collection', 'img_lv_sp', 'img_lv_sp_2', 'visible', 'panel_money', 'img_money', 'txt_money', 'panel_role', 'img_role', 'panel_convertible', 'CycleTextNode', 'txt_have', 'lang', 'MALL_GACHA_CAN_CHANGE_OTHER_GUN', 'text', 'panel_convertible_money', 'txt_convertible_money', 'img_convertible_money') vars=('self', 'panel_item', 'panel_money') consts=[0.75, 'Node', 'panel_all', 'panel_7', 'img_lv', 'image_icon', 'label_numb', 'image_sel', 'panel_own', 'img_lock', 'img_lv_sp', 'img_lv_sp_2', False, 'panel_money', 'img_money', 'txt_get', 'panel_role', 'img_role', 'panel_convertible', 'panel_have']
FUNC gclient.gamesystem.uihall.uimall.mall_box_weapon_v6_roll_window.MallV6WeaponRollExchangeItemNode.LoadData names=('get', 'removeAllChildren', 'node_jackpot', 'gui', 'LoadWidgetFromFile', 'str', 'widget', 'InitNode', 'anim_node', 'PlayAnim', 'InitNorNode', 'super', 'MallV6WeaponRollExchangeItemNode', 'LoadData', 'lobby_item_data', 'data', 'item_id', 'panel_v7', 'visible', 'img_level', 'img_lv_sp', 'cconst', 'SP_ITEM_QUALITY_2_COLOR_ICON', 'texture', 'ITEM_QUALITY_2_COLOR_ICON_GACHA_ROLL', 'genv', 'avatar', 'IsGachaCollectionUnlock', 'gacha_id', 'panel_collection', 'RefreshJackpot', 'IsExecution', 'img_collection', 'img_item', 'RefreshPanelMoney', 'panel_money') vars=('self', 'data', 'grand_prize_csb', 'item_proto', 'quality', 'is_collection_unlock', 'is_need_collection', 'sub_type') consts=['grand_prize_vx_csb', ('parent_widget',), 'loop', True, ('is_loop',), 'UIScript/node_og_shop_attribute_v6_turnable_new_item.csb', 'quality', False, 10690, 10566, 'is_need_collection', 'collection_price', 'small_icon_id', 'icon_collection_small_icon', 'sub_type']
FUNC gclient.gamesystem.uihall.uimall.mall_box_weapon_v6_roll_window.MallV6WeaponRollExchangeItemNode.RefreshJackpot names=('genv', 'avatar', 'data', 'get', 'panel_own', 'visible', 'gacha_id', 'GetJackpotGachaIds', 'node_jackpot', 'gui', 'LoadWidgetFromFile', 'widget', 'seek', 'PlayAnim', 'StopAnim', 'RefreshPanelOwn') vars=('self', 'avatar') consts=['grand_prize', 'UIScript/node_vx_jackpot_item_04.csb', ('parent_widget',), 'Node', True, 'loop', ('is_loop',), False]
FUNC gclient.gamesystem.uihall.uimall.mall_box_weapon_v6_roll_window.MallV6WeaponRollExchangeItemNode.RefreshPanelMoney names=('panel_own', 'visible', 'panel_money', 'panel_convertible', 'gacha_setting_data', 'data', 'gacha_id', 'lobby_item_data', 'get', 'img_money', 'texture', 'txt_money', 'text') vars=('self', 'exchange_cost_id') consts=[False, True, 'exchange_cost_id', 'icon', 'sp_icon']
FUNC gclient.gamesystem.uihall.uimall.mall_box_weapon_v6_roll_window.MallV6WeaponRollExchangeItemNode.RefreshPanelOwn names=('gacha_data', 'data', 'gacha_id', 'index', 'get', 'RefreshPanelState', 'genv', 'avatar', 'ItemCountIncludeUpgradeItem', 'item_id', 'gacha_mgr', 'panel_own', 'visible', 'panel_convertible') vars=('self', 'gacha_proto', 'convert_item_id', 'convert_item_count', 'no_cycle', 'is_own', 'gacha_mgr', 'roll_limit', 'count') consts=['convert_item_id', 'convert_item_count', 'no_cycle', False, 'proto_id_count', 'roll_limit', True]
FUNC gclient.gamesystem.uihall.uimall.mall_box_weapon_v6_roll_window.MallV6WeaponRollExchangeItemNode.RefreshPanelState names=('genv', 'avatar', 'gacha_id', 'gacha_mgr', 'no_cycle_proto_ids', 'get', 'index', 'ItemCountIncludeUpgradeItem', 'item_id', 'panel_convertible', 'visible', 'panel_own', 'txt_convertible_money', 'text', 'lobby_item_data', 'data', 'img_convertible_money', 'texture') vars=('self', 'gacha_proto', 'avatar', 'no_cycle_proto_ids', 'no_cycle', 'is_roll', 'is_own', 'convert_item_id') consts=['no_cycle', False, True, 'convert_item_count', 'convert_item_id', 'icon']
FUNC gclient.gamesystem.uihall.uimall.mall_box_weapon_v6_roll_window.MallV6WeaponRollExchangeItemNode.__init__ names=('super', 'MallV6WeaponRollExchangeItemNode', '__init__', 'seek', 'panel_v7', 'panel_item', 'UITexture', 'img_level', 'img_lv_sp', 'img_lv_sp_2', 'visible', 'panel_collection', 'panel_money', 'img_money', 'UIText', 'txt_money', 'panel_role', 'img_role', 'EnableNodeTouch', 'node_jackpot') vars=('self', 'widget', 'panel_money') consts=['panel_v7', 'img_lv', 'img_lv_sp', 'img_lv_sp_2', False, 'node', 'panel_bookreservation', 'panel_money', 'img_money', 'txt_get', 'panel_role', 'img_role']
CLASS MallV6WeaponRollItemNode METHODS=['LoadData', 'RefreshOnRollEnd', '__init__']
FUNC gclient.gamesystem.uihall.uimall.mall_box_weapon_v6_roll_window.MallV6WeaponRollItemNode.LoadData names=('data', 'item_id', 'split', 'int', 'index', 'gacha_id', 'lobby_item_data', 'get', 'cconst', 'ITEM_QUALITY_2_COLOR_ICON_GACHA_ROLL', 'img_level', 'texture', 'consts', 'WarehouseItemType', 'GunGuise', 'img_item', 'txt_count', 'text', 'visible', 'RefreshPanelOwn', 'img_collection') vars=('self', 'data', 'idx', 'item_id', 'gacha_str', 'item_id_str', 'item_count', 'item_proto', 'quality', 'sub_type') consts=['item_id', 'id', '.', 'item_count', 'quality', 'sub_type', 10566, 'small_icon_id', 'icon', True, False]
FUNC gclient.gamesystem.uihall.uimall.mall_box_weapon_v6_roll_window.MallV6WeaponRollItemNode.RefreshOnRollEnd names=('LoadData', 'data') vars=('self',) consts=[]
FUNC gclient.gamesystem.uihall.uimall.mall_box_weapon_v6_roll_window.MallV6WeaponRollItemNode.__init__ names=('super', 'MallV6WeaponRollItemNode', '__init__', 'data', 'item_id', 'index', 'click_func', 'seek', 'panel_item', 'UITexture', 'img_level', 'img_item', 'UIText', 'txt_count', 'img_select', 'panel_own', 'img_collection') vars=('self', 'widget', 'panel_item') consts=['panel_all', 'panel_7', 'img_lv', 'image_icon', 'label_numb', 'image_sel', 'panel_own', 'img_lock']
CLASS RollManager METHODS=['ForceSkipRollAndCallback', 'GetCurAnimSpeed', 'GetNextRollNode', 'RollNext', 'SetRollNodes', '__init__']
FUNC gclient.gamesystem.uihall.uimall.mall_box_weapon_v6_roll_window.RollManager.ForceSkipRollAndCallback names=('force_skip_roll',) vars=('self',) consts=[True]
FUNC gclient.gamesystem.uihall.uimall.mall_box_weapon_v6_roll_window.RollManager.GetCurAnimSpeed names=('time', 'start_stamp', 'cconst', 'MALL_ROLL_NOCYCLE_STAGE_ONE_DURATION', 'formula', 'LerpNumber', 'MALL_ROLL_NOCYCLE_MIN_SPEED', 'MALL_ROLL_NOCYCLE_MAX_SPEED', 'MALL_ROLL_NOCYCLE_STAGE_TWO_DURATION') vars=('self', 'now', 'time_pass') consts=[]
FUNC gclient.gamesystem.uihall.uimall.mall_box_weapon_v6_roll_window.RollManager.GetNextRollNode names=('cur_index', 'len', 'roll_ui_indexes', 'roll_nodes') vars=('self', 'ui_index') consts=[]
FUNC gclient.gamesystem.uihall.uimall.mall_box_weapon_v6_roll_window.RollManager.RollNext names=('force_skip_roll', 'callback', 'GetNextRollNode', 'index', 'final_index', 'time', 'start_stamp', 'cconst', 'MALL_ROLL_NOCYCLE_STAGE_ONE_DURATION', 'MALL_ROLL_NOCYCLE_STAGE_TWO_DURATION', 'PlayLightAnim', 'RollNext', 'GetCurAnimSpeed', 'genv', 'sound_mgr', 'PlayEventById') vars=('self', 'cur_node') consts=['start', False, ('is_loop', 'callback', 'speed'), 564, ('is_3d',)]
FUNC gclient.gamesystem.uihall.uimall.mall_box_weapon_v6_roll_window.RollManager.SetRollNodes names=('roll_nodes', 'roll_ui_indexes', 'final_index', 'sort', 'cur_index', 'callback', 'time', 'start_stamp', 'force_skip_roll', 'RollNext') vars=('self', 'roll_nodes', 'roll_ui_indexes', 'final_index', 'callback') consts=[False]
FUNC gclient.gamesystem.uihall.uimall.mall_box_weapon_v6_roll_window.RollManager.__init__ names=('super', 'RollManager', '__init__', 'roll_nodes', 'roll_ui_indexes', 'cur_index', 'final_index', 'force_skip_roll') vars=('self',) consts=[False]
CLASS UIText METHODS=['EnableMergeDraw']
FUNC gclient.gamesystem.uihall.uimall.mall_box_weapon_v6_roll_window.UIText.EnableMergeDraw names=('genv', 'EngineFeature', 'cconst', 'ENGINE_VERSION', 'V202302', 'widget', 'enableMerge', 'setForceNotMerge') vars=('self', 'is_enable') consts=[]
CLASS UIWindow METHODS=['Destroy']
FUNC gclient.gamesystem.uihall.uimall.mall_box_weapon_v6_roll_window.UIWindow.Destroy names=('__dict__', '_instance', 'gui', 'RecordWindowDestroy', 'controller_util', 'BatchRemoveControllerSwallower', 'sys', 'excepthook', 'exc_info', 'ClearStoryTick', 'timers', 'Timer', 'cancel_timer', 'clear', 'retain_pool', 'release', 'OnDestroy', 'RemoveDestroyingPanel', 'widget', 'isvalid', 'setVisible', 'removeFromParent', '_cur_action', '_zoom_action', 'child_windows', 'RemoveComponents', 'events', 'BatchRemoveListeners', '_belong_scenes', '_life_state', 'isInited', 'Destroy', 'ScheduleScene') vars=('cls', 'instance', 'timerid', 'widget', 'child_windows', 'belong_scenes', 'child_window') consts=['_instance', False]
CLASS WeaponV6RollManager METHODS=['ProtectRollOver', 'RollNext', 'SetRollNodes']
FUNC gclient.gamesystem.uihall.uimall.mall_box_weapon_v6_roll_window.WeaponV6RollManager.ProtectRollOver names=('is_roll_over', 'callback') vars=('self',) consts=[]
FUNC gclient.gamesystem.uihall.uimall.mall_box_weapon_v6_roll_window.WeaponV6RollManager.RollNext names=('max_idx', 'force_skip_roll', 'callback', 'GetNextRollNode', 'index', 'final_index', 'time', 'start_stamp', 'cconst', 'MALL_ROLL_NOCYCLE_STAGE_ONE_DURATION', 'MALL_ROLL_NOCYCLE_STAGE_TWO_DURATION', 'PlayAnim', 'RollNext', 'GetCurAnimSpeed', 'genv', 'sound_mgr', 'PlayEventById') vars=('self', 'cur_node') consts=[1, 'show', False, ('is_loop', 'callback', 'speed'), 564, ('is_3d',)]
FUNC gclient.gamesystem.uihall.uimall.mall_box_weapon_v6_roll_window.WeaponV6RollManager.SetRollNodes names=('max_idx', 'is_roll_over', 'super', 'WeaponV6RollManager', 'SetRollNodes') vars=('self', 'roll_nodes', 'roll_ui_indexes', 'final_index', 'callback') consts=[0, False]
MODULE gclient.gamesystem.uihall.uimall.mall_box_weapon_v7_roll_window FILE='C:\\Program Files (x86)\\bloodstrike\\Package\\Script\\Python/gclient/gamesystem/uihall/uimall/mall_box_weapon_v7_roll_window.py'
FUNC gclient.gamesystem.uihall.uimall.mall_box_weapon_v7_roll_window.Components names=() vars=('components', 'kwargs', '_Components') consts=[]
CLASS MallBoxPanelFeatureV6StraightRight METHODS=['OnClickFeatureNode']
FUNC gclient.gamesystem.uihall.uimall.mall_box_weapon_v7_roll_window.MallBoxPanelFeatureV6StraightRight.OnClickFeatureNode names=('cur_select_feature', 'len', 'feature_list', 'listview_feature', 'total_item_num', 'ctrl', 'ShowFeature', 'UnLoadRewardNodeEffect', 'select_item_id', 'lobby_item_data', 'data', 'get', 'consts', 'ItemSubType', 'PanPan', 'WarehouseItemType', 'Heirloom', 'BASE_FEATURE', 'panel_panpan', 'visible') vars=('self', 'level', 'feature', 'is_first', 'select_item_id', 'item_proto', 'sub_type') consts=['sub_type', False]
CLASS MallBoxWeaponV6NewAndBackStraightRollWindow METHODS=['ClickFirstNode', 'InitData', 'InitGunPos', 'InitPanelExchange', 'OnClickRewardNode', 'OnGachaRewardWindowClose', 'RefreshOnExchangeCallback', 'RefreshPanelGuns', 'RefreshPanelReward', 'RefreshRollReward', 'RollCallback', 'Show']
FUNC gclient.gamesystem.uihall.uimall.mall_box_weapon_v7_roll_window.MallBoxWeaponV6NewAndBackStraightRollWindow.ClickFirstNode names=('list_reward', '_items', 'img_select', 'visible', 'OnClickRewardNode') vars=('self', 'refresh_effect', 'node') consts=[False, True, ('refresh_effect', 'is_first')]
FUNC gclient.gamesystem.uihall.uimall.mall_box_weapon_v7_roll_window.MallBoxWeaponV6NewAndBackStraightRollWindow.InitData names=('super', 'MallBoxWeaponV6NewAndBackStraightRollWindow', 'InitData', 'is_first_show') vars=('self',) consts=[False]
FUNC gclient.gamesystem.uihall.uimall.mall_box_weapon_v7_roll_window.MallBoxWeaponV6NewAndBackStraightRollWindow.InitGunPos names=('is_first_show', 'real_visible', 'gacha_setting_proto', 'get', 'model_ctrl', 'show_model', 'model', 'Transform', 'MType', 'Vector3', 'translation', 'set_pitch_yaw_roll', 'scale', 'DelayRefreshRotateOrigin') vars=('self', 'gacha_setting_proto', 'rotation', 'pos', 'show_model', 'pitch', 'yaw', 'roll', 'trans') consts=['return_weapon_init_rotation', 'return_weapon_init_pos', 1.5653]
FUNC gclient.gamesystem.uihall.uimall.mall_box_weapon_v7_roll_window.MallBoxWeaponV6NewAndBackStraightRollWindow.InitPanelExchange names=('super', 'MallBoxWeaponV6NewAndBackStraightRollWindow', 'InitPanelExchange', 'InitGunNode') vars=('self',) consts=[]
FUNC gclient.gamesystem.uihall.uimall.mall_box_weapon_v7_roll_window.MallBoxWeaponV6NewAndBackStraightRollWindow.OnClickRewardNode names=('super', 'MallBoxWeaponV6NewAndBackStraightRollWindow', 'OnClickRewardNode', 'is_first_show', 'panel_model', '_multiTouchEnabled', 'EnableMultiTouch', 'EnableTouch', 'panel_main', 'visible', 'panel_gun_1', 'node_gun', 'StopAnim', 'panel_gun_2', 'main_gun_tab', 'panel_gun_num', 'functools', 'partial', 'list_reward', 'onClick', 'gacha_setting_proto', 'get', 'len', 'PlayAnim', 'is_unlock', 'item_id', 'lobby_item_upgrade_data', 'data', 'sorted', 'keys', 'lobby_item_data', 'RefreshModel', 'panel_title_gun', 'panel_gun_detail', 'InitGunPos') vars=('self', 'node', 'refresh_effect', 'is_first', 'gun_icon_png', 'panel_1', 'panel_2', 'item_id', 'final_view_item_id', 'upgrade_proto', 'item_proto') consts=[('refresh_effect',), False, True, 'gun_icon_png', 'loop', ('is_loop',), 'item_id', (), -1]
FUNC gclient.gamesystem.uihall.uimall.mall_box_weapon_v7_roll_window.MallBoxWeaponV6NewAndBackStraightRollWindow.OnGachaRewardWindowClose names=('super', 'MallBoxWeaponV6NewAndBackStraightRollWindow', 'OnGachaRewardWindowClose', 'cur_key', 'RefreshRollReward') vars=('self', 'info') consts=['act_id']
FUNC gclient.gamesystem.uihall.uimall.mall_box_weapon_v7_roll_window.MallBoxWeaponV6NewAndBackStraightRollWindow.RefreshOnExchangeCallback names=('super', 'MallBoxWeaponV6NewAndBackStraightRollWindow', 'RefreshOnExchangeCallback', 'RefreshRollReward') vars=('self',) consts=[]
FUNC gclient.gamesystem.uihall.uimall.mall_box_weapon_v7_roll_window.MallBoxWeaponV6NewAndBackStraightRollWindow.RefreshPanelGuns names=('gacha_setting_proto', 'get', 'lobby_item_data', 'data', 'functools', 'partial', 'OnClickRewardNode', 'list_reward', 'panel_main', 'onClick', 'panel_gun_1', 'panel_gun_2', 'is_unlock', 'RefreshGunDesc', 'main_gun_tab', 'RefreshImg') vars=('self', 'reward_list', 'main_item_proto', 'gun_1_item_proto', 'gun_2_item_proto', 'special_ui_to_reward') consts=['special_ui_to_reward', '', 'item_id', True, 'gun_icon_png', False]
FUNC gclient.gamesystem.uihall.uimall.mall_box_weapon_v7_roll_window.MallBoxWeaponV6NewAndBackStraightRollWindow.RefreshPanelReward names=('super', 'MallBoxWeaponV6NewAndBackStraightRollWindow', 'RefreshPanelReward', 'RefreshPanelGuns', 'list', 'gacha_reward_data', 'values') vars=('self', 'nee_fresh') consts=[]
FUNC gclient.gamesystem.uihall.uimall.mall_box_weapon_v7_roll_window.MallBoxWeaponV6NewAndBackStraightRollWindow.RefreshRollReward names=('ClickFirstNode',) vars=('self',) consts=[False, ('refresh_effect',)]
FUNC gclient.gamesystem.uihall.uimall.mall_box_weapon_v7_roll_window.MallBoxWeaponV6NewAndBackStraightRollWindow.RollCallback names=('super', 'MallBoxWeaponV6NewAndBackStraightRollWindow', 'RollCallback', 'is_first_show', 'panel_main', 'visible', 'panel_gun_1', 'node_gun', 'StopAnim', 'panel_gun_2', 'main_gun_tab', 'GetCurSelectNode', 'OnClickRewardNode') vars=('self', 'act_id', 'item_add', 'extra', '_', 'cur_node') consts=[False]
FUNC gclient.gamesystem.uihall.uimall.mall_box_weapon_v7_roll_window.MallBoxWeaponV6NewAndBackStraightRollWindow.Show names=('super', 'MallBoxWeaponV6NewAndBackStraightRollWindow', 'Show', 'OnClickRewardNode', 'list_reward', 'is_first_show') vars=('self', 'info') consts=[0, False, True, ('refresh_effect', 'is_first')]
CLASS MallBoxWeaponV6StraightRollWindow METHODS=['BuyConfirm', 'ChangeCameraForGacha', 'ClearTempBuyInfo', 'ClickFirstNode', 'Close', 'CreateFeatureModelForGacha', 'CreateRewardAnimNode', 'CreateRewardNode', 'FadeInBackground', 'GetCurSelectNode', 'GetFloorProto', 'GetFsmGachaModelCls', 'HideUIForRollStart', 'InitCheckBox', 'InitData', 'InitNode', 'InitPanelBuyWithSpecifyCsb', 'InitPanelExchange', 'InitPanelReward', 'InitPanelReward02', 'LaterShow', 'LoadNodeEffectAndSound', 'LoadOneTimeEffectAndSound', 'LoadSpBGM', 'OnBtnScaleClick', 'OnBtnSkinHalfClick', 'OnBuy', 'OnBuyConfirm', 'OnBuyGachaSuccessRefreshPanelBuy', 'OnBuySingle', 'OnBuyTen', 'OnBuyX', 'OnChargePopWindowClose', 'OnCheckBox', 'OnClickRewardNode', 'OnClosePanelVideo', 'OnComRewardWindowChangeSkipAnim', 'OnDestroy', 'OnGachaRewardWindowClose', 'OnGachaRewardWindowShowOneByOneEnd', 'OnGachaV6RollReward', 'OnItemGlobalCountChanged', 'OnMallModelWeaponModelLoadedForSoundEffectComp', 'OnRefreshX', 'OnRollAnimationEnd', 'OnRollEnd', 'OnShowProbability', 'OnSwitchGunSkinView', 'OnUnlockWindowCallback', 'OnUseGachaDiscountCountChangedForPanelBuy', 'OnWarehouseItemAddedForPanelBuy', 'OnWarehouseItemCountChanged', 'OnWarehouseItemRemoved', 'PlayLevelEffect', 'PopCameraRollGraph', 'PostSetVisibleForMutex', 'RefreshAllExchangeNodes', 'RefreshGachaBuyText', 'RefreshGlobalPanelGunNum', 'RefreshGunShow', 'RefreshGunTitle', 'RefreshHasItem', 'RefreshItemDetailPanel', 'RefreshJackpot', 'RefreshLeftTitleCsb', 'RefreshListReward', 'RefreshListReward_1', 'RefreshListReward_2', 'RefreshModelClothes', 'RefreshModelExecuteItem', 'RefreshNodeForExchange', 'RefreshOnExchangeCallback', 'RefreshPanelBuy', 'RefreshPanelBuyByCostItemChanged', 'RefreshPanelBuySingle', 'RefreshPanelDate', 'RefreshPanelReward', 'RefreshPanelRollCountTips', 'RefreshPanelSwitchView', 'RefreshPanelTitle', 'RefreshRollReward', 'RollCallback', 'SetModelSettingProto', 'SetupHallLevelAndCamera', 'Show', 'ShowFeature', 'ShowUIForRollEnd', 'StartTickCostItem', 'UnLoadRewardNodeEffect', 'UnLoadSpBGM', '_BuyGacha', '_RemoveOldPanelBuyNode', '_ShowFeature']
FUNC gclient.gamesystem.uihall.uimall.mall_box_weapon_v7_roll_window.MallBoxWeaponV6StraightRollWindow.BuyConfirm names=('GetMoneyDictByGachaSettingData', 'gacha_setting_proto', 'OnBuyConfirm', 'six2', 'values') vars=('self', 'times', 'money_dict') consts=[]
FUNC gclient.gamesystem.uihall.uimall.mall_box_weapon_v7_roll_window.MallBoxWeaponV6StraightRollWindow.ChangeCameraForGacha names=('genv', 'camera', 'is_fps_placer', 'space', 'gacha_setting_proto', 'get', 'cconst', 'GunUpgradeFeature', 'UPGRADE_FEATURE_SHOW_3P_WEAPON', 'UPGRADE_FEATURE_UNLOCK_ITEM_1', 'ChangeSpecialCameraId', 'UPGRADE_FEATURE_KILL_NUMBER', 'RefreshCamera') vars=('self', 'feature', 'space', 'gacha_setting_proto', 'special_feature_camera_id') consts=['special_feature_camera_id', 'feature_camera_id']
FUNC gclient.gamesystem.uihall.uimall.mall_box_weapon_v7_roll_window.MallBoxWeaponV6StraightRollWindow.ClearTempBuyInfo names=('temp_buy_info',) vars=('self',) consts=[]
FUNC gclient.gamesystem.uihall.uimall.mall_box_weapon_v7_roll_window.MallBoxWeaponV6StraightRollWindow.ClickFirstNode names=('list_reward', '_items', 'img_select', 'visible', 'OnClickRewardNode') vars=('self', 'refresh_effect', 'node') consts=[False, ('refresh_effect',)]
FUNC gclient.gamesystem.uihall.uimall.mall_box_weapon_v7_roll_window.MallBoxWeaponV6StraightRollWindow.Close names=('CancelScreenEffect', 'UnLoadRewardNodeEffect', 'super', 'MallBoxWeaponV6StraightRollWindow', 'Close') vars=('self', '_') consts=[]
FUNC gclient.gamesystem.uihall.uimall.mall_box_weapon_v7_roll_window.MallBoxWeaponV6StraightRollWindow.CreateFeatureModelForGacha names=('fsm_feature', 'CreateModel') vars=('self', 'item_id') consts=[]
FUNC gclient.gamesystem.uihall.uimall.mall_box_weapon_v7_roll_window.MallBoxWeaponV6StraightRollWindow.CreateRewardAnimNode names=('MallV6WeaponStraightRollItemNode', 'CloneWidget', 'click_func', 'onClick') vars=('self', 'children', 'node') consts=[0]
FUNC gclient.gamesystem.uihall.uimall.mall_box_weapon_v7_roll_window.MallBoxWeaponV6StraightRollWindow.CreateRewardNode names=('MallV6WeaponStraightRollItemNode', 'CloneWidget', 'parent', 'OnClickRewardNode', 'click_func') vars=('self', 'children', 'node') consts=[0]
FUNC gclient.gamesystem.uihall.uimall.mall_box_weapon_v7_roll_window.MallBoxWeaponV6StraightRollWindow.FadeInBackground names=('mall_util', 'GetBackgroundEntities', 'values', 'IsVisible', 'GetBackgroundEntityPrim', 'GetShaderGraphParameter', 'float', 'background_tick', 'RemoveStoryTick', 'functools', 'partial', 'BackgroundFadeInOutTick', 'time', 'game_const_data', 'GACHA_BACKGROUND_FADE_DURATION', 'AddStoryTick') vars=('self', 'gacha_setting_proto', 'entities', 'entity', 'prim', 'start_value') consts=['level_id', 'background_hide_entity_names', True, 'background_entity_name', 'cAlpha', '']
FUNC gclient.gamesystem.uihall.uimall.mall_box_weapon_v7_roll_window.MallBoxWeaponV6StraightRollWindow.GetCurSelectNode names=('cur_select_item_key', 'list_reward', '_items', 'index') vars=('self', 'node') consts=[]
FUNC gclient.gamesystem.uihall.uimall.mall_box_weapon_v7_roll_window.MallBoxWeaponV6StraightRollWindow.GetFloorProto names=('hasattr', 'item_id', 'hero_data_util', 'GetHeroSkinProto', 'get', 'gacha_setting_proto') vars=('self', 'hero_skin_proto') consts=['item_id', 'floor_level_id']
FUNC gclient.gamesystem.uihall.uimall.mall_box_weapon_v7_roll_window.MallBoxWeaponV6StraightRollWindow.GetFsmGachaModelCls names=('FSMGachaModel',) vars=('self',) consts=[]
FUNC gclient.gamesystem.uihall.uimall.mall_box_weapon_v7_roll_window.MallBoxWeaponV6StraightRollWindow.HideUIForRollStart names=('is_roll', 'tips_skip_roll_anim', 'visible', 'panel_skip_anim', 'panel_exchange', 'panel_discount', 'AddHiddenReason', 'ui_define', 'UI_HIDDENREASON_DEAD', '_callComponents') vars=('self',) consts=[True, False, 'on_roll_start']
FUNC gclient.gamesystem.uihall.uimall.mall_box_weapon_v7_roll_window.MallBoxWeaponV6StraightRollWindow.InitCheckBox names=('panel_content', 'childex', 'UICheckBox', 'skip_roll_check_box', 'btn_buy_ten', 'seek', 'UIButton', 'btn_refresh_x', 'img_refresh_x', 'OnRefreshX', 'onClick') vars=('self',) consts=['panel_checkbox.txt_1.checkbox', 'panel_btn', 'btn_1', 'btn_toggle', 'img_toggle']
FUNC gclient.gamesystem.uihall.uimall.mall_box_weapon_v7_roll_window.MallBoxWeaponV6StraightRollWindow.InitData names=('cur_key', 'enable_click', 'cost_item_timer', 'select_item_id', 'reward_item_nodes', 'exchange_item_nodes', 'gacha_setting_proto', 'pre_roll_count', 'pre_unlock_effect', 'pre_cost_item', 'protect_timer', 'is_has_item', 'is_roll', 'list_reward_anim_nodes', 'WeaponV6StraightRollManager', 'roll_manager', '_callComponents', 'cur_select_item_key', 'is_first_show', 'v6_model_hide_timer', 'model_ctrl', 'SetWindowStance') vars=('self',) consts=[True, False, 'init_data']
FUNC gclient.gamesystem.uihall.uimall.mall_box_weapon_v7_roll_window.MallBoxWeaponV6StraightRollWindow.InitNode names=('super', 'MallBoxWeaponV6StraightRollWindow', 'InitNode', 'InitPanpanShow', 'InitJackPot') vars=('self',) consts=[]
FUNC gclient.gamesystem.uihall.uimall.mall_box_weapon_v7_roll_window.MallBoxWeaponV6StraightRollWindow.InitPanelBuyWithSpecifyCsb names=('seek', 'panel_buy', 'panel_buy_ten', 'panel_buy_single', 'UIText', 'txt_open_buy_ten', 'txt_open_buy_single', 'csb_btn_buy_ten', 'csb_btn_buy_single', 'need_add_csb', 'btn_buy_refresh_num') vars=('self', 'panel_parent', 'node_name', 'panel_buy_ten', 'panel_buy_single') consts=['panel_1', 'panel_btn', 'panel_2', 'txt_open', True]
FUNC gclient.gamesystem.uihall.uimall.mall_box_weapon_v7_roll_window.MallBoxWeaponV6StraightRollWindow.InitPanelExchange names=('panel_content', 'seek', 'panel_exchange', 'getPosition', 'panel_exchange_ori', 'getAnchorPoint', 'panel_exchange_anchor', 'getContentSize', 'panel_exchange_size', 'EnableTouch', 'OnClickExchange', 'onClick', 'node_exchange', 'node_exchange_ori', 'UIText', 'txt_exchange_money', 'txt_exchange', 'UITexture', 'img_exchange_money', 'img_exchange_bg', 'exchange_item_nodes', 'six2', 'xrange', 'MallV6WeaponRollExchangeItemNode', 'parent') vars=('self', 'panel_exchange', 'node_exchange', 'panel_redeem', 'panel_money', 'exchange_item_nodes', 'idx', 'node') consts=['panel_redeem', True, 'node_redeem', 'panel_money', 'txt_money', 'panel_exchange', 'txt_exchange', 'img_money', 'img_bg', 'panel_item%.2d', 'node_item']
FUNC gclient.gamesystem.uihall.uimall.mall_box_weapon_v7_roll_window.MallBoxWeaponV6StraightRollWindow.InitPanelReward names=('panel_content', 'seek', 'panel_reward', 'UIListViewCycle', 'list_reward', 'create', 'CreateRewardNode', 'RefreshListReward', 'panel_reward_anim', 'EnableTouch', 'list_reward_anim', 'CreateRewardAnimNode', 'InitPanelReward02', 'visible', 'panel_tips', 'UITexture', 'img_weapon_collection_icon', 'img_weapon_collection_bg', 'CycleTextNode', 'txt_weapon_collection_tips', 'InitPanelExchange', 'txt_special_tips', 'lang', 'GACHA_SPECIAL_TIPS', 'text') vars=('self',) consts=['panel_reward', 'list_reward', True, ('node_func', 'callback', 'hide_redundant', 'auto_expand'), 'panel_raffle', False, 'panel_btn', 'panel_reward_lock', 'img_icon', 'img_bg', 'panel_txt', 'panel_tips']
FUNC gclient.gamesystem.uihall.uimall.mall_box_weapon_v7_roll_window.MallBoxWeaponV6StraightRollWindow.InitPanelReward02 names=('panel_content', 'seek', 'panel_reward_anim_double', 'UIListViewCycle', 'list_reward_anim_double_1', 'create', 'CreateRewardAnimNode', 'RefreshListReward_1', 'list_reward_anim_double_2', 'RefreshListReward_2', 'visible') vars=('self',) consts=['panel_reward_02', 'list_reward_1', True, ('node_func', 'callback', 'hide_redundant', 'auto_expand'), 'list_reward_2', False]
FUNC gclient.gamesystem.uihall.uimall.mall_box_weapon_v7_roll_window.MallBoxWeaponV6StraightRollWindow.LaterShow names=('unlock_csb', 'panel_content', 'visible', 'PlayAnim', 'list_reward', 'panel', 'model_ctrl', 'RemoveHiddenReason', 'cconst', 'HIDDEN_REASON_COMMON', 'MallCollectionUnlockWindow', 'instance', 'Show', 'OnUnlockWindowCallback', 'gacha_setting_proto', 'is_unlock', 'RefreshPanelRollCountTips') vars=('self',) consts=[True, 'in', False, ('is_loop',), 'callback', 'gacha_data']
FUNC gclient.gamesystem.uihall.uimall.mall_box_weapon_v7_roll_window.MallBoxWeaponV6StraightRollWindow.LoadNodeEffectAndSound names=('UnLoadNodeEffectAndSound', 'genv', 'sound_mgr', 'PlayEventById', 'node_sp_effect_sound', 'MType', 'Matrix4x3', 'Vector3', 'get', 'translation', 'math', 'pi', 'set_pitch_yaw_roll', 'effect_util', 'WarpperPlayEffectInWorld2', 'node_sp_effect', 'PlayLevelEffect') vars=('self', 'gacha_proto', 'effect_id_list', 'trans', 'rotation', '_rot', 'func_play_effect', 'node_sp_effect', 'effect_id') consts=['effect_sound', False, ('is_3d',), 'effect_id_list', 'effect_pos', 'effect_rot', 180.0, True, ('insure_play',), (0, 0, 0)]
FUNC gclient.gamesystem.uihall.uimall.mall_box_weapon_v7_roll_window.MallBoxWeaponV6StraightRollWindow.LoadOneTimeEffectAndSound names=('UnLoadOneTimeEffectAndSound', 'gacha_setting_proto', 'genv', 'sound_mgr', 'PlayEventById', 'sp_effect_sound', 'MType', 'Matrix4x3', 'Vector3', 'get', 'translation', 'math', 'pi', 'set_pitch_yaw_roll', 'scale', 'effect_util', 'WarpperPlayEffectInWorld2', 'sp_effect', 'PlayLevelEffect') vars=('self', 'gacha_setting_proto', 'effect_id_list', 'trans', 'effect_pos', 'rotation', '_rot', 'func_play_effect', 'sp_effect', 'effect_id') consts=['effect_sound', False, ('is_3d',), 'effect_id_list', 'effect_pos', 'effect_rot', 180.0, 'effect_scale', True, ('insure_play',), (0, 0, 0)]
FUNC gclient.gamesystem.uihall.uimall.mall_box_weapon_v7_roll_window.MallBoxWeaponV6StraightRollWindow.LoadSpBGM names=('UnLoadSpBGM', 'gacha_setting_proto', 'get', 'model_ctrl', 'SetGachaSettingProto', 'genv', 'sound_mgr', 'CheckABTestCondition', 'avatar', 'LoadMedia', 'SetState') vars=('self', 'gacha_setting_proto', 'sound_bgm', 'sound_sp_state_v', 'sound_sp_bnk', 'sound_bgm_ab_test_condition_id', 'sound_mgr') consts=['sound_bgm', False, 'sound_sp_state_v', 'sound_sp_bnk', 'sound_bgm_ab_test_condition_id', 'music_junxu', 'music_basic', 'Junxu', 'None', 'Shop']
FUNC gclient.gamesystem.uihall.uimall.mall_box_weapon_v7_roll_window.MallBoxWeaponV6StraightRollWindow.OnBtnScaleClick names=('item_id', 'genv', 'messenger', 'Broadcast', 'events', 'ON_GACHA_COMMON_SHOW_MODEL') vars=('self', 'btn') consts=[]
FUNC gclient.gamesystem.uihall.uimall.mall_box_weapon_v7_roll_window.MallBoxWeaponV6StraightRollWindow.OnBtnSkinHalfClick names=('fsm_mall_model', 'state', 'FSMTransfer', 'StateMallModelHeroSkin', 'item_id', 'lobby_item_data', 'data', 'gacha_setting_proto', 'StateMallModelHeroSkinFullBody') vars=('self', 'btn', 'fsm_mall_model') consts=['MallModelHeroSkinFullBody']
FUNC gclient.gamesystem.uihall.uimall.mall_box_weapon_v7_roll_window.MallBoxWeaponV6StraightRollWindow.OnBuy names=('enable_click', 'six2', 'get_unbound_or_bound_function', 'MallGachaBuyComp', 'OnBuy') vars=('self', 'times') consts=[]
FUNC gclient.gamesystem.uihall.uimall.mall_box_weapon_v7_roll_window.MallBoxWeaponV6StraightRollWindow.OnBuyConfirm names=('gacha_setting_proto', 'get', 'time_util', 'IsInLimitTime', 'GetTimeNow', 'gui', 'Notice', 'lang', 'ACTIVITY_EXPIRED_TIPS', 'GachaPopUpWindow', 'instance', 'Close', 'temp_buy_info', 'LocalConfig', 'roll_nocycle_skip_anim_dict', 'cur_key', '_BuyGacha') vars=('self', 'money_info', 'times', 'gacha_setting_proto', 'begin_time', 'end_time', 'skip_anim') consts=['begin_time', 'end_time', '', False, ('callback', 'show_cancel')]
FUNC gclient.gamesystem.uihall.uimall.mall_box_weapon_v7_roll_window.MallBoxWeaponV6StraightRollWindow.OnBuyGachaSuccessRefreshPanelBuy names=('visible', 'RefreshPanelBuy') vars=('self',) consts=[]
FUNC gclient.gamesystem.uihall.uimall.mall_box_weapon_v7_roll_window.MallBoxWeaponV6StraightRollWindow.OnBuySingle names=('OnBuy',) vars=('self', 'btn') consts=[1]
FUNC gclient.gamesystem.uihall.uimall.mall_box_weapon_v7_roll_window.MallBoxWeaponV6StraightRollWindow.OnBuyTen names=('OnBuy',) vars=('self', 'btn') consts=[10]
FUNC gclient.gamesystem.uihall.uimall.mall_box_weapon_v7_roll_window.MallBoxWeaponV6StraightRollWindow.OnBuyX names=('OnBuy', 'LocalConfig', 'mall_gacha_v6_roll_btn_buy_cur_num') vars=('self', 'btn') consts=[]
FUNC gclient.gamesystem.uihall.uimall.mall_box_weapon_v7_roll_window.MallBoxWeaponV6StraightRollWindow.OnChargePopWindowClose names=('getattr', 'GachaPopUpWindow', 'instance', 'Show', 'temp_buy_info') vars=('self', 'recover_buy') consts=['temp_buy_info']
FUNC gclient.gamesystem.uihall.uimall.mall_box_weapon_v7_roll_window.MallBoxWeaponV6StraightRollWindow.OnCheckBox names=('LocalConfig', 'roll_nocycle_skip_anim_dict', 'cur_key', 'saveLocalConfig') vars=('self', 'name', 'is_selected') consts=[]
FUNC gclient.gamesystem.uihall.uimall.mall_box_weapon_v7_roll_window.MallBoxWeaponV6StraightRollWindow.OnClickRewardNode names=('GetCurSelectNode', 'SetSelected', 'item_id', 'index', 'cur_select_item_key', 'select_item_id', 'RefreshPanelTag', 'RefreshGunTitle', 'RefreshItemDetailPanel', '_callComponents', 'data') vars=('self', 'node', 'refresh_effect', 'cur_select_node', 'item_id') consts=[False, 'on_select_item', 'on_click_node', True, ('refresh_effect',)]
FUNC gclient.gamesystem.uihall.uimall.mall_box_weapon_v7_roll_window.MallBoxWeaponV6StraightRollWindow.OnClosePanelVideo names=('fsm_mall_model', 'FSMTransfer', 'StateMallModelHeroSkin', 'item_id', 'lobby_item_data', 'data', 'gacha_setting_proto') vars=('self',) consts=[]
FUNC gclient.gamesystem.uihall.uimall.mall_box_weapon_v7_roll_window.MallBoxWeaponV6StraightRollWindow.OnComRewardWindowChangeSkipAnim names=('skip_roll_check_box', 'SetSelectedNoCallback') vars=('self', 'is_selected') consts=[]
FUNC gclient.gamesystem.uihall.uimall.mall_box_weapon_v7_roll_window.MallBoxWeaponV6StraightRollWindow.OnDestroy names=('CancelScreenEffect', 'UnLoadRewardNodeEffect', 'super', 'MallBoxWeaponV6StraightRollWindow', 'OnDestroy') vars=('self',) consts=[]
FUNC gclient.gamesystem.uihall.uimall.mall_box_weapon_v7_roll_window.MallBoxWeaponV6StraightRollWindow.OnGachaRewardWindowClose names=('cur_key', 'genv', 'avatar', 'list_reward', 'RefreshOnRollEnd', 'RefreshPanelReward', 'get', 'exchange_cost_item_id', 'StartTickCostItem', 'pre_cost_item', 'collection_reward_item_id', 'gacha_setting_proto', 'GetGachaRollCount', 'pre_roll_count', 'pre_unlock_effect', 'PlayGachaEffect', 'IsGachaCollectionUnlock', 'warehouse', 'ItemCountByItemId') vars=('self', 'info', 'act_id', 'avatar', 'idx', 'node', 'reward_data', 'item_info', 'collection_count', 'cur_roll_count') consts=['act_id', False, 'reward_data', 'item_id', 'collection_count']
FUNC gclient.gamesystem.uihall.uimall.mall_box_weapon_v7_roll_window.MallBoxWeaponV6StraightRollWindow.OnGachaRewardWindowShowOneByOneEnd names=('genv', 'avatar', 'get', 'exchange_cost_item_id', 'StartTickCostItem', 'pre_cost_item', 'collection_reward_item_id', 'gacha_setting_proto', 'GetGachaRollCount', 'cur_key', 'pre_roll_count', 'pre_unlock_effect', 'PlayGachaEffect', 'IsGachaCollectionUnlock') vars=('self', 'info', 'avatar', 'reward_data', 'item_info', 'collection_count', 'cur_roll_count') consts=['reward_data', 'item_id', 'collection_count']
FUNC gclient.gamesystem.uihall.uimall.mall_box_weapon_v7_roll_window.MallBoxWeaponV6StraightRollWindow.OnGachaV6RollReward names=('visible', 'cur_key', 'LocalConfig', 'roll_nocycle_skip_anim_dict', 'get', 'RollCallback', 'len', 'gacha_reward_data', 'PlayAnim', 'list', 'enumerate', 'list_reward_anim_nodes', 'list_reward_anim', 'enable_click', 'HideUIForRollStart', 'genv', 'messenger', 'Broadcast', 'events', 'ON_ENABLE_SWITCH_MALL_PAGE', 'panel_reward', 'panel_reward_anim', 'panel_reward_anim_double', 'txt_special_tips', 'RefreshRollReward', 'item_id', 'data', 'append', 'roll_manager', 'SetRollNodes', 'functools', 'partial', 'OnRollAnimationEnd', 'protect_timer', 'CancelProtectTimer', 'add_timer', 'cconst', 'MALL_ROLL_NOCYCLE_STAGE_ONE_DURATION', 'MALL_ROLL_NOCYCLE_STAGE_TWO_DURATION', 'MALL_ROLL_PROTECT_TIME', 'ProtectRollOver') vars=('self', 'act_id', 'item_add', 'times', 'extra', 'item_info', 'final_index', 'list_reward', 'node_indexes', 'reward_item_nodes', 'roll_nodes', 'idx', 'value', 'node', 'item_id', 'node_data', 'gacha_proto') consts=['final_roll_proto_id', 'item_id', False, 'in_3', 'in_2', True, 'item_count']
FUNC gclient.gamesystem.uihall.uimall.mall_box_weapon_v7_roll_window.MallBoxWeaponV6StraightRollWindow.OnItemGlobalCountChanged names=('collection_reward_item_id', 'lobby_item_upgrade_extra_data', 'ITEM_ID_TO_BASE_LEVEL_ITEM', 'node_gun_num', 'LoadData') vars=('self', 'base_item_id', 'old', 'new', 'collection_reward_item_id', 'collection_reward_base_item_id') consts=['NO.%d']
FUNC gclient.gamesystem.uihall.uimall.mall_box_weapon_v7_roll_window.MallBoxWeaponV6StraightRollWindow.OnMallModelWeaponModelLoadedForSoundEffectComp names=('real_visible', 'need_hide_duration', 'gacha_setting_proto', 'model_ctrl', 'AddHiddenReason', 'cconst', 'HIDDEN_REASON_VEHICLE', 'model_hide_timer', 'cancel_timer', 'add_timer') vars=('self', 'gacha_setting_proto', 'hide_duration') consts=[False, 'hide_duration']
FUNC gclient.gamesystem.uihall.uimall.mall_box_weapon_v7_roll_window.MallBoxWeaponV6StraightRollWindow.OnRefreshX names=('btn_buy_refresh_num', 'len', 'btn_refresh_x', 'visible', 'gacha_setting_proto', 'LocalConfig', 'mall_gacha_v6_roll_btn_buy_cur_num', 'OnBuyX', 'btn_buy_ten', 'buy_func', 'LoadDataGacha', 'get', 'hall_ui_util', 'GetGachaDiscountInfoByGachaId', 'RefreshGachaBuyText', 'txt_open_buy_ten') vars=('self', '_', 'is_change', 'is_refresh', 'gacha_setting_proto', 'num') consts=[1, True, False, 'use_special_icon', 'id', ('use_special_icon', 'discount_info')]
FUNC gclient.gamesystem.uihall.uimall.mall_box_weapon_v7_roll_window.MallBoxWeaponV6StraightRollWindow.OnRollAnimationEnd names=('roll_manager', 'force_skip_roll', 'RollCallback', 'add_timer', 'ROLL_RESULT_DELAY', 'functools', 'partial') vars=('self', 'act_id', 'item_add', 'extra') consts=[]
FUNC gclient.gamesystem.uihall.uimall.mall_box_weapon_v7_roll_window.MallBoxWeaponV6StraightRollWindow.OnRollEnd names=('len', 'gacha_reward_data', 'PlayAnim', 'panel_reward', 'visible', 'panel_reward_anim', 'panel_reward_anim_double', 'txt_special_tips', 'enable_click', 'RefreshPanelReward', 'genv', 'messenger', 'Broadcast', 'events', 'ON_ENABLE_SWITCH_MALL_PAGE') vars=('self',) consts=[16, 'out_3', 'out_2', True, False]
FUNC gclient.gamesystem.uihall.uimall.mall_box_weapon_v7_roll_window.MallBoxWeaponV6StraightRollWindow.OnShowProbability names=('gclient.gamesystem.uihall.activity.activity_harvest_window', 'ActPopShowWindow', 'gacha_setting_proto', 'instance', 'Show', 'ui_helper', 'GetStrMsgFromData', 'get') vars=('self', 'btn', 'ActPopShowWindow', 'gacha_settting_proto') consts=[0, ('ActPopShowWindow',), 'tips_txt', 'rule']
FUNC gclient.gamesystem.uihall.uimall.mall_box_weapon_v7_roll_window.MallBoxWeaponV6StraightRollWindow.OnSwitchGunSkinView names=('genv', 'sound_mgr', 'PlayEventById', 'bool', 'collection_reward_item_id', 'select_item_id', 'GunUpgradeDataMgr', 'instance', 'GetItemNewFeatureList', 'APPEAR_FEATURE', 'lobby_item_upgrade_data', 'data', 'sorted', 'keys', 'RefreshModel', 'lobby_item_data', 'SelectGunSkinViewTypeBtn') vars=('self', 'is_final', 'widget', 'item_id', 'switch_show', 'all_feature', 'feature_list', 'select_feature', 'final_view_item_id', 'upgrade_proto') consts=[335, False, ('is_3d',), True, 'item_id', -1]
FUNC gclient.gamesystem.uihall.uimall.mall_box_weapon_v7_roll_window.MallBoxWeaponV6StraightRollWindow.OnUnlockWindowCallback names=('collection_reward_item_id', 'ClickFirstNode', 'list_reward', 'panel', 'visible', 'PlayAnim') vars=('self',) consts=[True, 'unlocked']
FUNC gclient.gamesystem.uihall.uimall.mall_box_weapon_v7_roll_window.MallBoxWeaponV6StraightRollWindow.OnUseGachaDiscountCountChangedForPanelBuy names=('cur_key', 'visible', 'RefreshPanelBuy') vars=('self', 'gacha_id') consts=[]
FUNC gclient.gamesystem.uihall.uimall.mall_box_weapon_v7_roll_window.MallBoxWeaponV6StraightRollWindow.OnWarehouseItemAddedForPanelBuy names=('RefreshPanelBuyByCostItemChanged',) vars=('self', 'item') consts=[]
FUNC gclient.gamesystem.uihall.uimall.mall_box_weapon_v7_roll_window.MallBoxWeaponV6StraightRollWindow.OnWarehouseItemCountChanged names=('RefreshPanelBuyByCostItemChanged',) vars=('self', 'item', 'old_count') consts=[]
FUNC gclient.gamesystem.uihall.uimall.mall_box_weapon_v7_roll_window.MallBoxWeaponV6StraightRollWindow.OnWarehouseItemRemoved names=('RefreshPanelBuyByCostItemChanged',) vars=('self', 'item') consts=[]
FUNC gclient.gamesystem.uihall.uimall.mall_box_weapon_v7_roll_window.MallBoxWeaponV6StraightRollWindow.PlayLevelEffect names=('GetLevelEffectIds', 'GetLevelEffectValueList', 'effect_util', 'WarpperPlayEffectInWorld2', 'enumerate', 'MType', 'Matrix4x3', 'Vector3', 'GetLevelEffectValue', 'translation', 'math', 'pi', 'set_pitch_yaw_roll', 'scale', 'effect_data', 'data', 'get', 'MHelper', 'PlayCameraEffectById', 'SetLevelEffectHandle') vars=('self', 'proto', 'effect_dict', 'effect_ids', 'pos_list', 'rot_list', 'scale_list', 'func_play_effect', 'idx', 'effect_id', 'trans', 'rotation', '_rot', 'scale', 'is_screen_effect', 'effect') consts=['level_effect_id', 'level_effect_pos', 'level_effect_rot', 'level_effect_scale', 180.0, 'is_screen_effect', False, True, ('insure_play',), (0, 0, 0)]
FUNC gclient.gamesystem.uihall.uimall.mall_box_weapon_v7_roll_window.MallBoxWeaponV6StraightRollWindow.PopCameraRollGraph names=('model_ctrl', 'PopCameraRollGraph') vars=('self',) consts=[]
FUNC gclient.gamesystem.uihall.uimall.mall_box_weapon_v7_roll_window.MallBoxWeaponV6StraightRollWindow.PostSetVisibleForMutex names=('super', 'MallBoxWeaponV6StraightRollWindow', 'SetVisibleForMutex', 'item_id', 'show_type', 'SetModelSettingProto', 'model_pos_key', 'ClickFirstNode', 'model_ctrl', 'SetWindowStance', 'CancelScreenEffect', 'UnLoadRewardNodeEffect', '_callComponents') vars=('self', 'value') consts=[False, ('refresh_effect',), 'on_post_set_visible_for_mutex']
FUNC gclient.gamesystem.uihall.uimall.mall_box_weapon_v7_roll_window.MallBoxWeaponV6StraightRollWindow.RefreshAllExchangeNodes names=('gacha_setting_proto', 'get', 'panel_exchange', 'removeAllChildren', 'gui', 'LoadWidgetFromFile', 'str', 'widget', 'panel_content', 'seek', 'EnableTouch', 'OnClickExchange', 'onClick', 'node_exchange', 'setPosition', 'node_exchange_ori', 'UIText', 'txt_exchange_money', 'CycleTextNode', 'txt_redeem', 'UITexture', 'img_exchange_money', 'ignoreContentAdaptWithSize', 'img_exchange_bg', 'exchange_item_nodes', 'six2', 'xrange', 'MallV6WeaponRollExchangeItemNode', 'parent', 'texture', 'Color', 'To', 'tuple', 'text_color', 'txt_exchange', 'super', 'MallBoxWeaponV6StraightRollWindow', 'RefreshAllExchangeNodes') vars=('self', 'redeem_csb', 'panel_exchange', 'node_exchange', 'panel_redeem', 'panel_money', 'exchange_item_nodes', 'idx', 'node', 'exchange_money_color', 'color') consts=['redeem_csb', ('parent_widget',), 'panel_redeem', True, 'node', 'panel_money', 'txt_money', 'panel_exchange', 'img_money', 'img_bg', 'panel_item%.2d', 'node_item', 'img_exchange_money', 'img_exchange_bg', 'exchange_money_color']
FUNC gclient.gamesystem.uihall.uimall.mall_box_weapon_v7_roll_window.MallBoxWeaponV6StraightRollWindow.RefreshGachaBuyText names=('hall_ui_util', 'GetGachaExtraFreeTimes', 'lang', 'MALL_BUY_OPEN_N_EXTRA', 'text') vars=('self', 'txt_node', 'gacha_setting_proto', 'times', 'free_times') consts=[]
FUNC gclient.gamesystem.uihall.uimall.mall_box_weapon_v7_roll_window.MallBoxWeaponV6StraightRollWindow.RefreshGlobalPanelGunNum names=('hall_ui_util', 'RefreshGlobalPanelGunNumInGacha', 'panel_gun_num', 'node_gun_num') vars=('self', 'item_id') consts=[]
FUNC gclient.gamesystem.uihall.uimall.mall_box_weapon_v7_roll_window.MallBoxWeaponV6StraightRollWindow.RefreshGunShow names=('panel_panpan', 'RefreshGunShow', 'gacha_reward_data') vars=('self',) consts=[]
FUNC gclient.gamesystem.uihall.uimall.mall_box_weapon_v7_roll_window.MallBoxWeaponV6StraightRollWindow.RefreshGunTitle names=('GunUpgradeDataMgr', 'instance', 'GetImportantFeatures', 'select_item_id', 'GetItemFeatureList', 'panel_title_gun', 'visible', 'lobby_item_data', 'data', 'mall_util', 'GetGachaWeaponShowName', 'hall_item_util', 'IsSuitItem', 'GetHeroNamePrefixBeforeHyphen', 'cconst', 'WAREHOUSE_QUALITY_LEVEL_COLOR', 'get', 'gun_skin_template_data', 'split', 'title_quality_tag', 'RefreshTagQuality', 'RefreshPanelSwitchView') vars=('self', 'important_features', 'show_gun_title', 'item_proto', 'name', 'color_map', 'quality', 'template_id', 'limit_tag_quality') consts=[True, False, 'quality', 'guise', 'template_id', 31000019, 'skin_name', '', ' - ', 'limit_tag_quality']
FUNC gclient.gamesystem.uihall.uimall.mall_box_weapon_v7_roll_window.MallBoxWeaponV6StraightRollWindow.RefreshHasItem names=('genv', 'avatar', 'ItemCountIncludeUpgradeItem', 'len', 'gacha_reward_data', 'enumerate', 'list_reward_anim_nodes', 'list_reward_anim', 'item_id', 'is_has_item') vars=('self', 'avatar', 'ItemCountIncludeUpgradeItem', 'list_reward', 'idx', 'node', 'item_id') consts=[16]
FUNC gclient.gamesystem.uihall.uimall.mall_box_weapon_v7_roll_window.MallBoxWeaponV6StraightRollWindow.RefreshItemDetailPanel names=('select_item_id', 'GunUpgradeDataMgr', 'instance', 'GetImportantFeatures', 'GetItemFeatureList', 'panel_item_detail', 'SetNodeInfo', 'gacha_setting_proto', 'get', 'txt_date', 'seek', 'visible', 'lobby_item_data', 'data', 'consts', 'ItemSubType', 'PanPan', 'WarehouseItemType', 'Heirloom', 'panel_panpan') vars=('self', 'select_item_id', 'important_features', 'rule', 'item_proto', 'sub_type') consts=['rule', True, 'panel_tips', False, 'sub_type']
FUNC gclient.gamesystem.uihall.uimall.mall_box_weapon_v7_roll_window.MallBoxWeaponV6StraightRollWindow.RefreshJackpot names=('genv', 'avatar', 'list_reward', '_items', 'RefreshJackpot', 'list_reward_anim_double_1', 'list_reward_anim_double_2', 'exchange_item_nodes', 'items', 'cur_key', 'GetJackpotGachaIds', 'panel_jackpot', 'act_id', 'panel_buy', 'visible') vars=('self', 'args', 'avatar', 'node', 'idx') consts=[False, True]
FUNC gclient.gamesystem.uihall.uimall.mall_box_weapon_v7_roll_window.MallBoxWeaponV6StraightRollWindow.RefreshLeftTitleCsb names=('gacha_setting_proto', 'panel_new_title', 'removeAllChildren', 'gui', 'LoadWidgetFromFile', 'str', 'widget', 'seek', 'node_title', 'setPosition', 'cc', 'Vec2', 'node_title_pos', 'x', 'y', 'panel_name', 'UITexture', 'img_gacha_title', 'UIText', 'txt_title', 'txt_date', 'getattr', 'childex', 'UIButton', 'onClick', 'img_date', 'img_date_bg', 'btn_reward_show', 'ShowRewardWindow', 'btn_reward_show_bg') vars=('self', 'gacha_setting_proto', 'panel_name', 'panel_time', 'btn_reward_show') consts=['left_title_csb', ('parent_widget',), 'node', 'panel_content', 'panel_time', 'img_title', 'txt_name', 'txt_time', 'OnShowProbability', 'panel_tips.btn_reward', 'img_icon', 'img_bg', 'panel_btn.btn_reward']
FUNC gclient.gamesystem.uihall.uimall.mall_box_weapon_v7_roll_window.MallBoxWeaponV6StraightRollWindow.RefreshListReward names=('gacha_reward_data', 'len', 'visible', 'parent', 'LoadData') vars=('self', 'irange', 'gacha_reward_data', 'length', 'idx', 'node', 'gacha_data_proto') consts=[True, False]
FUNC gclient.gamesystem.uihall.uimall.mall_box_weapon_v7_roll_window.MallBoxWeaponV6StraightRollWindow.RefreshListReward_1 names=('gacha_reward_data', 'len', 'visible', 'parent', 'list_reward_anim_nodes', 'append', 'LoadData') vars=('self', 'irange', 'gacha_reward_data', 'length', 'idx', 'node', 'gacha_data_proto') consts=[2, True, False]
FUNC gclient.gamesystem.uihall.uimall.mall_box_weapon_v7_roll_window.MallBoxWeaponV6StraightRollWindow.RefreshListReward_2 names=('gacha_reward_data', 'len', 'visible', 'parent', 'list_reward_anim_nodes', 'append', 'LoadData') vars=('self', 'irange', 'gacha_reward_data', 'length', 'length_1', 'idx', 'node', 'gacha_data_proto') consts=[2, True, False]
FUNC gclient.gamesystem.uihall.uimall.mall_box_weapon_v7_roll_window.MallBoxWeaponV6StraightRollWindow.RefreshModelClothes names=('fsm_mall_model', 'FSMForceTransfer', 'StateMallModelHeroSkin', 'gacha_setting_proto') vars=('self', 'item_id', 'item_proto') consts=[]
FUNC gclient.gamesystem.uihall.uimall.mall_box_weapon_v7_roll_window.MallBoxWeaponV6StraightRollWindow.RefreshModelExecuteItem names=('fsm_mall_model', 'FSMForceTransfer', 'StateGachaModelExecutionItem', 'gacha_setting_proto') vars=('self', 'item_id', 'item_proto') consts=[]
FUNC gclient.gamesystem.uihall.uimall.mall_box_weapon_v7_roll_window.MallBoxWeaponV6StraightRollWindow.RefreshNodeForExchange names=('six2', 'itervalues', 'exchange_item_nodes', 'RefreshOnRollEnd') vars=('self', 'node') consts=[]
FUNC gclient.gamesystem.uihall.uimall.mall_box_weapon_v7_roll_window.MallBoxWeaponV6StraightRollWindow.RefreshOnExchangeCallback names=('super', 'MallBoxWeaponV6StraightRollWindow', 'RefreshOnExchangeCallback', 'RefreshPanelReward') vars=('self',) consts=[]
FUNC gclient.gamesystem.uihall.uimall.mall_box_weapon_v7_roll_window.MallBoxWeaponV6StraightRollWindow.RefreshPanelBuy names=('gacha_setting_proto', 'get', 'csb_btn_buy_ten', '_RemoveOldPanelBuyNode', 'panel_buy_ten', 'gui', 'LoadWidgetFromFile', 'str', 'widget', 'seek', 'MallBtnBuyAll', 'btn_buy_ten', 'OnBuyTen', 'buy_func', 'InitCheckBox', 'len', 'btn_buy', 'LoadNormalTexture', 'LoadPressTexture', 'LoadDisableTexture', 'csb_btn_buy_single', 'panel_buy_single', 'btn_buy_single', 'OnBuySingle', 'ignoreContentAdaptWithSize', 'getContentSize', 'width', 'height', 'btn_buy_single_reddot_offset', 'LoadDataGacha', 'hall_ui_util', 'GetGachaDiscountInfoByGachaId', 'RefreshPanelBuySingle', 'OnRefreshX', 'skip_roll_check_box', 'Create', 'LocalConfig', 'roll_nocycle_skip_anim_dict', 'cur_key', 'OnCheckBox') vars=('self', 'gacha_setting_proto', 'csb_btn_ten', 'csb_btn_texture', 'csb_btn_single', 'size') consts=['ten_draw_vx', 'draw_icon_png', ('parent_widget',), 'node', 'one_draw_vx', True, 'use_special_icon', 'id', ('use_special_icon', 'discount_info'), False, 'roll_nocycle_skip_anim']
FUNC gclient.gamesystem.uihall.uimall.mall_box_weapon_v7_roll_window.MallBoxWeaponV6StraightRollWindow.RefreshPanelBuyByCostItemChanged names=('is_destroyed', 'cdata_util', 'IsMoneyCostItem', 'item_id', 'RefreshPanelBuy') vars=('self', 'item') consts=[]
FUNC gclient.gamesystem.uihall.uimall.mall_box_weapon_v7_roll_window.MallBoxWeaponV6StraightRollWindow.RefreshPanelBuySingle names=('btn_buy_single', 'LoadDataGacha', 'gacha_setting_proto', 'hall_ui_util', 'GetGachaDiscountInfoByGachaId', 'cur_key', 'RefreshGachaBuyText', 'txt_open_buy_single') vars=('self',) consts=[1, ('discount_info',)]
FUNC gclient.gamesystem.uihall.uimall.mall_box_weapon_v7_roll_window.MallBoxWeaponV6StraightRollWindow.RefreshPanelDate names=('gacha_setting_proto', 'genv', 'avatar', 'common_util', 'IsEnableBrazil', 'time_util', 'UtcStampToZoneSecond', 'cconst', 'BRAZIL_GACHA_LIMIT_TIME', 'server_time_zone', 'GetTimeNow', '_RefreshDate') vars=('self', 'end_time') consts=['end_utc_stamp', 'id', (1310, 1311, 1321, 1322, 1264, 1265, 1314, 1315)]
FUNC gclient.gamesystem.uihall.uimall.mall_box_weapon_v7_roll_window.MallBoxWeaponV6StraightRollWindow.RefreshPanelReward names=('GetGachaData', 'gacha_reward_data', 'RefreshPanelRollCountTips', 'six2', 'iteritems', 'append', 'sort', 'genv', 'avatar', 'IsGachaCollectionUnlock', 'cur_key', 'is_unlock', 'collection_reward_item_id', 'len', 'list_reward', 'total_item_num', 'list_reward_anim_nodes', 'list_reward_anim_double_1', 'list_reward_anim_double_2', 'getContentSize', 'width', 'height', 'setContentSize', 'cc', 'Size', 'list_reward_anim', 'RefreshAllExchangeNodes', 'RefreshTextChangeMoney', 'gacha_setting_proto', 'get', 'img_weapon_collection_icon', 'texture', 'img_weapon_collection_bg', 'warehouse', 'ItemCountByItemId', 'exchange_cost_item_id', 'pre_cost_item', 'RefreshHasItem', 'RefreshNodeForExchange', 'gacha_box_id', 'txt_special_tips', 'visible', 'RefreshGunShow', 'RefreshJackpot') vars=('self', 'nee_fresh', 'reward_list', 'key', 'value', 'idx', 'avatar', 'is_collection_unlock', 'item_id', 'len_1', 'item_width', 'item_height') consts=[True, ('key', 'reverse'), 'item_id', 'img_weapon_collection_icon', 'img_weapon_collection_bg', False, (1163, 1164)]
FUNC gclient.gamesystem.uihall.uimall.mall_box_weapon_v7_roll_window.MallBoxWeaponV6StraightRollWindow.RefreshPanelRollCountTips names=('collection_reward_item_id', 'panel_tips', 'visible', 'genv', 'avatar', 'GetGachaRollCount', 'cur_key', 'is_unlock', 'lang', 'MALL_GACHA_V6_ROLL_COLLECTION_TIPS', 'gacha_setting_proto', 'get', 'txt_weapon_collection_tips', 'text') vars=('self', 'count') consts=[False, True, 'collection_count_color', 'fffcb5', 'collection_count']
FUNC gclient.gamesystem.uihall.uimall.mall_box_weapon_v7_roll_window.MallBoxWeaponV6StraightRollWindow.RefreshPanelSwitchView names=('final_view_item_id', 'panel_switch_view', 'visible', 'select_item_id', 'token_ultimate_reward_item_id') vars=('self',) consts=[False]
FUNC gclient.gamesystem.uihall.uimall.mall_box_weapon_v7_roll_window.MallBoxWeaponV6StraightRollWindow.RefreshPanelTitle names=('gacha_setting_proto', 'get', 'img_gacha_title', 'texture', 'visible', 'txt_title', 'text', 'SetTextColorByList', 'org_text_color', 'text_color', 'SetVertexColor', 'RefreshGunTitle') vars=('self', 'gacha_setting_proto', 'gacha_proto_get', 'txt_title', 'vertex_color') consts=['title_icon', True, False, 'title_str', '', 'title_str_color']
FUNC gclient.gamesystem.uihall.uimall.mall_box_weapon_v7_roll_window.MallBoxWeaponV6StraightRollWindow.RefreshRollReward names=() vars=('self',) consts=[]
FUNC gclient.gamesystem.uihall.uimall.mall_box_weapon_v7_roll_window.MallBoxWeaponV6StraightRollWindow.RollCallback names=('ShowUIForRollEnd', 'GeneralGet', 'protect_timer', 'CancelProtectTimer') vars=('self', 'act_id', 'item_add', 'extra', '_') consts=[]
FUNC gclient.gamesystem.uihall.uimall.mall_box_weapon_v7_roll_window.MallBoxWeaponV6StraightRollWindow.SetModelSettingProto names=('GachaModelCompBase', 'SetModelSettingProto', 'fsm_feature') vars=('self', 'model_pos_key') consts=[]
FUNC gclient.gamesystem.uihall.uimall.mall_box_weapon_v7_roll_window.MallBoxWeaponV6StraightRollWindow.SetupHallLevelAndCamera names=('gacha_setting_proto', 'genv', 'space', 'LoadHallLevel', 'cconst', 'HallLevel', 'LEVEL_HALL_MALL', 'ChangeSpecialCameraId') vars=('self', 'proto', 'space') consts=['level_id', 'camera_id', ('half_life',)]
FUNC gclient.gamesystem.uihall.uimall.mall_box_weapon_v7_roll_window.MallBoxWeaponV6StraightRollWindow.Show names=('model_ctrl', 'SetWindowStance', 'super', 'MallBoxWeaponV6StraightRollWindow', 'Show', 'PlayAnim', 'genv', 'avatar', 'IsGachaCollectionUnlock', 'cur_key', 'pre_unlock_effect') vars=('self', 'info') consts=['in']
FUNC gclient.gamesystem.uihall.uimall.mall_box_weapon_v7_roll_window.MallBoxWeaponV6StraightRollWindow.ShowFeature names=('BASE_FEATURE', 'item_id', 'OnSwitchGunSkinView', 'panel_color_plate', 'visible', 'six2', 'get_unbound_or_bound_function', 'GachaFeatureModelComp', 'ShowFeature', '_callComponents') vars=('self', 'feature', 'level') consts=[0, True, False, 'on_show_feature']
FUNC gclient.gamesystem.uihall.uimall.mall_box_weapon_v7_roll_window.MallBoxWeaponV6StraightRollWindow.ShowUIForRollEnd names=('is_roll', 'tips_skip_roll_anim', 'visible', 'panel_skip_anim', 'panel_exchange', 'panel_discount', 'RemoveHiddenReason', 'ui_define', 'UI_HIDDENREASON_DEAD', '_callComponents') vars=('self',) consts=[False, True, 'on_roll_end']
FUNC gclient.gamesystem.uihall.uimall.mall_box_weapon_v7_roll_window.MallBoxWeaponV6StraightRollWindow.StartTickCostItem names=('node_exchange', 'PlayAnim', 'time', 'CancelTickCostItem', 'add_repeat_timer', 'cost_item_timer') vars=('self', 'start_cost_item') consts=['out_2', 0.1]
FUNC gclient.gamesystem.uihall.uimall.mall_box_weapon_v7_roll_window.MallBoxWeaponV6StraightRollWindow.UnLoadRewardNodeEffect names=('six2', 'xrange', 'list_reward', 'ClearAllTimer', 'UnLoadEffect', 'DestroyModel') vars=('self', 'idx') consts=[0]
FUNC gclient.gamesystem.uihall.uimall.mall_box_weapon_v7_roll_window.MallBoxWeaponV6StraightRollWindow.UnLoadSpBGM names=('genv', 'sound_mgr', 'SetState', 'CancelModelHideTimer', 'PopCameraRollGraph', 'model_ctrl', 'SetGachaSettingProto') vars=('self',) consts=['music_basic', 'Shop']
FUNC gclient.gamesystem.uihall.uimall.mall_box_weapon_v7_roll_window.MallBoxWeaponV6StraightRollWindow._BuyGacha names=('genv', 'avatar', 'BuyGacha') vars=('self', 'gacha_setting_proto', 'times', 'skip_anim', 'gacha_id') consts=['id', 'OnGachaRollSkipAnim', 'OnGachaV6Roll']
FUNC gclient.gamesystem.uihall.uimall.mall_box_weapon_v7_roll_window.MallBoxWeaponV6StraightRollWindow._RemoveOldPanelBuyNode names=('rseek', 'removeChild') vars=('self', 'panel_buy', 'node_name', 'old_node') consts=['node_btn', ('node_btn', 'node')]
FUNC gclient.gamesystem.uihall.uimall.mall_box_weapon_v7_roll_window.MallBoxWeaponV6StraightRollWindow._ShowFeature names=('cconst', 'GunUpgradeFeature', 'UPGRADE_FEATURE_BASE', 'OnBtnModelLeaveFeature', 'fsm_feature', 'CreateModel', 'item_id', 'ShowFeatureAnim', 'ChangeCameraForGacha') vars=('self', 'feature', 'level') consts=[True]
CLASS MallBoxWeaponV7BackRollWindow METHODS=['ChangeCameraForGacha', 'CreateRewardAnimNode', 'CreateRewardNode', 'InitGunNode', 'InitPanelReward', 'OnClickRewardNode', 'OnItemGlobalCountChanged', 'OnSwitchGunSkinView', 'RefreshGlobalPanelGunNum', 'RefreshGunTitle', 'RefreshLeftTitleCsb', 'RefreshPanelDate', 'RefreshPanelReward', 'RefreshPanelSwitchView', 'RefreshPanelTitle', 'ShowFeature', '_ShowFeature']
FUNC gclient.gamesystem.uihall.uimall.mall_box_weapon_v7_roll_window.MallBoxWeaponV7BackRollWindow.ChangeCameraForGacha names=('genv', 'camera', 'is_fps_placer', 'space', 'gacha_setting_proto', 'get', 'cconst', 'GunUpgradeFeature', 'UPGRADE_FEATURE_SHOW_3P_WEAPON', 'UPGRADE_FEATURE_UNLOCK_ITEM_1', 'ChangeSpecialCameraId', 'UPGRADE_FEATURE_KILL_NUMBER', 'RefreshCamera') vars=('self', 'feature', 'space', 'gacha_setting_proto', 'special_feature_camera_id') consts=['special_feature_camera_id', 'feature_camera_id']
FUNC gclient.gamesystem.uihall.uimall.mall_box_weapon_v7_roll_window.MallBoxWeaponV7BackRollWindow.CreateRewardAnimNode names=('MallV7WeaponStraightRollItemNode', 'CloneWidget', 'click_func', 'onClick') vars=('self', 'children', 'node') consts=[0]
FUNC gclient.gamesystem.uihall.uimall.mall_box_weapon_v7_roll_window.MallBoxWeaponV7BackRollWindow.CreateRewardNode names=('MallV7WeaponStraightRollItemNode', 'CloneWidget', 'parent', 'OnClickRewardNode', 'click_func') vars=('self', 'children', 'node') consts=[0]
FUNC gclient.gamesystem.uihall.uimall.mall_box_weapon_v7_roll_window.MallBoxWeaponV7BackRollWindow.InitGunNode names=('super', 'MallBoxWeaponV7BackRollWindow', 'InitGunNode', 'HideBackPreviewSideGuns', 'panel_gun_1', 'EnableTouch', 'panel_gun_2') vars=('self',) consts=[False]
FUNC gclient.gamesystem.uihall.uimall.mall_box_weapon_v7_roll_window.MallBoxWeaponV7BackRollWindow.InitPanelReward names=('super', 'MallBoxWeaponV7BackRollWindow', 'InitPanelReward', 'panel_reward', 'widget', 'getChildByName', 'UITexture', 'reward_bg', 'visible') vars=('self', 'reward_bg_widget') consts=['img_v7', True]
FUNC gclient.gamesystem.uihall.uimall.mall_box_weapon_v7_roll_window.MallBoxWeaponV7BackRollWindow.OnClickRewardNode names=('super', 'MallBoxWeaponV7BackRollWindow', 'OnClickRewardNode', 'HideBackPreviewSideGuns', 'GetCurSelectNode', 'ChangeModelPos') vars=('self', 'node', 'refresh_effect', 'is_first', 'cur_node') consts=[('refresh_effect', 'is_first')]
FUNC gclient.gamesystem.uihall.uimall.mall_box_weapon_v7_roll_window.MallBoxWeaponV7BackRollWindow.OnItemGlobalCountChanged names=('collection_reward_item_id', 'lobby_item_upgrade_extra_data', 'ITEM_ID_TO_BASE_LEVEL_ITEM', 'node_gun_num', 'LoadData') vars=('self', 'base_item_id', 'old', 'new', 'collection_reward_item_id', 'collection_reward_base_item_id') consts=['NO.%d']
FUNC gclient.gamesystem.uihall.uimall.mall_box_weapon_v7_roll_window.MallBoxWeaponV7BackRollWindow.OnSwitchGunSkinView names=('genv', 'sound_mgr', 'PlayEventById', 'bool', 'collection_reward_item_id', 'select_item_id', 'GunUpgradeDataMgr', 'instance', 'GetItemNewFeatureList', 'APPEAR_FEATURE', 'lobby_item_upgrade_data', 'data', 'sorted', 'six2', 'iterkeys', 'panel_color_plate', 'SetColorLobbyItemId', 'OnClickColorPlate', 'RefreshModel', 'lobby_item_data', 'SelectGunSkinViewTypeBtn') vars=('self', 'is_final', 'widget', 'item_id', 'switch_show', 'all_feature', 'feature_list', 'select_feature', 'lobby_item_upgrade_proto', 'upgrade_proto') consts=[335, False, ('is_3d',), True, 'item_id', ('is_need_same',), -1]
FUNC gclient.gamesystem.uihall.uimall.mall_box_weapon_v7_roll_window.MallBoxWeaponV7BackRollWindow.RefreshGlobalPanelGunNum names=('hall_ui_util', 'RefreshGlobalPanelGunNumInGacha', 'panel_gun_num', 'node_gun_num', 'genv', 'avatar', 'panel_special', 'visible', 'GetItemGlobalCountShowTextInGacha', 'is_roll') vars=('self', 'item_id', 'avatar', 'num_str') consts=[False, True]
FUNC gclient.gamesystem.uihall.uimall.mall_box_weapon_v7_roll_window.MallBoxWeaponV7BackRollWindow.RefreshGunTitle names=('GunUpgradeDataMgr', 'instance', 'GetImportantFeatures', 'select_item_id', 'GetItemFeatureList', 'panel_title_gun', 'visible', 'lobby_item_data', 'data', 'mall_util', 'GetGachaWeaponShowName', 'hall_item_util', 'IsSuitItem', 'GetHeroNamePrefixBeforeHyphen', 'cconst', 'WAREHOUSE_QUALITY_LEVEL_COLOR', 'get', 'gun_skin_template_data', 'split', 'title_quality_tag', 'RefreshTagQuality', 'RefreshPanelSwitchView') vars=('self', 'important_features', 'show_gun_title', 'item_proto', 'name', 'color_map', 'quality', 'template_id', 'limit_tag_quality') consts=[True, False, 'quality', 'guise', 'template_id', 31000019, 'skin_name', '', ' - ', 'limit_tag_quality']
FUNC gclient.gamesystem.uihall.uimall.mall_box_weapon_v7_roll_window.MallBoxWeaponV7BackRollWindow.RefreshLeftTitleCsb names=('gacha_setting_proto', 'panel_new_title', 'removeAllChildren', 'gui', 'LoadWidgetFromFile', 'str', 'widget', 'seek', 'node_title', 'setPosition', 'cc', 'Vec2', 'node_title_pos', 'x', 'y', 'panel_name', 'UITexture', 'img_gacha_title', 'UIText', 'txt_title', 'txt_date', 'getattr', 'childex', 'UIButton', 'onClick', 'img_date', 'img_date_bg', 'btn_reward_show', 'ShowRewardWindow', 'btn_reward_show_bg') vars=('self', 'gacha_setting_proto', 'panel_name', 'panel_time', 'btn_reward_show') consts=['left_title_csb', ('parent_widget',), 'node', 'panel_content', 'panel_time', 'img_title', 'txt_name', 'txt_time', 'OnShowProbability', 'panel_tips.btn_reward', 'img_icon', 'img_bg', 'panel_btn.btn_reward']
FUNC gclient.gamesystem.uihall.uimall.mall_box_weapon_v7_roll_window.MallBoxWeaponV7BackRollWindow.RefreshPanelDate names=('gacha_setting_proto', 'genv', 'avatar', 'common_util', 'IsEnableBrazil', 'time_util', 'UtcStampToZoneSecond', 'cconst', 'BRAZIL_GACHA_LIMIT_TIME', 'server_time_zone', 'GetTimeNow', '_RefreshDate') vars=('self', 'end_time') consts=['end_utc_stamp', 'id', (1310, 1311, 1321, 1322, 1264, 1265, 1314, 1315)]
FUNC gclient.gamesystem.uihall.uimall.mall_box_weapon_v7_roll_window.MallBoxWeaponV7BackRollWindow.RefreshPanelReward names=('super', 'MallBoxWeaponV7BackRollWindow', 'RefreshPanelReward', 'reward_bg', 'gacha_setting_proto', 'get', 'texture', 'HideBackPreviewSideGuns') vars=('self', 'nee_fresh') consts=['img_list_reward_bg']
FUNC gclient.gamesystem.uihall.uimall.mall_box_weapon_v7_roll_window.MallBoxWeaponV7BackRollWindow.RefreshPanelSwitchView names=('final_view_item_id', 'panel_switch_view', 'visible', 'select_item_id', 'token_ultimate_reward_item_id') vars=('self',) consts=[False]
FUNC gclient.gamesystem.uihall.uimall.mall_box_weapon_v7_roll_window.MallBoxWeaponV7BackRollWindow.RefreshPanelTitle names=('gacha_setting_proto', 'get', 'img_gacha_title', 'texture', 'visible', 'txt_title', 'text', 'SetTextColorByList', 'org_text_color', 'text_color', 'SetVertexColor', 'RefreshGunTitle') vars=('self', 'gacha_setting_proto', 'gacha_proto_get', 'txt_title', 'vertex_color') consts=['title_icon', True, False, 'title_str', '', 'title_str_color']
FUNC gclient.gamesystem.uihall.uimall.mall_box_weapon_v7_roll_window.MallBoxWeaponV7BackRollWindow.ShowFeature names=('BASE_FEATURE', 'item_id', 'OnSwitchGunSkinView', 'panel_color_plate', 'visible', 'six2', 'get_unbound_or_bound_function', 'GachaFeatureModelComp', 'ShowFeature', '_callComponents') vars=('self', 'feature', 'level') consts=[0, True, False, 'on_show_feature']
FUNC gclient.gamesystem.uihall.uimall.mall_box_weapon_v7_roll_window.MallBoxWeaponV7BackRollWindow._ShowFeature names=('cconst', 'GunUpgradeFeature', 'UPGRADE_FEATURE_BASE', 'OnBtnModelLeaveFeature', 'fsm_feature', 'CreateModel', 'item_id', 'ShowFeatureAnim', 'ChangeCameraForGacha') vars=('self', 'feature', 'level') consts=[True]
CLASS MallBoxWeaponV7RollWindow METHODS=['ChangeCameraForGacha', 'CreateRewardAnimNode', 'CreateRewardNode', 'InitData', 'InitNode', 'InitPanelReward', 'InitPanpanShow', 'OnClickRewardNode', 'OnItemGlobalCountChanged', 'OnShowProbability', 'OnSwitchGunSkinView', 'RefreshAllExchangeNodes', 'RefreshGlobalPanelGunNum', 'RefreshGunShow', 'RefreshGunTitle', 'RefreshLeftTitleCsb', 'RefreshPanelDate', 'RefreshPanelReward', 'RefreshPanelSwitchView', 'RefreshPanelTitle', 'RefreshRollReward', 'RollCallback', 'Show', 'ShowFeature', 'ShowRewardWindow', '_ShowFeature']
FUNC gclient.gamesystem.uihall.uimall.mall_box_weapon_v7_roll_window.MallBoxWeaponV7RollWindow.ChangeCameraForGacha names=('genv', 'camera', 'is_fps_placer', 'space', 'gacha_setting_proto', 'get', 'cconst', 'GunUpgradeFeature', 'UPGRADE_FEATURE_SHOW_3P_WEAPON', 'UPGRADE_FEATURE_UNLOCK_ITEM_1', 'ChangeSpecialCameraId', 'UPGRADE_FEATURE_KILL_NUMBER', 'RefreshCamera') vars=('self', 'feature', 'space', 'gacha_setting_proto', 'special_feature_camera_id') consts=['special_feature_camera_id', 'feature_camera_id']
FUNC gclient.gamesystem.uihall.uimall.mall_box_weapon_v7_roll_window.MallBoxWeaponV7RollWindow.CreateRewardAnimNode names=('MallV7WeaponStraightRollItemNode', 'CloneWidget', 'click_func', 'onClick') vars=('self', 'children', 'node') consts=[0]
FUNC gclient.gamesystem.uihall.uimall.mall_box_weapon_v7_roll_window.MallBoxWeaponV7RollWindow.CreateRewardNode names=('MallV7WeaponStraightRollItemNode', 'CloneWidget', 'parent', 'OnClickRewardNode', 'click_func') vars=('self', 'children', 'node') consts=[0]
FUNC gclient.gamesystem.uihall.uimall.mall_box_weapon_v7_roll_window.MallBoxWeaponV7RollWindow.InitData names=('super', 'MallBoxWeaponV7RollWindow', 'InitData', 'is_first_show') vars=('self',) consts=[False]
FUNC gclient.gamesystem.uihall.uimall.mall_box_weapon_v7_roll_window.MallBoxWeaponV7RollWindow.InitNode names=('super', 'MallBoxWeaponV7RollWindow', 'InitNode') vars=('self',) consts=[]
FUNC gclient.gamesystem.uihall.uimall.mall_box_weapon_v7_roll_window.MallBoxWeaponV7RollWindow.InitPanelReward names=('super', 'MallBoxWeaponV7RollWindow', 'InitPanelReward', 'panel_reward', 'seek', 'UITexture', 'reward_bg', 'visible') vars=('self',) consts=['img_v7', True]
FUNC gclient.gamesystem.uihall.uimall.mall_box_weapon_v7_roll_window.MallBoxWeaponV7RollWindow.InitPanpanShow names=('super', 'MallBoxWeaponV7RollWindow', 'InitPanpanShow', 'panel_content', 'seek', 'panel_gun_show', 'panel_touch_gun', 'EnableTouch', 'onClick', 'panel_panpan_show', 'node_panpan_show', 'UITexture', 'img_panpan_show', 'QualityTagNewNode', 'node_panpan_show_tag', 'node_main_gun_tag') vars=('self', 'panel_1') consts=['panel_gun', 'panel_model', True, False, 'panel_1', 'node_gun', 'panel_content', 'img_icon', 'panel_tab', 'node_rank', 'node_tab']
FUNC gclient.gamesystem.uihall.uimall.mall_box_weapon_v7_roll_window.MallBoxWeaponV7RollWindow.OnClickRewardNode names=('is_roll', 'is_first_show', 'super', 'MallBoxWeaponV7RollWindow', 'OnClickRewardNode', 'panel_model', '_multiTouchEnabled', 'EnableMultiTouch', 'EnableTouch', 'panel_gun_show', 'visible', 'functools', 'partial', 'list_reward', 'onClick', 'GetCurSelectNode', 'ChangeModelPos', 'panel_title_gun', 'panel_gun_detail') vars=('self', 'node', 'refresh_effect', 'is_first', 'cur_node') consts=[False, True, ('refresh_effect',)]
FUNC gclient.gamesystem.uihall.uimall.mall_box_weapon_v7_roll_window.MallBoxWeaponV7RollWindow.OnItemGlobalCountChanged names=('collection_reward_item_id', 'lobby_item_upgrade_extra_data', 'ITEM_ID_TO_BASE_LEVEL_ITEM', 'node_gun_num', 'LoadData') vars=('self', 'base_item_id', 'old', 'new', 'collection_reward_item_id', 'collection_reward_base_item_id') consts=['NO.%d']
FUNC gclient.gamesystem.uihall.uimall.mall_box_weapon_v7_roll_window.MallBoxWeaponV7RollWindow.OnShowProbability names=('gclient.gamesystem.uihall.activity.activity_harvest_window', 'ActPopShowWindow', 'gacha_setting_proto', 'instance', 'Show', 'ui_helper', 'GetStrMsgFromData', 'get') vars=('self', 'btn', 'ActPopShowWindow', 'gacha_settting_proto') consts=[0, ('ActPopShowWindow',), 'tips_txt', 'rule']
FUNC gclient.gamesystem.uihall.uimall.mall_box_weapon_v7_roll_window.MallBoxWeaponV7RollWindow.OnSwitchGunSkinView names=('genv', 'sound_mgr', 'PlayEventById', 'bool', 'collection_reward_item_id', 'select_item_id', 'GunUpgradeDataMgr', 'instance', 'GetItemNewFeatureList', 'APPEAR_FEATURE', 'lobby_item_upgrade_data', 'data', 'sorted', 'six2', 'iterkeys', 'panel_color_plate', 'SetColorLobbyItemId', 'OnClickColorPlate', 'RefreshModel', 'lobby_item_data', 'SelectGunSkinViewTypeBtn') vars=('self', 'is_final', 'widget', 'item_id', 'switch_show', 'all_feature', 'feature_list', 'select_feature', 'lobby_item_upgrade_proto', 'upgrade_proto') consts=[335, False, ('is_3d',), True, 'item_id', ('is_need_same',), -1]
FUNC gclient.gamesystem.uihall.uimall.mall_box_weapon_v7_roll_window.MallBoxWeaponV7RollWindow.RefreshAllExchangeNodes names=('panel_exchange', 'removeAllChildren', 'gui', 'LoadWidgetFromFile', 'str', 'widget', 'panel_content', 'seek', 'node_exchange', 'setPosition', 'node_exchange_ori', 'EnableTouch', 'OnClickExchange', 'onClick', 'UIText', 'txt_exchange_money', 'CycleTextNode', 'txt_redeem', 'UITexture', 'img_exchange_money', 'ignoreContentAdaptWithSize', 'img_exchange_bg', 'gacha_setting_proto', 'get', 'texture', 'Color', 'To', 'tuple', 'text_color', 'exchange_item_nodes', 'six2', 'xrange', 'MallV6WeaponRollExchangeItemNode', 'parent', 'txt_exchange', 'gacha_exchange_proto', 'is_unlock', 'LoadData') vars=('self', 'redeem_csb', 'panel_exchange', 'node_exchange', 'panel_redeem', 'panel_money', 'exchange_money_color', 'color', 'exchange_item_nodes', 'idx', 'node', 'gacha_exchange_proto', 'gacha_exchange_proto_idx', 'index') consts=['UIScript/node_og_shop_military_v7_scarsiling_redeem.csb', ('parent_widget',), 'panel_redeem', 'node', True, 'panel_money', 'txt_money', 'panel_exchange', 'img_money', 'img_bg', 'img_exchange_money', 'img_exchange_bg', 'exchange_money_color', 'panel_item%.2d', 'node_item', 'collection_count', (1, 3, 4, 5), (2, 1, 3, 4), (1, 2, 3, 4)]
FUNC gclient.gamesystem.uihall.uimall.mall_box_weapon_v7_roll_window.MallBoxWeaponV7RollWindow.RefreshGlobalPanelGunNum names=('hall_ui_util', 'RefreshGlobalPanelGunNumInGacha', 'panel_gun_num', 'node_gun_num', 'genv', 'avatar', 'panel_special', 'visible', 'GetItemGlobalCountShowTextInGacha', 'is_roll') vars=('self', 'item_id', 'avatar', 'num_str') consts=[False, True]
FUNC gclient.gamesystem.uihall.uimall.mall_box_weapon_v7_roll_window.MallBoxWeaponV7RollWindow.RefreshGunShow names=('panel_panpan', 'RefreshGunShow', 'gacha_reward_data', 'list_reward', 'item_id', 'lobby_item_data', 'data', 'get', 'consts', 'ItemSubType', 'PanPan', 'node_main_gun_tag', 'RefreshTagQuality', 'functools', 'partial', 'OnClickRewardNode', 'panel_touch_gun', 'onClick', 'panel_panpan_show', 'visible', 'img_panpan_show', 'texture', 'node_panpan_show_tag') vars=('self', 'panpan_idx', 'panpan_item_proto', 'panpan_item_id', 'idx', 'node', 'item_id', 'item_proto', 'sub_type', 'first_item_proto') consts=[3, ('default_heirloom_level',), 'sub_type', 'quality', 'name', 'limit_tag_quality', False, True, 'small_icon_id']
FUNC gclient.gamesystem.uihall.uimall.mall_box_weapon_v7_roll_window.MallBoxWeaponV7RollWindow.RefreshGunTitle names=('GunUpgradeDataMgr', 'instance', 'GetImportantFeatures', 'select_item_id', 'GetItemFeatureList', 'panel_title_gun', 'visible', 'lobby_item_data', 'data', 'mall_util', 'GetGachaWeaponShowName', 'hall_item_util', 'IsSuitItem', 'GetHeroNamePrefixBeforeHyphen', 'cconst', 'WAREHOUSE_QUALITY_LEVEL_COLOR', 'get', 'gun_skin_template_data', 'split', 'title_quality_tag', 'RefreshTagQuality', 'RefreshPanelSwitchView') vars=('self', 'important_features', 'show_gun_title', 'item_proto', 'name', 'color_map', 'quality', 'template_id', 'limit_tag_quality') consts=[True, False, 'quality', 'guise', 'template_id', 31000019, 'skin_name', '', ' - ', 'limit_tag_quality']
FUNC gclient.gamesystem.uihall.uimall.mall_box_weapon_v7_roll_window.MallBoxWeaponV7RollWindow.RefreshLeftTitleCsb names=('gacha_setting_proto', 'panel_new_title', 'removeAllChildren', 'gui', 'LoadWidgetFromFile', 'str', 'widget', 'seek', 'node_title', 'setPosition', 'cc', 'Vec2', 'node_title_pos', 'x', 'y', 'panel_name', 'UITexture', 'img_gacha_title', 'UIText', 'txt_title', 'txt_date', 'getattr', 'childex', 'UIButton', 'onClick', 'img_date', 'img_date_bg', 'btn_reward_show', 'ShowRewardWindow', 'btn_reward_show_bg') vars=('self', 'gacha_setting_proto', 'panel_name', 'panel_time', 'btn_reward_show') consts=['left_title_csb', ('parent_widget',), 'node', 'panel_content', 'panel_time', 'img_title', 'txt_name', 'txt_time', 'OnShowProbability', 'panel_tips.btn_reward', 'img_icon', 'img_bg', 'panel_btn.btn_reward']
FUNC gclient.gamesystem.uihall.uimall.mall_box_weapon_v7_roll_window.MallBoxWeaponV7RollWindow.RefreshPanelDate names=('gacha_setting_proto', 'genv', 'avatar', 'common_util', 'IsEnableBrazil', 'time_util', 'UtcStampToZoneSecond', 'cconst', 'BRAZIL_GACHA_LIMIT_TIME', 'server_time_zone', 'GetTimeNow', '_RefreshDate') vars=('self', 'end_time') consts=['end_utc_stamp', 'id', (1310, 1311, 1321, 1322, 1264, 1265, 1314, 1315)]
FUNC gclient.gamesystem.uihall.uimall.mall_box_weapon_v7_roll_window.MallBoxWeaponV7RollWindow.RefreshPanelReward names=('super', 'MallBoxWeaponV7RollWindow', 'RefreshPanelReward', 'gacha_setting_proto', 'get', 'reward_bg', 'texture', 'RefreshGunShow') vars=('self', 'nee_fresh') consts=['img_list_reward_bg']
FUNC gclient.gamesystem.uihall.uimall.mall_box_weapon_v7_roll_window.MallBoxWeaponV7RollWindow.RefreshPanelSwitchView names=('final_view_item_id', 'panel_switch_view', 'visible', 'select_item_id', 'token_ultimate_reward_item_id') vars=('self',) consts=[False]
FUNC gclient.gamesystem.uihall.uimall.mall_box_weapon_v7_roll_window.MallBoxWeaponV7RollWindow.RefreshPanelTitle names=('gacha_setting_proto', 'get', 'img_gacha_title', 'texture', 'visible', 'txt_title', 'text', 'SetTextColorByList', 'org_text_color', 'text_color', 'SetVertexColor', 'RefreshGunTitle') vars=('self', 'gacha_setting_proto', 'gacha_proto_get', 'txt_title', 'vertex_color') consts=['title_icon', True, False, 'title_str', '', 'title_str_color']
FUNC gclient.gamesystem.uihall.uimall.mall_box_weapon_v7_roll_window.MallBoxWeaponV7RollWindow.RefreshRollReward names=('OnClickRewardNode', 'list_reward', 'panel_panpan', 'visible') vars=('self',) consts=[0, False, True, ('refresh_effect', 'is_first')]
FUNC gclient.gamesystem.uihall.uimall.mall_box_weapon_v7_roll_window.MallBoxWeaponV7RollWindow.RollCallback names=('roll_manager', 'is_roll_over', 'is_first_show', 'ClickFirstNode', 'ShowUIForRollEnd', 'GeneralGet', 'protect_timer', 'CancelProtectTimer') vars=('self', 'act_id', 'item_add', 'extra', '_') consts=[True, False]
FUNC gclient.gamesystem.uihall.uimall.mall_box_weapon_v7_roll_window.MallBoxWeaponV7RollWindow.Show names=('super', 'MallBoxWeaponV7RollWindow', 'Show', 'is_first_show', 'OnClickRewardNode', 'list_reward', 'ChangePosBySize') vars=('self', 'info') consts=[True, ('refresh_effect', 'is_first')]
FUNC gclient.gamesystem.uihall.uimall.mall_box_weapon_v7_roll_window.MallBoxWeaponV7RollWindow.ShowFeature names=('BASE_FEATURE', 'item_id', 'OnSwitchGunSkinView', 'panel_color_plate', 'visible', 'six2', 'get_unbound_or_bound_function', 'GachaFeatureModelComp', 'ShowFeature', '_callComponents') vars=('self', 'feature', 'level') consts=[0, True, False, 'on_show_feature']
FUNC gclient.gamesystem.uihall.uimall.mall_box_weapon_v7_roll_window.MallBoxWeaponV7RollWindow.ShowRewardWindow names=('genv', 'sound_mgr', 'PlayEventById', 'gclient.gamesystem.uihall.uimall.mall_box_v6_reward_window', 'MallBoxV7RewardWindow', 'instance', 'Show', 'cur_key') vars=('self', 'btn', 'MallBoxV7RewardWindow') consts=[335, False, ('is_3d',), ('MallBoxV7RewardWindow',), 'key']
FUNC gclient.gamesystem.uihall.uimall.mall_box_weapon_v7_roll_window.MallBoxWeaponV7RollWindow._ShowFeature names=('cconst', 'GunUpgradeFeature', 'UPGRADE_FEATURE_BASE', 'OnBtnModelLeaveFeature', 'fsm_feature', 'CreateModel', 'item_id', 'ShowFeatureAnim', 'ChangeCameraForGacha') vars=('self', 'feature', 'level') consts=[True]
CLASS MallGachaStraightV6BackFeatureTitleComp METHODS=['OnSwitchGunSkinView', '__on_show_feature_component__']
FUNC gclient.gamesystem.uihall.uimall.mall_box_weapon_v7_roll_window.MallGachaStraightV6BackFeatureTitleComp.OnSwitchGunSkinView names=('genv', 'sound_mgr', 'PlayEventById', 'bool', 'collection_reward_item_id', 'select_item_id', 'gacha_reward_data', 'six2', 'iteritems', 'get', 'lobby_item_upgrade_data', 'data', 'sorted', 'iterkeys', 'RefreshModel', 'lobby_item_data', 'SelectGunSkinViewTypeBtn') vars=('self', 'is_final', 'widget', 'item_id', 'switch_show', 'gacha_reward_proto', 'key', 'proto', 'lobby_item_upgrade_proto', 'upgrade_proto') consts=[335, False, ('is_3d',), 'item_id', 'grand_prize', 'collection_price', True, -1]
FUNC gclient.gamesystem.uihall.uimall.mall_box_weapon_v7_roll_window.MallGachaStraightV6BackFeatureTitleComp.__on_show_feature_component__ names=('RefreshGunCsb', 'six2', 'get_unbound_or_bound_function', 'MallGachaV6FeatureInfoCompAttribute', '__on_show_feature_component__', 'collection_reward_item_id', 'select_item_id', 'GunUpgradeDataMgr', 'instance', 'GetItemNewFeatureList', 'APPEAR_FEATURE', 'BASE_FEATURE', 'panel_switch_view', 'visible', 'GunUpgradeFeature', 'UPGRADE_FEATURE_BASE', 'panel_gun_num', 'node_gun_num', 'RefreshGlobalPanelGunNum') vars=('self', 'feature', 'switch_show', 'all_feature', 'feature_list', 'select_feature') consts=[False, True]
CLASS MallGachaStraightV7FeatureTitleComp METHODS=['OnSwitchGunSkinView', 'RefreshGlobalPanelGunNum', '__init_node_component__', '__on_roll_end_component__', '__on_roll_start_component__', '__on_show_feature_component__']
FUNC gclient.gamesystem.uihall.uimall.mall_box_weapon_v7_roll_window.MallGachaStraightV7FeatureTitleComp.OnSwitchGunSkinView names=('genv', 'sound_mgr', 'PlayEventById', 'bool', 'collection_reward_item_id', 'select_item_id', 'GunUpgradeDataMgr', 'instance', 'GetItemNewFeatureList', 'APPEAR_FEATURE', 'lobby_item_upgrade_data', 'data', 'sorted', 'six2', 'iterkeys', 'panel_color_plate', 'SetColorLobbyItemId', 'OnClickColorPlate', 'RefreshModel', 'lobby_item_data', 'SelectGunSkinViewTypeBtn') vars=('self', 'is_final', 'widget', 'item_id', 'switch_show', 'all_feature', 'feature_list', 'select_feature', 'lobby_item_upgrade_proto', 'upgrade_proto') consts=[335, False, ('is_3d',), True, 'item_id', ('is_need_same',), -1]
FUNC gclient.gamesystem.uihall.uimall.mall_box_weapon_v7_roll_window.MallGachaStraightV7FeatureTitleComp.RefreshGlobalPanelGunNum names=('hall_ui_util', 'RefreshGlobalPanelGunNumInGacha', 'panel_gun_num', 'node_gun_num', 'genv', 'avatar', 'panel_special', 'visible', 'GetItemGlobalCountShowTextInGacha', 'is_roll') vars=('self', 'item_id', 'avatar', 'num_str') consts=[False, True]
FUNC gclient.gamesystem.uihall.uimall.mall_box_weapon_v7_roll_window.MallGachaStraightV7FeatureTitleComp.__init_node_component__ names=('six2', 'get_unbound_or_bound_function', 'MallGachaStraightV6BackFeatureTitleComp', '__init_node_component__', 'panel_title', 'seek', 'panel_special', 'getPosition', 'panel_special_ori_pos', 'visible', 'UIText', 'ignoreContentAdaptWithSize', 'lang', 'MALL_GACHA_V7_SPECIAL_FEATURE', 'text') vars=('self', 'panel_content', '_', 'txt_content') consts=['panel_special', False, 'txt_content', 'img_new_1', True]
FUNC gclient.gamesystem.uihall.uimall.mall_box_weapon_v7_roll_window.MallGachaStraightV7FeatureTitleComp.__on_roll_end_component__ names=('six2', 'get_unbound_or_bound_function', 'MallGachaStraightV6BackFeatureTitleComp', '__on_roll_end_component__', 'panel_special', 'visible') vars=('self',) consts=[True]
FUNC gclient.gamesystem.uihall.uimall.mall_box_weapon_v7_roll_window.MallGachaStraightV7FeatureTitleComp.__on_roll_start_component__ names=('panel_feature_lock', 'GetImportantFeatures', 'len', 'ClickFirstNode', 'six2', 'get_unbound_or_bound_function', 'MallGachaStraightV6BackFeatureTitleComp', '__on_roll_start_component__', 'panel_special', 'visible', 'ClearTimer') vars=('self', 'important_features') consts=[0, False]
FUNC gclient.gamesystem.uihall.uimall.mall_box_weapon_v7_roll_window.MallGachaStraightV7FeatureTitleComp.__on_show_feature_component__ names=('RefreshGunCsb', 'six2', 'get_unbound_or_bound_function', 'MallGachaV6FeatureInfoCompAttribute', '__on_show_feature_component__', 'collection_reward_item_id', 'select_item_id', 'GunUpgradeDataMgr', 'instance', 'GetItemNewFeatureList', 'APPEAR_FEATURE', 'BASE_FEATURE', 'panel_switch_view', 'visible', 'GunUpgradeFeature', 'UPGRADE_FEATURE_BASE', 'panel_gun_num', 'node_gun_num', 'panel_special', 'RefreshGlobalPanelGunNum') vars=('self', 'feature', 'switch_show', 'all_feature', 'feature_list', 'select_feature') consts=[False, True]
CLASS MallGachaV6FeatureInfoCompAttribute METHODS=['RefreshGunTitle', 'RefreshPanelTitle', '__init_node_component__', '__on_roll_end_component__', '__on_roll_start_component__']
FUNC gclient.gamesystem.uihall.uimall.mall_box_weapon_v7_roll_window.MallGachaV6FeatureInfoCompAttribute.RefreshGunTitle names=('token_ultimate_reward_item_id', 'GunUpgradeDataMgr', 'instance', 'GetImportantFeatures', 'select_item_id', 'GetItemFeatureList', 'panel_title_gun', 'visible', 'lobby_item_data', 'data', 'gun_skin_template_data', 'cconst', 'WAREHOUSE_QUALITY_LEVEL_COLOR', 'get', 'title_quality_tag', 'RefreshTagQuality', 'gun_mod_data', 'consts', 'ItemSubType', 'Suit', 'mall_util', 'GetHeroNamePrefixBeforeHyphen', 'RefreshPanelSwitchView') vars=('self', 'token_ultimate_reward_item_id', 'important_features', 'show_gun_title', 'item_proto', 'skin_template_id', 'gun_id', 'color_map', 'quality', 'item_name') consts=[True, False, 'guise', 'template_id', 'gun_id', 'quality', 'name', 'sub_type']
FUNC gclient.gamesystem.uihall.uimall.mall_box_weapon_v7_roll_window.MallGachaV6FeatureInfoCompAttribute.RefreshPanelTitle names=('gacha_setting_proto', 'get', 'img_gacha_title', 'texture', 'visible', 'txt_title', 'text', 'SetTextColorByList', 'org_text_color', 'text_color', 'SetVertexColor', 'RefreshGunTitle') vars=('self', 'gacha_setting_proto', 'gacha_proto_get', 'txt_title', 'vertex_color') consts=['title_icon', True, False, 'title_str', '', 'title_str_color']
FUNC gclient.gamesystem.uihall.uimall.mall_box_weapon_v7_roll_window.MallGachaV6FeatureInfoCompAttribute.__init_node_component__ names=('six2', 'get_unbound_or_bound_function', 'MallGachaV6FeatureInfoComp', '__init_node_component__', 'txt_date', 'childex', 'UIButton', 'OnShowProbability', 'onClick', 'panel_title', 'btn_reward_show', 'ShowRewardWindow', 'seek', 'UITexture', 'btn_reward_show_bg') vars=('self', 'panel_content', '_', 'btn_tips', 'btn_reward_show') consts=['panel_tips.btn_reward', 'panel_btn.btn_reward', 'img_icon']
FUNC gclient.gamesystem.uihall.uimall.mall_box_weapon_v7_roll_window.MallGachaV6FeatureInfoCompAttribute.__on_roll_end_component__ names=('btn_reward_show', 'visible', 'txt_date', 'img_date', 'img_date_bg', 'panel_title_gun') vars=('self',) consts=[True]
FUNC gclient.gamesystem.uihall.uimall.mall_box_weapon_v7_roll_window.MallGachaV6FeatureInfoCompAttribute.__on_roll_start_component__ names=('btn_reward_show', 'visible', 'txt_date', 'img_date', 'img_date_bg', 'panel_title_gun') vars=('self',) consts=[False]
CLASS MallGachaV6StraightSimpleFeatureListCompCollection METHODS=['ShowFeature', '__init_node_component__', '__on_select_item_component__']
FUNC gclient.gamesystem.uihall.uimall.mall_box_weapon_v7_roll_window.MallGachaV6StraightSimpleFeatureListCompCollection.ShowFeature names=('BASE_FEATURE', 'item_id', 'OnSwitchGunSkinView', 'panel_color_plate', 'visible', 'six2', 'get_unbound_or_bound_function', 'GachaFeatureModelComp', 'ShowFeature', '_callComponents') vars=('self', 'feature', 'level') consts=[0, True, False, 'on_show_feature']
FUNC gclient.gamesystem.uihall.uimall.mall_box_weapon_v7_roll_window.MallGachaV6StraightSimpleFeatureListCompCollection.__init_node_component__ names=('six2', 'get_unbound_or_bound_function', 'MallGachaV6SimpleFeatureListCompCollection', '__init_node_component__', 'GetCsbPath', 'seek', 'panel_color_board', 'visible', 'getPosition', 'panel_color_board_ori_pos', 'WarehouseGunSkinColorPlateNode', 'panel_color_plate', 'panel_color_img_bg', 'Swallower') vars=('self', 'panel_content', '_', 'panel_color') consts=['UIScript/og_shop_attribute_v6_turnable_new.csb', 'panel_color', True, 'node_item', 'panel_content', 'img_bg', False]
FUNC gclient.gamesystem.uihall.uimall.mall_box_weapon_v7_roll_window.MallGachaV6StraightSimpleFeatureListCompCollection.__on_select_item_component__ names=('six2', 'get_unbound_or_bound_function', 'GachaFeatureModelComp', '__on_select_item_component__', 'panel_feature_lock', 'cur_select_feature', 'BASE_FEATURE', 'panel_color_plate', 'visible', 'SetColorLobbyItemId', 'OnClickColorPlate', 'GunUpgradeDataMgr', 'instance', 'GetImportantFeatures', 'GetItemFeatureList', 'RefreshData', 'ClickFirstNode', 'lobby_item_data', 'data', 'collection_reward_item_id', 'get', 'consts', 'WarehouseItemType', 'MeleeWeapon', 'SetTxtGet', 'lang', 'MALL_GACHA_GET_DIRECTLY', 'MALL_GACHA_GET_UPGRADE') vars=('self', 'item_id', 'important_features', 'visible', 'item_proto') consts=[False, ('is_need_same',), True, 'sub_type']
CLASS MallGachaV7StraightSimpleFeatureListCompCollection METHODS=['__on_roll_start_component__']
FUNC gclient.gamesystem.uihall.uimall.mall_box_weapon_v7_roll_window.MallGachaV7StraightSimpleFeatureListCompCollection.__on_roll_start_component__ names=('six2', 'get_unbound_or_bound_function', 'MallGachaV6StraightSimpleFeatureListCompCollection', '__on_roll_start_component__') vars=('self',) consts=[]
CLASS MallV6WeaponRollExchangeItemNode METHODS=['InitNode', 'InitNorNode', 'LoadData', 'RefreshJackpot', 'RefreshPanelMoney', 'RefreshPanelOwn', 'RefreshPanelState', '__init__']
FUNC gclient.gamesystem.uihall.uimall.mall_box_weapon_v7_roll_window.MallV6WeaponRollExchangeItemNode.InitNode names=('setScale', 'seek', 'anim_node', 'panel_item', 'panel_collection', 'UITexture', 'img_level', 'img_item', 'UIText', 'txt_count', 'img_select', 'visible', 'panel_money', 'img_money', 'txt_money', 'panel_role', 'img_role', 'panel_own', 'img_collection', 'panel_convertible', 'CycleTextNode', 'txt_have', 'lang', 'MALL_GACHA_CAN_CHANGE_OTHER_GUN', 'text', 'panel_convertible_money', 'txt_convertible_money', 'img_convertible_money') vars=('self', 'panel_item', 'panel_money') consts=[0.94, 'node', 'panel_1', 'panel_bookreservation', 'img_lv', 'img_icon', 'label_numb', 'img_select', False, 'panel_money', 'img_money', 'txt_get', 'panel_role', 'img_role', 'panel_own', 'img_lock', 'panel_convertible', 'panel_have']
FUNC gclient.gamesystem.uihall.uimall.mall_box_weapon_v7_roll_window.MallV6WeaponRollExchangeItemNode.InitNorNode names=('setScale', 'seek', 'panel_item', 'UITexture', 'img_level', 'img_item', 'UIText', 'txt_count', 'img_select', 'panel_own', 'img_collection', 'img_lv_sp', 'img_lv_sp_2', 'visible', 'panel_money', 'img_money', 'txt_money', 'panel_role', 'img_role', 'panel_convertible', 'CycleTextNode', 'txt_have', 'lang', 'MALL_GACHA_CAN_CHANGE_OTHER_GUN', 'text', 'panel_convertible_money', 'txt_convertible_money', 'img_convertible_money') vars=('self', 'panel_item', 'panel_money') consts=[0.75, 'Node', 'panel_all', 'panel_7', 'img_lv', 'image_icon', 'label_numb', 'image_sel', 'panel_own', 'img_lock', 'img_lv_sp', 'img_lv_sp_2', False, 'panel_money', 'img_money', 'txt_get', 'panel_role', 'img_role', 'panel_convertible', 'panel_have']
FUNC gclient.gamesystem.uihall.uimall.mall_box_weapon_v7_roll_window.MallV6WeaponRollExchangeItemNode.LoadData names=('get', 'removeAllChildren', 'node_jackpot', 'gui', 'LoadWidgetFromFile', 'str', 'widget', 'InitNode', 'anim_node', 'PlayAnim', 'InitNorNode', 'super', 'MallV6WeaponRollExchangeItemNode', 'LoadData', 'lobby_item_data', 'data', 'item_id', 'panel_v7', 'visible', 'img_level', 'img_lv_sp', 'cconst', 'SP_ITEM_QUALITY_2_COLOR_ICON', 'texture', 'ITEM_QUALITY_2_COLOR_ICON_GACHA_ROLL', 'genv', 'avatar', 'IsGachaCollectionUnlock', 'gacha_id', 'panel_collection', 'RefreshJackpot', 'IsExecution', 'img_collection', 'img_item', 'RefreshPanelMoney', 'panel_money') vars=('self', 'data', 'grand_prize_csb', 'item_proto', 'quality', 'is_collection_unlock', 'is_need_collection', 'sub_type') consts=['grand_prize_vx_csb', ('parent_widget',), 'loop', True, ('is_loop',), 'UIScript/node_og_shop_attribute_v6_turnable_new_item.csb', 'quality', False, 10690, 10566, 'is_need_collection', 'collection_price', 'small_icon_id', 'icon_collection_small_icon', 'sub_type']
FUNC gclient.gamesystem.uihall.uimall.mall_box_weapon_v7_roll_window.MallV6WeaponRollExchangeItemNode.RefreshJackpot names=('genv', 'avatar', 'data', 'get', 'panel_own', 'visible', 'gacha_id', 'GetJackpotGachaIds', 'node_jackpot', 'gui', 'LoadWidgetFromFile', 'widget', 'seek', 'PlayAnim', 'StopAnim', 'RefreshPanelOwn') vars=('self', 'avatar') consts=['grand_prize', 'UIScript/node_vx_jackpot_item_04.csb', ('parent_widget',), 'Node', True, 'loop', ('is_loop',), False]
FUNC gclient.gamesystem.uihall.uimall.mall_box_weapon_v7_roll_window.MallV6WeaponRollExchangeItemNode.RefreshPanelMoney names=('panel_own', 'visible', 'panel_money', 'panel_convertible', 'gacha_setting_data', 'data', 'gacha_id', 'lobby_item_data', 'get', 'img_money', 'texture', 'txt_money', 'text') vars=('self', 'exchange_cost_id') consts=[False, True, 'exchange_cost_id', 'icon', 'sp_icon']
FUNC gclient.gamesystem.uihall.uimall.mall_box_weapon_v7_roll_window.MallV6WeaponRollExchangeItemNode.RefreshPanelOwn names=('gacha_data', 'data', 'gacha_id', 'index', 'get', 'RefreshPanelState', 'genv', 'avatar', 'ItemCountIncludeUpgradeItem', 'item_id', 'gacha_mgr', 'panel_own', 'visible', 'panel_convertible') vars=('self', 'gacha_proto', 'convert_item_id', 'convert_item_count', 'no_cycle', 'is_own', 'gacha_mgr', 'roll_limit', 'count') consts=['convert_item_id', 'convert_item_count', 'no_cycle', False, 'proto_id_count', 'roll_limit', True]
FUNC gclient.gamesystem.uihall.uimall.mall_box_weapon_v7_roll_window.MallV6WeaponRollExchangeItemNode.RefreshPanelState names=('genv', 'avatar', 'gacha_id', 'gacha_mgr', 'no_cycle_proto_ids', 'get', 'index', 'ItemCountIncludeUpgradeItem', 'item_id', 'panel_convertible', 'visible', 'panel_own', 'txt_convertible_money', 'text', 'lobby_item_data', 'data', 'img_convertible_money', 'texture') vars=('self', 'gacha_proto', 'avatar', 'no_cycle_proto_ids', 'no_cycle', 'is_roll', 'is_own', 'convert_item_id') consts=['no_cycle', False, True, 'convert_item_count', 'convert_item_id', 'icon']
FUNC gclient.gamesystem.uihall.uimall.mall_box_weapon_v7_roll_window.MallV6WeaponRollExchangeItemNode.__init__ names=('super', 'MallV6WeaponRollExchangeItemNode', '__init__', 'seek', 'panel_v7', 'panel_item', 'UITexture', 'img_level', 'img_lv_sp', 'img_lv_sp_2', 'visible', 'panel_collection', 'panel_money', 'img_money', 'UIText', 'txt_money', 'panel_role', 'img_role', 'EnableNodeTouch', 'node_jackpot') vars=('self', 'widget', 'panel_money') consts=['panel_v7', 'img_lv', 'img_lv_sp', 'img_lv_sp_2', False, 'node', 'panel_bookreservation', 'panel_money', 'img_money', 'txt_get', 'panel_role', 'img_role']
CLASS MallV6WeaponStraightRollItemNode METHODS=['ChangeModelPos', 'GachaLoadCallBack', 'InitNode', 'LoadData', 'RefreshHideEffect', 'RefreshJackpot', 'RefreshOnRollEnd', 'RefreshPanelConvertible', 'RefreshPanelOwn', 'RefreshPanelState', 'ShowModel', '__init__']
FUNC gclient.gamesystem.uihall.uimall.mall_box_weapon_v7_roll_window.MallV6WeaponStraightRollItemNode.ChangeModelPos names=('data', 'get', 'parent', 'model_ctrl', 'show_model', 'model', 'Transform', 'MType', 'Vector3', 'translation', 'set_pitch_yaw_roll', 'scale', 'DelayRefreshRotateOrigin') vars=('self', 'proto', 'rotation', 'pos', 'show_model', 'pitch', 'yaw', 'roll', 'trans') consts=['weapon_rotation', 'weapon_pos', 1.5653]
FUNC gclient.gamesystem.uihall.uimall.mall_box_weapon_v7_roll_window.MallV6WeaponStraightRollItemNode.GachaLoadCallBack names=('parent', 'visible', 'attach_models', 'values', 'model', 'IsVisible') vars=('self', 'model') consts=[False]
FUNC gclient.gamesystem.uihall.uimall.mall_box_weapon_v7_roll_window.MallV6WeaponStraightRollItemNode.InitNode names=('seek', 'panel', 'getPosition', 'panel_ori_pos', 'visible', 'MakeSureActionByLoadFile', 'panel_item', 'EnableTouch', 'OnClickNode', 'onClick', 'UITexture', 'img_level', 'img_lv_sp', 'img_lv_sp_2', 'panel_num', 'UIText', 'txt_item_count', 'panel_v7', 'img_item', 'txt_count', 'img_select', 'panel_own', 'panel_role', 'img_role', 'Swallower', 'img_vx_sp', 'img_collection', 'panel_convertible', 'CycleTextNode', 'txt_have', 'lang', 'MALL_GACHA_CAN_CHANGE_OTHER_GUN', 'text', 'panel_convertible_money', 'txt_convertible_money', 'img_convertible_money') vars=('self', 'panel_item') consts=['node_item', False, 'node_item_1', 'node_item_2', 'UIScript/node_og_shop_attribute_v6_turnable_new_item.csb', 'panel_all', 'panel_7', True, 'img_lv', 'img_lv_sp', 'img_lv_sp_2', 'panel_num', 'txt_num', 'panel_v7', 'image_icon', 'label_numb', 'image_sel', 'panel_own', 'panel_role', 'img_role', 'img_lock', 'panel_convertible', 'panel_have', 'panel_money', 'txt_get', 'img_money']
FUNC gclient.gamesystem.uihall.uimall.mall_box_weapon_v7_roll_window.MallV6WeaponStraightRollItemNode.LoadData names=('data', 'item_id', 'split', 'int', 'index', 'gacha_id', 'lobby_item_data', 'get', 'six2', 'iteritems', 'parent', 'gacha_exchange_proto', 'str', 'is_collection_price', 'grand_prize_vx_csb', 'RefreshNode', 'node_csb', 'removeAllChildren', 'node_jackpot', 'gui', 'LoadWidgetFromFile', 'widget', 'seek', 'panel', 'setScale', 'setPosition', 'panel_ori_pos', 'getPosition', 'visible', 'MakeSureActionByLoadFile', 'panel_item', 'EnableTouch', 'OnClickNode', 'onClick', 'UITexture', 'img_level', 'img_lv_sp', 'img_lv_sp_2', 'panel_num', 'UIText', 'txt_item_count', 'panel_v7', 'img_item', 'txt_count', 'img_select', 'panel_own', 'panel_role', 'img_role', 'Swallower', 'img_vx_sp', 'img_collection', 'RefreshPanelConvertible', 'cconst', 'SP_ITEM_QUALITY_2_COLOR_ICON', 'texture', 'ITEM_QUALITY_2_COLOR_ICON_GACHA_ROLL', 'consts', 'WarehouseItemType', 'GunGuise', 'MeleeWeapon', 'ItemSubType', 'PanPan', 'list', 'DefaultVehicleSkinItemId', 'keys', 'IsExecution', 'text', 'RefreshPanelOwn') vars=('self', 'data', 'idx', 'item_id', 'gacha_str', 'item_id_str', 'item_count', 'item_proto', 'quality', 'sub_type', 'grand_prize_vx_csb', 'proto', 'panel_item') consts=['item_id', 'id', '.', 'item_count', 'quality', 'sub_type', 'grand_prize_vx_csb', 'collection_price', 'UIScript/node_og_shop_attribute_v6_turnable_new_item.csb', ('parent_widget',), 'Node', 0.79, False, 'node_item_1', 'node_item_2', 'panel_all', 'panel_7', True, 'img_lv', 'img_lv_sp', 'img_lv_sp_2', 'panel_num', 'txt_num', 'panel_v7', 'image_icon', 'label_numb', 'image_sel', 'panel_own', 'panel_role', 'img_role', 'img_lock', 10690, 10566, 'small_icon_id', 'icon']
FUNC gclient.gamesystem.uihall.uimall.mall_box_weapon_v7_roll_window.MallV6WeaponStraightRollItemNode.RefreshHideEffect names=('parent', 'model_ctrl', 'AddHiddenReason', 'cconst', 'HIDDEN_REASON_COMMON', 'model_item_hide_timer', 'cancel_timer', 'add_timer', 'LaterShow', 'RemoveHiddenReason', 'UnLoadOneTimeEffectAndSound', 'get', 'genv', 'sound_mgr', 'PlayEventById', 'sp_effect_sound', 'gui', 'GetCocosScreenSize', 'cur_screensize', 'ori_screensize', 'MType', 'Matrix4x3', 'Vector3', 'translation', 'scale', 'math', 'pi', 'set_pitch_yaw_roll', 'effects', 'effect_util', 'ClearWorldEffectImmediately', 'ClearAllTimer', 'effect_hide_timer', 'WarpperPlayEffectInWorld2', 'append', 'LaterEffectHide') vars=('self', 'proto', 'hide_duration_time', 'effect_ids', 'effect_pos', 'effect_rot', 'effect_hide_duration_time', 'effect_sound', 'scale_x', 'scale_y', 'trans', 'rotation', '_rot', 'effect_id', 'effect') consts=['hide_duration_time', 'effect_id', 'effect_pos', 'effect_rot', 'effect_hide_duration_time', 'effect_sound', False, ('is_3d',), 180.0, True, ('insure_play',)]
FUNC gclient.gamesystem.uihall.uimall.mall_box_weapon_v7_roll_window.MallV6WeaponStraightRollItemNode.RefreshJackpot names=('genv', 'avatar', 'data', 'get', 'panel_own', 'visible', 'gacha_id', 'GetJackpotGachaIds', 'node_jackpot', 'gui', 'LoadWidgetFromFile', 'panel', 'widget', 'seek', 'PlayAnim', 'StopAnim', 'RefreshPanelOwn') vars=('self', 'avatar') consts=['grand_prize', 'UIScript/node_vx_jackpot_item_04.csb', ('parent_widget',), 'Node', True, 'loop', ('is_loop',), False]
FUNC gclient.gamesystem.uihall.uimall.mall_box_weapon_v7_roll_window.MallV6WeaponStraightRollItemNode.RefreshOnRollEnd names=('LoadData', 'data', 'index') vars=('self',) consts=[]
FUNC gclient.gamesystem.uihall.uimall.mall_box_weapon_v7_roll_window.MallV6WeaponStraightRollItemNode.RefreshPanelConvertible names=('panel_item', 'seek', 'panel_convertible', 'CycleTextNode', 'txt_have', 'lang', 'MALL_GACHA_CAN_CHANGE_OTHER_GUN', 'text', 'panel_convertible_money', 'UIText', 'txt_convertible_money', 'UITexture', 'img_convertible_money') vars=('self',) consts=['panel_convertible', 'panel_have', 'panel_money', 'txt_get', 'img_money']
FUNC gclient.gamesystem.uihall.uimall.mall_box_weapon_v7_roll_window.MallV6WeaponStraightRollItemNode.RefreshPanelOwn names=('data', 'get', 'RefreshPanelState', 'genv', 'avatar', 'ItemCountIncludeUpgradeItem', 'item_id', 'gacha_mgr', 'index', 'gacha_id', 'panel_own', 'visible', 'panel_convertible') vars=('self', 'convert_item_id', 'convert_item_count', 'no_cycle', 'is_own', 'gacha_mgr', 'roll_limit', 'count') consts=['convert_item_id', 'convert_item_count', 'no_cycle', False, 'proto_id_count', 'roll_limit', True]
FUNC gclient.gamesystem.uihall.uimall.mall_box_weapon_v7_roll_window.MallV6WeaponStraightRollItemNode.RefreshPanelState names=('genv', 'avatar', 'gacha_id', 'gacha_mgr', 'no_cycle_proto_ids', 'data', 'get', 'index', 'ItemCountIncludeUpgradeItem', 'item_id', 'panel_convertible', 'visible', 'panel_own', 'txt_convertible_money', 'text', 'lobby_item_data', 'img_convertible_money', 'texture') vars=('self', 'avatar', 'no_cycle_proto_ids', 'no_cycle', 'is_roll', 'is_own', 'convert_item_id') consts=['no_cycle', False, True, 'convert_item_count', 'convert_item_id', 'icon']
FUNC gclient.gamesystem.uihall.uimall.mall_box_weapon_v7_roll_window.MallV6WeaponStraightRollItemNode.ShowModel names=('attach_models', 'get', 'unit_model_data', 'data', 'genv', 'dlc_manager', 'CheckDlcExists', 'GachaExtraModel', 'parent', 'model_ctrl', 'Load', 'GachaLoadCallBack', 'is_collection_price', 'is_best_skin', 'endswith', 'SetVariableS', 'model', 'IsVisible') vars=('self', 'attach_model_ids', '_', 'model_id', 'model', 'model_info', 'EmoteExtraModelAnimName') consts=['dlc_id', 3.14, ('yaw',), 'basic_graph', 'skeleton', 'EmoteExtraModelAnimName', '.anim', True, (0.8, -0.5, 1.4), -5, -1]
FUNC gclient.gamesystem.uihall.uimall.mall_box_weapon_v7_roll_window.MallV6WeaponStraightRollItemNode.__init__ names=('super', 'MallV6WeaponStraightRollItemNode', '__init__', 'InitData', 'InitNode') vars=('self', 'widget') consts=[]
CLASS MallV7WeaponStraightRollItemNode METHODS=['ChangeModelPos']
FUNC gclient.gamesystem.uihall.uimall.mall_box_weapon_v7_roll_window.MallV7WeaponStraightRollItemNode.ChangeModelPos names=('data', 'get', 'parent', 'model_ctrl', 'show_model', 'model', 'Transform', 'MType', 'Vector3', 'translation', 'set_pitch_yaw_roll', 'scale', 'DelayRefreshRotateOrigin') vars=('self', 'proto', 'rotation', 'pos', 'show_model', 'pitch', 'yaw', 'roll', 'trans') consts=['weapon_rotation', 'weapon_pos', 1.5653]
CLASS UIText METHODS=['EnableMergeDraw']
FUNC gclient.gamesystem.uihall.uimall.mall_box_weapon_v7_roll_window.UIText.EnableMergeDraw names=('genv', 'EngineFeature', 'cconst', 'ENGINE_VERSION', 'V202302', 'widget', 'enableMerge', 'setForceNotMerge') vars=('self', 'is_enable') consts=[]
MODULE gclient.gamesystem.uihall.uigacha.flip_gacha_v6_window FILE='C:\\Program Files (x86)\\bloodstrike\\Package\\Script\\Python/gclient/gamesystem/uihall/uigacha/flip_gacha_v6_window.py'
CLASS ChargePopupWindow METHODS=['InitNode', 'OnCheckBoxClick', 'OnClickAutoTips', 'OnMoneyYuanbaoChange', 'Show', '_GotoCharge']
FUNC gclient.gamesystem.uihall.uigacha.flip_gacha_v6_window.ChargePopupWindow.InitNode names=('BackgroundBlurEffect', 'root_widget', 'seek', 'UIText', 'txt_charge', 'UIButton', 'btn_close', 'OnClickClose', 'onClick', 'btn_charge', 'GotoCharge', 'panel_charge_level', 'OnPay', 'txt_charge_level', 'panel_reward_first_charge', 'txt_reward_first_charge', 'panel_reward_regular', 'txt_reward_regular', 'txt_pay_yuanbao', 'UITexture', 'img_wp', 'gui', 'CreateJapaneseTips', 'panel_auto', 'visible', 'txt_auto_tips', 'lang', 'AUTO_BUY_TIPS', 'text', 'EnableTouch', 'OnClickAutoTipsBegin', 'onClickBegin', 'OnClickAutoTipsEnd', 'onClickCancel', 'OnClickAutoTips', 'UICheckBox', 'auto_checkbox', 'OnCheckBoxClick', 'callback', 'OnAutoTipsHover', 'onMouseHover', 'SetMouseMoveEventEnable', 'text_color') vars=('self', 'panel_pop', 'panel_box', 'panel_goods') consts=['panel_pop', 'panel_box', 'txt_topup', 'btn_close', 'btn_go', 'btn_money', 'txt_money', 'panel_goods', 'panel_first', 'txt_num', 'panel_mark2', 'img_wp', ('uiwindow',), 'panel_auto', False, 'txt_1', True, 'checkbox', (209, 209, 209)]
FUNC gclient.gamesystem.uihall.uigacha.flip_gacha_v6_window.ChargePopupWindow.OnCheckBoxClick names=('LocalConfig', 'auto_buy_after_charge') vars=('self', 'name', 'is_selected') consts=[]
FUNC gclient.gamesystem.uihall.uigacha.flip_gacha_v6_window.ChargePopupWindow.OnClickAutoTips names=('auto_checkbox', 'is_selected', 'LocalConfig', 'auto_buy_after_charge', 'txt_auto_tips', 'opacity') vars=('self', 'btn', 'is_selected') consts=[255]
FUNC gclient.gamesystem.uihall.uigacha.flip_gacha_v6_window.ChargePopupWindow.OnMoneyYuanbaoChange names=('visible', 'Close', 'genv', 'messenger', 'Broadcast', 'events', 'ON_CHARGE_POP_WINDOW_CLOSE', 'auto_checkbox', 'is_selected', 'charge_success_callback') vars=('self', 'yuanbao') consts=[]
FUNC gclient.gamesystem.uihall.uigacha.flip_gacha_v6_window.ChargePopupWindow.Show names=('super', 'ChargePopupWindow', 'Show', 'lang', 'MALL_CHARGE_RECOMMEND', 'txt_charge', 'text', 'channel_util', 'GetPayProtoIndexList', 'pay_data', 'data', 'select_pay_proto', 'txt_pay_yuanbao', 'genv', 'avatar', 'IsGetFirstPayYuanbao', 'panel_reward_first_charge', 'visible', 'panel_reward_regular', 'txt_reward_first_charge', 'txt_reward_regular', 'hall_ui_util', 'GetPriceTextByPayProto', 'txt_charge_level', 'img_wp', 'texture', 'get', 'charge_success_callback', 'panel_auto', 'LocalConfig', 'auto_buy_after_charge', 'auto_checkbox', 'is_selected', 'PlayAnim') vars=('self', 'info', 'lack_of_gold', 'select_pay_proto', 'proto_id', 'pay_yuanbao') consts=['lack_of_gold', 'pay_yuanbao', 'first_pay_yuanbao', 'id', True, False, '+%d', 'regular_gift_yuanbao', 'popup_banner_id', 'charge_success_callback', 'in']
FUNC gclient.gamesystem.uihall.uigacha.flip_gacha_v6_window.ChargePopupWindow._GotoCharge names=('hall_ui_util', 'EnableWebpay', 'MPlatform', 'GotoUrl', 'web_pay_url', 'Close', 'genv', 'messenger', 'Broadcast', 'events', 'ON_CHARGE_POP_WINDOW_JUMP_TO_MALL_CHARGE', 'ON_SCROLL_TO_MALL_WINDOW', 'consts', 'MallType', 'Charge') vars=('self', 'MPlatform') consts=[0]
FUNC gclient.gamesystem.uihall.uigacha.flip_gacha_v6_window.Components names=() vars=('components', 'kwargs', '_Components') consts=[]
CLASS FlipGachaV6Window METHODS=['BuildData', 'BuyRefreshForFive', 'BuyRefreshForTen', 'CallBuyExchangeItem', 'CheckFirstShow', 'CloseRewardWindow', 'ExchangeBigReward', 'FadeInBackground', 'GetBuyCostItemId', 'GetBuyMoneyDict', 'GetFloorProto', 'GetGachaData', 'GetGachaExchangeData', 'InitData', 'InitNode', 'InitPanelLeft', 'LoadSpBGM', 'OnBuyConfirm', 'OnClickFiveRoll', 'OnClickTenRoll', 'OnDiscountCountChanged', 'OnGachaRewardWindowClose', 'OnGachaRewardWindowShowOneByOneEnd', 'OnGachaV6RollReward', 'OnMallModelWeaponModelLoadedForSoundEffectComp', 'OnShowProbability', 'PlayLevelEffect', 'PlayRewardNodeLoopAnim', 'PlayTenRewardNodeAnim', 'PlayTenRewardNodeLoopAnim', 'PopCameraRollGraph', 'RefreshAllPanel', 'RefreshBuyAllMoney', 'RefreshBuyAllMoneyForTen', 'RefreshExchange', 'RefreshGunShow', 'RefreshItemDetailPanel', 'RefreshPanelGet', 'RefreshPanelReward', 'RefreshPanelRollCountTips', 'RefreshPanelUnlock', 'RefreshTenRewardData', 'Show', 'ShowRewardWindow', 'UnLoadSpBGM', '_ShouldShowCollectionUnlockWindow', '_TryReceiveMilestoneRewards', '__init__']
FUNC gclient.gamesystem.uihall.uigacha.flip_gacha_v6_window.FlipGachaV6Window.BuildData names=('item_id', 'show_type', 'genv', 'avatar', 'cur_key', 'gacha_box_id', 'gacha_setting_data', 'data', 'gacha_setting_proto', 'get', 'model_pos_key', 'messenger', 'Broadcast', 'events', 'ON_ACTIVITY_CHANGE_SIDEBAR_PANEL', 'IsGachaCollectionUnlock', 'is_unlock', 'gacha_reward_data', 'unlock_csb', 'GetGachaData', 'items', 'dict', 'client_cur_items', 'gacha_mgr', 'flip_cur_items', 'panel_banner', 'RefreshGachaPanelBannerData', 'first_cost_id', 'best_reward_item_id', 'token_ultimate_reward_item_id', 'exchange_cost_item_id', 'collection_reward_item_id', 'select_item_id', 'lobby_item_upgrade_data', 'sorted', 'keys', 'final_view_item_id', 'gacha_extra_info', 'values', 'StartAutoBatchDownloadByLobbyItems') vars=('self', 'avatar', 'gacha_box_id', 'gacha_setting_proto', 'sidebar_bg_icon_id', 'sidebar_arrow_icon_id', 'gacha_reward_data', 'default_cost', 'key', 'value', 'reward_data', 'final_view_item_id', 'upgrade_proto', 'proto', 'download_items') consts=['model_pos_id', 'sidebar_bg_icon', 'sidebar_arrow_icon', 'default_flip_cost', 'UIScript/og_shop_attribute_v6_turnable_hide.csb', 'cost_count', 'discount_cost', 'discount_cost_count', 'cost_id', 4000000020, 'cost_item_id', 'first_cost_id', 'item_id', 'exchange_cost_id', 'collection_price', 'camera_id', 'level_id', -1]
FUNC gclient.gamesystem.uihall.uigacha.flip_gacha_v6_window.FlipGachaV6Window.BuyRefreshForFive names=('genv', 'avatar', 'last_buy_id', 'enable_click', 'range', 'reward_item_nodes', 'PlayAnim', 'RefreshBuyAllItem', 'messenger', 'Broadcast', 'events', 'ON_ENABLE_SWITCH_MALL_PAGE', 'gacha_mgr', 'gacha_box_id', 'flip_cur_items', 'gacha_reward_data', 'LoadData') vars=('self', 'avatar', 'idx', 'node', 'reward_id', 'reward_proto') consts=[1, False, 'out', ('callback',), -1]
FUNC gclient.gamesystem.uihall.uigacha.flip_gacha_v6_window.FlipGachaV6Window.BuyRefreshForTen names=('genv', 'avatar', 'last_buy_id', 'enable_click', 'range', 'reward_item_nodes_ten', 'PlayAnim', 'RefreshBuyTenAllItem', 'messenger', 'Broadcast', 'events', 'ON_ENABLE_SWITCH_MALL_PAGE', 'gacha_mgr', 'gacha_box_id', 'flip_cur_items', 'gacha_reward_data', 'LoadData') vars=('self', 'avatar', 'idx', 'node', 'reward_id', 'reward_proto') consts=[1, False, 'out', ('callback',), -1]
FUNC gclient.gamesystem.uihall.uigacha.flip_gacha_v6_window.FlipGachaV6Window.CallBuyExchangeItem names=('split', 'int', 'gacha_box_id', 'genv', 'avatar', 'CallServer') vars=('self', 'gacha_exchange_proto', 'count', 'gacha_id_str', 'index_str', 'gacha_id', 'index') consts=['id', '.', 'GachaExchange', 'item_id', 'item_count']
FUNC gclient.gamesystem.uihall.uigacha.flip_gacha_v6_window.FlipGachaV6Window.CheckFirstShow names=('PlayAnim', 'genv', 'avatar', 'gacha_box_id', 'gacha_mgr', 'getattr', 'is_first_show', 'messenger', 'Broadcast', 'events', 'ADD_GACHA_PANEL_MASK_HIDDEN', 'ON_ENABLE_SWITCH_MALL_PAGE', 'enable_click', 'add_timer', 'range', 'reward_item_nodes', 'data', 'get', 'partial') vars=('self', 'avatar', 'gacha_data', 'already_show', 'idx', 'node') consts=['in', 'already_show', True, False, 0.2, 'loop', ('is_loop',), 'v5_grand_prize', 'in1', ('callback',)]
FUNC gclient.gamesystem.uihall.uigacha.flip_gacha_v6_window.FlipGachaV6Window.CloseRewardWindow names=('RefreshExchange', 'panel_banner', 'RefreshGachaPanelBannerData', 'RefreshPanelReward', 'RefreshPanelRollCountTips', 'last_buy_id', 'genv', 'avatar', 'client_cur_items', 'gacha_mgr', 'gacha_box_id', 'flip_cur_items', 'items', 'cur_roll_state', 'cconst', 'BRAZIL_ROLL_STATE', 'TenRoll', 'BuyRefreshForTen', 'RefreshBuyAllMoneyForTen', 'BuyRefreshForFive', 'RefreshBuyAllMoney') vars=('self', 'args', 'avatar', 'key', 'value') consts=[]
FUNC gclient.gamesystem.uihall.uigacha.flip_gacha_v6_window.FlipGachaV6Window.ExchangeBigReward names=('exchange_proto', 'GachaExchangeBuyPopup', 'instance', 'Show', 'BuildData', 'functools', 'partial', 'OnBuyConfirm') vars=('self', 'money_node', 'gacha_exchange_proto') consts=[]
FUNC gclient.gamesystem.uihall.uigacha.flip_gacha_v6_window.FlipGachaV6Window.FadeInBackground names=('mall_util', 'GetBackgroundEntities', 'values', 'IsVisible', 'GetBackgroundEntityPrim', 'GetShaderGraphParameter', 'float', 'background_tick', 'RemoveStoryTick', 'functools', 'partial', 'BackgroundFadeInOutTick', 'time', 'game_const_data', 'GACHA_BACKGROUND_FADE_DURATION', 'AddStoryTick') vars=('self', 'gacha_setting_proto', 'entities', 'entity', 'prim', 'start_value') consts=['level_id', 'background_hide_entity_names', True, 'background_entity_name', 'cAlpha', '']
FUNC gclient.gamesystem.uihall.uigacha.flip_gacha_v6_window.FlipGachaV6Window.GetBuyCostItemId names=('hall_ui_util', 'GetCostItemIdByGachaExchangeProto') vars=('self', 'gacha_exchange_proto', 'cost_item_id') consts=[]
FUNC gclient.gamesystem.uihall.uigacha.flip_gacha_v6_window.FlipGachaV6Window.GetBuyMoneyDict names=('hall_ui_util', 'GetMoneyDictByGachaExchangeProto') vars=('self', 'gacha_exchange_proto', 'money_dict') consts=[]
FUNC gclient.gamesystem.uihall.uigacha.flip_gacha_v6_window.FlipGachaV6Window.GetFloorProto names=('hasattr', 'item_id', 'hero_data_util', 'GetHeroSkinProto', 'get', 'gacha_setting_proto') vars=('self', 'hero_skin_proto') consts=['item_id', 'floor_level_id']
FUNC gclient.gamesystem.uihall.uigacha.flip_gacha_v6_window.FlipGachaV6Window.GetGachaData names=('gacha_data', 'data', 'gacha_box_id') vars=('self',) consts=[]
FUNC gclient.gamesystem.uihall.uigacha.flip_gacha_v6_window.FlipGachaV6Window.GetGachaExchangeData names=('gacha_exchange_data', 'data', 'gacha_box_id') vars=('self',) consts=[]
FUNC gclient.gamesystem.uihall.uigacha.flip_gacha_v6_window.FlipGachaV6Window.InitData names=('last_buy_id', 'cur_key', 'enable_click', 'gacha_box_id', 'select_item_id', 'cur_select_item_key', 'cur_select_ten_item_key', 'reward_item_nodes', 'reward_item_nodes_ten', 'gacha_reward_data', 'exchange_proto', 'is_first_show', 'node_first', 'client_cur_items', 'pre_roll_count', 'is_unlock', 'first_cost_id', 'unlock_csb', 'camera_id', 'pre_cost_item', 'redeem_reward_icon_timer', 'redeem_reward_icon_index', 'redeem_reward_items', '_callComponents', 'model_ctrl', 'SetWindowStance') vars=('self',) consts=[True, False, 'init_data']
FUNC gclient.gamesystem.uihall.uigacha.flip_gacha_v6_window.FlipGachaV6Window.InitNode names=('root_widget', 'seek', 'panel_content', '_callComponents', 'InitPanelCurrency', 'InitPanelLeft', 'InitPanelGet', 'partial', 'V6GachaBanner', 'panel_banner', 'InitPanelBanner', 'MallBoxAttributeItemDetailPanel', 'panel_item_detail', 'InitPanpanShow') vars=('self', 'panel_content', 'panel_content_seek') consts=['panel_attribute', 'init_node', 'panel_below', 'init_panel_buy', 'panel_btn', 'panel_banner', 'panel_common_detail']
FUNC gclient.gamesystem.uihall.uigacha.flip_gacha_v6_window.FlipGachaV6Window.InitPanelLeft names=('panel_content', 'seek', 'panel_left', 'panel_reward', 'panel_five_card', 'range', 'visible', 'GachaRewardNode', 'reward_item_nodes', 'parent', 'OnClickRewardNode', 'click_func', 'panel_btn_buy_all', 'FLIP_BUY_ALL_NODE_CLASS', 'node_btn_buy_all', 'UIText', 'txt_buy_all', 'lang', 'MALL_BUY_ALL', 'text', 'panel_discount', 'txt_discount', 'txt_all_discount', 'panel_ten_card', 'panel_reward_ten', 'UIButton', 'btn_ten_hide_right', 'txt_ten_hide_right', 'COMMON_TEXT_RETURN', 'OnClickFiveRoll', 'onClick', 'panel_rewards_ten', 'UIListViewCycle', 'list_reward_ten_v', 'panel_v6_lock_ten', 'UITexture', 'img_weapon_collection_ten_icon', 'img_weapon_collection_ten_bg', 'CycleTextNode', 'txt_weapon_collection_ten_tips', 'panel_btn_buy_ten_all', 'reward_item_nodes_ten', 'node_btn_buy_ten_all', 'txt_buy_all_ten', 'panel_discount_ten', 'txt_discount_ten', 'txt_all_discount_ten', 'panel_redeem', 'btn_redeem', 'OnOpenExchangeShop', 'txt_redeem', 'COMMON_TEXT_EXCHANGE_SHOP', 'panel_redeem_num', 'txt_redeem_num', 'ignoreContentAdaptWithSize', 'img_redeem_icon') vars=('self', 'i', 'panel', 'node', 'panel_ten_content_seek', 'ten_buy_node_widget') consts=['panel_left', 'panel_rewards', 'panel_card', 'panel_reward_%d', True, 'node_kazu_%d', 'panel_btn', 'panel_1', 'node_btn', 'txt_open', 'panel_discount', False, 'txt_discount', 'txt_2', 'panel_rewards_ten', 'panel_ten', 'btn_back', 'txt_back', 'panel_content', 'panel_yindao', 'list_v', 'panel_tips', 'img_icon', 'img_bg', 'panel_txt', 'panel_reward', 'panel_reward%d', 'node_kazu', ('is_ten_roll',), 'node_discount', 'txt_num', 'panel_redeem', 'btn_entry', 'panel_title']
FUNC gclient.gamesystem.uihall.uigacha.flip_gacha_v6_window.FlipGachaV6Window.LoadSpBGM names=('UnLoadSpBGM', 'gacha_setting_proto', 'get', 'model_ctrl', 'SetGachaSettingProto', 'genv', 'sound_mgr', 'CheckABTestCondition', 'avatar', 'LoadMedia', 'SetState') vars=('self', 'gacha_setting_proto', 'sound_bgm', 'sound_sp_state_v', 'sound_sp_bnk', 'sound_bgm_ab_test_condition_id', 'sound_mgr') consts=['sound_bgm', False, 'sound_sp_state_v', 'sound_sp_bnk', 'sound_bgm_ab_test_condition_id', 'music_junxu', 'music_basic', 'Junxu', 'None', 'Shop']
FUNC gclient.gamesystem.uihall.uigacha.flip_gacha_v6_window.FlipGachaV6Window.OnBuyConfirm names=('EMoneyType_ITEM', 'GetBuyCostItemId', 'genv', 'avatar', 'GetItemCountByCostItemId', 'gui', 'Prompt', 'CallBuyExchangeItem', 'isInited', 'instance', 'Close') vars=('self', 'popup_cls', 'gacha_exchange_proto', 'money_type', 'count', 'price_single', 'cost_item_id', 'avatar', 'money') consts=['sp_icon', 396]
FUNC gclient.gamesystem.uihall.uigacha.flip_gacha_v6_window.FlipGachaV6Window.OnClickFiveRoll names=('super', 'FlipGachaV6Window', 'OnClickFiveRoll', 'panel_panpan', 'RemoveHiddenReason', 'cconst', 'HIDDEN_REASON_FLIP_ROLL') vars=('self', '_') consts=[]
FUNC gclient.gamesystem.uihall.uigacha.flip_gacha_v6_window.FlipGachaV6Window.OnClickTenRoll names=('super', 'FlipGachaV6Window', 'OnClickTenRoll', 'panel_panpan', 'AddHiddenReason', 'cconst', 'HIDDEN_REASON_FLIP_ROLL') vars=('self', '_') consts=[]
FUNC gclient.gamesystem.uihall.uigacha.flip_gacha_v6_window.FlipGachaV6Window.OnDiscountCountChanged names=('cur_key', 'visible', 'cur_roll_state', 'cconst', 'BRAZIL_ROLL_STATE', 'TenRoll', 'RefreshBuyAllMoneyForTen', 'RefreshBuyAllMoney') vars=('self', 'gacha_id') consts=[]
FUNC gclient.gamesystem.uihall.uigacha.flip_gacha_v6_window.FlipGachaV6Window.OnGachaRewardWindowClose names=('cur_key', 'genv', 'avatar', 'collection_reward_item_id', 'GetGachaRollCount', '_ShouldShowCollectionUnlockWindow', 'unlock_csb', 'MallCollectionUnlockWindow', 'instance', 'Show', 'OnUnlockWindowCallback', 'gacha_setting_proto', 'pre_roll_count', 'panel_banner', 'RefreshGachaPanelBannerData') vars=('self', 'info', 'act_id', 'avatar', 'cur_roll_count') consts=['act_id', 'callback', 'gacha_data']
FUNC gclient.gamesystem.uihall.uigacha.flip_gacha_v6_window.FlipGachaV6Window.OnGachaRewardWindowShowOneByOneEnd names=('genv', 'avatar', 'collection_reward_item_id', 'GetGachaRollCount', 'cur_key', '_ShouldShowCollectionUnlockWindow', 'unlock_csb', 'MallCollectionUnlockWindow', 'instance', 'Show', 'OnUnlockWindowCallback', 'gacha_setting_proto', 'pre_roll_count', 'panel_banner', 'RefreshGachaPanelBannerData') vars=('self', 'info', 'avatar', 'reward_data', 'cur_roll_count') consts=['reward_data', 'callback', 'gacha_data']
FUNC gclient.gamesystem.uihall.uigacha.flip_gacha_v6_window.FlipGachaV6Window.OnGachaV6RollReward names=('visible', 'cur_key', 'genv', 'avatar', 'OnGachaRollSkipAnim') vars=('self', 'act_id', 'item_add', 'times', 'extra', 'avatar') consts=[]
FUNC gclient.gamesystem.uihall.uigacha.flip_gacha_v6_window.FlipGachaV6Window.OnMallModelWeaponModelLoadedForSoundEffectComp names=('real_visible', 'need_hide_duration', 'gacha_setting_proto', 'model_ctrl', 'AddHiddenReason', 'cconst', 'HIDDEN_REASON_VEHICLE', 'model_hide_timer', 'cancel_timer', 'add_timer') vars=('self', 'gacha_setting_proto', 'hide_duration') consts=[False, 'hide_duration']
FUNC gclient.gamesystem.uihall.uigacha.flip_gacha_v6_window.FlipGachaV6Window.OnShowProbability names=('gclient.gamesystem.uihall.activity.activity_harvest_window', 'ActPopShowWindow', 'gacha_setting_proto', 'instance', 'Show', 'ui_helper', 'GetStrMsgFromData', 'get') vars=('self', 'btn', 'ActPopShowWindow', 'gacha_settting_proto') consts=[0, ('ActPopShowWindow',), 'tips_txt', 'flip_rule']
FUNC gclient.gamesystem.uihall.uigacha.flip_gacha_v6_window.FlipGachaV6Window.PlayLevelEffect names=('GetLevelEffectIds', 'GetLevelEffectValueList', 'effect_util', 'WarpperPlayEffectInWorld2', 'enumerate', 'MType', 'Matrix4x3', 'Vector3', 'GetLevelEffectValue', 'translation', 'math', 'pi', 'set_pitch_yaw_roll', 'scale', 'effect_data', 'data', 'get', 'MHelper', 'PlayCameraEffectById', 'SetLevelEffectHandle') vars=('self', 'proto', 'effect_dict', 'effect_ids', 'pos_list', 'rot_list', 'scale_list', 'func_play_effect', 'idx', 'effect_id', 'trans', 'rotation', '_rot', 'scale', 'is_screen_effect', 'effect') consts=['level_effect_id', 'level_effect_pos', 'level_effect_rot', 'level_effect_scale', 180.0, 'is_screen_effect', False, True, ('insure_play',), (0, 0, 0)]
FUNC gclient.gamesystem.uihall.uigacha.flip_gacha_v6_window.FlipGachaV6Window.PlayRewardNodeLoopAnim names=('reward_item_nodes', 'items', 'data', 'get', 'PlayAnim', 'StopAnim', 'genv', 'messenger', 'Broadcast', 'events', 'ON_ENABLE_SWITCH_MALL_PAGE', 'enable_click', 'ADD_GACHA_PANEL_MASK_HIDDEN', 'avatar', 'act_flip_watched', 'EnterFirstShow') vars=('self', 'idx', 'node') consts=['v5_grand_prize', 'loop', True, ('is_loop',), False]
FUNC gclient.gamesystem.uihall.uigacha.flip_gacha_v6_window.FlipGachaV6Window.PlayTenRewardNodeAnim names=('reward_item_nodes_ten', 'items', 'data', 'get', 'PlayAnim', 'partial', 'genv', 'messenger', 'Broadcast', 'events', 'ON_ENABLE_SWITCH_MALL_PAGE', 'enable_click', 'ADD_GACHA_PANEL_MASK_HIDDEN') vars=('self', 'idx', 'node') consts=['v5_grand_prize', 'in1', 'loop', True, ('is_loop',), ('callback',), 'in', False]
FUNC gclient.gamesystem.uihall.uigacha.flip_gacha_v6_window.FlipGachaV6Window.PlayTenRewardNodeLoopAnim names=('reward_item_nodes_ten', 'items', 'data', 'get', 'PlayAnim', 'StopAnim', 'genv', 'messenger', 'Broadcast', 'events', 'ON_ENABLE_SWITCH_MALL_PAGE', 'enable_click', 'ADD_GACHA_PANEL_MASK_HIDDEN') vars=('self', 'idx', 'node') consts=['v5_grand_prize', 'loop', True, ('is_loop',), False]
FUNC gclient.gamesystem.uihall.uigacha.flip_gacha_v6_window.FlipGachaV6Window.PopCameraRollGraph names=('model_ctrl', 'PopCameraRollGraph') vars=('self',) consts=[]
FUNC gclient.gamesystem.uihall.uigacha.flip_gacha_v6_window.FlipGachaV6Window.RefreshAllPanel names=('genv', 'avatar', 'IsGachaCollectionUnlock', 'cur_key', 'is_unlock', 'fsm_mall_model', 'model_ctrl', 'SetWindowStance', 'super', 'FlipGachaV6Window', 'RefreshAllPanel', 'RefreshGunShow') vars=('self',) consts=[]
FUNC gclient.gamesystem.uihall.uigacha.flip_gacha_v6_window.FlipGachaV6Window.RefreshBuyAllMoney names=('genv', 'avatar', 'range', 'node_first', 'reward_item_nodes', 'data', 'cost_count', 'gacha_setting_proto', 'gacha_mgr', 'gacha_box_id', 'use_discount_count', 'card_discount_count', 'min', 'get', 'node_btn_buy_all', 'Refresh') vars=('self', 'old', 'cur', 'avatar', 'idx', 'node', 'gacha_info', 'use_discount_count', 'discount_count', 'last') consts=[0, 'cost_count', 'discount_count', 'discount_cost']
FUNC gclient.gamesystem.uihall.uigacha.flip_gacha_v6_window.FlipGachaV6Window.RefreshBuyAllMoneyForTen names=('genv', 'avatar', 'range', 'reward_item_nodes_ten', 'data', 'cost_count', 'gacha_setting_proto', 'gacha_mgr', 'gacha_box_id', 'use_discount_count', 'card_discount_count', 'min', 'get', 'node_btn_buy_ten_all', 'Refresh') vars=('self', 'old', 'cur', 'avatar', 'idx', 'node', 'gacha_info', 'use_discount_count', 'discount_count', 'last') consts=[0, 'cost_count', 'discount_count', 'discount_cost']
FUNC gclient.gamesystem.uihall.uigacha.flip_gacha_v6_window.FlipGachaV6Window.RefreshExchange names=('gacha_setting_proto', 'get', 'img_redeem_icon', 'texture', 'genv', 'avatar', 'GetItemCountByCostItemId', 'txt_redeem_num', 'text', 'gui', 'ReadjustTextFontSizeForFixedContentSize', 'img_banner_bg') vars=('self', 'exchange_cost_id') consts=['img_exchange_money', 'exchange_cost_id', 'img_banner_bg']
FUNC gclient.gamesystem.uihall.uigacha.flip_gacha_v6_window.FlipGachaV6Window.RefreshGunShow names=('panel_panpan', 'RefreshGunShow', 'gacha_reward_data') vars=('self',) consts=[3, ('default_heirloom_level',)]
FUNC gclient.gamesystem.uihall.uigacha.flip_gacha_v6_window.FlipGachaV6Window.RefreshItemDetailPanel names=('super', 'FlipGachaV6Window', 'RefreshItemDetailPanel', 'select_item_id', 'lobby_item_data', 'data', 'get', 'consts', 'ItemSubType', 'PanPan', 'WarehouseItemType', 'Heirloom', 'panel_panpan', 'visible') vars=('self', 'select_item_id', 'item_proto', 'sub_type') consts=['sub_type', True, False]
FUNC gclient.gamesystem.uihall.uigacha.flip_gacha_v6_window.FlipGachaV6Window.RefreshPanelGet names=('genv', 'avatar', 'warehouse', 'HasItemByItemId', 'get', 'panel_get_big_reward', 'visible', 'int', 'split', 'GetGachaExchangeData', 'exchange_proto', 'gacha_setting_proto', 'img_big_exchange_icon', 'texture', 'txt_big_exchange_count', 'text', 'GetItemCountByCostItemId', 'text_color', 'txt_big_exchange_count_color', 'panel_banner', 'list_banner', 'item_id', 'JumpToIndexEx') vars=('self', 'data', 'has_got', 'reward_id', 'exchange_proto', 'cost_item_count', 'money', 'idx', 'node') consts=['item_id', False, True, ('include_experience_item', 'include_upgrade_item'), 'grand_prize', 'id', '.', 'img_exchange_money', 'sp_icon', 'exchange_cost_id', -1, (255, 72, 94, 255)]
FUNC gclient.gamesystem.uihall.uigacha.flip_gacha_v6_window.FlipGachaV6Window.RefreshPanelReward names=('genv', 'avatar', 'gacha_box_id', 'gacha_mgr', 'flip_cur_items', 'range', 'gacha_reward_data', 'reward_item_nodes', 'LoadData', 'RefreshTenRewardData', 'RefreshBuyAllMoney', 'RefreshBuyAllMoneyForTen', 'gacha_setting_proto', 'get', 'btn_reward_show_bg', 'texture', 'GetGachaRollCount', 'cur_key', 'pre_roll_count') vars=('self', 'avatar', 'flip_cur_items', 'five_idx', 'reward_id', 'reward_data') consts=['btn_reward_icon', 11485]
FUNC gclient.gamesystem.uihall.uigacha.flip_gacha_v6_window.FlipGachaV6Window.RefreshPanelRollCountTips names=('collection_reward_item_id', 'panel_v6_lock_ten', 'visible', 'panel_v6_lock', 'genv', 'avatar', 'GetGachaRollCount', 'cur_key', 'IsGachaCollectionUnlock', 'is_unlock', 'lang', 'MALL_GACHA_V6_FLIP_COLLECTION_TIPS', 'gacha_setting_proto', 'get', 'txt_weapon_collection_tips', 'text', 'txt_weapon_collection_ten_tips') vars=('self', 'count') consts=[False, True, 'collection_count_color', 'fffcb5', 'collection_count']
FUNC gclient.gamesystem.uihall.uigacha.flip_gacha_v6_window.FlipGachaV6Window.RefreshPanelUnlock names=('genv', 'avatar', 'RefreshPanelRollCountTips', 'gacha_setting_proto', 'get', 'img_weapon_collection_icon', 'texture', 'img_weapon_collection_bg', 'img_weapon_collection_ten_icon', 'img_weapon_collection_ten_bg', 'warehouse', 'ItemCountByItemId', 'exchange_cost_item_id', 'pre_cost_item') vars=('self', 'avatar') consts=['img_weapon_collection_icon', 'img_weapon_collection_bg']
FUNC gclient.gamesystem.uihall.uigacha.flip_gacha_v6_window.FlipGachaV6Window.RefreshTenRewardData names=('genv', 'avatar', 'gacha_box_id', 'gacha_mgr', 'flip_cur_items', 'range', 'gacha_reward_data', 'reward_item_nodes_ten', 'LoadData') vars=('self', 'avatar', 'flip_cur_items', 'ten_idx', 'reward_id', 'reward_data') consts=[]
FUNC gclient.gamesystem.uihall.uigacha.flip_gacha_v6_window.FlipGachaV6Window.Show names=('super', 'FlipGachaV6Window', 'Show', '_TryReceiveMilestoneRewards') vars=('self', 'info') consts=[]
FUNC gclient.gamesystem.uihall.uigacha.flip_gacha_v6_window.FlipGachaV6Window.ShowRewardWindow names=('genv', 'sound_mgr', 'PlayEventById', 'gclient.gamesystem.uihall.uimall.mall_box_v6_reward_window', 'MallBoxWeaponV6RollRewardWindow', 'instance', 'Show', 'cur_key') vars=('self', 'btn', 'MallBoxWeaponV6RollRewardWindow') consts=[335, False, ('is_3d',), ('MallBoxWeaponV6RollRewardWindow',), 'key']
FUNC gclient.gamesystem.uihall.uigacha.flip_gacha_v6_window.FlipGachaV6Window.UnLoadSpBGM names=('genv', 'sound_mgr', 'SetState', 'CancelModelHideTimer', 'PopCameraRollGraph', 'model_ctrl', 'SetGachaSettingProto') vars=('self',) consts=['music_basic', 'Shop']
FUNC gclient.gamesystem.uihall.uigacha.flip_gacha_v6_window.FlipGachaV6Window._ShouldShowCollectionUnlockWindow names=('collection_reward_item_id', 'warehouse', 'HasItemByItemId', 'gacha_setting_proto', 'pre_roll_count') vars=('self', 'avatar', 'cur_roll_count', 'collection_count') consts=[False, True, ('include_experience_item', 'include_upgrade_item'), 'collection_count']
FUNC gclient.gamesystem.uihall.uigacha.flip_gacha_v6_window.FlipGachaV6Window._TryReceiveMilestoneRewards names=('genv', 'avatar', 'gacha_box_id', 'gacha_milestone_data', 'data', 'ReceiveMileReward', 'gacha_collect_milestone_data', 'ReceiveCollectionReward') vars=('self', 'avatar', 'gacha_id') consts=[]
FUNC gclient.gamesystem.uihall.uigacha.flip_gacha_v6_window.FlipGachaV6Window.__init__ names=('super', 'FlipGachaV6Window', '__init__') vars=('self', 'parent') consts=[]
CLASS FlipV5GachaWindow METHODS=['BtnOnClicKTenRoll', 'OnClickFiveRoll', 'OnClickTenRoll', 'OnSwitchGunSkinView', 'RefreshGunCsb', 'RefreshGunTitle', 'RefreshLinkage', 'RefreshPanelDate', 'RefreshPanelRollTab', 'RefreshPanelSwitchView', 'RefreshPanelTitle']
FUNC gclient.gamesystem.uihall.uigacha.flip_gacha_v6_window.FlipV5GachaWindow.BtnOnClicKTenRoll names=('enable_click', 'OnClickTenRoll') vars=('self', '_') consts=[]
FUNC gclient.gamesystem.uihall.uigacha.flip_gacha_v6_window.FlipV5GachaWindow.OnClickFiveRoll names=('cconst', 'BRAZIL_ROLL_STATE', 'FiveRoll', 'cur_roll_state', 'btn_five_roll', 'SetHighlighted', 'onClick', 'btn_ten_roll', 'BtnOnClicKTenRoll', 'txt_btn_five', 'text_color', 'txt_btn_ten', 'img_btn_five_select', 'visible', 'img_btn_ten_select', 'img_btn_five_no_select', 'img_btn_ten_no_select', 'panel_reward', 'panel_banner', 'RemoveHiddenReason', 'HIDDEN_REASON_FLIP_ROLL', 'panel_title_gun', 'panel_feature_lock', 'panel_reward_ten', 'panel_ten_card', 'img_model', 'panel_item_detail', 'panel_v6_lock_ten', 'AddHiddenReason', 'panel_v6_lock', 'panel_get_big_reward', 'fsm_mall_model', 'model_ctrl', 'hero_model_ctrl', 'hero_executed_model_ctrl', 'ClickFirstNode') vars=('self', '_', 'fsm_mall_model') consts=[True, False, (248, 255, 77, 255), (231, 231, 231, 255)]
FUNC gclient.gamesystem.uihall.uigacha.flip_gacha_v6_window.FlipV5GachaWindow.OnClickTenRoll names=('IsFirstGuideEnabled', 'is_first_show', 'LocalConfig', 'flip_gacha_ten_roll_guide', 'CacheRookieGuideNewWindow', 'instance', 'Hide', 'ClickFirstNode', 'cconst', 'BRAZIL_ROLL_STATE', 'TenRoll', 'cur_roll_state', 'btn_five_roll', 'SetHighlighted', 'OnClickFiveRoll', 'onClick', 'btn_ten_roll', 'txt_btn_five', 'text_color', 'txt_btn_ten', 'img_btn_five_select', 'visible', 'img_btn_ten_select', 'img_btn_five_no_select', 'img_btn_ten_no_select', 'panel_reward', 'panel_banner', 'AddHiddenReason', 'HIDDEN_REASON_FLIP_ROLL', 'panel_title_gun', 'panel_feature_lock', 'panel_reward_ten', 'panel_ten_card', 'img_model', 'panel_v6_lock', 'panel_v6_lock_ten', 'RemoveHiddenReason', 'panel_item_detail', 'panel_get_big_reward', 'fsm_mall_model', 'model_ctrl', 'hero_model_ctrl', 'hero_executed_model_ctrl', 'ClearHeroSkinPose', 'RefreshTenRewardData', 'PlayTenRollFlipAnim') vars=('self', '_', 'guide_ui_ins', 'fsm_mall_model') consts=[False, True, (231, 231, 231, 255), (248, 255, 77, 255)]
FUNC gclient.gamesystem.uihall.uigacha.flip_gacha_v6_window.FlipV5GachaWindow.OnSwitchGunSkinView names=('bool', 'collection_reward_item_id', 'select_item_id', 'GunUpgradeDataMgr', 'instance', 'GetItemNewFeatureList', 'APPEAR_FEATURE', 'lobby_item_upgrade_data', 'data', 'sorted', 'keys', 'RefreshModel', 'lobby_item_data', 'SelectGunSkinViewTypeBtn') vars=('self', 'is_final', 'item_id', 'switch_show', 'all_feature', 'feature_list', 'select_feature', 'final_view_item_id', 'upgrade_proto') consts=[False, True, 'item_id', -1]
FUNC gclient.gamesystem.uihall.uigacha.flip_gacha_v6_window.FlipV5GachaWindow.RefreshGunCsb names=('select_item_id', 'lobby_item_data', 'data', 'get', 'panel_gun_num', 'removeAllChildren', 'gui', 'LoadWidgetFromFile', 'str', 'widget', 'seek', 'NodeV6GunNum', 'node_gun_num', 'hall_ui_util', 'RefreshGlobalPanelGunNumInGacha', 'visible') vars=('self', 'item_id', 'panel_gun_num_csb') consts=['node_collection_gacha_csb', ('parent_widget',), 'node', False]
FUNC gclient.gamesystem.uihall.uigacha.flip_gacha_v6_window.FlipV5GachaWindow.RefreshGunTitle names=('GunUpgradeDataMgr', 'instance', 'GetImportantFeatures', 'select_item_id', 'GetItemFeatureList', 'panel_title_gun', 'visible', 'lobby_item_data', 'data', 'mall_util', 'GetGachaWeaponShowName', 'cconst', 'WAREHOUSE_QUALITY_LEVEL_COLOR', 'get', 'gun_skin_template_data', 'split', 'title_quality_tag', 'RefreshTagQuality') vars=('self', 'important_features', 'show_gun_title', 'item_proto', 'name', 'color_map', 'quality', 'limit_tag_quality', 'template_id') consts=[True, False, 'quality', 'limit_tag_quality', 'guise', 'template_id', 31000019, 'skin_name', '', ' - ']
FUNC gclient.gamesystem.uihall.uigacha.flip_gacha_v6_window.FlipV5GachaWindow.RefreshLinkage names=('gacha_setting_proto', 'get', 'bool', 'img_linkage_logo', 'visible', 'texture', 'ignoreContentAdaptWithSize', 'panel_banner', 'img_mask') vars=('self', 'img_logo') consts=['img_linkage_logo', True]
FUNC gclient.gamesystem.uihall.uigacha.flip_gacha_v6_window.FlipV5GachaWindow.RefreshPanelDate names=('txt_date', 'visible', 'img_date_icon', 'gacha_setting_proto', '_RefreshDate') vars=('self', 'end_time') consts=[True, 'end_utc_stamp']
FUNC gclient.gamesystem.uihall.uigacha.flip_gacha_v6_window.FlipV5GachaWindow.RefreshPanelRollTab names=('cur_roll_state', 'cconst', 'BRAZIL_ROLL_STATE', 'FiveRoll', 'btn_five_roll', 'onClick', 'SetHighlighted', 'btn_ten_roll', 'BtnOnClicKTenRoll', 'OnClickFiveRoll', 'OnClickTenRoll') vars=('self',) consts=[True, False]
FUNC gclient.gamesystem.uihall.uigacha.flip_gacha_v6_window.FlipV5GachaWindow.RefreshPanelSwitchView names=('final_view_item_id', 'panel_switch_view', 'visible', 'select_item_id', 'token_ultimate_reward_item_id') vars=('self',) consts=[False]
FUNC gclient.gamesystem.uihall.uigacha.flip_gacha_v6_window.FlipV5GachaWindow.RefreshPanelTitle names=('gacha_setting_proto', 'get', 'txt_title', 'visible', 'setFontSize', 'init_font_size', 'ignoreContentAdaptWithSize', 'setContentSize', 'txt_title_init_size', 'text', 'SetTextColorByList', 'org_text_color', 'text_color', 'SetVertexColor', 'RefreshGunTitle', 'list_title', 'widget', 'requestRefreshView', 'gui', 'ReadjustTextFontSizeForFixedContentSize') vars=('self', 'gacha_setting_proto', 'gacha_proto_get', 'txt_title', 'vertex_color') consts=[True, 'img_linkage_logo', '', False, 'title_str', 'title_str_color']
CLASS GachaExchangeBuyPopup METHODS=['GetMoneyDict', 'OnBuy']
FUNC gclient.gamesystem.uihall.uigacha.flip_gacha_v6_window.GachaExchangeBuyPopup.GetMoneyDict names=('hall_ui_util', 'GetMoneyDictByGachaExchangeProto', 'info') vars=('self',) consts=['gacha_exchange_proto']
FUNC gclient.gamesystem.uihall.uigacha.flip_gacha_v6_window.GachaExchangeBuyPopup.OnBuy names=('CheckBuy', 'data', 'info') vars=('self', 'node', 'data', 'money_type', 'price_single', 'info', 'buy_func') consts=['money_type', 'price', 'buy_func', 'gacha_exchange_proto']
CLASS GachaRewardNode METHODS=['InitData', 'LoadData', 'OnBuyBoxConfirm', 'OnBuyConfirm']
FUNC gclient.gamesystem.uihall.uigacha.flip_gacha_v6_window.GachaRewardNode.InitData names=('super', 'GachaRewardNode', 'InitData', 'discount_cost_count') vars=('self',) consts=[]
FUNC gclient.gamesystem.uihall.uigacha.flip_gacha_v6_window.GachaRewardNode.LoadData names=('data', 'index', 'genv', 'avatar', 'parent', 'node_first', 'gacha_setting_proto', 'get', 'item_id', 'item_count', 'cost_count', 'lobby_item_data', 'item_proto', 'consts', 'WarehouseItemType', 'GunGuise', 'MeleeWeapon', 'ItemSubType', 'PanPan', 'list', 'DefaultVehicleSkinItemId', 'keys', 'img_icon', 'texture', 'cconst', 'NEW_PLAYER_GACHA_ICON', 'img_bg', 'txt_num', 'text', 'IsExecution', 'first_cost_id', 'warehouse', 'ItemCountByItemId', 'txt_buy_num', 'img_buy_icon', 'color', 'text_money_color', 'text_color', 'img_gold_buy_icon', 'GetYuanbao') vars=('self', 'data', 'index', 'avatar', 'item_proto', 'sub_type', 'quality', 'first_cost_id', 'money') consts=['free_item_id', 'item_id', 'item_count', 'cost_count', 'sub_type', 'small_icon_id', 'icon', 'quality', 90150, True, ('include_experience_item',), False, ((6030005300, 1),), (255, 255, 255), (0, 0, 0), (255, 72, 94, 255)]
FUNC gclient.gamesystem.uihall.uigacha.flip_gacha_v6_window.GachaRewardNode.OnBuyBoxConfirm names=('genv', 'avatar', 'parent', 'node_first', 'index', 'last_buy_id', 'NewPlayerGachaBuyPopup', 'instance', 'Close', 'first_cost_id', 'warehouse', 'ItemCountByItemId', 'GetYuanbao', 'cost_count', 'ChargePopupWindow', 'Show', 'gacha_mgr', 'gacha_box_id', 'flip_cur_items', 'CallServer') vars=('self', 'mall_info', 'money_type', 'count', 'price_single', 'frm', 'avatar', 'first_cost_id', 'is_use_item', 'money', 'need_money', 'buy_id') consts=[False, True, ('include_experience_item',), 'lack_of_gold', 'GachaRollFlip', 'proto_ids', 'callback', 'OnGachaV6Roll']
FUNC gclient.gamesystem.uihall.uigacha.flip_gacha_v6_window.GachaRewardNode.OnBuyConfirm names=('parent', 'enable_click', 'genv', 'avatar', 'item_id', 'item_count', 'cost_count', 'data', 'click_func', 'copy', 'deepcopy', 'NewPlayerGachaBuyPopup', 'instance', 'Show', 'BuildData', 'OnBuyBoxConfirm', 'is_first') vars=('self', '_', 'is_first', 'avatar', 'data', 'mall_proto') consts=['item_id', 'item_count', 'cost_count', 'cost_item_id', ('is_first',), ('info',)]
CLASS MallModelFloorComp METHODS=['FadeInBackground', 'GetFloorProto']
FUNC gclient.gamesystem.uihall.uigacha.flip_gacha_v6_window.MallModelFloorComp.FadeInBackground names=('mall_util', 'GetBackgroundEntities', 'values', 'IsVisible', 'GetBackgroundEntityPrim', 'GetShaderGraphParameter', 'float', 'background_tick', 'RemoveStoryTick', 'functools', 'partial', 'BackgroundFadeInOutTick', 'time', 'game_const_data', 'GACHA_BACKGROUND_FADE_DURATION', 'AddStoryTick') vars=('self', 'gacha_setting_proto', 'entities', 'entity', 'prim', 'start_value') consts=['level_id', 'background_hide_entity_names', True, 'background_entity_name', 'cAlpha', '']
FUNC gclient.gamesystem.uihall.uigacha.flip_gacha_v6_window.MallModelFloorComp.GetFloorProto names=('hasattr', 'item_id', 'hero_data_util', 'GetHeroSkinProto', 'get', 'gacha_setting_proto') vars=('self', 'hero_skin_proto') consts=['item_id', 'floor_level_id']
CLASS MallSoundAndEffectComp METHODS=['LoadNodeEffectAndSound', 'LoadOneTimeEffectAndSound', 'LoadSpBGM', 'OnMallModelWeaponModelLoadedForSoundEffectComp', 'PlayLevelEffect', 'PopCameraRollGraph', 'UnLoadSpBGM']
FUNC gclient.gamesystem.uihall.uigacha.flip_gacha_v6_window.MallSoundAndEffectComp.LoadNodeEffectAndSound names=('UnLoadNodeEffectAndSound', 'genv', 'sound_mgr', 'PlayEventById', 'node_sp_effect_sound', 'MType', 'Matrix4x3', 'Vector3', 'get', 'translation', 'math', 'pi', 'set_pitch_yaw_roll', 'effect_util', 'WarpperPlayEffectInWorld2', 'node_sp_effect', 'PlayLevelEffect') vars=('self', 'gacha_proto', 'effect_id_list', 'trans', 'rotation', '_rot', 'func_play_effect', 'node_sp_effect', 'effect_id') consts=['effect_sound', False, ('is_3d',), 'effect_id_list', 'effect_pos', 'effect_rot', 180.0, True, ('insure_play',), (0, 0, 0)]
FUNC gclient.gamesystem.uihall.uigacha.flip_gacha_v6_window.MallSoundAndEffectComp.LoadOneTimeEffectAndSound names=('UnLoadOneTimeEffectAndSound', 'gacha_setting_proto', 'genv', 'sound_mgr', 'PlayEventById', 'sp_effect_sound', 'MType', 'Matrix4x3', 'Vector3', 'get', 'translation', 'math', 'pi', 'set_pitch_yaw_roll', 'scale', 'effect_util', 'WarpperPlayEffectInWorld2', 'sp_effect', 'PlayLevelEffect') vars=('self', 'gacha_setting_proto', 'effect_id_list', 'trans', 'effect_pos', 'rotation', '_rot', 'func_play_effect', 'sp_effect', 'effect_id') consts=['effect_sound', False, ('is_3d',), 'effect_id_list', 'effect_pos', 'effect_rot', 180.0, 'effect_scale', True, ('insure_play',), (0, 0, 0)]
FUNC gclient.gamesystem.uihall.uigacha.flip_gacha_v6_window.MallSoundAndEffectComp.LoadSpBGM names=('UnLoadSpBGM', 'gacha_setting_proto', 'get', 'model_ctrl', 'SetGachaSettingProto', 'genv', 'sound_mgr', 'CheckABTestCondition', 'avatar', 'LoadMedia', 'SetState') vars=('self', 'gacha_setting_proto', 'sound_bgm', 'sound_sp_state_v', 'sound_sp_bnk', 'sound_bgm_ab_test_condition_id', 'sound_mgr') consts=['sound_bgm', False, 'sound_sp_state_v', 'sound_sp_bnk', 'sound_bgm_ab_test_condition_id', 'music_junxu', 'music_basic', 'Junxu', 'None', 'Shop']
FUNC gclient.gamesystem.uihall.uigacha.flip_gacha_v6_window.MallSoundAndEffectComp.OnMallModelWeaponModelLoadedForSoundEffectComp names=('real_visible', 'need_hide_duration', 'gacha_setting_proto', 'model_ctrl', 'AddHiddenReason', 'cconst', 'HIDDEN_REASON_VEHICLE', 'model_hide_timer', 'cancel_timer', 'add_timer') vars=('self', 'gacha_setting_proto', 'hide_duration') consts=[False, 'hide_duration']
FUNC gclient.gamesystem.uihall.uigacha.flip_gacha_v6_window.MallSoundAndEffectComp.PlayLevelEffect names=('GetLevelEffectIds', 'GetLevelEffectValueList', 'effect_util', 'WarpperPlayEffectInWorld2', 'enumerate', 'MType', 'Matrix4x3', 'Vector3', 'GetLevelEffectValue', 'translation', 'math', 'pi', 'set_pitch_yaw_roll', 'scale', 'effect_data', 'data', 'get', 'MHelper', 'PlayCameraEffectById', 'SetLevelEffectHandle') vars=('self', 'proto', 'effect_dict', 'effect_ids', 'pos_list', 'rot_list', 'scale_list', 'func_play_effect', 'idx', 'effect_id', 'trans', 'rotation', '_rot', 'scale', 'is_screen_effect', 'effect') consts=['level_effect_id', 'level_effect_pos', 'level_effect_rot', 'level_effect_scale', 180.0, 'is_screen_effect', False, True, ('insure_play',), (0, 0, 0)]
FUNC gclient.gamesystem.uihall.uigacha.flip_gacha_v6_window.MallSoundAndEffectComp.PopCameraRollGraph names=('model_ctrl', 'PopCameraRollGraph') vars=('self',) consts=[]
FUNC gclient.gamesystem.uihall.uigacha.flip_gacha_v6_window.MallSoundAndEffectComp.UnLoadSpBGM names=('genv', 'sound_mgr', 'SetState', 'CancelModelHideTimer', 'PopCameraRollGraph', 'model_ctrl', 'SetGachaSettingProto') vars=('self',) consts=['music_basic', 'Shop']
CLASS NewPlayerGachaBanner METHODS=['GetBannerChooseNodeClass', 'GetBannerNodeClass', 'ListviewBannerCallback', 'OnClickLeft', 'OnClickRight', 'RefreshGachaPanelBannerData', 'ScrollBanner', 'StartScrollBanner', '_InitBannerListData', '__init__']
FUNC gclient.gamesystem.uihall.uigacha.flip_gacha_v6_window.NewPlayerGachaBanner.GetBannerChooseNodeClass names=('GachaBannerChooseLoadNode',) vars=('self',) consts=[]
FUNC gclient.gamesystem.uihall.uigacha.flip_gacha_v6_window.NewPlayerGachaBanner.GetBannerNodeClass names=('GachaBannerNode',) vars=('self',) consts=[]
FUNC gclient.gamesystem.uihall.uigacha.flip_gacha_v6_window.NewPlayerGachaBanner.ListviewBannerCallback names=('list_banner_data', 'len', 'visible', 'parent', 'LoadData', 'OnClickRewardNode', 'click_func', 'reward_item_nodes') vars=('self', 'irange', 'banner_data', 'length_banner', 'index', 'node') consts=[2, True]
FUNC gclient.gamesystem.uihall.uigacha.flip_gacha_v6_window.NewPlayerGachaBanner.OnClickLeft names=('genv', 'sound_mgr', 'PlayEventById', 'ScrollBanner') vars=('self', 'btn') consts=[335, False, ('is_3d',), ('is_right',)]
FUNC gclient.gamesystem.uihall.uigacha.flip_gacha_v6_window.NewPlayerGachaBanner.OnClickRight names=('genv', 'sound_mgr', 'PlayEventById', 'ScrollBanner') vars=('self', 'btn') consts=[335, False, ('is_3d',), True, ('is_right',)]
FUNC gclient.gamesystem.uihall.uigacha.flip_gacha_v6_window.NewPlayerGachaBanner.RefreshGachaPanelBannerData names=('_InitBannerData', '_InitBannerListData', 'RefreshBannerList', '_ChangeBannerPoint', 'list_banner_inner', 'setPosition', 'cc', 'Vec2', 'banner_node_content_width', 'SetHoverImage') vars=('self',) consts=[0]
FUNC gclient.gamesystem.uihall.uigacha.flip_gacha_v6_window.NewPlayerGachaBanner.ScrollBanner names=('cur_banner_index', 'len', 'list_banner_data', 'list_banner_inner', 'setPosition', 'cc', 'Vec2', 'banner_node_content_width', 'list_banner', 'JumpToIndexEx', 'OnClickBanner', '_ChangeBannerPoint') vars=('self', 'is_right', 'is_stop', 'last_banner_position') consts=[1]
FUNC gclient.gamesystem.uihall.uigacha.flip_gacha_v6_window.NewPlayerGachaBanner.StartScrollBanner names=() vars=('self', 'dit') consts=[]
FUNC gclient.gamesystem.uihall.uigacha.flip_gacha_v6_window.NewPlayerGachaBanner._InitBannerListData names=('list_banner_data', 'parent', 'gacha_reward_data', 'items', 'get', 'append', 'bool', 'visible', 'len', 'panel_btn') vars=('self', 'key', 'value') consts=['grand_prize', False]
FUNC gclient.gamesystem.uihall.uigacha.flip_gacha_v6_window.NewPlayerGachaBanner.__init__ names=('super', 'PanelBanner', '__init__', 'parent', 'GetPanelInner', 'EnableTouch', 'seek', 'img_bg', 'img_mask', 'UIListViewCycle', 'list_banner_point', 'create', 'BannerPointListviewCallback', 'GetBannerChooseNodeClass', 'GetWidth', 'list_banner_point_total_width', 'setItemsMargin', 'getItemsMargin', 'list_banner_point_items_margin', 'list_banner', 'enableMouseWheel', 'getInnerContainer', 'list_banner_inner', 'setSwallowTouches', 'setBounceEnabled', 'ListviewBannerCallback', 'GetBannerNodeClass', 'BannerScrollListener', 'getContentSize', 'width', 'banner_node_content_width', 'panel_btn', 'UIButton', 'btn_left', 'OnClickLeft', 'onClick', 'btn_right', 'OnClickRight') vars=('self', 'parent', 'widget', 'panel_inner', 'child') consts=[True, False, ('zoom_children',), 'img_bg', 'img_mask', 'list_point', ('item_num', 'callback', 'obj_type', 'hide_redundant', 'auto_expand'), 'list_banner', 'panel_1', ('item_num', 'callback', 'obj_type', 'hide_redundant', 'scroll_percent_listener', 'auto_expand'), 'panel_btn', 'btn_left', 'btn_right']
CLASS NewPlayerGachaBuyNode METHODS=['BuyAllItem', 'InitData', 'InitNode', 'OnBuyConfirm', 'Refresh', '__init__']
FUNC gclient.gamesystem.uihall.uigacha.flip_gacha_v6_window.NewPlayerGachaBuyNode.BuyAllItem names=('parent', 'enable_click', 'genv', 'avatar', 'gacha_box_id', 'LocalConfig', 'mall_gacha_confirm_popup', 'OnBuyConfirm', 'panel_one', 'visible', 'first_cost_id', 'is_ten_roll', 'consts', 'ItemID', 'Yuanbao', 'txt_cur_money', 'text', 'NewPlayerGachaPopUpWindow', 'BuildData', 'gacha_setting_proto', 'buy_info', 'instance', 'Show') vars=('self', '_', 'avatar', 'money_item_id', 'money_num') consts=[]
FUNC gclient.gamesystem.uihall.uigacha.flip_gacha_v6_window.NewPlayerGachaBuyNode.InitData names=('all_cost_money',) vars=('self',) consts=[0]
FUNC gclient.gamesystem.uihall.uigacha.flip_gacha_v6_window.NewPlayerGachaBuyNode.InitNode names=('seek', 'panel', 'UIButton', 'btn', 'BuyAllItem', 'onClick', 'visible', 'panel_one', 'UIText', 'txt_cost_item_moeny', 'UITexture', 'img_cost_item_texture', 'panel_cheap', 'txt_cur_money', 'txt_old_money', 'panel_sale', 'childex', 'txt_sale') vars=('self',) consts=['panel_btn', 'btn_1', False, 'panel_one', 'txt_money', 'img_money', 'panel_cheap', True, 'txt_old', 'panel_sale', 'node_mark.panel_content.panel_sale.txt_activity']
FUNC gclient.gamesystem.uihall.uigacha.flip_gacha_v6_window.NewPlayerGachaBuyNode.OnBuyConfirm names=('genv', 'avatar', 'is_ten_roll', 'parent', 'first_cost_id', 'warehouse', 'ItemCountByItemId', 'GetYuanbao', 'all_cost_money', 'ChargePopupWindow', 'instance', 'Show', 'NewPlayerGachaPopUpWindow', 'Close', 'new_player_gacha_proto', 'cur_items', 'range', 'consts', 'ItemID', 'Yuanbao', 'CallServerAct', 'gacha_box_id', 'last_buy_id', 'cur_roll_state', 'last_buy_roll_state') vars=('self', 'avatar', 'times', 'first_cost_id', 'is_use_item', 'money', 'need_money', 'cur_items', 'idx', 'buy_id', 'cost') consts=[True, ('include_experience_item',), False, 'lack_of_gold', 'BuyItem', 'OnGetShowAllReward', -1]
FUNC gclient.gamesystem.uihall.uigacha.flip_gacha_v6_window.NewPlayerGachaBuyNode.Refresh names=('genv', 'avatar', 'is_ten_roll', 'parent', 'first_cost_id', 'warehouse', 'ItemCountByItemId', 'panel_one', 'visible', 'panel_cheap', 'txt_cost_item_moeny', 'text_color', 'img_cost_item_texture', 'color', 'lang', 'FIND_PROGRESS', 'text', 'lobby_item_data', 'data', 'texture', 'GetYuanbao', 'txt_cur_money', 'txt_old_money', 'all_cost_money', 'panel_discount', 'panel_sale', 'panel_discount_ten', 'float', 'COMMON_TXT_SALE', 'txt_sale', 'gacha_box_id', 'gacha_mgr', 'gacha_setting_proto', 'get', 'txt_discount', 'txt_discount_ten', 'use_discount_count', 'max', 'MALL_GACHA_DISCOUNT_CHANCE_REMAIN', 'txt_all_discount', 'txt_all_discount_ten', 'new_player_gacha_proto') vars=('self', 'cur_money', 'old_money', 'avatar', 'times', 'first_cost_id', 'money', 'real_discount_percent', 'cost_count', 'discount_cost', 'fixed_discount_percent', 'discount_count', 'use_discount_count', 'roll_count') consts=[True, ('include_experience_item',), False, 'icon', 'cost_count', 'discount_cost', 'discount_count', '#ffdf70%s#E', (0, 0, 0), (255, 255, 255), (255, 72, 94, 255)]
FUNC gclient.gamesystem.uihall.uigacha.flip_gacha_v6_window.NewPlayerGachaBuyNode.__init__ names=('super', 'NewPlayerGachaBuyNode', '__init__', 'is_ten_roll', 'InitData', 'InitNode') vars=('self', 'widget', 'is_ten_roll') consts=[]
CLASS NewPlayerGachaBuyPopup METHODS=['BuyFirst', 'EnterFirstState', 'GetMoneyDict', 'OnBuy', 'RefreshAllPanel']
FUNC gclient.gamesystem.uihall.uigacha.flip_gacha_v6_window.NewPlayerGachaBuyPopup.BuyFirst names=('gclient.gamesystem.uihall.uimall.mall_v6_cache_gacha_window', 'CacheRookieGuideNewWindow', 'instance', 'Close', 'OnBuy', 'node_buy_single') vars=('self', '_', 'CacheRookieGuideNewWindow', 'guide_ui_ins') consts=[0, ('CacheRookieGuideNewWindow',)]
FUNC gclient.gamesystem.uihall.uigacha.flip_gacha_v6_window.NewPlayerGachaBuyPopup.EnterFirstState names=('info', 'gclient.gamesystem.uihall.uimall.mall_v6_cache_gacha_window', 'CacheRookieGuideNewWindow', 'instance', '_close_on_esc', 'Show', 'panel_one', 'ShowHighlightCube', 'ShowGuideTips', 'lang', 'COMMON_CONFIRM_BUY', 'ui_define', 'LOCATION_BOTTOM_CENTER', 'ShowHollowOutBlack', 'panel_black', 'EnableTouch', 'panel_highlight_cube', 'BuyFirst', 'onClick') vars=('self', 'is_first', 'CacheRookieGuideNewWindow', 'guide_ui_ins', 'panel') consts=['is_first', ('CacheRookieGuideNewWindow',), False, True]
FUNC gclient.gamesystem.uihall.uigacha.flip_gacha_v6_window.NewPlayerGachaBuyPopup.GetMoneyDict names=('GetMoneyDictByGachaNewPlayerInfo', 'info') vars=('self',) consts=['mall_info', False, ('new_type',)]
FUNC gclient.gamesystem.uihall.uigacha.flip_gacha_v6_window.NewPlayerGachaBuyPopup.OnBuy names=('CheckBuy', 'data', 'info') vars=('self', 'node', 'data', 'money_type', 'price_single', 'info', 'buy_func') consts=['money_type', 'price', 'buy_func', 'mall_info']
FUNC gclient.gamesystem.uihall.uigacha.flip_gacha_v6_window.NewPlayerGachaBuyPopup.RefreshAllPanel names=('info', 'lobby_item_data', 'data', 'txt_title', 'text', 'GetMoneyDict', 'len', 'six2', 'values', 'cur_money_type', 'get', 'genv', 'avatar', 'warehouse', 'ItemCountByItemId', 'EMoneyType_ITEM', 'panel_one', 'visible', 'panel_two', 'node_buy_single', 'LoadData', 'is_single_money_type', 'gun_node', 'SetItem', 'SetCanShowTips', 'txt_gun_name', 'RefreshPanelTips', 'EnterFirstState') vars=('self', 'info', 'mall_info', 'item_id', 'item_proto', 'item_count', 'money_dict', 'length', 'money_info', 'first_cost_id') consts=['mall_info', 'item_id', 'item_count', 'title', 'money_type', 'first_cost_id', True, ('include_experience_item',), 'price', 'icon', 'cost_item_id', False, 'mall_proto', 'name']
CLASS NewPlayerGachaPopUpWindow METHODS=['CheckBuy', 'OnBuy', 'RefreshAllPanel', 'RefreshPanelCheckBox']
FUNC gclient.gamesystem.uihall.uigacha.flip_gacha_v6_window.NewPlayerGachaPopUpWindow.CheckBuy names=() vars=('self',) consts=[True]
FUNC gclient.gamesystem.uihall.uigacha.flip_gacha_v6_window.NewPlayerGachaPopUpWindow.OnBuy names=('CheckBuy', 'Close', 'data', 'info') vars=('self', 'node', 'data', 'info', 'buy_func') consts=['buy_func']
FUNC gclient.gamesystem.uihall.uigacha.flip_gacha_v6_window.NewPlayerGachaPopUpWindow.RefreshAllPanel names=('RefreshPanelCheckBox', 'info', 'consts', 'ItemID', 'Yuanbao', 'EMoneyType_YUANBAO', 'int', 'EMoneyType_ITEM', 'lobby_item_data', 'data', 'btn_right', 'LoadData', 'lang', 'NEW_PLAYER_GACHA_CONFIRM_BUY_ALL_REWARD', 'txt_buy', 'text') vars=('self', 'cost_item_id', 'cur_money_num', 'data') consts=['cost_item_id', 'cur_money_num', 'money_type', 'price', 'icon']
FUNC gclient.gamesystem.uihall.uigacha.flip_gacha_v6_window.NewPlayerGachaPopUpWindow.RefreshPanelCheckBox names=('info', 'LocalConfig', 'mall_gacha_confirm_popup', 'check_box', 'Create', 'OnCheckBox') vars=('self', 'setting_proto', 'gacha_id', 'mall_gacha_confirm_popup', 'pop_up') consts=['setting_proto', 'id', True, 'confirm_popup']
CLASS PanpanNode METHODS=['__init__']
FUNC gclient.gamesystem.uihall.uigacha.flip_gacha_v6_window.PanpanNode.__init__ names=('super', 'PanpanNode', '__init__', 'seek', 'UIListViewCycle', 'list_panpan', 'create', 'CreatePanpanNode', 'RefreshListPanpan', 'SetScrollEnabled', 'UIButton', 'btn_go_panpan', 'GotoPanpan', 'onClick', 'tier_models', 'heirloom_models', 'cur_select_panpan_id', 'cur_select_heirloom_id', 'panpan_item_id', 'heirloom_item_id') vars=('self', 'widget') consts=['list_stage', True, ('node_func', 'callback', 'hide_redundant', 'auto_expand'), False, 'btn_view']
CLASS RewardNode METHODS=['InitData', 'InitNode', 'LoadData', 'OnBuyBoxConfirm', 'OnBuyConfirm', 'OnClickNode', 'OnClickWatch', '__init__']
FUNC gclient.gamesystem.uihall.uigacha.flip_gacha_v6_window.RewardNode.InitData names=('index', 'data', 'item_id', 'click_func', 'cost_count') vars=('self',) consts=[]
FUNC gclient.gamesystem.uihall.uigacha.flip_gacha_v6_window.RewardNode.InitNode names=('seek', 'panel', 'panel_reward', 'UITexture', 'img_bg', 'panel_item', 'EnableTouch', 'OnClickNode', 'onClick', 'img_icon', 'UIText', 'txt_num', 'panel_rewards', 'panel_buy', 'OnBuyConfirm', 'txt_buy_num', 'text_color', 'text_money_color', 'img_buy_icon', 'texture', 'img_gold_buy_icon', 'img_select', 'panel_role', 'img_role') vars=('self', 'panel') consts=['root', 'panel_reward', 'img_bg', 'panel_item', True, 'image_icon', 'label_numb', 'panel_rewards', 'panel_buy', 'txt_num', 'img_icon', 'img_sel', 'panel_role', 'img_role']
FUNC gclient.gamesystem.uihall.uigacha.flip_gacha_v6_window.RewardNode.LoadData names=('data', 'index', 'genv', 'avatar', 'parent', 'node_first', 'gacha_setting_proto', 'get', 'item_id', 'item_count', 'cost_count', 'lobby_item_data', 'item_proto', 'consts', 'WarehouseItemType', 'GunGuise', 'MeleeWeapon', 'ItemSubType', 'PanPan', 'list', 'DefaultVehicleSkinItemId', 'keys', 'img_icon', 'texture', 'cconst', 'NEW_PLAYER_GACHA_ICON', 'img_bg', 'txt_num', 'text', 'IsExecution', 'first_cost_id', 'warehouse', 'ItemCountByItemId', 'txt_buy_num', 'img_buy_icon', 'color', 'text_money_color', 'text_color', 'img_gold_buy_icon', 'GetYuanbao') vars=('self', 'data', 'index', 'avatar', 'item_proto', 'sub_type', 'quality', 'first_cost_id', 'money') consts=['free_item_id', 'item_id', 'item_count', 'cost_count', 'sub_type', 'small_icon_id', 'icon', 'quality', 90150, True, ('include_experience_item',), False, ((6030005300, 1),), (255, 255, 255), (0, 0, 0), (255, 72, 94, 255)]
FUNC gclient.gamesystem.uihall.uigacha.flip_gacha_v6_window.RewardNode.OnBuyBoxConfirm names=('genv', 'avatar', 'parent', 'node_first', 'CallServerAct', 'gacha_box_id', 'index', 'last_buy_id', 'cur_roll_state', 'last_buy_roll_state', 'NewPlayerGachaBuyPopup', 'instance', 'Close', 'first_cost_id', 'warehouse', 'ItemCountByItemId', 'GetYuanbao', 'cost_count', 'ChargePopupWindow', 'Show', 'new_player_gacha_proto', 'cur_items', 'data') vars=('self', 'mall_info', 'money_type', 'count', 'price_single', 'frm', 'avatar', 'first_cost_id', 'is_use_item', 'money', 'need_money', 'buy_id', 'cost_item_id', 'cost_item_count', 'cost') consts=['FinishTutorialAndZeroDollarBuy', False, True, ('include_experience_item',), 'lack_of_gold', 'cost_item_id', 'cost_count', 'BuyItem', 'OnGetShowAllReward', ()]
FUNC gclient.gamesystem.uihall.uigacha.flip_gacha_v6_window.RewardNode.OnBuyConfirm names=('parent', 'enable_click', 'genv', 'avatar', 'item_id', 'item_count', 'cost_count', 'data', 'copy', 'deepcopy', 'first_cost_id', 'click_func', 'NewPlayerGachaBuyPopup', 'instance', 'Show', 'BuildData', 'OnBuyBoxConfirm', 'is_first') vars=('self', '_', 'is_first', 'avatar', 'mall_proto') consts=['item_id', 'item_count', 'cost_count', 'cost_item_id', 'first_cost_id', ('is_first',), ('info',)]
FUNC gclient.gamesystem.uihall.uigacha.flip_gacha_v6_window.RewardNode.OnClickNode names=('parent', 'enable_click', 'cur_roll_state', 'cconst', 'BRAZIL_ROLL_STATE', 'TenRoll', 'OnClickWatch', 'click_func') vars=('self', 'btn') consts=[]
FUNC gclient.gamesystem.uihall.uigacha.flip_gacha_v6_window.RewardNode.OnClickWatch names=('item_id', 'lobby_item_data', 'data', 'hall_ui_util', 'IsShowModelItem', 'genv', 'messenger', 'Broadcast', 'events', 'ON_GACHA_COMMON_SHOW_MODEL', 'COMMON_TREASURE_BOX_TYPE', 'MallBoxDecWindow', 'instance', 'Show', 'CommonTipsManager', 'ShowCommonTips', 'panel', 'TIP_TYPE_ITEM', 'ui_define', 'LOCATION_TOP_CENTER') vars=('self', 'btn', 'item_id', 'item_proto') consts=['sub_type', False, 'item_id', ('alignment',)]
FUNC gclient.gamesystem.uihall.uigacha.flip_gacha_v6_window.RewardNode.__init__ names=('super', 'RewardNode', '__init__', 'InitData', 'InitNode') vars=('self', 'widget') consts=[]
CLASS UIListViewCycle METHODS=['AbsorbToNearestIdx', 'AdjustSizeByContent', 'GetAllItemsSizeRange', 'GetCurIndex', 'GetPercentForItemIdx', 'JumpToIndexEx', 'JumpToIndexForVaryingLengthItem', 'ScrollToIndex2', 'ScrollToIndex4', 'ScrollToIndexEx', 'ScrollToIndexForVaryingLengthItem', 'SetContentSizeWithItemsMargin', 'StrollToIndex', '_CalcPercentOfIndexForVaryingLengthItem', '__init__', '_onEventTriggered', 'addScrollListenerBottom', 'addScrollListenerBoundary', 'addScrollListenerTop', 'addScrollListenerTopAnway', 'create', 'jumpToBottom', 'jumpToIndex', 'jumpToIndex2', 'jumpToIndex3', 'jumpToPercent', 'jumpToTop']
FUNC gclient.gamesystem.uihall.uigacha.flip_gacha_v6_window.UIListViewCycle.AbsorbToNearestIdx names=('total_item_num', 'GetCurIndex', 'GetInnerPercent', 'GetPercentForItemIdx', 'abs', 'JumpToIndexForVaryingLengthItem', 'ScrollToIndex2') vars=('self', 'is_jump', 'interval', 'total_item_num', 'max_idx', 'min_idx', 'cur_idx', 'percent_cur', 'get_percent_for_idx', 'target_idx', 'min_diff', 'candidate', 'percent_candidate', 'diff') consts=[1, True]
FUNC gclient.gamesystem.uihall.uigacha.flip_gacha_v6_window.UIListViewCycle.AdjustSizeByContent names=('widget', 'getDirection', 'ccui', 'SCROLLVIEW_DIRECTION_HORIZONTAL', 'SetWidth', 'GetAllItemsSize', 'width', 'SetHeight', 'height') vars=('self', 'visible_only') consts=[]
FUNC gclient.gamesystem.uihall.uigacha.flip_gacha_v6_window.UIListViewCycle.GetAllItemsSizeRange names=('total_item_num', '_items', 'widget', 'getDirection', 'ccui', 'SCROLLVIEW_DIRECTION_HORIZONTAL', 'sum', 'getItemsMargin', 'len', 'cc', 'Size', 'GetHeight', 'GetWidth') vars=('self', 'start', 'stop', 'items', 'width', 'height') consts=[]
FUNC gclient.gamesystem.uihall.uigacha.flip_gacha_v6_window.UIListViewCycle.GetCurIndex names=('widget', 'ccui', 'SCROLLVIEW_DIRECTION_HORIZONTAL', 'getDirection', 'getInnerContainer', 'getContentSize', 'width', 'height', 'getPositionX', 'getPositionY', 'getItemsMargin', '_items', 'item_num', '_GetItemWidth', '_GetItemHeight', 'total_item_num', 'getCurIdx', 'range') vars=('self', 'extra_percent', 'force_multi_type', 'bottom', 'widget', 'horizontal', 'inner', 'inner_size', 'total_length', 'viewport_size', 'viewport_length', 'total_percent_length', 'inner_pos', 'items_margin', 'items', 'item_num', 'get_item_length', 'total_item_num', 'cur_idx', 'calc_length', 'ret', 'i') consts=[0]
FUNC gclient.gamesystem.uihall.uigacha.flip_gacha_v6_window.UIListViewCycle.GetPercentForItemIdx names=('widget', 'ccui', 'SCROLLVIEW_DIRECTION_HORIZONTAL', 'getDirection', 'getInnerContainer', 'getContentSize', 'width', 'height', 'total_item_num', 'getItemsMargin', 'getNode', '_node_func', 'range', '_items', 'min') vars=('self', 'target_idx', 'force_multi_type', 'widget', 'horizontal', 'inner_size', 'total_length', 'total_item_num', 'max_idx', 'items_margin', 'get_node', 'cur_length', '_l', 'idx', 'item', 'item_length', 'count') consts=[1]
FUNC gclient.gamesystem.uihall.uigacha.flip_gacha_v6_window.UIListViewCycle.JumpToIndexEx names=('total_item_num', 'min', 'max', 'widget', 'ccui', 'SCROLLVIEW_DIRECTION_HORIZONTAL', 'getDirection', 'item_num', 'getItemsMargin', '_items', '_GetItemWidth', '_GetItemHeight', 'getContentSize', 'width', 'height', 'math', 'ceil', '_setCurIdx', 'refreshView', 'getInnerContainerSize', 'range', 'jumpToPercentHorizontal', 'jumpToPercentVertical') vars=('self', 'idx', 'viewport_percent', 'item_percent', 'total_item_num', 'widget', 'is_horizontal', 'item_num', 'max_jump_idx', 'items_margin', 'items', 'viewport_size', 'viewport_length', 'base_idx', 'min_length', 'extra_item_count', 'jump_idx', 'inner_container_size', 'inner_container_length', 'total_move_length', 'percent', 'move_item_count', 'move_length', 'i', 'diff_count', 'diff_length', 'extra_length') consts=[0, ('key',), 0.0, 1.0, 100.0]
FUNC gclient.gamesystem.uihall.uigacha.flip_gacha_v6_window.UIListViewCycle.JumpToIndexForVaryingLengthItem names=('_CalcPercentOfIndexForVaryingLengthItem', 'ccui', 'SCROLLVIEW_DIRECTION_HORIZONTAL', 'widget', 'getDirection', 'jumpToPercentHorizontal', 'jumpToPercentVertical') vars=('self', 'idx', 'child_percent', 'percent') consts=[]
FUNC gclient.gamesystem.uihall.uigacha.flip_gacha_v6_window.UIListViewCycle.ScrollToIndex2 names=('math', 'floor', 'widget_length', 'clone_node_length', 'getItemsMargin', '_setCurIdx', 'max', 'min', '_total_item_num', 'item_num', 'widget', 'refreshView', 'getCurIdx', 'total_item_num', 'ccui', 'SCROLLVIEW_DIRECTION_HORIZONTAL', 'getDirection', 'scrollToPercentHorizontal', 'scrollToPercentVertical') vars=('self', 'idx', 'interval', 'visible_num', 'percent') consts=[0, 100.0, False]
FUNC gclient.gamesystem.uihall.uigacha.flip_gacha_v6_window.UIListViewCycle.ScrollToIndex4 names=('_setCurIdx', 'widget_length', 'clone_node_length', 'total_item_num', 'float', 'ccui', 'SCROLLVIEW_DIRECTION_HORIZONTAL', 'widget', 'getDirection', 'scrollToPercentHorizontal', 'scrollToPercentVertical') vars=('self', 'idx', 'interval', 'visible_float_num', 'percent') consts=[0, False]
FUNC gclient.gamesystem.uihall.uigacha.flip_gacha_v6_window.UIListViewCycle.ScrollToIndexEx names=('item_num', 'widget', 'ccui', 'SCROLLVIEW_DIRECTION_HORIZONTAL', 'getDirection', 'getItemsMargin', 'total_item_num', 'max', 'round', 'min', '_items', '_GetItemWidth', '_GetItemHeight', 'getCurIdx', 'getInnerContainer', 'getPosition', 'x', 'y', 'getContentSize', 'width', 'height', 'getInnerContainerSize', 'int', 'math', 'ceil', 'range', '_setCurIdx', 'jumpToPercentHorizontal', 'jumpToPercentVertical', 'scrollToPercentHorizontal', 'scrollToPercentVertical') vars=('self', 'idx', 'interval', 'item_num', 'widget', 'is_horizontal', 'items_margin', 'total_item_num', 'max_jump_idx', '_items', 'max_item_length', 'cur_idx', 'inner_container_position', 'inner_pos', 'viewport_size', 'viewport_length', 'inner_container_size', 'inner_container_length', 'total_move_length', 'top_rest_length', 'max_scroll_count', 'scroll_length', 'i', 'percent', 'real_idx', '_cur_calc_length', 'next_idx', 'next_length', 'base_length', 'base_idx', 'base_percent', 'need_scroll_count', 'jump_idx', 'jump_length', 'show_length', 'show_bottom_idx') consts=[0, ('key',), 0.0, 1.0, 100.0, False]
FUNC gclient.gamesystem.uihall.uigacha.flip_gacha_v6_window.UIListViewCycle.ScrollToIndexForVaryingLengthItem names=('_CalcPercentOfIndexForVaryingLengthItem', 'ccui', 'SCROLLVIEW_DIRECTION_HORIZONTAL', 'widget', 'getDirection', 'scrollToPercentHorizontal', 'scrollToPercentVertical') vars=('self', 'idx', 'interval', 'child_percent', 'percent') consts=[False]
FUNC gclient.gamesystem.uihall.uigacha.flip_gacha_v6_window.UIListViewCycle.SetContentSizeWithItemsMargin names=('ccui', 'SCROLLVIEW_DIRECTION_HORIZONTAL', 'widget', 'getDirection', 'getContentSize', 'height', 'clone_node_length', 'getItemsMargin', 'int', 'setContentSize', 'cc', 'Size', 'width') vars=('self', 'item_num', 'height', 'width') consts=[1]
FUNC gclient.gamesystem.uihall.uigacha.flip_gacha_v6_window.UIListViewCycle.StrollToIndex names=('_setCurIdx', 'max', 'min', '_total_item_num', 'item_num', 'widget', 'refreshView', 'scrollToTop') vars=('self', 'idx') consts=[0, 0.2, False]
FUNC gclient.gamesystem.uihall.uigacha.flip_gacha_v6_window.UIListViewCycle._CalcPercentOfIndexForVaryingLengthItem names=('_total_item_num', 'item_num', 'max', 'min', '_setCurIdx', 'widget', 'refreshView', 'getItems', 'getItemsMargin', 'ccui', 'SCROLLVIEW_DIRECTION_HORIZONTAL', 'getDirection', 'enumerate', 'getContentSize', 'width', 'height', 'getInnerContainer', 'widget_length') vars=('self', 'idx', 'child_percent', 'max_idx', 'curIdx', 'widget', 'items', 'items_margin', 'horizontal', 'target_length', 'target_idx', 'i', 'item', 'length', 'inner_size', 'total_length', 'delta_length', 'percent') consts=[0, 100.0]
FUNC gclient.gamesystem.uihall.uigacha.flip_gacha_v6_window.UIListViewCycle.__init__ names=('super', 'UIListViewCycle', '__init__', 'EnableTouch', 'item_num', '_total_item_num', '_items', 'cur_idx_content', 'has_init', '_node_func', 'auto_expand', 'UINode', 'obj_type', 'setContent', 'scrollListener', 'scroll_percent_listener', 'origin_children', 'scroll_to_boundary', 'scroll_to_top', 'scroll_to_bottom', 'latest_jump_time', 'scroll_bounce_touch_began_listener', 'scroll_bounce_touch_ended_listener', 'scroll_to_top_anway', 'delay_create_func') vars=('self', 'listview') consts=[True, False]
FUNC gclient.gamesystem.uihall.uigacha.flip_gacha_v6_window.UIListViewCycle._onEventTriggered names=('ccui', 'SCROLLVIEW_EVENTTYPE_SCROLLING', 'cur_idx_content', 'widget', 'getCurIdx', 'refreshContent', 'item_num', '_total_item_num', 'scroll_to_boundary', 'scrollListener', 'scroll_percent_listener', 'SCROLLVIEW_DIRECTION_HORIZONTAL', 'getDirection', 'getInnerContainer', 'getPositionX', 'getLayoutSize', 'width', 'getPositionY', 'height', 'abs', 'SCROLLVIEW_EVENT_SCROLL_TO_BOTTOM', 'scroll_to_bottom', 'SCROLLVIEW_EVENT_SCROLL_TO_TOP', 'latest_jump_time', 'time', 'scroll_to_top', 'SCROLLVIEW_EVENTTYPE_BOUNCE_TOUCH_BEGAN', 'scroll_bounce_touch_began_listener', 'SCROLLVIEW_EVENTTYPE_BOUNCE_TOUCH_ENDED', 'scroll_bounce_touch_ended_listener') vars=('self', 'widget', 'event', 'percent', 'is_auto_scroll') consts=[0.2, True]
FUNC gclient.gamesystem.uihall.uigacha.flip_gacha_v6_window.UIListViewCycle.addScrollListenerBottom names=('scroll_to_bottom',) vars=('self', 'func') consts=[]
FUNC gclient.gamesystem.uihall.uigacha.flip_gacha_v6_window.UIListViewCycle.addScrollListenerBoundary names=('scroll_to_boundary',) vars=('self', 'func') consts=[]
FUNC gclient.gamesystem.uihall.uigacha.flip_gacha_v6_window.UIListViewCycle.addScrollListenerTop names=('scroll_to_top',) vars=('self', 'func') consts=[]
FUNC gclient.gamesystem.uihall.uigacha.flip_gacha_v6_window.UIListViewCycle.addScrollListenerTopAnway names=('scroll_to_top_anway',) vars=('self', 'func') consts=[]
FUNC gclient.gamesystem.uihall.uigacha.flip_gacha_v6_window.UIListViewCycle.create names=('widget', 'getChildren', 'partial', 'create', 'delay_create_func', 'setVisible', 'has_init', 'setSkipInvisible', 'addEventListener', '_onEventTriggered', 'setContent', '_node_func', 'obj_type', 'scrollListener', 'scroll_percent_listener', 'auto_expand', 'hide_redundant', 'origin_children', 'append', 'CloneWidget', 'setNodeCallback', 'OnWidgetDeleted', 'ccui', 'SCROLLVIEW_DIRECTION_HORIZONTAL', 'getDirection', 'getContentSize', 'width', 'widget_length', 'clone_node_length', 'getInnerContainerSize', 'inner_container_length', 'height', 'int', 'max', 'getItemsMargin', 'item_num', '_items', 'pushBackCustomItem', 'range', 'gui', 'RemoveChildWidget', 'len', 'clone') vars=('self', 'item_num', 'callback', 'obj_type', 'node_func', 'scroll_listener', 'scroll_percent_listener', 'hide_redundant', 'restore', 'default_Item_idx', 'auto_expand', 'delay_create', 'not_need_test', 'children', 'child', 'origin_children', 'origin_children_append', 'ele', 'clone_child', 'items_margin', '_items', '_items_append', 'widget', 'push_item', 'i', 'element', 'child_count', 'default_item_clone', '_', 'index') consts=[False, True, -1]
FUNC gclient.gamesystem.uihall.uigacha.flip_gacha_v6_window.UIListViewCycle.jumpToBottom names=('_setCurIdx', 'max', '_total_item_num', 'item_num', 'scroll_to_top', 'time', 'latest_jump_time', 'widget', 'refreshView', 'jumpToBottom') vars=('self',) consts=[0]
FUNC gclient.gamesystem.uihall.uigacha.flip_gacha_v6_window.UIListViewCycle.jumpToIndex names=('math', 'ceil', 'widget_length', 'clone_node_length', 'widget', 'getCurIdx', 'item_num', '_setCurIdx', 'max', 'min', '_total_item_num', 'ccui', 'SCROLLVIEW_DIRECTION_HORIZONTAL', 'getDirection', 'jumpToPercentHorizontal', 'jumpToPercentVertical') vars=('self', 'idx', 'visible_num', 'len_idx', 'percent') consts=[0, 100.0]
FUNC gclient.gamesystem.uihall.uigacha.flip_gacha_v6_window.UIListViewCycle.jumpToIndex2 names=('math', 'floor', 'widget_length', 'clone_node_length', 'getItemsMargin', 'widget', 'getCurIdx', 'max', 'min', '_total_item_num', 'item_num', '_setCurIdx', 'refreshView', 'total_item_num', 'ccui', 'SCROLLVIEW_DIRECTION_HORIZONTAL', 'getDirection', 'jumpToPercentHorizontal', 'jumpToPercentVertical') vars=('self', 'idx', 'visible_num', 'new_idx', 'percent') consts=[0, 100.0]
FUNC gclient.gamesystem.uihall.uigacha.flip_gacha_v6_window.UIListViewCycle.jumpToIndex3 names=('math', 'floor', 'widget_length', 'clone_node_length', 'getItemsMargin', 'widget', 'getCurIdx', 'max', 'min', 'total_item_num', 'item_num', '_setCurIdx', 'refreshView', 'ccui', 'SCROLLVIEW_DIRECTION_HORIZONTAL', 'getDirection', 'jumpToPercentHorizontal', 'jumpToPercentVertical') vars=('self', 'idx', 'visible_num', 'new_idx', 'percent') consts=[0, 100.0, 0.0]
FUNC gclient.gamesystem.uihall.uigacha.flip_gacha_v6_window.UIListViewCycle.jumpToPercent names=('widget', 'refreshView', 'max', 'ccui', 'SCROLLVIEW_DIRECTION_HORIZONTAL', 'getDirection', 'jumpToPercentHorizontal', 'jumpToPercentVertical') vars=('self', 'percent') consts=[0]
FUNC gclient.gamesystem.uihall.uigacha.flip_gacha_v6_window.UIListViewCycle.jumpToTop names=('_setCurIdx', 'scroll_to_top', 'time', 'latest_jump_time', 'widget', 'jumpToTop', 'refreshView') vars=('self',) consts=[0]
CLASS UIText METHODS=['EnableMergeDraw']
FUNC gclient.gamesystem.uihall.uigacha.flip_gacha_v6_window.UIText.EnableMergeDraw names=('genv', 'EngineFeature', 'cconst', 'ENGINE_VERSION', 'V202302', 'widget', 'enableMerge', 'setForceNotMerge') vars=('self', 'is_enable') consts=[]
CLASS V6GachaBanner METHODS=['_InitBannerListData']
FUNC gclient.gamesystem.uihall.uigacha.flip_gacha_v6_window.V6GachaBanner._InitBannerListData names=('list_banner_data', 'parent', 'gacha_reward_data', 'items', 'get', 'is_unlock', 'append', 'bool', 'visible', 'len', 'panel_btn') vars=('self', 'key', 'value') consts=['grand_prize', False, 'collection_price']
CLASS V6NewPlayerGachaBuyNode METHODS=['OnBuyConfirm', 'Refresh']
FUNC gclient.gamesystem.uihall.uigacha.flip_gacha_v6_window.V6NewPlayerGachaBuyNode.OnBuyConfirm names=('genv', 'avatar', 'is_ten_roll', 'parent', 'first_cost_id', 'warehouse', 'ItemCountByItemId', 'GetYuanbao', 'all_cost_money', 'ChargePopupWindow', 'instance', 'Show', 'NewPlayerGachaPopUpWindow', 'Close', 'gacha_box_id', 'gacha_mgr', 'flip_cur_items', 'range', 'CallServer', 'last_buy_id') vars=('self', 'avatar', 'times', 'first_cost_id', 'is_use_item', 'money', 'need_money', 'flip_cur_items', 'buy_id', 'idx') consts=[True, ('include_experience_item',), False, 'lack_of_gold', 'GachaRollFlip', 'proto_ids', 'callback', 'OnGachaV6Roll', -1]
FUNC gclient.gamesystem.uihall.uigacha.flip_gacha_v6_window.V6NewPlayerGachaBuyNode.Refresh names=('genv', 'avatar', 'is_ten_roll', 'parent', 'first_cost_id', 'warehouse', 'ItemCountByItemId', 'panel_one', 'visible', 'panel_cheap', 'txt_cost_item_moeny', 'text_color', 'img_cost_item_texture', 'color', 'lang', 'FIND_PROGRESS', 'text', 'lobby_item_data', 'data', 'texture', 'GetYuanbao', 'txt_cur_money', 'txt_old_money', 'all_cost_money', 'panel_discount', 'panel_sale', 'panel_discount_ten', 'float', 'COMMON_TXT_SALE', 'txt_sale', 'gacha_box_id', 'gacha_mgr', 'gacha_setting_proto', 'get', 'txt_discount', 'txt_discount_ten', 'card_discount_count', 'use_discount_count', 'max', 'MALL_GACHA_DISCOUNT_CHANCE_REMAIN', 'txt_all_discount', 'txt_all_discount_ten', 'new_player_gacha_proto') vars=('self', 'cur_money', 'old_money', 'avatar', 'times', 'first_cost_id', 'money', 'real_discount_percent', 'cost_count', 'discount_cost', 'fixed_discount_percent', 'gacha_info', 'discount_count', 'use_discount_count', 'roll_count') consts=[True, ('include_experience_item',), False, 'icon', 'cost_count', 'discount_cost', 'discount_count', '#ffdf70%s#E', (0, 0, 0), (255, 255, 255), (255, 72, 94, 255)]
MODULE gclient.gamesystem.uihall.uigacha.flip_gacha_new_v5_window FILE='C:\\Program Files (x86)\\bloodstrike\\Package\\Script\\Python/gclient/gamesystem/uihall/uigacha/flip_gacha_new_v5_window.py'
CLASS FlipGachaNewV5Window METHODS=['BuildData', 'CallBuyExchangeItem', 'CloseRewardWindow', 'ExchangeBigReward', 'InitData', 'InitNode', 'IsAllBigPrizeGotOrOnBoard', 'OnBuyConfirm', 'OnShowProbability', 'RefreshAllPanel', 'RefreshBuyAllMoney', 'RefreshBuyAllMoneyForTen', 'RefreshExchange', 'RefreshPanelGet', 'RefreshPanelLucky', 'ShowLuckyChange', 'ShowRewardWindow']
FUNC gclient.gamesystem.uihall.uigacha.flip_gacha_new_v5_window.FlipGachaNewV5Window.BuildData names=('item_id', 'show_type', 'genv', 'avatar', 'cur_key', 'gacha_box_id', 'gacha_setting_data', 'data', 'gacha_setting_proto', 'get', 'model_pos_key', 'messenger', 'Broadcast', 'events', 'ON_ACTIVITY_CHANGE_SIDEBAR_PANEL', 'is_unlock', 'collection_reward_item_id', 'exchange_cost_item_id', 'unlock_csb', 'gacha_reward_data', 'gacha_data', 'items', 'dict', 'client_cur_items', 'gacha_mgr', 'flip_cur_items', 'panel_banner', 'RefreshGachaPanelBannerData', 'first_cost_id', 'best_reward_item_id', 'token_ultimate_reward_item_id', 'select_item_id', 'lobby_item_upgrade_data', 'sorted', 'keys', 'final_view_item_id', 'gacha_extra_info', 'values', 'StartAutoBatchDownloadByLobbyItems') vars=('self', 'avatar', 'gacha_box_id', 'gacha_setting_proto', 'sidebar_bg_icon_id', 'sidebar_arrow_icon_id', 'gacha_reward_data', 'key', 'value', 'reward_data', 'final_view_item_id', 'upgrade_proto', 'proto', 'download_items') consts=['model_pos_id', 'sidebar_bg_icon', 'sidebar_arrow_icon', True, 'cost_count', 'discount_cost', 'discount_cost_count', 'cost_id', 4000000020, 'cost_item_id', 'first_cost_id', 'item_id', 'camera_id', 'level_id', -1]
FUNC gclient.gamesystem.uihall.uigacha.flip_gacha_new_v5_window.FlipGachaNewV5Window.CallBuyExchangeItem names=() vars=('self', 'gacha_exchange_proto', 'count') consts=[]
FUNC gclient.gamesystem.uihall.uigacha.flip_gacha_new_v5_window.FlipGachaNewV5Window.CloseRewardWindow names=('panel_banner', 'RefreshGachaPanelBannerData', 'RefreshPanelReward', 'RefreshPanelLucky', 'last_buy_id', 'genv', 'avatar', 'client_cur_items', 'gacha_mgr', 'gacha_box_id', 'flip_cur_items', 'items', 'cur_roll_state', 'cconst', 'BRAZIL_ROLL_STATE', 'TenRoll', 'BuyRefreshForTen', 'RefreshBuyAllMoneyForTen', 'BuyRefreshForFive', 'RefreshBuyAllMoney') vars=('self', 'args', 'avatar', 'key', 'value') consts=[]
FUNC gclient.gamesystem.uihall.uigacha.flip_gacha_new_v5_window.FlipGachaNewV5Window.ExchangeBigReward names=() vars=('self', '_') consts=[]
FUNC gclient.gamesystem.uihall.uigacha.flip_gacha_new_v5_window.FlipGachaNewV5Window.InitData names=('super', 'FlipGachaNewV5Window', 'InitData', 'new_point', 'change_point', 'flip_v5_hide_resident_sale_side_discount_panel') vars=('self',) consts=[False]
FUNC gclient.gamesystem.uihall.uigacha.flip_gacha_new_v5_window.FlipGachaNewV5Window.InitNode names=('super', 'FlipGachaNewV5Window', 'InitNode', 'InitPanelLucky', 'panel_get_big_reward', 'visible', 'panel_redeem') vars=('self',) consts=[False]
FUNC gclient.gamesystem.uihall.uigacha.flip_gacha_new_v5_window.FlipGachaNewV5Window.IsAllBigPrizeGotOrOnBoard names=('reward_item_nodes_ten', 'items', 'data', 'get', 'warehouse', 'HasItemByItemId', 'IsBigPrizeOnBoard') vars=('self', 'avatar', 'grand_prize_items', 'idx_ten', 'node', 'item_id', 'idx') consts=['grand_prize', 'item_id', False, True, ('include_experience_item', 'include_upgrade_item')]
FUNC gclient.gamesystem.uihall.uigacha.flip_gacha_new_v5_window.FlipGachaNewV5Window.OnBuyConfirm names=() vars=('self', 'popup_cls', 'gacha_exchange_proto', 'money_type', 'count', 'price_single') consts=[]
FUNC gclient.gamesystem.uihall.uigacha.flip_gacha_new_v5_window.FlipGachaNewV5Window.OnShowProbability names=('gclient.gamesystem.uihall.activity.activity_harvest_window', 'ActPopShowWindow', 'gacha_setting_proto', 'instance', 'Show', 'ui_helper', 'GetStrMsgFromData', 'get') vars=('self', 'btn', 'ActPopShowWindow', 'gacha_setting_proto') consts=[0, ('ActPopShowWindow',), 'tips_txt', 'flip_rule']
FUNC gclient.gamesystem.uihall.uigacha.flip_gacha_new_v5_window.FlipGachaNewV5Window.RefreshAllPanel names=('super', 'FlipGachaNewV5Window', 'RefreshAllPanel', 'RefreshPanelLucky') vars=('self',) consts=[]
FUNC gclient.gamesystem.uihall.uigacha.flip_gacha_new_v5_window.FlipGachaNewV5Window.RefreshBuyAllMoney names=('genv', 'avatar', 'range', 'node_first', 'reward_item_nodes', 'data', 'cost_count', 'gacha_setting_proto', 'gacha_mgr', 'gacha_box_id', 'use_discount_count', 'card_discount_count', 'get', 'min', 'flip_v5_hide_resident_sale_side_discount_panel', 'node_btn_buy_all', 'Refresh') vars=('self', 'old', 'cur', 'avatar', 'idx', 'node', 'gacha_info', 'use_discount_count', 'discount_count', 'cost_full', 'cost_disc', 'last') consts=[0, 'cost_count', 'discount_count', 'discount_cost', False, True]
FUNC gclient.gamesystem.uihall.uigacha.flip_gacha_new_v5_window.FlipGachaNewV5Window.RefreshBuyAllMoneyForTen names=('genv', 'avatar', 'range', 'reward_item_nodes_ten', 'data', 'cost_count', 'gacha_setting_proto', 'gacha_mgr', 'gacha_box_id', 'use_discount_count', 'card_discount_count', 'get', 'min', 'flip_v5_hide_resident_sale_side_discount_panel', 'node_btn_buy_ten_all', 'Refresh') vars=('self', 'old', 'cur', 'avatar', 'idx', 'node', 'gacha_info', 'use_discount_count', 'discount_count', 'cost_full', 'cost_disc', 'last') consts=[0, 'cost_count', 'discount_count', 'discount_cost', False, True]
FUNC gclient.gamesystem.uihall.uigacha.flip_gacha_new_v5_window.FlipGachaNewV5Window.RefreshExchange names=('gacha_setting_proto', 'get', 'img_banner_bg', 'texture') vars=('self',) consts=['img_banner_bg']
FUNC gclient.gamesystem.uihall.uigacha.flip_gacha_new_v5_window.FlipGachaNewV5Window.RefreshPanelGet names=('panel_get_big_reward', 'visible', 'panel_banner', 'list_banner', 'item_id', 'JumpToIndexEx') vars=('self', 'data', 'idx', 'node') consts=[False, 'item_id']
FUNC gclient.gamesystem.uihall.uigacha.flip_gacha_new_v5_window.FlipGachaNewV5Window.RefreshPanelLucky names=('gacha_setting_proto', 'get', 'panel_lucky', 'visible', 'genv', 'avatar', 'IsAllBigPrizeGotOrOnBoard', 'node_lucky', 'SetDisabled', 'Refresh') vars=('self', 'avatar') consts=['lucky_gacha', False, True]
FUNC gclient.gamesystem.uihall.uigacha.flip_gacha_new_v5_window.FlipGachaNewV5Window.ShowLuckyChange names=('gacha_setting_proto', 'RefreshPanelReward', 'genv', 'avatar', 'IsAllBigPrizeGotOrOnBoard', 'node_lucky', 'SetDisabled', 'get', 'change_point', 'new_point', 'BigAdd', 'Add') vars=('self', 'args', 'avatar', 'lucky_gacha_crit') consts=['lucky_gacha', 'lucky_gacha_crit']
FUNC gclient.gamesystem.uihall.uigacha.flip_gacha_new_v5_window.FlipGachaNewV5Window.ShowRewardWindow names=('genv', 'sound_mgr', 'PlayEventById', 'gclient.gamesystem.uihall.uimall.mall_box_v6_reward_window', 'MallBoxV5NewRewardWindow', 'instance', 'Show', 'cur_key') vars=('self', 'btn', 'MallBoxV5NewRewardWindow') consts=[335, False, ('is_3d',), ('MallBoxV5NewRewardWindow',), 'key']
CLASS FlipGachaV6Window METHODS=['BuildData', 'BuyRefreshForFive', 'BuyRefreshForTen', 'CallBuyExchangeItem', 'CheckFirstShow', 'CloseRewardWindow', 'ExchangeBigReward', 'FadeInBackground', 'GetBuyCostItemId', 'GetBuyMoneyDict', 'GetFloorProto', 'GetGachaData', 'GetGachaExchangeData', 'InitData', 'InitNode', 'InitPanelLeft', 'LoadSpBGM', 'OnBuyConfirm', 'OnClickFiveRoll', 'OnClickTenRoll', 'OnDiscountCountChanged', 'OnGachaRewardWindowClose', 'OnGachaRewardWindowShowOneByOneEnd', 'OnGachaV6RollReward', 'OnMallModelWeaponModelLoadedForSoundEffectComp', 'OnShowProbability', 'PlayLevelEffect', 'PlayRewardNodeLoopAnim', 'PlayTenRewardNodeAnim', 'PlayTenRewardNodeLoopAnim', 'PopCameraRollGraph', 'RefreshAllPanel', 'RefreshBuyAllMoney', 'RefreshBuyAllMoneyForTen', 'RefreshExchange', 'RefreshGunShow', 'RefreshItemDetailPanel', 'RefreshPanelGet', 'RefreshPanelReward', 'RefreshPanelRollCountTips', 'RefreshPanelUnlock', 'RefreshTenRewardData', 'Show', 'ShowRewardWindow', 'UnLoadSpBGM', '_ShouldShowCollectionUnlockWindow', '_TryReceiveMilestoneRewards', '__init__']
FUNC gclient.gamesystem.uihall.uigacha.flip_gacha_new_v5_window.FlipGachaV6Window.BuildData names=('item_id', 'show_type', 'genv', 'avatar', 'cur_key', 'gacha_box_id', 'gacha_setting_data', 'data', 'gacha_setting_proto', 'get', 'model_pos_key', 'messenger', 'Broadcast', 'events', 'ON_ACTIVITY_CHANGE_SIDEBAR_PANEL', 'IsGachaCollectionUnlock', 'is_unlock', 'gacha_reward_data', 'unlock_csb', 'GetGachaData', 'items', 'dict', 'client_cur_items', 'gacha_mgr', 'flip_cur_items', 'panel_banner', 'RefreshGachaPanelBannerData', 'first_cost_id', 'best_reward_item_id', 'token_ultimate_reward_item_id', 'exchange_cost_item_id', 'collection_reward_item_id', 'select_item_id', 'lobby_item_upgrade_data', 'sorted', 'keys', 'final_view_item_id', 'gacha_extra_info', 'values', 'StartAutoBatchDownloadByLobbyItems') vars=('self', 'avatar', 'gacha_box_id', 'gacha_setting_proto', 'sidebar_bg_icon_id', 'sidebar_arrow_icon_id', 'gacha_reward_data', 'default_cost', 'key', 'value', 'reward_data', 'final_view_item_id', 'upgrade_proto', 'proto', 'download_items') consts=['model_pos_id', 'sidebar_bg_icon', 'sidebar_arrow_icon', 'default_flip_cost', 'UIScript/og_shop_attribute_v6_turnable_hide.csb', 'cost_count', 'discount_cost', 'discount_cost_count', 'cost_id', 4000000020, 'cost_item_id', 'first_cost_id', 'item_id', 'exchange_cost_id', 'collection_price', 'camera_id', 'level_id', -1]
FUNC gclient.gamesystem.uihall.uigacha.flip_gacha_new_v5_window.FlipGachaV6Window.BuyRefreshForFive names=('genv', 'avatar', 'last_buy_id', 'enable_click', 'range', 'reward_item_nodes', 'PlayAnim', 'RefreshBuyAllItem', 'messenger', 'Broadcast', 'events', 'ON_ENABLE_SWITCH_MALL_PAGE', 'gacha_mgr', 'gacha_box_id', 'flip_cur_items', 'gacha_reward_data', 'LoadData') vars=('self', 'avatar', 'idx', 'node', 'reward_id', 'reward_proto') consts=[1, False, 'out', ('callback',), -1]
FUNC gclient.gamesystem.uihall.uigacha.flip_gacha_new_v5_window.FlipGachaV6Window.BuyRefreshForTen names=('genv', 'avatar', 'last_buy_id', 'enable_click', 'range', 'reward_item_nodes_ten', 'PlayAnim', 'RefreshBuyTenAllItem', 'messenger', 'Broadcast', 'events', 'ON_ENABLE_SWITCH_MALL_PAGE', 'gacha_mgr', 'gacha_box_id', 'flip_cur_items', 'gacha_reward_data', 'LoadData') vars=('self', 'avatar', 'idx', 'node', 'reward_id', 'reward_proto') consts=[1, False, 'out', ('callback',), -1]
FUNC gclient.gamesystem.uihall.uigacha.flip_gacha_new_v5_window.FlipGachaV6Window.CallBuyExchangeItem names=('split', 'int', 'gacha_box_id', 'genv', 'avatar', 'CallServer') vars=('self', 'gacha_exchange_proto', 'count', 'gacha_id_str', 'index_str', 'gacha_id', 'index') consts=['id', '.', 'GachaExchange', 'item_id', 'item_count']
FUNC gclient.gamesystem.uihall.uigacha.flip_gacha_new_v5_window.FlipGachaV6Window.CheckFirstShow names=('PlayAnim', 'genv', 'avatar', 'gacha_box_id', 'gacha_mgr', 'getattr', 'is_first_show', 'messenger', 'Broadcast', 'events', 'ADD_GACHA_PANEL_MASK_HIDDEN', 'ON_ENABLE_SWITCH_MALL_PAGE', 'enable_click', 'add_timer', 'range', 'reward_item_nodes', 'data', 'get', 'partial') vars=('self', 'avatar', 'gacha_data', 'already_show', 'idx', 'node') consts=['in', 'already_show', True, False, 0.2, 'loop', ('is_loop',), 'v5_grand_prize', 'in1', ('callback',)]
FUNC gclient.gamesystem.uihall.uigacha.flip_gacha_new_v5_window.FlipGachaV6Window.CloseRewardWindow names=('RefreshExchange', 'panel_banner', 'RefreshGachaPanelBannerData', 'RefreshPanelReward', 'RefreshPanelRollCountTips', 'last_buy_id', 'genv', 'avatar', 'client_cur_items', 'gacha_mgr', 'gacha_box_id', 'flip_cur_items', 'items', 'cur_roll_state', 'cconst', 'BRAZIL_ROLL_STATE', 'TenRoll', 'BuyRefreshForTen', 'RefreshBuyAllMoneyForTen', 'BuyRefreshForFive', 'RefreshBuyAllMoney') vars=('self', 'args', 'avatar', 'key', 'value') consts=[]
FUNC gclient.gamesystem.uihall.uigacha.flip_gacha_new_v5_window.FlipGachaV6Window.ExchangeBigReward names=('exchange_proto', 'GachaExchangeBuyPopup', 'instance', 'Show', 'BuildData', 'functools', 'partial', 'OnBuyConfirm') vars=('self', 'money_node', 'gacha_exchange_proto') consts=[]
FUNC gclient.gamesystem.uihall.uigacha.flip_gacha_new_v5_window.FlipGachaV6Window.FadeInBackground names=('mall_util', 'GetBackgroundEntities', 'values', 'IsVisible', 'GetBackgroundEntityPrim', 'GetShaderGraphParameter', 'float', 'background_tick', 'RemoveStoryTick', 'functools', 'partial', 'BackgroundFadeInOutTick', 'time', 'game_const_data', 'GACHA_BACKGROUND_FADE_DURATION', 'AddStoryTick') vars=('self', 'gacha_setting_proto', 'entities', 'entity', 'prim', 'start_value') consts=['level_id', 'background_hide_entity_names', True, 'background_entity_name', 'cAlpha', '']
FUNC gclient.gamesystem.uihall.uigacha.flip_gacha_new_v5_window.FlipGachaV6Window.GetBuyCostItemId names=('hall_ui_util', 'GetCostItemIdByGachaExchangeProto') vars=('self', 'gacha_exchange_proto', 'cost_item_id') consts=[]
FUNC gclient.gamesystem.uihall.uigacha.flip_gacha_new_v5_window.FlipGachaV6Window.GetBuyMoneyDict names=('hall_ui_util', 'GetMoneyDictByGachaExchangeProto') vars=('self', 'gacha_exchange_proto', 'money_dict') consts=[]
FUNC gclient.gamesystem.uihall.uigacha.flip_gacha_new_v5_window.FlipGachaV6Window.GetFloorProto names=('hasattr', 'item_id', 'hero_data_util', 'GetHeroSkinProto', 'get', 'gacha_setting_proto') vars=('self', 'hero_skin_proto') consts=['item_id', 'floor_level_id']
FUNC gclient.gamesystem.uihall.uigacha.flip_gacha_new_v5_window.FlipGachaV6Window.GetGachaData names=('gacha_data', 'data', 'gacha_box_id') vars=('self',) consts=[]
FUNC gclient.gamesystem.uihall.uigacha.flip_gacha_new_v5_window.FlipGachaV6Window.GetGachaExchangeData names=('gacha_exchange_data', 'data', 'gacha_box_id') vars=('self',) consts=[]
FUNC gclient.gamesystem.uihall.uigacha.flip_gacha_new_v5_window.FlipGachaV6Window.InitData names=('last_buy_id', 'cur_key', 'enable_click', 'gacha_box_id', 'select_item_id', 'cur_select_item_key', 'cur_select_ten_item_key', 'reward_item_nodes', 'reward_item_nodes_ten', 'gacha_reward_data', 'exchange_proto', 'is_first_show', 'node_first', 'client_cur_items', 'pre_roll_count', 'is_unlock', 'first_cost_id', 'unlock_csb', 'camera_id', 'pre_cost_item', 'redeem_reward_icon_timer', 'redeem_reward_icon_index', 'redeem_reward_items', '_callComponents', 'model_ctrl', 'SetWindowStance') vars=('self',) consts=[True, False, 'init_data']
FUNC gclient.gamesystem.uihall.uigacha.flip_gacha_new_v5_window.FlipGachaV6Window.InitNode names=('root_widget', 'seek', 'panel_content', '_callComponents', 'InitPanelCurrency', 'InitPanelLeft', 'InitPanelGet', 'partial', 'V6GachaBanner', 'panel_banner', 'InitPanelBanner', 'MallBoxAttributeItemDetailPanel', 'panel_item_detail', 'InitPanpanShow') vars=('self', 'panel_content', 'panel_content_seek') consts=['panel_attribute', 'init_node', 'panel_below', 'init_panel_buy', 'panel_btn', 'panel_banner', 'panel_common_detail']
FUNC gclient.gamesystem.uihall.uigacha.flip_gacha_new_v5_window.FlipGachaV6Window.InitPanelLeft names=('panel_content', 'seek', 'panel_left', 'panel_reward', 'panel_five_card', 'range', 'visible', 'GachaRewardNode', 'reward_item_nodes', 'parent', 'OnClickRewardNode', 'click_func', 'panel_btn_buy_all', 'FLIP_BUY_ALL_NODE_CLASS', 'node_btn_buy_all', 'UIText', 'txt_buy_all', 'lang', 'MALL_BUY_ALL', 'text', 'panel_discount', 'txt_discount', 'txt_all_discount', 'panel_ten_card', 'panel_reward_ten', 'UIButton', 'btn_ten_hide_right', 'txt_ten_hide_right', 'COMMON_TEXT_RETURN', 'OnClickFiveRoll', 'onClick', 'panel_rewards_ten', 'UIListViewCycle', 'list_reward_ten_v', 'panel_v6_lock_ten', 'UITexture', 'img_weapon_collection_ten_icon', 'img_weapon_collection_ten_bg', 'CycleTextNode', 'txt_weapon_collection_ten_tips', 'panel_btn_buy_ten_all', 'reward_item_nodes_ten', 'node_btn_buy_ten_all', 'txt_buy_all_ten', 'panel_discount_ten', 'txt_discount_ten', 'txt_all_discount_ten', 'panel_redeem', 'btn_redeem', 'OnOpenExchangeShop', 'txt_redeem', 'COMMON_TEXT_EXCHANGE_SHOP', 'panel_redeem_num', 'txt_redeem_num', 'ignoreContentAdaptWithSize', 'img_redeem_icon') vars=('self', 'i', 'panel', 'node', 'panel_ten_content_seek', 'ten_buy_node_widget') consts=['panel_left', 'panel_rewards', 'panel_card', 'panel_reward_%d', True, 'node_kazu_%d', 'panel_btn', 'panel_1', 'node_btn', 'txt_open', 'panel_discount', False, 'txt_discount', 'txt_2', 'panel_rewards_ten', 'panel_ten', 'btn_back', 'txt_back', 'panel_content', 'panel_yindao', 'list_v', 'panel_tips', 'img_icon', 'img_bg', 'panel_txt', 'panel_reward', 'panel_reward%d', 'node_kazu', ('is_ten_roll',), 'node_discount', 'txt_num', 'panel_redeem', 'btn_entry', 'panel_title']
FUNC gclient.gamesystem.uihall.uigacha.flip_gacha_new_v5_window.FlipGachaV6Window.LoadSpBGM names=('UnLoadSpBGM', 'gacha_setting_proto', 'get', 'model_ctrl', 'SetGachaSettingProto', 'genv', 'sound_mgr', 'CheckABTestCondition', 'avatar', 'LoadMedia', 'SetState') vars=('self', 'gacha_setting_proto', 'sound_bgm', 'sound_sp_state_v', 'sound_sp_bnk', 'sound_bgm_ab_test_condition_id', 'sound_mgr') consts=['sound_bgm', False, 'sound_sp_state_v', 'sound_sp_bnk', 'sound_bgm_ab_test_condition_id', 'music_junxu', 'music_basic', 'Junxu', 'None', 'Shop']
FUNC gclient.gamesystem.uihall.uigacha.flip_gacha_new_v5_window.FlipGachaV6Window.OnBuyConfirm names=('EMoneyType_ITEM', 'GetBuyCostItemId', 'genv', 'avatar', 'GetItemCountByCostItemId', 'gui', 'Prompt', 'CallBuyExchangeItem', 'isInited', 'instance', 'Close') vars=('self', 'popup_cls', 'gacha_exchange_proto', 'money_type', 'count', 'price_single', 'cost_item_id', 'avatar', 'money') consts=['sp_icon', 396]
FUNC gclient.gamesystem.uihall.uigacha.flip_gacha_new_v5_window.FlipGachaV6Window.OnClickFiveRoll names=('super', 'FlipGachaV6Window', 'OnClickFiveRoll', 'panel_panpan', 'RemoveHiddenReason', 'cconst', 'HIDDEN_REASON_FLIP_ROLL') vars=('self', '_') consts=[]
FUNC gclient.gamesystem.uihall.uigacha.flip_gacha_new_v5_window.FlipGachaV6Window.OnClickTenRoll names=('super', 'FlipGachaV6Window', 'OnClickTenRoll', 'panel_panpan', 'AddHiddenReason', 'cconst', 'HIDDEN_REASON_FLIP_ROLL') vars=('self', '_') consts=[]
FUNC gclient.gamesystem.uihall.uigacha.flip_gacha_new_v5_window.FlipGachaV6Window.OnDiscountCountChanged names=('cur_key', 'visible', 'cur_roll_state', 'cconst', 'BRAZIL_ROLL_STATE', 'TenRoll', 'RefreshBuyAllMoneyForTen', 'RefreshBuyAllMoney') vars=('self', 'gacha_id') consts=[]
FUNC gclient.gamesystem.uihall.uigacha.flip_gacha_new_v5_window.FlipGachaV6Window.OnGachaRewardWindowClose names=('cur_key', 'genv', 'avatar', 'collection_reward_item_id', 'GetGachaRollCount', '_ShouldShowCollectionUnlockWindow', 'unlock_csb', 'MallCollectionUnlockWindow', 'instance', 'Show', 'OnUnlockWindowCallback', 'gacha_setting_proto', 'pre_roll_count', 'panel_banner', 'RefreshGachaPanelBannerData') vars=('self', 'info', 'act_id', 'avatar', 'cur_roll_count') consts=['act_id', 'callback', 'gacha_data']
FUNC gclient.gamesystem.uihall.uigacha.flip_gacha_new_v5_window.FlipGachaV6Window.OnGachaRewardWindowShowOneByOneEnd names=('genv', 'avatar', 'collection_reward_item_id', 'GetGachaRollCount', 'cur_key', '_ShouldShowCollectionUnlockWindow', 'unlock_csb', 'MallCollectionUnlockWindow', 'instance', 'Show', 'OnUnlockWindowCallback', 'gacha_setting_proto', 'pre_roll_count', 'panel_banner', 'RefreshGachaPanelBannerData') vars=('self', 'info', 'avatar', 'reward_data', 'cur_roll_count') consts=['reward_data', 'callback', 'gacha_data']
FUNC gclient.gamesystem.uihall.uigacha.flip_gacha_new_v5_window.FlipGachaV6Window.OnGachaV6RollReward names=('visible', 'cur_key', 'genv', 'avatar', 'OnGachaRollSkipAnim') vars=('self', 'act_id', 'item_add', 'times', 'extra', 'avatar') consts=[]
FUNC gclient.gamesystem.uihall.uigacha.flip_gacha_new_v5_window.FlipGachaV6Window.OnMallModelWeaponModelLoadedForSoundEffectComp names=('real_visible', 'need_hide_duration', 'gacha_setting_proto', 'model_ctrl', 'AddHiddenReason', 'cconst', 'HIDDEN_REASON_VEHICLE', 'model_hide_timer', 'cancel_timer', 'add_timer') vars=('self', 'gacha_setting_proto', 'hide_duration') consts=[False, 'hide_duration']
FUNC gclient.gamesystem.uihall.uigacha.flip_gacha_new_v5_window.FlipGachaV6Window.OnShowProbability names=('gclient.gamesystem.uihall.activity.activity_harvest_window', 'ActPopShowWindow', 'gacha_setting_proto', 'instance', 'Show', 'ui_helper', 'GetStrMsgFromData', 'get') vars=('self', 'btn', 'ActPopShowWindow', 'gacha_settting_proto') consts=[0, ('ActPopShowWindow',), 'tips_txt', 'flip_rule']
FUNC gclient.gamesystem.uihall.uigacha.flip_gacha_new_v5_window.FlipGachaV6Window.PlayLevelEffect names=('GetLevelEffectIds', 'GetLevelEffectValueList', 'effect_util', 'WarpperPlayEffectInWorld2', 'enumerate', 'MType', 'Matrix4x3', 'Vector3', 'GetLevelEffectValue', 'translation', 'math', 'pi', 'set_pitch_yaw_roll', 'scale', 'effect_data', 'data', 'get', 'MHelper', 'PlayCameraEffectById', 'SetLevelEffectHandle') vars=('self', 'proto', 'effect_dict', 'effect_ids', 'pos_list', 'rot_list', 'scale_list', 'func_play_effect', 'idx', 'effect_id', 'trans', 'rotation', '_rot', 'scale', 'is_screen_effect', 'effect') consts=['level_effect_id', 'level_effect_pos', 'level_effect_rot', 'level_effect_scale', 180.0, 'is_screen_effect', False, True, ('insure_play',), (0, 0, 0)]
FUNC gclient.gamesystem.uihall.uigacha.flip_gacha_new_v5_window.FlipGachaV6Window.PlayRewardNodeLoopAnim names=('reward_item_nodes', 'items', 'data', 'get', 'PlayAnim', 'StopAnim', 'genv', 'messenger', 'Broadcast', 'events', 'ON_ENABLE_SWITCH_MALL_PAGE', 'enable_click', 'ADD_GACHA_PANEL_MASK_HIDDEN', 'avatar', 'act_flip_watched', 'EnterFirstShow') vars=('self', 'idx', 'node') consts=['v5_grand_prize', 'loop', True, ('is_loop',), False]
FUNC gclient.gamesystem.uihall.uigacha.flip_gacha_new_v5_window.FlipGachaV6Window.PlayTenRewardNodeAnim names=('reward_item_nodes_ten', 'items', 'data', 'get', 'PlayAnim', 'partial', 'genv', 'messenger', 'Broadcast', 'events', 'ON_ENABLE_SWITCH_MALL_PAGE', 'enable_click', 'ADD_GACHA_PANEL_MASK_HIDDEN') vars=('self', 'idx', 'node') consts=['v5_grand_prize', 'in1', 'loop', True, ('is_loop',), ('callback',), 'in', False]
FUNC gclient.gamesystem.uihall.uigacha.flip_gacha_new_v5_window.FlipGachaV6Window.PlayTenRewardNodeLoopAnim names=('reward_item_nodes_ten', 'items', 'data', 'get', 'PlayAnim', 'StopAnim', 'genv', 'messenger', 'Broadcast', 'events', 'ON_ENABLE_SWITCH_MALL_PAGE', 'enable_click', 'ADD_GACHA_PANEL_MASK_HIDDEN') vars=('self', 'idx', 'node') consts=['v5_grand_prize', 'loop', True, ('is_loop',), False]
FUNC gclient.gamesystem.uihall.uigacha.flip_gacha_new_v5_window.FlipGachaV6Window.PopCameraRollGraph names=('model_ctrl', 'PopCameraRollGraph') vars=('self',) consts=[]
FUNC gclient.gamesystem.uihall.uigacha.flip_gacha_new_v5_window.FlipGachaV6Window.RefreshAllPanel names=('genv', 'avatar', 'IsGachaCollectionUnlock', 'cur_key', 'is_unlock', 'fsm_mall_model', 'model_ctrl', 'SetWindowStance', 'super', 'FlipGachaV6Window', 'RefreshAllPanel', 'RefreshGunShow') vars=('self',) consts=[]
FUNC gclient.gamesystem.uihall.uigacha.flip_gacha_new_v5_window.FlipGachaV6Window.RefreshBuyAllMoney names=('genv', 'avatar', 'range', 'node_first', 'reward_item_nodes', 'data', 'cost_count', 'gacha_setting_proto', 'gacha_mgr', 'gacha_box_id', 'use_discount_count', 'card_discount_count', 'min', 'get', 'node_btn_buy_all', 'Refresh') vars=('self', 'old', 'cur', 'avatar', 'idx', 'node', 'gacha_info', 'use_discount_count', 'discount_count', 'last') consts=[0, 'cost_count', 'discount_count', 'discount_cost']
FUNC gclient.gamesystem.uihall.uigacha.flip_gacha_new_v5_window.FlipGachaV6Window.RefreshBuyAllMoneyForTen names=('genv', 'avatar', 'range', 'reward_item_nodes_ten', 'data', 'cost_count', 'gacha_setting_proto', 'gacha_mgr', 'gacha_box_id', 'use_discount_count', 'card_discount_count', 'min', 'get', 'node_btn_buy_ten_all', 'Refresh') vars=('self', 'old', 'cur', 'avatar', 'idx', 'node', 'gacha_info', 'use_discount_count', 'discount_count', 'last') consts=[0, 'cost_count', 'discount_count', 'discount_cost']
FUNC gclient.gamesystem.uihall.uigacha.flip_gacha_new_v5_window.FlipGachaV6Window.RefreshExchange names=('gacha_setting_proto', 'get', 'img_redeem_icon', 'texture', 'genv', 'avatar', 'GetItemCountByCostItemId', 'txt_redeem_num', 'text', 'gui', 'ReadjustTextFontSizeForFixedContentSize', 'img_banner_bg') vars=('self', 'exchange_cost_id') consts=['img_exchange_money', 'exchange_cost_id', 'img_banner_bg']
FUNC gclient.gamesystem.uihall.uigacha.flip_gacha_new_v5_window.FlipGachaV6Window.RefreshGunShow names=('panel_panpan', 'RefreshGunShow', 'gacha_reward_data') vars=('self',) consts=[3, ('default_heirloom_level',)]
FUNC gclient.gamesystem.uihall.uigacha.flip_gacha_new_v5_window.FlipGachaV6Window.RefreshItemDetailPanel names=('super', 'FlipGachaV6Window', 'RefreshItemDetailPanel', 'select_item_id', 'lobby_item_data', 'data', 'get', 'consts', 'ItemSubType', 'PanPan', 'WarehouseItemType', 'Heirloom', 'panel_panpan', 'visible') vars=('self', 'select_item_id', 'item_proto', 'sub_type') consts=['sub_type', True, False]
FUNC gclient.gamesystem.uihall.uigacha.flip_gacha_new_v5_window.FlipGachaV6Window.RefreshPanelGet names=('genv', 'avatar', 'warehouse', 'HasItemByItemId', 'get', 'panel_get_big_reward', 'visible', 'int', 'split', 'GetGachaExchangeData', 'exchange_proto', 'gacha_setting_proto', 'img_big_exchange_icon', 'texture', 'txt_big_exchange_count', 'text', 'GetItemCountByCostItemId', 'text_color', 'txt_big_exchange_count_color', 'panel_banner', 'list_banner', 'item_id', 'JumpToIndexEx') vars=('self', 'data', 'has_got', 'reward_id', 'exchange_proto', 'cost_item_count', 'money', 'idx', 'node') consts=['item_id', False, True, ('include_experience_item', 'include_upgrade_item'), 'grand_prize', 'id', '.', 'img_exchange_money', 'sp_icon', 'exchange_cost_id', -1, (255, 72, 94, 255)]
FUNC gclient.gamesystem.uihall.uigacha.flip_gacha_new_v5_window.FlipGachaV6Window.RefreshPanelReward names=('genv', 'avatar', 'gacha_box_id', 'gacha_mgr', 'flip_cur_items', 'range', 'gacha_reward_data', 'reward_item_nodes', 'LoadData', 'RefreshTenRewardData', 'RefreshBuyAllMoney', 'RefreshBuyAllMoneyForTen', 'gacha_setting_proto', 'get', 'btn_reward_show_bg', 'texture', 'GetGachaRollCount', 'cur_key', 'pre_roll_count') vars=('self', 'avatar', 'flip_cur_items', 'five_idx', 'reward_id', 'reward_data') consts=['btn_reward_icon', 11485]
FUNC gclient.gamesystem.uihall.uigacha.flip_gacha_new_v5_window.FlipGachaV6Window.RefreshPanelRollCountTips names=('collection_reward_item_id', 'panel_v6_lock_ten', 'visible', 'panel_v6_lock', 'genv', 'avatar', 'GetGachaRollCount', 'cur_key', 'IsGachaCollectionUnlock', 'is_unlock', 'lang', 'MALL_GACHA_V6_FLIP_COLLECTION_TIPS', 'gacha_setting_proto', 'get', 'txt_weapon_collection_tips', 'text', 'txt_weapon_collection_ten_tips') vars=('self', 'count') consts=[False, True, 'collection_count_color', 'fffcb5', 'collection_count']
FUNC gclient.gamesystem.uihall.uigacha.flip_gacha_new_v5_window.FlipGachaV6Window.RefreshPanelUnlock names=('genv', 'avatar', 'RefreshPanelRollCountTips', 'gacha_setting_proto', 'get', 'img_weapon_collection_icon', 'texture', 'img_weapon_collection_bg', 'img_weapon_collection_ten_icon', 'img_weapon_collection_ten_bg', 'warehouse', 'ItemCountByItemId', 'exchange_cost_item_id', 'pre_cost_item') vars=('self', 'avatar') consts=['img_weapon_collection_icon', 'img_weapon_collection_bg']
FUNC gclient.gamesystem.uihall.uigacha.flip_gacha_new_v5_window.FlipGachaV6Window.RefreshTenRewardData names=('genv', 'avatar', 'gacha_box_id', 'gacha_mgr', 'flip_cur_items', 'range', 'gacha_reward_data', 'reward_item_nodes_ten', 'LoadData') vars=('self', 'avatar', 'flip_cur_items', 'ten_idx', 'reward_id', 'reward_data') consts=[]
FUNC gclient.gamesystem.uihall.uigacha.flip_gacha_new_v5_window.FlipGachaV6Window.Show names=('super', 'FlipGachaV6Window', 'Show', '_TryReceiveMilestoneRewards') vars=('self', 'info') consts=[]
FUNC gclient.gamesystem.uihall.uigacha.flip_gacha_new_v5_window.FlipGachaV6Window.ShowRewardWindow names=('genv', 'sound_mgr', 'PlayEventById', 'gclient.gamesystem.uihall.uimall.mall_box_v6_reward_window', 'MallBoxWeaponV6RollRewardWindow', 'instance', 'Show', 'cur_key') vars=('self', 'btn', 'MallBoxWeaponV6RollRewardWindow') consts=[335, False, ('is_3d',), ('MallBoxWeaponV6RollRewardWindow',), 'key']
FUNC gclient.gamesystem.uihall.uigacha.flip_gacha_new_v5_window.FlipGachaV6Window.UnLoadSpBGM names=('genv', 'sound_mgr', 'SetState', 'CancelModelHideTimer', 'PopCameraRollGraph', 'model_ctrl', 'SetGachaSettingProto') vars=('self',) consts=['music_basic', 'Shop']
FUNC gclient.gamesystem.uihall.uigacha.flip_gacha_new_v5_window.FlipGachaV6Window._ShouldShowCollectionUnlockWindow names=('collection_reward_item_id', 'warehouse', 'HasItemByItemId', 'gacha_setting_proto', 'pre_roll_count') vars=('self', 'avatar', 'cur_roll_count', 'collection_count') consts=[False, True, ('include_experience_item', 'include_upgrade_item'), 'collection_count']
FUNC gclient.gamesystem.uihall.uigacha.flip_gacha_new_v5_window.FlipGachaV6Window._TryReceiveMilestoneRewards names=('genv', 'avatar', 'gacha_box_id', 'gacha_milestone_data', 'data', 'ReceiveMileReward', 'gacha_collect_milestone_data', 'ReceiveCollectionReward') vars=('self', 'avatar', 'gacha_id') consts=[]
FUNC gclient.gamesystem.uihall.uigacha.flip_gacha_new_v5_window.FlipGachaV6Window.__init__ names=('super', 'FlipGachaV6Window', '__init__') vars=('self', 'parent') consts=[]
CLASS FlipV5NewFlipGachaBuyNode METHODS=['Refresh']
FUNC gclient.gamesystem.uihall.uigacha.flip_gacha_new_v5_window.FlipV5NewFlipGachaBuyNode.Refresh names=('super', 'FlipV5NewFlipGachaBuyNode', 'Refresh', 'genv', 'avatar', 'parent', 'flip_v5_hide_resident_sale_side_discount_panel', 'panel_discount', 'visible', 'panel_discount_ten', 'gacha_box_id', 'gacha_mgr', 'gacha_setting_proto', 'card_discount_count', 'use_discount_count', 'float', 'get', 'lang', 'COMMON_TXT_SALE', 'txt_discount', 'text', 'txt_discount_ten', 'max', 'txt_all_discount', 'txt_all_discount_ten', 'MALL_GACHA_DISCOUNT_CHANCE_REMAIN', 'FIND_PROGRESS') vars=('self', 'cur_money', 'old_money', 'avatar', 'hide_side_discount', 'table_discount_quota_active', 'gi', 'dcount', 'real_discount_percent', 'cost_count', 'discount_cost', 'fixed_discount_percent', 'gacha_info', 'discount_count', 'use_discount_count', 'roll_count') consts=[False, 'discount_count', 0.0, 'cost_count', 'discount_cost', True, '#ffdf70%s#E']
CLASS LuckyNode METHODS=['Add', 'BigAdd', 'CancelTickCostItem', 'InitNode', 'Refresh', 'SetDisabled', 'TickCostItem', 'TickOver']
FUNC gclient.gamesystem.uihall.uigacha.flip_gacha_new_v5_window.LuckyNode.Add names=('is_big', 'time', 'CancelTickCostItem', 'target', 'is_need_again', 'add_repeat_timer', 'functools', 'partial', 'TickCostItem', 'add_timer') vars=('self', 'new', 'start_time') consts=[False, 0.1]
FUNC gclient.gamesystem.uihall.uigacha.flip_gacha_new_v5_window.LuckyNode.BigAdd names=('is_big', 'time', 'CancelTickCostItem', 'target', 'add_repeat_timer', 'functools', 'partial', 'TickCostItem', 'add_timer') vars=('self', 'new', 'start_time') consts=[True, 0.1]
FUNC gclient.gamesystem.uihall.uigacha.flip_gacha_new_v5_window.LuckyNode.CancelTickCostItem names=('add_timer', 'cancel_timer') vars=('self',) consts=[]
FUNC gclient.gamesystem.uihall.uigacha.flip_gacha_new_v5_window.LuckyNode.InitNode names=('seek', 'panel_sale', 'UIText', 'txt_lucky', 'lang', 'GACHA_LUCKY_TEXT', 'text', 'panel_disable', 'cur_lucky_num', 'all_lucky_num', 'UIButton', 'btn_tips', 'ExplainTips', 'onClick', 'txt_boom', 'GACHA_LUCKY_CRIT', 'UIProgressBar', 'loading_jindu', 'visible') vars=('self', 'panel_sale') consts=['panel_sales', 'txt_1', 'panel_mask', 'txt_2', 'txt_3', 'btn_tips', 'txt_4', 'loadingbar', False, 'img_dot']
FUNC gclient.gamesystem.uihall.uigacha.flip_gacha_new_v5_window.LuckyNode.Refresh names=('genv', 'avatar', 'ctrl', 'cur_key', 'gacha_mgr', 'lucky_point', 'gacha_baseline_data', 'data', 'get', 'all_jindu', 'panel_disable', 'visible', 'cur_value', 'cur_lucky_num', 'text', 'str', 'all_lucky_num', 'loading_jindu', 'SetPercent', 'btn_tips', 'SetEnabled', 'ExplainTips', 'onClick', 'txt_lucky', 'text_color', 'txt_boom') vars=('self', 'avatar', 'gacha_id', 'cur_jindu', 'all_jindu', 'percent') consts=['lucky_limit', False, '/', 1.0, True, (97, 43, 0)]
FUNC gclient.gamesystem.uihall.uigacha.flip_gacha_new_v5_window.LuckyNode.SetDisabled names=('ctrl', 'cur_key', 'gacha_baseline_data', 'data', 'get', 'cur_lucky_num', 'text', 'str', 'all_lucky_num', 'loading_jindu', 'SetPercent', 'panel_disable', 'visible', 'btn_tips', 'SetEnabled', 'txt_lucky', 'text_color', 'txt_boom') vars=('self', 'gacha_id', 'all_jindu') consts=[3, 'lucky_limit', '/', True, False, (229, 229, 229)]
FUNC gclient.gamesystem.uihall.uigacha.flip_gacha_new_v5_window.LuckyNode.TickCostItem names=('genv', 'avatar', 'CancelTickYuanbao', 'time', 'int', 'formula', 'LerpNumber', 'cur_value', 'cur_lucky_num', 'text', 'all_jindu', 'loading_jindu', 'SetPercent', 'is_need_again', 'CancelTickCostItem', 'add_repeat_timer', 'functools', 'partial', 'TickCostItem', 'target', 'add_timer', 'TickOver') vars=('self', 'start_time', 'duration', 'target_cost_item', '_', 'avatar', 'cur_time', 'cur_value', 'percent') consts=[1.0, 0.1, False]
FUNC gclient.gamesystem.uihall.uigacha.flip_gacha_new_v5_window.LuckyNode.TickOver names=('is_big', 'PlayAnim', 'CancelTickCostItem') vars=('self',) consts=['in_2', 'in_1']
CLASS V6NewPlayerGachaBuyNode METHODS=['OnBuyConfirm', 'Refresh']
FUNC gclient.gamesystem.uihall.uigacha.flip_gacha_new_v5_window.V6NewPlayerGachaBuyNode.OnBuyConfirm names=('genv', 'avatar', 'is_ten_roll', 'parent', 'first_cost_id', 'warehouse', 'ItemCountByItemId', 'GetYuanbao', 'all_cost_money', 'ChargePopupWindow', 'instance', 'Show', 'NewPlayerGachaPopUpWindow', 'Close', 'gacha_box_id', 'gacha_mgr', 'flip_cur_items', 'range', 'CallServer', 'last_buy_id') vars=('self', 'avatar', 'times', 'first_cost_id', 'is_use_item', 'money', 'need_money', 'flip_cur_items', 'buy_id', 'idx') consts=[True, ('include_experience_item',), False, 'lack_of_gold', 'GachaRollFlip', 'proto_ids', 'callback', 'OnGachaV6Roll', -1]
FUNC gclient.gamesystem.uihall.uigacha.flip_gacha_new_v5_window.V6NewPlayerGachaBuyNode.Refresh names=('genv', 'avatar', 'is_ten_roll', 'parent', 'first_cost_id', 'warehouse', 'ItemCountByItemId', 'panel_one', 'visible', 'panel_cheap', 'txt_cost_item_moeny', 'text_color', 'img_cost_item_texture', 'color', 'lang', 'FIND_PROGRESS', 'text', 'lobby_item_data', 'data', 'texture', 'GetYuanbao', 'txt_cur_money', 'txt_old_money', 'all_cost_money', 'panel_discount', 'panel_sale', 'panel_discount_ten', 'float', 'COMMON_TXT_SALE', 'txt_sale', 'gacha_box_id', 'gacha_mgr', 'gacha_setting_proto', 'get', 'txt_discount', 'txt_discount_ten', 'card_discount_count', 'use_discount_count', 'max', 'MALL_GACHA_DISCOUNT_CHANCE_REMAIN', 'txt_all_discount', 'txt_all_discount_ten', 'new_player_gacha_proto') vars=('self', 'cur_money', 'old_money', 'avatar', 'times', 'first_cost_id', 'money', 'real_discount_percent', 'cost_count', 'discount_cost', 'fixed_discount_percent', 'gacha_info', 'discount_count', 'use_discount_count', 'roll_count') consts=[True, ('include_experience_item',), False, 'icon', 'cost_count', 'discount_cost', 'discount_count', '#ffdf70%s#E', (0, 0, 0), (255, 255, 255), (255, 72, 94, 255)]
FUNC PLAYER.AutoBuyGacha names=('_CloseGachaRewardIfVisible', '_GetMoneyDictByGachaSettingData', 'gacha_setting_data', 'data', 'six2', 'values', 'PreCheckEnoughMoneyNew', 'CallServer', 'server_random_ticket') vars=('self', 'gacha_setting_id', 'times', 'callback', 'is_selected_auto', 'money_dict', 'money_info') consts=['money_type', 'price', True, ('not_show_pop',), 'GachaRoll', 'server_random_ticket', 'callback']
FUNC PLAYER.BuyActivityGacha names=('time', 'getattr', 'setattr', 'interval') vars=('ins', 'args', 'kwargs', 'now') consts=[0.0]
FUNC PLAYER.BuyAnyBadge names=('time', 'getattr', 'setattr', 'interval') vars=('ins', 'args', 'kwargs', 'now') consts=[0.0]
FUNC PLAYER.BuyCacheGacha names=('time', 'getattr', 'setattr', 'interval') vars=('ins', 'args', 'kwargs', 'now') consts=[0.0]
FUNC PLAYER.BuyGacha names=('time', 'getattr', 'setattr', 'interval') vars=('ins', 'args', 'kwargs', 'now') consts=[0.0]
FUNC PLAYER.BuyMallItem names=('CallServer', 'server_random_ticket') vars=('self', 'money_type', 'mall_id', 'client_price', 'show_ui') consts=['BuyMallItem', 'server_random_ticket', 'client_price', 'show_ui']
FUNC PLAYER.BuyMallItems names=('update', 'server_random_ticket', 'CallServer') vars=('self', 'money_type', 'mall_id', 'count', 'client_price', 'extra') consts=['server_random_ticket', 'client_price', 'BuyMallItems']
FUNC PLAYER.BuyOneShot names=('cache_setting_data', 'data', 'CallServerAct', 'server_random_ticket', 'CallServer') vars=('self', 'gacha_id') consts=['RollOneshot', 'server_random_ticket', 'GachaRollOneShot']
FUNC PLAYER.CheckCanBuyGacha names=('_GetMoneyDictByGachaSettingData', 'gacha_setting_data', 'data', 'six2', 'values', 'EMoneyType_ITEM', 'GetItemCountByCostItemId', 'GetMoneyByMoneyType') vars=('self', 'gacha_setting_id', 'times', 'money_dict', 'money_info', 'money_type', 'money', 'price') consts=[False, 'money_type', 'price', 'cost_item_id', True]
FUNC PLAYER.CheckGachaFreeState names=('combat_avatar_id', 'GetGachaFreeState', 'GachaFreeState', 'Free', 'genv', 'messenger', 'Broadcast', 'events', 'ON_GACHA_NEXT_FREE_TIME_CHANGE', 'Wait', 'time_util', 'GetTimeNow', 'add_timer', 'functools', 'partial', 'CheckGachaFreeState') vars=('self', 'gacha_id', 'free_state', 'next_free_time') consts=[1.0, 5.0]
FUNC PLAYER.CheckNeedNoticeAutoBuyTeammate names=('auto_buy_teammate_inspect_record', 'GetCurPlayerLocalConfig', '_RequestShowNoticeAutoBuyTeammate') vars=('self', 'has_notice_auto_buy_teammate') consts=['has_notice_auto_buy_teammate', False]
FUNC PLAYER.GachaOneShotReward names=('_ShowGachaJackpotReward',) vars=('self', 'item_add') consts=[]
FUNC PLAYER.GachaSendNGPush names=('gacha_setting_data', 'data', 'get', 'str', 'CallServer') vars=('self', 'act_id', 'name') consts=['name', 'OnGachaSendNGPush']
FUNC PLAYER.GachaSpecEndTimeHotfix names=('taggeddict', 'unlock_tagged_dict', 'exec', 'zlib', 'decompress', 'lock_tagged_dict') vars=('self', 'encode_str') consts=[]
FUNC PLAYER.GetActCacheGachaIds names=('act_data', 'GetValidActIds') vars=('self',) consts=['act_roll_cache']
FUNC PLAYER.GetActGachaPreSaleIds names=('act_data', 'GetValidActIds', 'pre_sale_activity_data', 'data', 'genv', 'IsHMTVersion', 'get', 'append') vars=('self', 'act_ids', 'pre_act_ids', 'act_id', 'pre_sale_activity_proto') consts=['act_pre_sale', 'extra_reward']
FUNC PLAYER.GetActGachaPreSaleRewardState names=('act_data', 'RewardState', 'Default', 'reward_state') vars=('self', 'act_id', 'act_pre_sale') consts=['act_pre_sale']
FUNC PLAYER.GetActGachaRollNoCycleIds names=('act_data', 'GetValidActIds', 'copy', 'roll_no_cycle_setting_data', 'data', 'remove', 'get') vars=('self', 'roll_ids', 'roll_id') consts=['act_roll_no_cycle', 'is_linkage', 'is_mall']
FUNC PLAYER.GetActNewPlayerGachaIds names=('act_data', 'GetValidActIds') vars=('self',) consts=['act_flip']
FUNC PLAYER.GetActRollNoCycleIds names=('act_data', 'GetValidActIds', 'copy', 'roll_no_cycle_setting_data', 'data', 'remove') vars=('self', 'roll_ids', 'roll_id') consts=['act_roll_no_cycle']
FUNC PLAYER.GetActRollNoCycleRecord names=('act_data', 'record') vars=('self', 'act_id', 'act_roll_no_cycle') consts=['act_roll_no_cycle']
FUNC PLAYER.GetActRollNoCycleRolledCount names=('act_data', 'flip_cur_item', 'len', 'record') vars=('self', 'act_id', 'act_roll_no_cycle', 'is_brazil', 'length') consts=['act_roll_no_cycle']
FUNC PLAYER.GetAllJumpGachaIds names=('GetMallShelfGachaList', 'GetActRollNoCycleIds', 'GetActGachaPreSaleIds', 'GetActCacheGachaIds') vars=('self', 'ret') consts=[]
FUNC PLAYER.GetGachaExchangeCount names=('act_data', 'act_flip', 'exchange_id_count', 'get', 'gacha_mgr') vars=('self', 'gacha_id', 'index', 'gacha_mgr') consts=[0]
FUNC PLAYER.GetGachaFreeState names=('gacha_setting_data', 'data', 'GachaFreeState', 'No', 'gacha_mgr', 'next_free_time', 'time_util', 'GetTimeNow', 'Free', 'Wait') vars=('self', 'gacha_id', 'gacha_proto', 'gacha_mgr', 'next_free_time') consts=[0, 'free_time']
FUNC PLAYER.GetGachaKeysInGachaWindow names=('_gacha_keys_in_gacha_window', 'set', '_GetGachaKeysInGachaWindow') vars=('self',) consts=[]
FUNC PLAYER.GetGachaRollCount names=('gacha_mgr', 'count') vars=('self', 'gacha_id', 'gacha_mgr') consts=[0]
FUNC PLAYER.GetGachaSettingShelfList names=('GetMallShelfGachaList', 'act_data', 'act_flip', 'GetValidActIds', 'gacha_setting_data', 'data', 'act_flip_setting_data') vars=('self', 'ids', 'flip_ids', 'gacha_id') consts=[]
FUNC PLAYER.GetGachaShelfGunGuiseItemList names=('lobby_gun_skin_item_data', 'GUN_ID_TO_GUISE_ITEM_IDS', 'get', 'set', 'GetMallShelfGachaList', 'item_to_gacha_id_data', 'data', 'append') vars=('self', 'gun_id', 'all_guise_ids', 'gacha_guise_item_ids', 'gacha_shelf_set', 'item_id', 'gacha_id') consts=[()]
FUNC PLAYER.GetGachaShelfList names=('GetOnlyGachaList', 'gacha_data', 'data') vars=('self', 'ids', 'gacha_id') consts=[]
FUNC PLAYER.GetGachaShelfListReddot names=('GetMallData', 'gacha_setting_data', 'data', 'get', 'GetReturningGachaId') vars=('self', 'data', '_id') consts=['on_shelf_gacha_list', 'highly_recommended', False, 'sp_gacha_type', 'is_linkage']
FUNC PLAYER.GetGoldGachaID names=('GetOnlyGachaList', 'gacha_setting_data', 'data', 'get', 'consts', 'ItemID', 'GoldGachaItemID') vars=('self', 'gacha_list', 'gacha_id') consts=['first_cost_id']
FUNC PLAYER.GetItemGlobalCountShowTextInGacha names=('lobby_item_upgrade_extra_data', 'ITEM_ID_TO_BASE_LEVEL_ITEM', 'gclient.data', 'lobby_ssr_data', 'data', 'item_global_count', 'str', 'zfill') vars=('self', 'item_id', 'base_item_id', 'lobby_ssr_data', 'item_global_count', 'formatted_num') consts=['', ('lobby_ssr_data',), 'NO.XXX', 'NO.%s']
FUNC PLAYER.GetJackpotGachaIds names=('gacha_mgr', 'items', 'IsGachaInOneshot', 'append', 'act_data', 'act_roll_cache', 'IsInOneshot') vars=('self', 'ids', 'act_id', 'act_data') consts=[]
FUNC PLAYER.GetLinkageGachaList names=('GetMallData', 'genv', 'avatar', 'gacha_mgr', 'gacha_setting_data', 'data', 'get', 'Counted', 'IsEnableDataVisible', 'get_act_recharge_act_id', 'IsCompletelyInvisible', 'append', 'sort') vars=('self', 'data', 'gacha_id_list', 'avatar', 'gacha_mgr', 'ret', 'gacha_id', 'proto', 'visible_limit') consts=['on_shelf_gacha_list', 'sp_gacha_type', 'is_linkage', 'visible_limit_id', True, ('key', 'reverse')]
FUNC PLAYER.GetLinkageRollNoCycleIds names=('act_data', 'GetActIdsOnlyInTimeLimit', 'genv', 'avatar', 'copy', 'roll_no_cycle_setting_data', 'data', 'remove', 'activity_data', 'get', 'len', 'record', 'IsEnableDataVisible', 'common_util', 'IsCompletelyInvisible') vars=('self', 'act_roll_no_cycle', 'roll_ids', 'avatar', 'roll_id', 'proto', 'activity_proto', 'visible_limit') consts=['act_roll_no_cycle', 'is_linkage', 'visible_limit']
FUNC PLAYER.GetMallAndGachaShelfList names=('GetMallData', 'extend', 'mall_data', 'data', 'get', 'gacha_setting_data') vars=('self', 'ret', 'data', '_id') consts=['on_shelf_list', 'highly_recommended', False, 'on_shelf_gacha_list']
FUNC PLAYER.GetMallBuyLimitCnt names=('mall_limit_records', 'cnt') vars=('self', 'mall_id', 'mall_limit_records') consts=[0]
FUNC PLAYER.GetMallRollNoCycleIds names=('act_data', 'GetValidActIds', 'copy', 'roll_no_cycle_setting_data', 'data', 'remove', 'get') vars=('self', 'roll_ids', 'roll_id') consts=['act_roll_no_cycle', 'is_mall']
FUNC PLAYER.GetMallShelfGachaList names=('GetMallData', 'gacha_setting_data', 'data', 'get', 'sort') vars=('self', 'data', 'gacha_id_list', 'gacha_id', 'ret') consts=['on_shelf_gacha_list', 'sp_gacha_type', True, ('key', 'reverse')]
FUNC PLAYER.GetOnlyGachaList names=('GetMallData', 'genv', 'avatar', 'gacha_setting_data', 'data', 'GetReturningGachaId', 'get', 'gacha_mgr', 'flip_cur_items', 'append', 'sort', 'remove', 'IsEnableBrazil', 'time_util', 'UtcStampToZoneSecond', 'cconst', 'BRAZIL_GACHA_LIMIT_TIME', 'server_time_zone', 'GetTimeNow') vars=('self', 'data', 'avatar', 'gacha_id_list', 'ret', 'gacha_id') consts=['on_shelf_gacha_list', 'sp_gacha_type', 'is_linkage', True, ('key', 'reverse'), (1310, 1311, 1321, 1322, 1264, 1265, 1314, 1315)]
FUNC PLAYER.GetOnlyGachaSettingShelfList names=('GetOnlyGachaList', 'gacha_setting_data', 'data') vars=('self', 'ids', 'gacha_id') consts=[]
FUNC PLAYER.GetReturningGachaId names=('genv', 'avatar', 'gacha_mgr', 'keys') vars=('self', 'avatar', 'id') consts=[(1186, 1187)]
FUNC PLAYER.IsGachaCollectionUnlock names=('gacha_setting_data', 'data', 'gacha_data', 'items', 'genv', 'avatar', 'warehouse', 'gacha_mgr', 'count', 'HasItemByItemId') vars=('self', 'gacha_id', 'gacha_setting_proto', 'gacha_proto', 'collection_count', 'grand_prize', 'key', 'value', 'grand_prize_id', 'warehouse', 'gacha_mgr') consts=[False, 'collection_count', 'collection_price', 'item_id', True, ('include_experience_item', 'include_upgrade_item')]
FUNC PLAYER.IsLinkageGacha names=('gacha_setting_data', 'data', 'get') vars=('self', 'gacha_id', 'proto') consts=[False, 'sp_gacha_type', 'is_linkage', True]
FUNC PLAYER.IsLinkageRollNoCycleId names=('roll_no_cycle_setting_data', 'data', 'get') vars=('self', 'roll_id', 'proto') consts=[False, 'is_linkage', True]
FUNC PLAYER.IsShowGachaReddot names=('GetGachaFreeState', 'GetOnlyGachaSettingShelfList', 'GachaFreeState', 'Free', 'LocalConfig', 'mall_reddot_record', 'GetPreSaleState', 'GetActGachaPreSaleIds', 'PreScaleWindowState', 'CanGet', 'set', 'GetGachaShelfListReddot', 'six2', 'itervalues', 'extend', 'union', 'gacha_rank_data', 'data', 'append', 'sorted') vars=('self', 'GetGachaFreeState', 'gacha_setting_proto', 'record', 'GetPreSaleState', 'pre_sale_id', 'state', 'set_recommend', 'record_list', 'ids', 'record_set', 'diff_ids', 'diff_protos', 'id', 'sorted_protos', 'highest_rank_proto') consts=['id', False, True, ('key', 'reverse')]
FUNC PLAYER.OnBuyDmzMallItem names=('gui', 'Tips', 'gclient.gamesystem.uihall.uidmz.dmz_shop_window', 'DmzShopWindow', 'instance', 'isVisible', 'RefreshShopData') vars=('self', 'success', 'msg', 'DmzShopWindow', 'win') consts=['no_coin', '货币不足', '购买成功', ('DmzShopWindow',)]
FUNC PLAYER.OnBuyMallItems names=('set', 'lobby_item_data', 'data', 'add', 'genv', 'AdTrackEvent', 'messenger', 'Broadcast', 'events', 'ON_BUY_MALL_ITEM_SUCCESS') vars=('self', 'item_info_list', 'ads', 'item_id', 'count', 'proto', 'sub_type', 'ad') consts=['sub_type', 'buy_skin', 300, 400, 'buy_striker', 500, 600, 700, 'buy_collection']
FUNC PLAYER.OnCacheGachaRollSkipAnim names=('_ShowGachaReward', 'functools', 'partial', 'BuyCacheGacha') vars=('self', 'act_id', 'item_add', 'times', 'close_func') consts=[('times', 'close_func')]
FUNC PLAYER.OnCheckInspectAutoBuyTeammate names=('auto_buy_teammate_inspect_record',) vars=('self', 'hall_match_type') consts=[]
FUNC PLAYER.OnCheckNeedCloseAutoBuyRevive names=('genv', 'messenger', 'Broadcast', 'events', 'ON_AUTO_BUY_TEAMMATE_NOTICE') vars=('self',) consts=[]
FUNC PLAYER.OnCoinDrawDiscount names=('genv', 'messenger', 'Broadcast', 'events', 'ON_COIN_DRAW_DISCOUNT_RESULT') vars=('self', 'act_id', 'discount_proto_id') consts=[]
FUNC PLAYER.OnDirectBuyPackagePre names=('PayDirectPkg',) vars=('self', 'pkg_id', 'extra') consts=[]
FUNC PLAYER.OnGachaRoll names=('gacha_setting_data', 'data', 'get', 'cache_one_shot', 'GachaOneShotReward', 'getattr', 'gclient.gamesystem.uihall.hall_common_reward_window', 'RewardMode', 'Common', '_gacha_common_mode', '_IsHalloweenGacha', 'genv', 'messenger', 'Broadcast', 'events', 'ON_SHOW_HALLOWEEN_REWARD', 'gui', 'BackdropFadeIn', 'functools', 'partial', 'BuyGachaFadeInCb', 'AdTrackEvent') vars=('self', 'act_id', 'item_add', 'extra', 'times', 'reward_mode', 'RewardMode') consts=[1, 'is_one_shot', 'is_minipool', True, 'times', '_gacha_common_mode', False, ('RewardMode',), 0.0, 'gacha_tentimes', 'gacha_once']
FUNC PLAYER.OnGachaRollSkipAnim names=('getattr', '_gacha_common_mode', 'gclient.gamesystem.uihall.hall_common_reward_window', 'HallCommonRewardComp', 'RewardMode', 'genv', 'messenger', 'Broadcast', 'events', 'ON_BUY_GACHA_SUCCESS', 'instance', 'Show', 'BuildInfo', 'Common', 'gacha_setting_data', 'data', '_GetGachaExtraFreeTimes', 'get', 'functools', 'partial', 'avatar', 'BuyActivityGacha', 'BuyGacha', '_ShowGachaReward', 'AdTrackEvent') vars=('self', 'act_id', 'item_add', 'extra', 'times', 'close_func', 'HallCommonRewardComp', 'RewardMode', 'gacha_setting_proto', 'free_times', 'act_gacha', 'gacha_func') consts=[1, 'times', 'close_func', '_gacha_common_mode', False, ('HallCommonRewardComp', 'RewardMode'), 'act_gacha', ('times', 'free_times', 'close_func'), 'gacha_tentimes', 'gacha_once']
FUNC PLAYER.OnGachaRollToken names=('gacha_token_rewards', 'append', 'cache_one_shot', 'GachaOneShotReward', 'PopGachaTokenReward') vars=('self', 'act_id', 'item_add', 'extra') consts=[0, False]
FUNC PLAYER.OnGachaV6Roll names=('genv', 'AdTrackEvent', 'messenger', 'Broadcast', 'events', 'ON_GACHA_V6_ROLL_REWARD') vars=('self', 'act_id', 'item_add', 'extra', 'times') consts=[1, 'times', 'gacha_tentimes', 'gacha_once']
FUNC PLAYER.OnGetActRollNoCycleReward names=('genv', 'messenger', 'Broadcast', 'events', 'ON_ROLL_NOCYCLE_RECORD_CHANGE') vars=('self', 'act_id', 'item_add', 'extra') consts=[]
FUNC PLAYER.OnPlayerAnswerAutoBuyTeammateNotice names=('SALogToServer', 'int', 'bool') vars=('self', 'is_agree') consts=['AutoBuyReviveNoticeAnswer', ('is_agree',)]
FUNC PLAYER.OnPuzzleDrawSurprise names=('gclient.gamesystem.uihall.activity.seven_sins.activity_jigsaw_seven_sins_window', 'ActivityJigsawSevenSinsWindow', 'isInited', 'ActivityJigsawSevenSinsSpecialRewardPop', 'instance', 'Show') vars=('self', 'result', 'data', 'ActivityJigsawSevenSinsWindow', 'ActivityJigsawSevenSinsSpecialRewardPop') consts=[0, ('ActivityJigsawSevenSinsWindow',), ('ActivityJigsawSevenSinsSpecialRewardPop',), ('info',)]
FUNC PLAYER.PopGachaTokenReward names=('gacha_token_rewards', 'pop') vars=('self',) consts=[]
FUNC PLAYER.RefreshGachaKeysInGachaWindow names=('set', '_GetGachaKeysInGachaWindow', '_gacha_keys_in_gacha_window') vars=('self',) consts=[]
FUNC PLAYER._GetGachaKeysInGachaWindow names=('GetMallData', 'extend', 'GetActRollNoCycleIds', 'GetActGachaPreSaleIds', 'GetActCacheGachaIds', 'GetActNewPlayerGachaIds') vars=('self', 'ret', 'data') consts=['on_shelf_gacha_list']
FUNC PLAYER._RequestShowNoticeAutoBuyTeammate names=('CallServer', 'auto_buy_teammate_inspect_record') vars=('self',) consts=['CheckNeedCloseAutoBuyRevive']
FUNC PLAYER._UpdateGachaRankData names=('items', 'genv', 'ImportModule', 'data', 'get') vars=('self', 'data_name', 'data', 'act_id', 'gacha_data', 'module_name', 'module', 'proto', 'gacha_id') consts=['gclient.data.%s', 'gacha_id', 'order_id', 'rank']
FUNC PLAYER.debug_draw_physx names=('gclient.util', 'debug_draw_util', 'debug_physx_obj', 'append', 'draw_triangles', 'list', 'range', 'len', 'draw_sphere', 'draw_box', 'GenerateFaces', 'int', 'draw_polyline') vars=('self', 'points', 'indices', 'shapes', 'convex', 'append', 'line_points', 'debug_draw_util', 'i', 'geotype', 'base_pos', 'vec_toward', 'params', 'pts', 'pr', 'ir') consts=[0, ('debug_draw_util',), ('color',), ('rotation', 'scale', 'color'), ('points', 'color'), (0, 1, 0), (1, 0, 0), (0, 0, 255)]
FUNC PLAYER.do_draw_env_items names=('len', 'gclient.util', 'debug_draw_util', 'HelenUtils', 'Formula', 'list', 'range', 'int', 'extend', 'append', 'draw_polyline', 'get', 'draw_sphere', 'draw_box', 'add', 'do_draw_indoor_region') vars=('self', 'item_data', 'DebugUtil', 'Formula', 'color_map', 'obj_list', 'itype', 'item', 'tacs', 'verts', 'i', 'pts', 'lines', 'pt0', 'pt1', 'pt2', 'pt3', 'tac', 'pos', 'normal', 'tac_type', 'htype', 'color', 'is_peek', 'radius', 'build_objs') consts=[2, ('debug_draw_util',), ('Formula',), ('color', 'points'), 0.2, ('position', 'radius', 'color'), (0, 255, 0), (255, 255, 0), (0, 0, 255), 16384, (47, 47, 47), (255, 255, 255), (0, 0, 0), (0.2, 0.2, 0.2), 8192, 1024]
FUNC PLAYER.do_draw_indoor_region names=('HelenUtils', 'Formula', 'gclient.util', 'debug_draw_util', 'lerp_v', 'substract3d', 'append', 'draw_box', 'list', 'range', 'len', 'draw_polyline', 'draw_sphere', 'add') vars=('self', 'region', 'Formula', 'DebugUtil', 'debug_objs', 'bmin', 'bmax', 'polygons', 'out_polygons', 'windows', 'doors', 'tacs', 'center', 'extent', 'poly', 'lines', 'i', 'color', 'w', 'p0', 'p1', 'normal', 'wc0', 'wc1', 'tac', 'pos', 'tac_type') consts=[0, ('Formula',), ('debug_draw_util',), 0.5, ('color', 'points'), 0.1, ('position', 'radius', 'color'), 0.2, (0, 0, 0), (255, 255, 255), (0, 47, 0), (47, 0, 0), (0, 0, 255), (0, 0.2, 0), (255, 0, 0)]
END
